t,hip_theta_deg,hip_omega_dps,hip_alpha_dps2,hip_torque_nm,knee_theta_deg,knee_omega_dps,knee_alpha_dps2,knee_torque_nm
0.0270,5.3396,12.5656,-0.0596,1.5733,-17.6981,-7.3299,0.0348,-3.1529
0.0468,5.5886,12.5640,-0.1033,1.6385,-17.8433,-7.3290,0.0602,-3.1782
0.0669,5.8412,12.5614,-0.1476,1.7046,-17.9907,-7.3275,0.0861,-3.2039
0.0872,6.0961,12.5580,-0.1923,1.7713,-18.1394,-7.3255,0.1122,-3.2298
0.1072,6.3468,12.5537,-0.2363,1.8369,-18.2856,-7.3230,0.1378,-3.2554
0.1272,6.5982,12.5485,-0.2804,1.9026,-18.4323,-7.3200,0.1636,-3.2809
0.1471,6.8478,12.5425,-0.3242,1.9679,-18.5779,-7.3165,0.1891,-3.3063
0.1671,7.0979,12.5356,-0.3681,2.0333,-18.7238,-7.3124,0.2147,-3.3317
0.1871,7.3489,12.5278,-0.4121,2.0988,-18.8702,-7.3079,0.2404,-3.3572
0.2071,7.5997,12.5191,-0.4561,2.1644,-19.0165,-7.3028,0.2661,-3.3827
0.2271,7.8498,12.5095,-0.5000,2.2297,-19.1624,-7.2972,0.2917,-3.4081
0.2468,8.0960,12.4993,-0.5432,8.6849,-19.3060,-7.2912,0.3169,-3.3776
0.2669,8.3473,12.4879,-0.5873,8.0099,-19.4526,-7.2846,0.3426,-3.1147
0.2868,8.5954,12.4758,-0.6309,7.6338,-19.5973,-7.2775,0.3680,-2.9682
0.3068,8.8449,12.4627,-0.6746,7.6935,-19.7429,-7.2699,0.3935,-2.9914
0.3268,9.0938,12.4488,-0.7183,7.7800,-19.8881,-7.2618,0.4190,-3.0250
0.3469,9.3439,12.4339,-0.7622,7.8451,-20.0339,-7.2531,0.4446,-3.0503
0.3668,9.5912,12.4183,-0.8056,7.9017,-20.1782,-7.2440,0.4699,-3.0723
0.3868,9.8395,12.4018,-0.8491,7.9557,-20.3230,-7.2344,0.4953,-3.0933
0.4068,10.0872,12.3844,-0.8926,8.2880,-20.4675,-7.2242,0.5207,-3.2228
0.4268,10.3344,12.3661,-0.9360,8.1550,-20.6117,-7.2136,0.5460,-3.1709
0.4468,10.5821,12.3469,-0.9794,8.0389,-20.7562,-7.2024,0.5713,-3.1256
0.4669,10.8300,12.3268,-1.0229,8.4211,-20.9008,-7.1906,0.5967,-3.2745
0.4873,11.0806,12.3055,-1.0669,8.3008,-21.0470,-7.1782,0.6224,-3.2276
0.5069,11.3219,12.2842,-1.1092,8.2905,-21.1878,-7.1658,0.6471,-3.2235
0.5269,11.5674,12.2616,-1.1523,8.2076,-21.3310,-7.1526,0.6722,-3.1912
0.5467,11.8104,12.2383,-1.1949,8.1995,-21.4727,-7.1390,0.6971,-3.1880
0.5670,12.0579,12.2137,-1.2384,8.2241,-21.6171,-7.1246,0.7224,-3.1975
0.5869,12.3017,12.1885,-1.2811,8.3903,-21.7593,-7.1099,0.7473,-3.2622
0.6068,12.5428,12.1627,-1.3235,8.6046,-21.9000,-7.0949,0.7720,-3.3456
0.6269,12.7877,12.1356,-1.3664,8.4903,-22.0428,-7.0791,0.7971,-3.3011
0.6468,13.0290,12.1080,-1.4088,8.8714,-22.1836,-7.0630,0.8218,-3.4496
0.6668,13.2705,12.0794,-1.4511,8.6332,-22.3245,-7.0463,0.8465,-3.3567
0.6868,13.5117,12.0500,-1.4935,8.5584,-22.4651,-7.0292,0.8712,-3.3276
0.7069,13.7541,12.0195,-1.5360,8.5521,-22.6065,-7.0114,0.8960,-3.3251
0.7269,13.9938,11.9884,-1.5781,9.0110,-22.7464,-6.9932,0.9205,-3.5038
0.7468,14.2323,11.9565,-1.6199,8.7885,-22.8855,-6.9746,0.9449,-3.4171
0.7671,14.4742,11.9233,-1.6623,8.7199,-23.0266,-6.9552,0.9697,-3.3903
0.7868,14.7089,11.8901,-1.7035,8.8438,-23.1636,-6.9359,0.9937,-3.4385
0.8068,14.9464,11.8556,-1.7452,8.7879,-23.3021,-6.9158,1.0180,-3.4167
0.8267,15.1828,11.8203,-1.7867,8.7868,-23.4400,-6.8952,1.0422,-3.4162
0.8468,15.4190,11.7842,-1.8281,8.4369,-23.5777,-6.8741,1.0664,-3.2798
0.8673,15.6612,11.7461,-1.8706,8.3262,-23.7190,-6.8519,1.0912,-3.2366
0.8870,15.8912,11.7090,-1.9110,9.1420,-23.8532,-6.8303,1.1147,-3.5544
0.9071,16.1268,11.6701,-1.9523,9.2790,-23.9906,-6.8076,1.1388,-3.6077
0.9268,16.3558,11.6313,-1.9925,9.2435,-24.1242,-6.7849,1.1623,-3.5940
0.9470,16.5907,11.5906,-2.0337,9.1042,-24.2613,-6.7612,1.1863,-3.5397
0.9672,16.8243,11.5491,-2.0747,9.3362,-24.3975,-6.7370,1.2102,-3.6300
0.9872,17.0545,11.5073,-2.1151,9.8509,-24.5318,-6.7126,1.2338,-3.8305
1.0068,17.2797,11.4654,-2.1546,9.5189,-24.6631,-6.6882,1.2568,-3.7011
1.0268,17.5089,11.4219,-2.1948,9.4044,-24.7969,-6.6628,1.2803,-3.6565
1.0469,17.7376,11.3774,-2.2349,9.1498,-24.9303,-6.6368,1.3037,-3.5573
1.0668,17.9642,11.3324,-2.2747,9.0219,-25.0625,-6.6106,1.3269,-3.5075
1.0868,18.1900,11.2866,-2.3143,9.2531,-25.1942,-6.5839,1.3500,-3.5975
1.1068,18.4151,11.2400,-2.3538,9.7283,-25.3255,-6.5567,1.3731,-3.7826
1.1268,18.6403,11.1923,-2.3933,9.4709,-25.4568,-6.5289,1.3961,-3.6823
1.1468,18.8637,11.1440,-2.4325,9.3797,-25.5872,-6.5007,1.4190,-3.6467
1.1670,19.0879,11.0946,-2.4719,8.9599,-25.7180,-6.4719,1.4419,-3.4830
1.1868,19.3066,11.0454,-2.5102,9.6985,-25.8455,-6.4432,1.4643,-3.7708
1.2070,19.5295,10.9942,-2.5493,9.1118,-25.9756,-6.4133,1.4871,-3.5421
1.2271,19.7498,10.9426,-2.5880,9.7906,-26.1040,-6.3832,1.5097,-3.8066
1.2471,19.9688,10.8903,-2.6264,9.7067,-26.2318,-6.3527,1.5321,-3.7739
1.2670,20.1846,10.8378,-2.6643,9.6939,-26.3577,-6.3220,1.5542,-3.7689
1.2868,20.3983,10.7848,-2.7018,10.0521,-26.4823,-6.2911,1.5760,-3.9085
1.3068,20.6142,10.7301,-2.7397,9.7401,-26.6083,-6.2593,1.5981,-3.7869
1.3268,20.8275,10.6752,-2.7771,9.2090,-26.7327,-6.2272,1.6200,-3.5799
1.3472,21.0453,10.6180,-2.8153,9.4144,-26.8598,-6.1938,1.6423,-3.6599
1.3668,21.2528,10.5625,-2.8517,9.8010,-26.9808,-6.1614,1.6635,-3.8106
1.3868,21.4635,10.5050,-2.8887,9.7781,-27.1037,-6.1279,1.6851,-3.8016
1.4068,21.6731,10.4469,-2.9255,9.9685,-27.2260,-6.0940,1.7065,-3.8757
1.4268,21.8808,10.3882,-2.9619,10.0664,-27.3472,-6.0598,1.7278,-3.9138
1.4468,22.0883,10.3285,-2.9983,9.1070,-27.4682,-6.0250,1.7490,-3.5400
1.4668,22.2947,10.2680,-3.0345,9.5739,-27.5885,-5.9897,1.7701,-3.7218
1.4869,22.4996,10.2069,-3.0705,9.7994,-27.7081,-5.9540,1.7911,-3.8097
1.5068,22.7028,10.1453,-3.1061,9.8869,-27.8266,-5.9181,1.8119,-3.8438
1.5268,22.9050,10.0828,-3.1416,9.9272,-27.9446,-5.8817,1.8326,-3.8595
1.5468,23.1057,10.0197,-3.1768,9.9510,-28.0616,-5.8448,1.8531,-3.8687
1.5668,23.3058,9.9557,-3.2119,9.9687,-28.1784,-5.8075,1.8736,-3.8756
1.5868,23.5038,9.8913,-3.2467,9.9837,-28.2939,-5.7699,1.8939,-3.8814
1.6070,23.7037,9.8251,-3.2817,9.9982,-28.4105,-5.7313,1.9143,-3.8870
1.6268,23.8974,9.7599,-3.3157,10.3705,-28.5235,-5.6933,1.9342,-4.0322
1.6467,24.0909,9.6936,-3.3497,10.0396,-28.6363,-5.6546,1.9540,-3.9032
1.6667,24.2840,9.6263,-3.3836,9.9077,-28.7490,-5.6153,1.9737,-3.8517
1.6868,24.4772,9.5578,-3.4175,9.8587,-28.8617,-5.5754,1.9935,-3.8326
1.7070,24.6696,9.4884,-3.4512,9.8440,-28.9739,-5.5349,2.0132,-3.8269
1.7268,24.8563,9.4199,-3.4840,10.5692,-29.0828,-5.4950,2.0323,-4.1094
1.7468,25.0441,9.3499,-3.5169,10.1666,-29.1924,-5.4541,2.0515,-3.9526
1.7668,25.2299,9.2794,-3.5495,9.9859,-29.3008,-5.4130,2.0706,-3.8821
1.7870,25.4166,9.2074,-3.5823,9.9146,-29.4097,-5.3710,2.0897,-3.8543
1.8070,25.6001,9.1353,-3.6145,10.3953,-29.5168,-5.3290,2.1085,-4.0416
1.8271,25.7831,9.0624,-3.6466,10.3582,-29.6235,-5.2864,2.1272,-4.0271
1.8469,25.9621,8.9897,-3.6780,10.6015,-29.7279,-5.2440,2.1455,-4.1220
1.8668,26.1406,8.9161,-3.7093,10.4857,-29.8320,-5.2010,2.1638,-4.0769
1.8868,26.3178,8.8417,-3.7404,10.2106,-29.9354,-5.1577,2.1819,-3.9696
1.9068,26.4940,8.7666,-3.7713,10.1484,-30.0382,-5.1138,2.1999,-3.9453
1.9267,26.6677,8.6912,-3.8018,10.3882,-30.1395,-5.0699,2.2177,-4.0387
1.9468,26.8417,8.6145,-3.8323,10.3836,-30.2410,-5.0251,2.2355,-4.0369
1.9668,27.0128,8.5377,-3.8624,10.1168,-30.3408,-4.9803,2.2530,-3.9329
1.9869,27.1840,8.4596,-3.8924,9.9853,-30.4406,-4.9348,2.2706,-3.8817
2.0071,27.3541,8.3807,-3.9222,9.9301,-30.5399,-4.8887,2.2880,-3.8601
2.0269,27.5192,8.3027,-3.9512,10.6334,-30.6362,-4.8433,2.3049,-4.1342
2.0469,27.6842,8.2236,-3.9802,10.5380,-30.7324,-4.7971,2.3218,-4.0971
2.0668,27.8470,8.1441,-4.0087,10.2274,-30.8274,-4.7507,2.3384,-3.9760
2.0868,28.0091,8.0636,-4.0372,9.5857,-30.9220,-4.7038,2.3550,-3.7259
2.1070,28.1712,7.9818,-4.0656,9.9269,-31.0165,-4.6560,2.3716,-3.8588
2.1269,28.3295,7.9004,-4.0934,10.4018,-31.1089,-4.6086,2.3878,-4.0439
2.1469,28.4867,7.8183,-4.1210,10.5708,-31.2006,-4.5607,2.4039,-4.1098
2.1668,28.6417,7.7359,-4.1482,10.6279,-31.2910,-4.5126,2.4198,-4.1321
2.1868,28.7952,7.6529,-4.1751,10.6436,-31.3805,-4.4642,2.4355,-4.1382
2.2068,28.9475,7.5690,-4.2018,10.1762,-31.4694,-4.4153,2.4511,-3.9560
2.2268,29.0983,7.4846,-4.2283,9.9759,-31.5573,-4.3660,2.4665,-3.8779
2.2468,29.2471,7.3998,-4.2544,9.8866,-31.6441,-4.3166,2.4817,-3.8431
2.2668,29.3940,7.3146,-4.2802,9.8434,-31.7298,-4.2669,2.4968,-3.8262
2.2868,29.5392,7.2289,-4.3056,9.8191,-31.8146,-4.2168,2.5116,-3.8168
2.3068,29.6833,7.1423,-4.3309,9.8023,-31.8986,-4.1663,2.5264,-3.8102
2.3267,29.8247,7.0557,-4.3557,9.7881,-31.9811,-4.1159,2.5408,-3.8047
2.3470,29.9667,6.9673,-4.3806,9.3516,-32.0639,-4.0643,2.5554,-3.6346
2.3671,30.1057,6.8791,-4.4050,10.1142,-32.1450,-4.0128,2.5696,-3.9317
2.3872,30.2433,6.7902,-4.4292,10.3825,-32.2252,-3.9610,2.5837,-4.0363
2.4070,30.3768,6.7023,-4.4526,10.4697,-32.3031,-3.9097,2.5974,-4.0703
2.4268,30.5090,6.6136,-4.4758,10.0259,-32.3803,-3.8580,2.6109,-3.8974
2.4467,30.6397,6.5244,-4.4987,10.1035,-32.4565,-3.8059,2.6243,-3.9276
2.4668,30.7695,6.4340,-4.5215,10.1373,-32.5322,-3.7532,2.6375,-3.9407
2.4868,30.8975,6.3432,-4.5440,9.8776,-32.6069,-3.7002,2.6507,-3.8396
2.5071,31.0253,6.2507,-4.5664,9.3113,-32.6814,-3.6463,2.6637,-3.6190
2.5275,31.1521,6.1572,-4.5886,10.0119,-32.7554,-3.5917,2.6767,-3.8919
2.5468,31.2699,6.0686,-4.6093,10.3696,-32.8241,-3.5400,2.6888,-4.0313
2.5672,31.3926,5.9745,-4.6308,9.9943,-32.8957,-3.4851,2.7013,-3.8851
2.5868,31.5088,5.8835,-4.6512,10.4041,-32.9635,-3.4320,2.7132,-4.0447
2.6068,31.6256,5.7902,-4.6717,10.1448,-33.0316,-3.3776,2.7252,-3.9437
2.6271,31.7423,5.6950,-4.6922,9.7960,-33.0997,-3.3221,2.7371,-3.8078
2.6468,31.8533,5.6027,-4.7117,10.1000,-33.1644,-3.2682,2.7485,-3.9263
2.6671,31.9661,5.5068,-4.7315,10.0594,-33.2302,-3.2123,2.7600,-3.9105
2.6869,32.0742,5.4129,-4.7504,9.4845,-33.2933,-3.1575,2.7711,-3.6866
2.7069,32.1814,5.3179,-4.7692,9.5445,-33.3558,-3.1021,2.7821,-3.7100
2.7269,32.2869,5.2222,-4.7877,9.8433,-33.4173,-3.0463,2.7929,-3.8263
2.7468,32.3898,5.1267,-4.8058,9.3444,-33.4774,-2.9906,2.8034,-3.6322
2.7668,32.4917,5.0301,-4.8237,9.1842,-33.5368,-2.9342,2.8138,-3.5699
2.7868,32.5912,4.9337,-4.8411,9.1014,-33.5948,-2.8780,2.8240,-3.5378
2.8069,32.6894,4.8361,-4.8584,9.3177,-33.6522,-2.8211,2.8341,-3.6219
2.8268,32.7847,4.7393,-4.8751,9.4180,-33.7077,-2.7646,2.8438,-3.6610
2.8468,32.8783,4.6418,-4.8915,9.7797,-33.7624,-2.7077,2.8534,-3.8016
2.8669,32.9706,4.5433,-4.9077,9.8910,-33.8162,-2.6503,2.8628,-3.8449
2.8870,33.0610,4.4444,-4.9236,9.4674,-33.8689,-2.5926,2.8721,-3.6803
2.9068,33.1483,4.3466,-4.9389,9.7344,-33.9198,-2.5355,2.8810,-3.7841
2.9268,33.2341,4.2477,-4.9540,9.3647,-33.9699,-2.4778,2.8898,-3.6404
2.9468,33.3181,4.1484,-4.9687,9.1910,-34.0189,-2.4199,2.8984,-3.5729
2.9670,33.4007,4.0482,-4.9832,9.0988,-34.0671,-2.3614,2.9069,-3.5371
2.9869,33.4803,3.9489,-4.9971,9.5093,-34.1135,-2.3035,2.9150,-3.6967
3.0069,33.5583,3.8487,-5.0108,9.1918,-34.1590,-2.2451,2.9230,-3.5733
3.0267,33.6337,3.7492,-5.0241,9.0384,-34.2030,-2.1870,2.9307,-3.5137
3.0470,33.7085,3.6474,-5.0372,8.9536,-34.2466,-2.1276,2.9384,-3.4808
3.0670,33.7805,3.5465,-5.0498,9.3588,-34.2886,-2.0688,2.9457,-3.6383
3.0868,33.8498,3.4463,-5.0620,9.4808,-34.3291,-2.0103,2.9528,-3.6858
3.1069,33.9182,3.3442,-5.0740,9.0732,-34.3689,-1.9508,2.9598,-3.5274
3.1268,33.9836,3.2433,-5.0855,9.3245,-34.4071,-1.8919,2.9665,-3.6251
3.1469,34.0478,3.1409,-5.0967,8.9628,-34.4445,-1.8322,2.9731,-3.4845
3.1669,34.1095,3.0390,-5.1075,9.2305,-34.4805,-1.7728,2.9794,-3.5886
3.1868,34.1689,2.9374,-5.1180,8.8768,-34.5152,-1.7135,2.9855,-3.4511
3.2067,34.2265,2.8351,-5.1281,8.7051,-34.5488,-1.6538,2.9914,-3.3844
3.2270,34.2829,2.7312,-5.1380,8.8589,-34.5817,-1.5932,2.9971,-3.4442
3.2468,34.3360,2.6293,-5.1473,8.6684,-34.6127,-1.5337,3.0026,-3.3702
3.2668,34.3877,2.5259,-5.1564,8.5446,-34.6428,-1.4734,3.0079,-3.3220
3.2869,34.4372,2.4226,-5.1650,8.4675,-34.6717,-1.4132,3.0129,-3.2921
3.3074,34.4859,2.3165,-5.1736,8.4100,-34.7001,-1.3513,3.0179,-3.2698
3.3268,34.5299,2.2159,-5.1813,8.7966,-34.7258,-1.2926,3.0224,-3.4201
3.3468,34.5731,2.1125,-5.1889,8.4951,-34.7510,-1.2323,3.0268,-3.3029
3.3668,34.6143,2.0086,-5.1961,8.3422,-34.7750,-1.1717,3.0311,-3.2435
3.3868,34.6534,1.9047,-5.2030,8.2517,-34.7978,-1.1111,3.0351,-3.2083
3.4068,34.6905,1.8003,-5.2095,8.4276,-34.8195,-1.0502,3.0389,-3.2768
3.4267,34.7253,1.6965,-5.2156,8.4733,-34.8398,-0.9896,3.0424,-3.2946
3.4469,34.7585,1.5912,-5.2214,8.4557,-34.8591,-0.9282,3.0458,-3.2878
3.4669,34.7893,1.4867,-5.2268,8.0001,-34.8771,-0.8673,3.0490,-3.1106
3.4868,34.8179,1.3827,-5.2318,8.0522,-34.8937,-0.8066,3.0519,-3.1309
3.5069,34.8446,1.2775,-5.2365,8.0722,-34.9093,-0.7452,3.0546,-3.1387
3.5269,34.8691,1.1728,-5.2408,8.0448,-34.9236,-0.6841,3.0571,-3.1281
3.5468,34.8914,1.0684,-5.2447,7.5461,-34.9366,-0.6232,3.0594,-2.9338
3.5668,34.9117,0.9634,-5.2483,7.6622,-34.9485,-0.5620,3.0615,-2.9790
3.5868,34.9299,0.8585,-5.2515,7.9167,-34.9591,-0.5008,3.0634,-3.0783
3.6067,34.9460,0.7538,-5.2543,7.7750,-34.9685,-0.4397,3.0650,-3.0231
3.6269,34.9601,0.6476,-5.2568,7.6666,-34.9767,-0.3778,3.0665,-2.9809
3.6471,34.9721,0.5415,-5.2589,7.8110,-34.9837,-0.3159,3.0677,-3.0372
3.6672,34.9819,0.4359,-5.2606,7.3883,-34.9895,-0.2543,3.0687,-2.8725
3.6868,34.9895,0.3326,-5.2619,7.5291,-34.9939,-0.1940,3.0695,-2.9274
3.7068,34.9951,0.2275,-5.2629,7.1043,-34.9971,-0.1327,3.0700,-2.7619
3.7272,34.9986,0.1198,-5.2635,6.9102,-34.9992,-0.0699,3.0704,-2.6862
3.7468,35.0000,0.0167,-5.2638,7.7016,-35.0000,-0.0098,3.0705,-2.9947
3.7669,34.9993,-0.0887,-5.2637,6.8590,-34.9996,0.0517,3.0705,-2.6663
3.7867,34.9965,-0.1932,-5.2632,7.2441,-34.9979,0.1127,3.0702,-2.8164
3.8068,34.9915,-0.2989,-5.2623,7.1730,-34.9950,0.1744,3.0697,-2.7888
3.8268,34.9845,-0.4040,-5.2611,7.0910,-34.9910,0.2357,3.0690,-2.7568
3.8469,34.9753,-0.5097,-5.2595,7.0224,-34.9856,0.2973,3.0680,-2.7301
3.8668,34.9641,-0.6147,-5.2575,6.7609,-34.9791,0.3585,3.0669,-2.6282
3.8868,34.9508,-0.7197,-5.2551,6.8949,-34.9713,0.4198,3.0655,-2.6805
3.9068,34.9353,-0.8247,-5.2524,6.9348,-34.9623,0.4810,3.0639,-2.6962
3.9269,34.9177,-0.9304,-5.2493,6.9077,-34.9520,0.5427,3.0621,-2.6856
3.9469,34.8980,-1.0353,-5.2459,6.8571,-34.9405,0.6039,3.0601,-2.6660
3.9669,34.8763,-1.1401,-5.2421,6.7148,-34.9278,0.6650,3.0579,-2.6105
3.9869,34.8524,-1.2451,-5.2379,6.3200,-34.9139,0.7263,3.0554,-2.4567
4.0068,34.8266,-1.3493,-5.2334,6.7765,-34.8988,0.7871,3.0528,-2.6346
4.0268,34.7986,-1.4537,-5.2285,6.5725,-34.8825,0.8480,3.0499,-2.5552
4.0469,34.7683,-1.5589,-5.2231,6.4505,-34.8648,0.9093,3.0468,-2.5076
4.0668,34.7363,-1.6625,-5.2175,6.3626,-34.8462,0.9698,3.0436,-2.4734
4.0867,34.7021,-1.7666,-5.2115,6.2885,-34.8262,1.0305,3.0401,-2.4446
4.1069,34.6654,-1.8716,-5.2051,5.9377,-34.8048,1.0918,3.0363,-2.3079
4.1267,34.6272,-1.9749,-5.1984,6.3748,-34.7825,1.1520,3.0324,-2.4783
4.1467,34.5867,-2.0787,-5.1913,6.3423,-34.7589,1.2126,3.0282,-2.4657
4.1668,34.5439,-2.1829,-5.1838,6.1413,-34.7339,1.2734,3.0239,-2.3874
4.1867,34.4994,-2.2860,-5.1760,6.0058,-34.7080,1.3335,3.0193,-2.3346
4.2068,34.4526,-2.3896,-5.1677,5.9105,-34.6807,1.3940,3.0145,-2.2975
4.2267,34.4039,-2.4927,-5.1592,5.8315,-34.6522,1.4541,3.0095,-2.2667
4.2467,34.3529,-2.5959,-5.1503,5.7592,-34.6225,1.5143,3.0043,-2.2386
4.2668,34.2997,-2.6993,-5.1409,5.6897,-34.5915,1.5746,2.9989,-2.2115
4.2868,34.2449,-2.8016,-5.1313,5.6211,-34.5595,1.6343,2.9933,-2.1848
4.3067,34.1879,-2.9041,-5.1213,5.5524,-34.5263,1.6941,2.9874,-2.1581
4.3268,34.1287,-3.0066,-5.1109,5.4835,-34.4917,1.7538,2.9814,-2.1313
4.3467,34.0677,-3.1085,-5.1002,5.1662,-34.4561,1.8133,2.9751,-2.0077
4.3668,34.0042,-3.2108,-5.0891,5.2161,-34.4191,1.8730,2.9686,-2.0273
4.3867,33.9392,-3.3121,-5.0777,5.3946,-34.3812,1.9320,2.9620,-2.0969
4.4068,33.8718,-3.4138,-5.0658,5.1287,-34.3419,1.9914,2.9551,-1.9932
4.4268,33.8026,-3.5149,-5.0537,5.0180,-34.3015,2.0504,2.9480,-1.9501
4.4470,33.7306,-3.6168,-5.0411,5.0679,-34.2595,2.1098,2.9406,-1.9696
4.4668,33.6577,-3.7169,-5.0283,5.2583,-34.2170,2.1682,2.9332,-2.0439
4.4871,33.5814,-3.8186,-5.0149,5.1541,-34.1725,2.2275,2.9253,-2.0034
4.5072,33.5037,-3.9191,-5.0013,5.2905,-34.1272,2.2861,2.9174,-2.0567
4.5268,33.4257,-4.0172,-4.9876,5.2031,-34.0817,2.3434,2.9094,-2.0227
4.5469,33.3440,-4.1173,-4.9732,4.8815,-34.0340,2.4018,2.9011,-1.8973
4.5669,33.2608,-4.2165,-4.9586,4.7048,-33.9855,2.4596,2.8925,-1.8284
4.5868,33.1757,-4.3153,-4.9437,4.7122,-33.9358,2.5173,2.8838,-1.8314
4.6071,33.0871,-4.4155,-4.9281,4.6727,-33.8841,2.5757,2.8748,-1.8162
4.6271,32.9980,-4.5137,-4.9125,4.5489,-33.8321,2.6330,2.8656,-1.7679
4.6468,32.9079,-4.6105,-4.8967,4.4405,-33.7796,2.6894,2.8564,-1.7257
4.6670,32.8141,-4.7089,-4.8803,4.1010,-33.7249,2.7469,2.8468,-1.5934
4.6870,32.7188,-4.8065,-4.8635,4.3506,-33.6693,2.8038,2.8371,-1.6907
4.7072,32.6207,-4.9046,-4.8463,4.3237,-33.6121,2.8610,2.8270,-1.6804
4.7268,32.5237,-4.9994,-4.8293,4.3368,-33.5555,2.9163,2.8171,-1.6856
4.7469,32.4224,-5.0961,-4.8115,4.1139,-33.4964,2.9727,2.8067,-1.5987
4.7668,32.3196,-5.1921,-4.7935,3.9865,-33.4364,3.0287,2.7962,-1.5491
4.7868,32.2150,-5.2875,-4.7751,3.8915,-33.3754,3.0844,2.7855,-1.5121
4.8068,32.1084,-5.3828,-4.7564,3.8075,-33.3132,3.1399,2.7746,-1.4794
4.8271,31.9982,-5.4791,-4.7371,3.7265,-33.2490,3.1961,2.7633,-1.4479
4.8470,31.8880,-5.5734,-4.7178,3.5573,-33.1847,3.2511,2.7520,-1.3820
4.8669,31.7764,-5.6668,-4.6982,3.5218,-33.1196,3.3057,2.7406,-1.3682
4.8868,31.6626,-5.7603,-4.6782,3.2661,-33.0532,3.3602,2.7290,-1.2686
4.9068,31.5463,-5.8537,-4.6578,3.2789,-32.9853,3.4147,2.7171,-1.2736
4.9268,31.4283,-5.9467,-4.6371,3.4179,-32.9165,3.4689,2.7050,-1.3279
4.9469,31.3080,-6.0396,-4.6160,3.2510,-32.8463,3.5231,2.6927,-1.2628
4.9668,31.1870,-6.1311,-4.5948,3.3000,-32.7758,3.5765,2.6803,-1.2820
4.9868,31.0634,-6.2229,-4.5731,2.9557,-32.7036,3.6300,2.6676,-1.1479
5.0068,30.9382,-6.3140,-4.5511,2.9203,-32.6306,3.6832,2.6548,-1.1341
5.0268,30.8109,-6.4048,-4.5288,3.1471,-32.5564,3.7361,2.6418,-1.2222
5.0469,30.6814,-6.4955,-4.5061,2.8988,-32.4808,3.7891,2.6285,-1.1257
5.0668,30.5506,-6.5854,-4.4831,2.8226,-32.4045,3.8415,2.6151,-1.0963
5.0869,30.4180,-6.6749,-4.4598,2.5495,-32.3271,3.8937,2.6016,-0.9899
5.1067,30.2846,-6.7632,-4.4364,2.5188,-32.2493,3.9452,2.5879,-0.9780
5.1268,30.1475,-6.8523,-4.4124,2.3360,-32.1694,3.9972,2.5739,-0.9068
5.1468,30.0101,-6.9400,-4.3883,2.2203,-32.0892,4.0483,2.5598,-0.8618
5.1669,29.8694,-7.0281,-4.3636,2.2404,-32.0072,4.0997,2.5454,-0.8696
5.1867,29.7292,-7.1144,-4.3390,2.3286,-31.9253,4.1501,2.5311,-0.9041
5.2067,29.5860,-7.2009,-4.3138,2.1919,-31.8418,4.2005,2.5164,-0.8508
5.2270,29.4394,-7.2879,-4.2881,2.0870,-31.7563,4.2513,2.5014,-0.8100
5.2471,29.2921,-7.3739,-4.2623,2.0159,-31.6704,4.3014,2.4863,-0.7824
5.2674,29.1416,-7.4601,-4.2359,1.9364,-31.5826,4.3517,2.4709,-0.7516
5.2873,28.9921,-7.5442,-4.2096,1.8543,-31.4954,4.4008,2.4556,-0.7196
5.3071,28.8421,-7.6272,-4.1833,1.7721,-31.4079,4.4492,2.4403,-0.6876
5.3270,28.6890,-7.7105,-4.1565,1.6046,-31.3186,4.4978,2.4246,-0.6225
5.3471,28.5334,-7.7936,-4.1292,1.6492,-31.2278,4.5463,2.4087,-0.6398
5.3668,28.3791,-7.8747,-4.1021,1.6099,-31.1378,4.5936,2.3929,-0.6246
5.3871,28.2180,-7.9579,-4.0738,1.4889,-31.0439,4.6421,2.3764,-0.5776
5.4067,28.0615,-8.0373,-4.0464,1.3760,-30.9525,4.6884,2.3604,-0.5336
5.4270,27.8973,-8.1193,-4.0175,1.1969,-30.8567,4.7362,2.3436,-0.4638
5.4470,27.7347,-8.1991,-3.9890,1.2188,-30.7619,4.7828,2.3269,-0.4724
5.4672,27.5683,-8.2793,-3.9598,1.0791,-30.6648,4.8296,2.3099,-0.4182
5.4869,27.4038,-8.3574,-3.9310,1.0405,-30.5689,4.8751,2.2931,-0.4033
5.5068,27.2374,-8.4350,-3.9018,0.9960,-30.4718,4.9204,2.2760,-0.3858
5.5274,27.0621,-8.5153,-3.8710,0.8710,-30.3696,4.9673,2.2581,-0.3371
5.5471,26.8940,-8.5911,-3.8415,0.7715,-30.2715,5.0115,2.2409,-0.2984
5.5668,26.7239,-8.6666,-3.8117,0.7154,-30.1723,5.0555,2.2235,-0.2766
5.5868,26.5502,-8.7423,-3.7812,0.6077,-30.0709,5.0997,2.2057,-0.2347
5.6068,26.3744,-8.8177,-3.7503,0.4772,-29.9684,5.1437,2.1877,-0.1839
5.6273,26.1930,-8.8942,-3.7185,0.3786,-29.8626,5.1883,2.1691,-0.1456
5.6469,26.0181,-8.9668,-3.6878,0.3259,-29.7605,5.2306,2.1512,-0.1251
5.6668,25.8385,-9.0400,-3.6563,0.2773,-29.6558,5.2733,2.1329,-0.1062
5.6869,25.6562,-9.1131,-3.6243,0.1867,-29.5495,5.3160,2.1142,-0.0709
5.7069,25.4730,-9.1854,-3.5922,0.0625,-29.4426,5.3581,2.0954,-0.0227
5.7267,25.2901,-9.2563,-3.5601,-0.0143,-29.3359,5.3995,2.0767,0.0071
5.7468,25.1037,-9.3274,-3.5274,-0.0885,-29.2272,5.4410,2.0576,0.0361
5.7668,24.9162,-9.3977,-3.4945,-0.1690,-29.1178,5.4820,2.0384,0.0674
5.7868,24.7277,-9.4672,-3.4614,-0.2407,-29.0078,5.5225,2.0192,0.0954
5.8068,24.5381,-9.5359,-3.4282,-0.3186,-28.8972,5.5626,1.9998,0.1257
5.8268,24.3465,-9.6042,-3.3945,-0.3994,-28.7854,5.6025,1.9801,0.1571
5.8468,24.1539,-9.6718,-3.3607,-0.4813,-28.6731,5.6419,1.9604,0.1890
5.8669,23.9586,-9.7390,-3.3265,-0.5660,-28.5592,5.6811,1.9404,0.2217
5.8868,23.7644,-9.8048,-3.2924,-0.6660,-28.4459,5.7195,1.9206,0.2607
5.9068,23.5673,-9.8704,-3.2578,-0.7669,-28.3309,5.7577,1.9004,0.3000
5.9268,23.3696,-9.9351,-3.2231,-0.8603,-28.2156,5.7955,1.8802,0.3363
5.9467,23.1708,-9.9990,-3.1882,-0.9334,-28.0996,5.8328,1.8598,0.3647
5.9668,22.9698,-10.0626,-3.1530,-0.9928,-27.9824,5.8698,1.8392,0.3879
5.9868,22.7674,-10.1254,-3.1175,-1.0373,-27.8643,5.9065,1.8185,0.4051
6.0070,22.5626,-10.1879,-3.0815,-1.1020,-27.7448,5.9430,1.7976,0.4303
6.0268,22.3604,-10.2486,-3.0460,-1.2651,-27.6269,5.9783,1.7769,0.4938
6.0468,22.1543,-10.3093,-3.0099,-1.3229,-27.5067,6.0137,1.7558,0.5163
6.0667,21.9484,-10.3688,-2.9738,-1.3945,-27.3866,6.0485,1.7347,0.5441
6.0868,21.7398,-10.4281,-2.9372,-1.4812,-27.2649,6.0831,1.7133,0.5776
6.1068,21.5308,-10.4865,-2.9005,-1.5603,-27.1430,6.1171,1.6920,0.6085
6.1273,21.3154,-10.5455,-2.8627,-1.6979,-27.0173,6.1515,1.6699,0.6620
6.1468,21.1091,-10.6010,-2.8265,-1.8270,-26.8970,6.1839,1.6488,0.7123
6.1668,20.8959,-10.6573,-2.7891,-1.8431,-26.7726,6.2168,1.6270,0.7186
6.1867,20.6833,-10.7125,-2.7518,-1.8319,-26.6486,6.2489,1.6052,0.7141
6.2068,20.4680,-10.7672,-2.7140,-1.8745,-26.5230,6.2809,1.5832,0.7307
6.2268,20.2521,-10.8211,-2.6761,-2.0828,-26.3971,6.3123,1.5611,0.8116
6.2468,20.0351,-10.8743,-2.6381,-2.1440,-26.2705,6.3433,1.5389,0.8356
6.2668,19.8169,-10.9267,-2.5998,-2.2112,-26.1432,6.3739,1.5165,0.8618
6.2868,19.5982,-10.9782,-2.5614,-2.3655,-26.0156,6.4040,1.4941,0.9216
6.3070,19.3759,-11.0296,-2.5224,-2.3980,-25.8859,6.4339,1.4714,0.9341
6.3268,19.1567,-11.0792,-2.4839,-2.5787,-25.7581,6.4629,1.4490,1.0044
6.3468,18.9345,-11.1286,-2.4449,-2.5850,-25.6284,6.4917,1.4262,1.0070
6.3668,18.7120,-11.1769,-2.4059,-2.6287,-25.4986,6.5199,1.4034,1.0241
6.3867,18.4883,-11.2246,-2.3667,-2.6934,-25.3682,6.5477,1.3805,1.0493
6.4071,18.2594,-11.2724,-2.3265,-2.6657,-25.2346,6.5755,1.3571,1.0384
6.4268,18.0366,-11.3178,-2.2874,-2.9471,-25.1047,6.6021,1.3343,1.1477
6.4468,17.8101,-11.3632,-2.2476,-2.9717,-24.9725,6.6285,1.3111,1.1574
6.4667,17.5829,-11.4076,-2.2078,-3.0210,-24.8400,6.6544,1.2879,1.1767
6.4868,17.3531,-11.4516,-2.1675,-2.9969,-24.7060,6.6801,1.2644,1.1674
6.5068,17.1238,-11.4945,-2.1272,-3.1706,-24.5722,6.7051,1.2409,1.2349
6.5268,16.8937,-11.5366,-2.0869,-3.4113,-24.4380,6.7297,1.2173,1.3285
6.5468,16.6631,-11.5778,-2.0464,-3.4331,-24.3034,6.7537,1.1937,1.3369
6.5668,16.4306,-11.6185,-2.0056,-3.4512,-24.1678,6.7774,1.1699,1.3439
6.5868,16.1983,-11.6581,-1.9648,-3.6642,-24.0323,6.8005,1.1462,1.4269
6.6068,15.9642,-11.6971,-1.9238,-3.7338,-23.8958,6.8233,1.1222,1.4538
6.6268,15.7305,-11.7350,-1.8828,-3.7095,-23.7595,6.8454,1.0983,1.4444
6.6468,15.4948,-11.7724,-1.8414,-3.8540,-23.6220,6.8672,1.0742,1.5005
6.6668,15.2593,-11.8087,-1.8001,-3.5733,-23.4846,6.8884,1.0501,1.3913
6.6868,15.0227,-11.8443,-1.7586,-3.8301,-23.3466,6.9092,1.0258,1.4912
6.7068,14.7849,-11.8792,-1.7168,-4.1031,-23.2078,6.9295,1.0015,1.5973
6.7268,14.5475,-11.9130,-1.6752,-3.9240,-23.0694,6.9493,0.9772,1.5276
6.7468,14.3087,-11.9461,-1.6333,-4.1247,-22.9301,6.9686,0.9528,1.6057
6.7668,14.0698,-11.9783,-1.5914,-4.3584,-22.7907,6.9874,0.9283,1.6966
6.7868,13.8298,-12.0097,-1.5493,-4.1511,-22.6507,7.0057,0.9037,1.6159
6.8073,13.5836,-12.0410,-1.5061,-4.1079,-22.5071,7.0239,0.8785,1.5991
6.8269,13.3469,-12.0702,-1.4646,-4.3884,-22.3690,7.0409,0.8543,1.7083
6.8468,13.1063,-12.0989,-1.4223,-4.2819,-22.2287,7.0577,0.8297,1.6668
6.8667,12.8651,-12.1268,-1.3800,-4.4562,-22.0880,7.0740,0.8050,1.7347
6.8868,12.6218,-12.1541,-1.3373,-4.3922,-21.9460,7.0899,0.7801,1.7097
6.9067,12.3787,-12.1803,-1.2947,-4.7531,-21.8042,7.1052,0.7552,1.8501
6.9268,12.1341,-12.2059,-1.2518,-4.9400,-21.6616,7.1201,0.7302,1.9228
6.9471,11.8856,-12.2309,-1.2081,-4.9222,-21.5166,7.1347,0.7048,1.9159
6.9668,11.6451,-12.2542,-1.1659,-5.0099,-21.3763,7.1483,0.6801,1.9501
6.9868,11.3995,-12.2771,-1.1229,-4.9498,-21.2330,7.1617,0.6550,1.9268
7.0068,11.1537,-12.2992,-1.0797,-5.0932,-21.0897,7.1745,0.6298,1.9825
7.0267,10.9084,-12.3203,-1.0367,-5.2124,-20.9466,7.1868,0.6047,2.0288
7.0470,10.6584,-12.3408,-0.9928,-5.4413,-20.8007,7.1988,0.5791,2.1178
7.0668,10.4143,-12.3600,-0.9500,-5.1477,-20.6583,7.2100,0.5542,2.0034
7.0870,10.1646,-12.3788,-0.9062,-5.2767,-20.5127,7.2209,0.5286,2.0537
7.1071,9.9145,-12.3966,-0.8623,-5.6183,-20.3668,7.2314,0.5030,2.1865
7.1269,9.6700,-12.4132,-0.8194,-5.7370,-20.2242,7.2410,0.4780,2.2331
7.1468,9.4217,-12.4291,-0.7758,-5.6953,-20.0793,7.2503,0.4526,2.2167
7.1668,9.1733,-12.4442,-0.7322,-5.7453,-19.9344,7.2591,0.4271,2.2361
7.1869,8.9236,-12.4584,-0.6884,-5.8083,-19.7888,7.2674,0.4016,2.2605
7.2071,8.6713,-12.4719,-0.6442,-5.4382,-19.6416,7.2753,0.3758,2.1164
7.2268,8.4251,-12.4842,-0.6010,-5.9506,-19.4980,7.2825,0.3506,2.3160
7.2468,8.1757,-12.4958,-0.5572,-6.2182,-19.3525,7.2892,0.3250,2.4202
7.2671,7.9219,-12.5066,-0.5127,-6.3623,-19.2044,7.2955,0.2991,2.4763
7.2869,7.6747,-12.5163,-0.4693,-6.0928,-19.0602,7.3012,0.2738,2.3714
7.3069,7.4238,-12.5253,-0.4253,-6.0888,-18.9139,7.3064,0.2481,2.3698
7.3269,7.1734,-12.5333,-0.3814,-6.2378,-18.7678,7.3111,0.2225,2.4276
7.3468,6.9242,-12.5405,-0.3376,-6.3316,-18.6225,7.3153,0.1969,2.4640
7.3671,6.6694,-12.5469,-0.2929,-6.0553,-18.4738,7.3190,0.1709,2.3564
7.3870,6.4201,-12.5523,-0.2492,-6.3559,-18.3284,7.3222,0.1453,2.4734
7.4068,6.1713,-12.5568,-0.2055,-6.7220,-18.1833,7.3248,0.1199,2.6160
7.4269,5.9191,-12.5605,-0.1613,-6.3124,-18.0361,7.3269,0.0941,2.4564
7.4471,5.6648,-12.5633,-0.1167,-6.1921,-17.8878,7.3286,0.0680,2.4094
7.4669,5.4158,-12.5652,-0.0729,-6.9652,-17.7425,7.3297,0.0426,2.7104
7.4871,5.1619,-12.5662,-0.0284,-6.8113,-17.5944,7.3303,0.0166,2.6506
7.5068,4.9142,-12.5663,0.0151,-6.8639,-17.4500,7.3304,-0.0088,2.6710
7.5268,4.6629,-12.5656,0.0591,-6.8258,-17.3034,7.3299,-0.0345,2.6563
7.5471,4.4084,-12.5639,0.1038,-6.5627,-17.1549,7.3290,-0.0605,2.5536
7.5668,4.1606,-12.5615,0.1473,-6.9005,-17.0103,7.3275,-0.0859,2.6851
7.5869,3.9081,-12.5580,0.1916,-6.9539,-16.8630,7.3255,-0.1118,2.7059
7.6069,3.6574,-12.5538,0.2356,-7.2079,-16.7168,7.3230,-0.1374,2.8050
7.6269,3.4066,-12.5486,0.2796,-7.2036,-16.5705,7.3200,-0.1631,2.8033
7.6469,3.1551,-12.5426,0.3237,-7.5283,-16.4238,7.3165,-0.1888,2.9297
7.6668,2.9061,-12.5357,0.3674,-7.6853,-16.2786,7.3125,-0.2143,2.9908
7.6872,2.6504,-12.5278,0.4123,-7.1239,-16.1294,7.3079,-0.2405,2.7720
7.7068,2.4043,-12.5192,0.4554,-7.3628,-15.9859,7.3029,-0.2657,2.8649
7.7268,2.1544,-12.5097,0.4993,-7.7409,-15.8401,7.2973,-0.2913,3.0122
7.7468,1.9045,-12.4993,0.5431,-7.9164,-15.6943,7.2913,-0.3168,3.0806
7.7671,1.6500,-12.4878,0.5878,-7.3385,-15.5459,7.2845,-0.3429,2.8554
7.7872,1.3992,-12.4755,0.6318,-7.8455,-15.3995,7.2774,-0.3686,3.0529
7.8070,1.1523,-12.4626,0.6751,-7.7925,-15.2555,7.2698,-0.3938,3.0321
7.8268,0.9057,-12.4488,0.7184,-7.8097,-15.1117,7.2618,-0.4191,3.0388
7.8471,0.6540,-12.4338,0.7626,-7.7446,-14.9648,7.2531,-0.4448,3.0135
7.8669,0.4080,-12.4183,0.8057,-7.8636,-14.8213,7.2440,-0.4700,3.0597
7.8868,0.1610,-12.4018,0.8490,-7.8259,-14.6773,7.2344,-0.4953,3.0451
7.9069,-0.0884,-12.3843,0.8928,-7.8484,-14.5318,7.2242,-0.5208,3.0538
7.9269,-0.3355,-12.3660,0.9362,-8.1123,-14.3876,7.2135,-0.5461,3.1564
7.9469,-0.5838,-12.3468,0.9797,-8.1253,-14.2428,7.2023,-0.5715,3.1615
7.9668,-0.8292,-12.3269,1.0228,-8.1623,-14.0996,7.1907,-0.5966,3.1758
7.9871,-1.0787,-12.3057,1.0666,-8.2085,-13.9541,7.1783,-0.6222,3.1938
8.0069,-1.3221,-12.2842,1.1093,-8.5451,-13.8121,7.1658,-0.6471,3.3250
8.0269,-1.5677,-12.2615,1.1524,-8.3105,-13.6689,7.1526,-0.6722,3.2336
8.0468,-1.8118,-12.2381,1.1952,-7.8911,-13.5265,7.1389,-0.6972,3.0701
8.0669,-2.0568,-12.2138,1.2382,-8.0912,-13.3835,7.1247,-0.7223,3.1480
8.0868,-2.2999,-12.1887,1.2808,-8.3409,-13.2417,7.1101,-0.7472,3.2452
8.1071,-2.5471,-12.1622,1.3242,-7.9820,-13.0975,7.0946,-0.7725,3.1053
8.1272,-2.7912,-12.1352,1.3670,-8.6533,-12.9551,7.0789,-0.7974,3.3669
8.1468,-3.0289,-12.1080,1.4087,-8.9266,-12.8165,7.0630,-0.8218,3.4734
8.1670,-3.2728,-12.0791,1.4515,-8.2805,-12.6742,7.0462,-0.8467,3.2216
8.1871,-3.5153,-12.0495,1.4941,-8.3796,-12.5327,7.0289,-0.8716,3.2599
8.2068,-3.7529,-12.0196,1.5358,-8.4330,-12.3941,7.0114,-0.8959,3.2809
8.2268,-3.9929,-11.9885,1.5779,-8.6216,-12.2542,6.9933,-0.9204,3.3543
8.2468,-4.2323,-11.9565,1.6199,-8.7532,-12.1145,6.9746,-0.9449,3.4055
8.2668,-4.4707,-11.9238,1.6617,-8.8250,-11.9754,6.9555,-0.9693,3.4334
8.2869,-4.7100,-11.8899,1.7037,-8.8765,-11.8358,6.9358,-0.9938,3.4535
8.3068,-4.9464,-11.8556,1.7452,-9.2353,-11.6979,6.9158,-1.0180,3.5933
8.3268,-5.1840,-11.8202,1.7869,-8.9704,-11.5593,6.8951,-1.0423,3.4902
8.3469,-5.4207,-11.7839,1.8284,-8.8818,-11.4212,6.8739,-1.0666,3.4556
8.3668,-5.6551,-11.7471,1.8695,-9.1318,-11.2846,6.8525,-1.0906,3.5531
8.3869,-5.8906,-11.7091,1.9109,-9.0688,-11.1471,6.8303,-1.1147,3.5284
8.4070,-6.1253,-11.6703,1.9520,-8.9867,-11.0102,6.8077,-1.1387,3.4964
8.4271,-6.3592,-11.6307,1.9931,-7.9851,-10.8738,6.7846,-1.1626,3.1063
8.4468,-6.5885,-11.5910,2.0333,-9.1398,-10.7400,6.7614,-1.1861,3.5559
8.4670,-6.8226,-11.5494,2.0744,-9.1989,-10.6035,6.7372,-1.2101,3.5789
8.4869,-7.0515,-11.5078,2.1145,-9.2476,-10.4700,6.7129,-1.2335,3.5978
8.5070,-7.2824,-11.4649,2.1551,-9.4274,-10.3353,6.6879,-1.2571,3.6677
8.5269,-7.5103,-11.4216,2.1950,-9.1766,-10.2023,6.6626,-1.2804,3.5702
8.5468,-7.7368,-11.3776,2.2348,-9.1519,-10.0702,6.6369,-1.3036,3.5605
8.5668,-7.9640,-11.3325,2.2747,-9.3175,-9.9377,6.6106,-1.3269,3.6249
8.5872,-8.1953,-11.2855,2.3153,-9.3955,-9.8027,6.5832,-1.3506,3.6552
8.6068,-8.4155,-11.2399,2.3539,-9.7761,-9.6743,6.5566,-1.3731,3.8036
8.6267,-8.6393,-11.1925,2.3931,-9.9351,-9.5438,6.5290,-1.3960,3.8655
8.6470,-8.8651,-11.1437,2.4328,-9.5706,-9.4120,6.5005,-1.4191,3.7235
8.6669,-9.0864,-11.0949,2.4716,-9.5575,-9.2829,6.4721,-1.4418,3.7183
8.6868,-9.3075,-11.0452,2.5104,-9.5712,-9.1540,6.4430,-1.4644,3.7235
8.7068,-9.5279,-10.9946,2.5491,-9.9361,-9.0254,6.4135,-1.4870,3.8658
8.7269,-9.7479,-10.9431,2.5877,-9.2134,-8.8970,6.3835,-1.5095,3.5841
8.7468,-9.9656,-10.8911,2.6259,-9.3448,-8.7701,6.3531,-1.5317,3.6353
8.7668,-10.1826,-10.8383,2.6639,-9.4139,-8.6435,6.3223,-1.5540,3.6622
8.7870,-10.4010,-10.7841,2.7023,-9.4571,-8.5161,6.2907,-1.5763,3.6790
8.8068,-10.6134,-10.7304,2.7395,-9.9781,-8.3922,6.2594,-1.5981,3.8820
8.8267,-10.8272,-10.6753,2.7770,-9.7184,-8.2675,6.2272,-1.6199,3.7808
8.8468,-11.0403,-10.6193,2.8144,-9.6225,-8.1432,6.1946,-1.6417,3.7434
8.8669,-11.2532,-10.5623,2.8518,-9.1848,-8.0190,6.1614,-1.6635,3.5727
8.8868,-11.4634,-10.5051,2.8887,-9.0287,-7.8964,6.1280,-1.6851,3.5118
8.9070,-11.6745,-10.4465,2.9257,-8.9807,-7.7732,6.0938,-1.7067,3.4930
8.9268,-11.8813,-10.3880,2.9620,-9.3605,-7.6526,6.0597,-1.7278,3.6411
8.9469,-12.0892,-10.3282,2.9985,-9.8428,-7.5313,6.0248,-1.7491,3.8289
8.9668,-12.2942,-10.2682,3.0344,-9.7654,-7.4117,5.9898,-1.7701,3.7988
8.9870,-12.5009,-10.2066,3.0707,-8.9662,-7.2912,5.9538,-1.7912,3.4875
9.0068,-12.7027,-10.1453,3.1061,-9.8294,-7.1734,5.9181,-1.8119,3.8238
9.0268,-12.9051,-10.0828,3.1416,-9.8639,-7.0554,5.8816,-1.8326,3.8372
9.0468,-13.1060,-10.0197,3.1769,-9.6680,-6.9382,5.8448,-1.8532,3.7610
9.0668,-13.3056,-9.9558,3.2119,-9.5489,-6.8217,5.8075,-1.8736,3.7145
9.0868,-13.5038,-9.8913,3.2467,-9.5066,-6.7061,5.7699,-1.8939,3.6981
9.1069,-13.7024,-9.8256,3.2815,-10.1274,-6.5903,5.7316,-1.9142,3.9399
9.1270,-13.8992,-9.7593,3.3160,-10.4144,-6.4755,5.6929,-1.9344,4.0517
9.1471,-14.0943,-9.6924,3.3503,-10.5269,-6.3617,5.6539,-1.9543,4.0955
9.1670,-14.2873,-9.6251,3.3841,-10.5752,-6.2491,5.6147,-1.9741,4.1143
9.1870,-14.4788,-9.5572,3.4177,-10.2251,-6.1373,5.5750,-1.9937,3.9778
9.2069,-14.6678,-9.4891,3.4509,-10.4785,-6.0271,5.5353,-2.0130,4.0766
9.2270,-14.8584,-9.4191,3.4844,-10.1042,-5.9159,5.4945,-2.0325,3.9307
9.2468,-15.0439,-9.3499,3.5169,-10.0818,-5.8077,5.4541,-2.0515,3.9219
9.2669,-15.2312,-9.2789,3.5498,-9.6771,-5.6985,5.4127,-2.0707,3.7643
9.2868,-15.4148,-9.2080,3.5820,-9.8982,-5.5913,5.3714,-2.0895,3.8503
9.3069,-15.6000,-9.1354,3.6145,-9.8778,-5.4833,5.3290,-2.1084,3.8423
9.3272,-15.7839,-9.0620,3.6467,-9.5141,-5.3760,5.2862,-2.1273,3.7008
9.3468,-15.9610,-8.9902,3.6778,-9.9367,-5.2728,5.2443,-2.1454,3.8652
9.3668,-16.1399,-8.9164,3.7092,-9.9013,-5.1684,5.2012,-2.1637,3.8515
9.3867,-16.3172,-8.8420,3.7403,-9.8883,-5.0650,5.1578,-2.1818,3.8464
9.4068,-16.4941,-8.7665,3.7714,-9.8845,-4.9618,5.1138,-2.2000,3.8449
9.4267,-16.6678,-8.6912,3.8018,-9.8836,-4.8605,5.0699,-2.2177,3.8445
9.4468,-16.8415,-8.6146,3.8323,-8.5445,-4.7591,5.0252,-2.2355,3.3226
9.4669,-17.0142,-8.5371,3.8626,-8.9089,-4.6584,4.9799,-2.2532,3.4645
9.4868,-17.1834,-8.4599,3.8923,-9.7786,-4.5597,4.9349,-2.2705,3.8035
9.5068,-17.3511,-8.3821,3.9217,-10.4528,-4.4618,4.8895,-2.2877,4.0662
9.5270,-17.5197,-8.3025,3.9513,-10.1205,-4.3635,4.8431,-2.3049,3.9368
9.5468,-17.6838,-8.2238,3.9801,-10.4790,-4.2678,4.7972,-2.3217,4.0765
9.5671,-17.8497,-8.1427,4.0092,-10.1284,-4.1710,4.7499,-2.3387,3.9399
9.5868,-18.0090,-8.0637,4.0372,-10.1098,-4.0781,4.7038,-2.3550,3.9326
9.6068,-18.1697,-7.9825,4.0654,-9.5343,-3.9843,4.6565,-2.3715,3.7082
9.6271,-18.3310,-7.8997,4.0936,-9.7258,-3.8903,4.6081,-2.3880,3.7829
9.6470,-18.4877,-7.8178,4.1211,-10.3209,-3.7989,4.5604,-2.4040,4.0148
9.6669,-18.6418,-7.7359,4.1482,-10.5326,-3.7090,4.5126,-2.4198,4.0973
9.6876,-18.8010,-7.6497,4.1761,-9.6824,-3.6161,4.4623,-2.4361,3.7660
9.7068,-18.9477,-7.5690,4.2018,-10.0725,-3.5305,4.4152,-2.4511,3.9181
9.7268,-19.0980,-7.4847,4.2282,-10.5082,-3.4428,4.3661,-2.4665,4.0878
9.7468,-19.2470,-7.3999,4.2544,-9.9719,-3.3559,4.3166,-2.4817,3.8789
9.7668,-19.3940,-7.3146,4.2802,-9.9704,-3.2701,4.2668,-2.4968,3.8782
9.7872,-19.5421,-7.2271,4.3062,-10.1559,-3.1837,4.2158,-2.5119,3.9504
9.8070,-19.6849,-7.1413,4.3312,-10.6609,-3.1005,4.1658,-2.5265,4.1471
9.8270,-19.8265,-7.0546,4.3561,-10.7951,-3.0179,4.1152,-2.5410,4.1994
9.8468,-19.9651,-6.9683,4.3804,-10.6676,-2.9370,4.0649,-2.5552,4.1499
9.8671,-20.1059,-6.8790,4.4051,-10.1314,-2.8549,4.0127,-2.5696,3.9410
9.8869,-20.2415,-6.7914,4.4289,-10.3844,-2.7758,3.9616,-2.5835,4.0395
9.9070,-20.3765,-6.7025,4.4526,-10.2479,-2.6970,3.9098,-2.5973,3.9862
9.9268,-20.5088,-6.6138,4.4758,-10.2054,-2.6199,3.8580,-2.6109,3.9696
9.9468,-20.6401,-6.5241,4.4988,-9.9221,-2.5433,3.8057,-2.6243,3.8593
9.9668,-20.7695,-6.4340,4.5215,-9.7742,-2.4678,3.7532,-2.6375,3.8017
9.9868,-20.8976,-6.3432,4.5440,-9.9878,-2.3931,3.7002,-2.6507,3.8848
10.0068,-21.0235,-6.2521,4.5661,-10.0692,-2.3196,3.6471,-2.6635,3.9165
10.0270,-21.1486,-6.1598,4.5880,-9.8245,-2.2467,3.5932,-2.6763,3.8213
10.0468,-21.2695,-6.0689,4.6092,-10.3794,-2.1761,3.5402,-2.6887,4.0374
10.0668,-21.3904,-5.9762,4.6304,-9.9256,-2.1056,3.4861,-2.7011,3.8607
10.0868,-21.5090,-5.8833,4.6513,-9.6124,-2.0364,3.4319,-2.7132,3.7385
10.1068,-21.6256,-5.7902,4.6717,-9.8713,-1.9684,3.3776,-2.7252,3.8394
10.1268,-21.7406,-5.6964,4.6919,-9.6818,-1.9013,3.3229,-2.7369,3.7656
10.1468,-21.8535,-5.6025,4.7117,-9.4888,-1.8355,3.2681,-2.7485,3.6903
10.1668,-21.9646,-5.5080,4.7312,-9.7817,-1.7706,3.2130,-2.7599,3.8045
10.1870,-22.0746,-5.4125,4.7505,-9.8647,-1.7065,3.1573,-2.7711,3.8369
10.2068,-22.1808,-5.3183,4.7691,-9.7463,-1.6445,3.1024,-2.7820,3.7908
10.2268,-22.2863,-5.2227,4.7876,-9.1152,-1.5830,3.0466,-2.7928,3.5448
10.2469,-22.3904,-5.1262,4.8059,-9.2584,-1.5223,2.9903,-2.8034,3.6006
10.2672,-22.4935,-5.0284,4.8240,-9.3029,-1.4621,2.9332,-2.8140,3.6180
10.2868,-22.5912,-4.9336,4.8411,-9.7088,-1.4051,2.8780,-2.8240,3.7761
10.3068,-22.6889,-4.8366,4.8583,-9.2371,-1.3481,2.8214,-2.8340,3.5924
10.3268,-22.7845,-4.7395,4.8751,-9.3450,-1.2924,2.7647,-2.8438,3.6345
10.3468,-22.8785,-4.6416,4.8915,-9.7494,-1.2376,2.7076,-2.8534,3.7921
10.3667,-22.9701,-4.5439,4.9076,-9.4233,-1.1841,2.6506,-2.8628,3.6650
10.3867,-23.0599,-4.4457,4.9234,-9.2692,-1.1317,2.5933,-2.8720,3.6050
10.4069,-23.1487,-4.3461,4.9390,-9.1866,-1.0799,2.5352,-2.8811,3.5728
10.4269,-23.2346,-4.2472,4.9540,-9.2660,-1.0298,2.4775,-2.8899,3.6037
10.4471,-23.3194,-4.1470,4.9689,-9.6130,-0.9804,2.4191,-2.8985,3.7390
10.4671,-23.4013,-4.0474,4.9833,-9.7166,-0.9326,2.3610,-2.9069,3.7794
10.4871,-23.4812,-3.9478,4.9973,-9.1728,-0.8860,2.3029,-2.9151,3.5675
10.5069,-23.5583,-3.8487,5.0108,-8.3183,-0.8410,2.2451,-2.9230,3.2345
10.5268,-23.6341,-3.7486,5.0241,-8.0837,-0.7968,2.1867,-2.9307,3.1430
10.5470,-23.7086,-3.6473,5.0372,-8.4033,-0.7533,2.1276,-2.9384,3.2675
10.5668,-23.7798,-3.5475,5.0497,-8.7848,-0.7118,2.0694,-2.9457,3.4162
10.5871,-23.8507,-3.4449,5.0621,-9.2690,-0.6704,2.0096,-2.9529,3.6050
10.6068,-23.9176,-3.3450,5.0739,-9.0800,-0.6314,1.9513,-2.9598,3.5314
10.6270,-23.9842,-3.2423,5.0856,-8.8818,-0.5925,1.8913,-2.9666,3.4541
10.6468,-24.0473,-3.1417,5.0966,-9.2253,-0.5557,1.8326,-2.9730,3.5880
10.6669,-24.1095,-3.0390,5.1075,-8.8967,-0.5194,1.7727,-2.9794,3.4600
10.6871,-24.1699,-2.9357,5.1181,-8.3475,-0.4842,1.7125,-2.9856,3.2460
10.7068,-24.2267,-2.8349,5.1281,-8.6326,-0.4511,1.6537,-2.9914,3.3571
10.7269,-24.2826,-2.7316,5.1379,-8.8314,-0.4185,1.5935,-2.9971,3.4345
10.7470,-24.3366,-2.6280,5.1474,-8.6561,-0.3870,1.5330,-3.0026,3.3663
10.7668,-24.3876,-2.5261,5.1563,-8.9744,-0.3572,1.4735,-3.0079,3.4903
10.7872,-24.4380,-2.4210,5.1652,-8.6463,-0.3278,1.4122,-3.0130,3.3625
10.8068,-24.4846,-2.3193,5.1734,-8.5908,-0.3006,1.3529,-3.0178,3.3409
10.8269,-24.5302,-2.2152,5.1814,-8.6703,-0.2741,1.2922,-3.0225,3.3719
10.8468,-24.5732,-2.1121,5.1889,-8.6833,-0.2489,1.2320,-3.0269,3.3769
10.8669,-24.6145,-2.0080,5.1962,-8.6561,-0.2249,1.1713,-3.0311,3.3664
10.8868,-24.6535,-1.9044,5.2030,-8.0199,-0.2021,1.1109,-3.0351,3.1185
10.9068,-24.6905,-1.8003,5.2095,-8.0890,-0.1805,1.0502,-3.0389,3.1455
10.9267,-24.7254,-1.6964,5.2156,-8.0904,-0.1602,0.9896,-3.0424,3.1460
10.9469,-24.7585,-1.5913,5.2214,-8.0633,-0.1409,0.9282,-3.0458,3.1355
10.9668,-24.7892,-1.4870,5.2268,-8.0237,-0.1229,0.8674,-3.0490,3.1201
10.9870,-24.8182,-1.3815,5.2319,-7.6243,-0.1061,0.8059,-3.0519,2.9646
11.0068,-24.8444,-1.2782,5.2365,-8.2173,-0.0908,0.7456,-3.0546,3.1956
11.0271,-24.8693,-1.1719,5.2409,-8.0012,-0.0763,0.6836,-3.0572,3.1114
11.0474,-24.8920,-1.0652,5.2448,-8.2855,-0.0630,0.6214,-3.0595,3.2222
11.0671,-24.9120,-0.9618,5.2483,-8.3539,-0.0513,0.5611,-3.0615,3.2489
11.0870,-24.9301,-0.8571,5.2515,-8.4761,-0.0408,0.5000,-3.0634,3.2966
11.1071,-24.9462,-0.7519,5.2544,-8.1768,-0.0314,0.4386,-3.0650,3.1800
11.1269,-24.9601,-0.6476,5.2568,-8.0382,-0.0233,0.3777,-3.0665,3.1260
11.1469,-24.9720,-0.5425,5.2589,-7.9541,-0.0163,0.3164,-3.0677,3.0932
11.1668,-24.9818,-0.4378,5.2606,-7.8882,-0.0106,0.2554,-3.0687,3.0676
11.1869,-24.9895,-0.3322,5.2619,-7.6341,-0.0061,0.1938,-3.0695,2.9687
11.2068,-24.9951,-0.2272,5.2629,-7.4775,-0.0029,0.1325,-3.0700,2.9078
11.2268,-24.9986,-0.1221,5.2635,-7.4840,-0.0008,0.0712,-3.0704,2.9104
11.2468,-25.0000,-0.0169,5.2638,-7.4485,-0.0000,0.0099,-3.0705,2.8966
11.2667,-24.9993,0.0882,5.2637,-7.6777,-0.0004,-0.0514,-3.0705,2.9858
11.2872,-24.9963,0.1960,5.2631,-6.8035,-0.0021,-0.1144,-3.0702,2.6459
11.3070,-24.9915,0.3000,5.2623,-7.5011,-0.0050,-0.1750,-3.0697,2.9172
11.3267,-24.9845,0.4039,5.2611,-7.6054,-0.0090,-0.2356,-3.0690,2.9578
11.3468,-24.9754,0.5092,5.2595,-7.2360,-0.0144,-0.2970,-3.0680,2.8142
11.3669,-24.9641,0.6149,5.2575,-7.0474,-0.0210,-0.3587,-3.0669,2.7408
11.3868,-24.9508,0.7196,5.2552,-6.7418,-0.0287,-0.4197,-3.0655,2.6221
11.4070,-24.9351,0.8259,5.2524,-7.1035,-0.0378,-0.4818,-3.0639,2.7627
11.4268,-24.9177,0.9300,5.2494,-6.8834,-0.0480,-0.5425,-3.0621,2.6772
11.4468,-24.8981,1.0348,5.2459,-6.8473,-0.0594,-0.6036,-3.0601,2.6632
11.4669,-24.8763,1.1399,5.2421,-6.7970,-0.0721,-0.6649,-3.0579,2.6437
11.4872,-24.8520,1.2465,5.2378,-6.3483,-0.0863,-0.7271,-3.0554,2.4693
11.5070,-24.8263,1.3503,5.2333,-6.3584,-0.1013,-0.7877,-3.0528,2.4732
11.5270,-24.7983,1.4546,5.2284,-6.5624,-0.1176,-0.8485,-3.0499,2.5526
11.5468,-24.7684,1.5583,5.2232,-6.8312,-0.1351,-0.9090,-3.0468,2.6571
11.5668,-24.7363,1.6624,5.2175,-6.5194,-0.1538,-0.9698,-3.0436,2.5359
11.5868,-24.7019,1.7672,5.2115,-6.3516,-0.1739,-1.0309,-3.0400,2.4707
11.6073,-24.6646,1.8738,5.2049,-5.9588,-0.1956,-1.0931,-3.0362,2.3180
11.6270,-24.6266,1.9764,5.1983,-6.3803,-0.2178,-1.1529,-3.0323,2.4819
11.6469,-24.5863,2.0796,5.1912,-6.4890,-0.2413,-1.2131,-3.0282,2.5242
11.6668,-24.5440,2.1827,5.1838,-6.3357,-0.2660,-1.2732,-3.0239,2.4646
11.6868,-24.4992,2.2866,5.1759,-6.0961,-0.2921,-1.3338,-3.0193,2.3715
11.7075,-24.4508,2.3934,5.1674,-5.6712,-0.3203,-1.3962,-3.0143,2.2063
11.7268,-24.4036,2.4932,5.1592,-6.1813,-0.3479,-1.4543,-3.0095,2.4047
11.7470,-24.3521,2.5975,5.1501,-6.0543,-0.3779,-1.5152,-3.0042,2.3554
11.7668,-24.2997,2.6993,5.1409,-5.8162,-0.4085,-1.5746,-2.9989,2.2628
11.7872,-24.2438,2.8037,5.1311,-5.6020,-0.4411,-1.6355,-2.9931,2.1795
11.8068,-24.1877,2.9044,5.1213,-5.8821,-0.4738,-1.6942,-2.9874,2.2885
11.8268,-24.1286,3.0067,5.1109,-5.6683,-0.5083,-1.7539,-2.9814,2.2054
11.8472,-24.0664,3.1106,5.1000,-5.5482,-0.5446,-1.8145,-2.9750,2.1587
11.8669,-24.0040,3.2112,5.0890,-5.4605,-0.5810,-1.8732,-2.9686,2.1246
11.8868,-23.9392,3.3122,5.0777,-5.5932,-0.6188,-1.9321,-2.9620,2.1763
11.9068,-23.8717,3.4139,5.0658,-5.3342,-0.6582,-1.9915,-2.9551,2.0756
11.9268,-23.8026,3.5148,5.0537,-5.1847,-0.6985,-2.0503,-2.9480,2.0175
11.9469,-23.7307,3.6167,5.0411,-5.0805,-0.7404,-2.1097,-2.9406,1.9770
11.9667,-23.6581,3.7163,5.0283,-5.0622,-0.7828,-2.1678,-2.9332,1.9699
11.9869,-23.5821,3.8177,5.0150,-4.9457,-0.8271,-2.2270,-2.9254,1.9246
12.0068,-23.5053,3.9170,5.0015,-4.6294,-0.8719,-2.2849,-2.9176,1.8014
12.0272,-23.4243,4.0191,4.9873,-4.4663,-0.9192,-2.3445,-2.9093,1.7378
12.0468,-23.3447,4.1165,4.9733,-4.8360,-0.9656,-2.4013,-2.9011,1.8820
12.0668,-23.2613,4.2159,4.9587,-4.6817,-1.0142,-2.4593,-2.8926,1.8219
12.0869,-23.1754,4.3156,4.9436,-4.5744,-1.0644,-2.5174,-2.8838,1.7802
12.1072,-23.0868,4.4158,4.9281,-4.4865,-1.1160,-2.5759,-2.8747,1.7459
12.1268,-22.9993,4.5122,4.9127,-4.5855,-1.1671,-2.6321,-2.8658,1.7846
12.1469,-22.9078,4.6106,4.8967,-4.4141,-1.2204,-2.6895,-2.8564,1.7178
12.1669,-22.8146,4.7084,4.8803,-4.5122,-1.2748,-2.7466,-2.8469,1.7561
12.1871,-22.7185,4.8069,4.8635,-4.2866,-1.3309,-2.8040,-2.8370,1.6683
12.2067,-22.6230,4.9023,4.8467,-4.3625,-1.3866,-2.8597,-2.8273,1.6979
12.2267,-22.5239,4.9991,4.8293,-4.1366,-1.4444,-2.9162,-2.8171,1.6099
12.2468,-22.4228,5.0957,4.8116,-3.9464,-1.5034,-2.9725,-2.8068,1.5358
12.2668,-22.3198,5.1919,4.7935,-3.7764,-1.5634,-3.0286,-2.7962,1.4696
12.2868,-22.2151,5.2875,4.7752,-3.6968,-1.6245,-3.0843,-2.7855,1.4386
12.3067,-22.1086,5.3826,4.7565,-3.7183,-1.6866,-3.1399,-2.7746,1.4470
12.3268,-21.9996,5.4779,4.7373,-3.7923,-1.7503,-3.1955,-2.7634,1.4760
12.3469,-21.8888,5.5727,4.7179,-3.5835,-1.8149,-3.2507,-2.7521,1.3947
12.3667,-21.7771,5.6663,4.6983,-3.6020,-1.8800,-3.3053,-2.7407,1.4019
12.3867,-21.6629,5.7600,4.6783,-3.3000,-1.9467,-3.3600,-2.7290,1.2843
12.4069,-21.5458,5.8542,4.6577,-3.2891,-2.0150,-3.4149,-2.7170,1.2801
12.4270,-21.4275,5.9473,4.6370,-3.2061,-2.0840,-3.4693,-2.7049,1.2478
12.4469,-21.3080,6.0395,4.6160,-3.1681,-2.1536,-3.5230,-2.6927,1.2330
12.4667,-21.1872,6.1310,4.5948,-3.0900,-2.2241,-3.5764,-2.6803,1.2026
12.4869,-21.0625,6.2235,4.5729,-2.9850,-2.2969,-3.6304,-2.6675,1.1618
12.5076,-20.9331,6.3177,4.5502,-2.8798,-2.3724,-3.6853,-2.6543,1.1208
12.5269,-20.8100,6.4055,4.5286,-3.0196,-2.4442,-3.7365,-2.6417,1.1754
12.5468,-20.6818,6.4952,4.5061,-2.9468,-2.5189,-3.7889,-2.6286,1.1471
12.5668,-20.5510,6.5852,4.4832,-2.7857,-2.5953,-3.8414,-2.6152,1.0843
12.5869,-20.4179,6.6749,4.4598,-2.5265,-2.6729,-3.8937,-2.6016,0.9834
12.6068,-20.2839,6.7636,4.4363,-2.5432,-2.7510,-3.9454,-2.5878,0.9899
12.6268,-20.1477,6.8521,4.4124,-2.4947,-2.8305,-3.9971,-2.5739,0.9711
12.6468,-20.0100,6.9400,4.3882,-2.4240,-2.9108,-4.0483,-2.5598,0.9436
12.6669,-19.8696,7.0280,4.3636,-2.3453,-2.9927,-4.0997,-2.5454,0.9130
12.6871,-19.7264,7.1161,4.3385,-2.2637,-3.0762,-4.1510,-2.5308,0.8812
12.7069,-19.5851,7.2015,4.3137,-2.1821,-3.1587,-4.2009,-2.5163,0.8495
12.7269,-19.4401,7.2875,4.2883,-2.1919,-3.2433,-4.2511,-2.5015,0.8534
12.7469,-19.2936,7.3730,4.2625,-2.0480,-3.3287,-4.3009,-2.4865,0.7974
12.7668,-19.1456,7.4578,4.2366,-1.9437,-3.4151,-4.3504,-2.4713,0.7568
12.7867,-18.9962,7.5419,4.2104,-1.7405,-3.5022,-4.3995,-2.4561,0.6776
12.8068,-18.8443,7.6260,4.1837,-1.6533,-3.5908,-4.4485,-2.4405,0.6436
12.8268,-18.6908,7.7095,4.1568,-1.6358,-3.6804,-4.4972,-2.4248,0.6369
12.8468,-18.5354,7.7926,4.1295,-1.5836,-3.7710,-4.5457,-2.4089,0.6167
12.8668,-18.3789,7.8748,4.1021,-1.5106,-3.8623,-4.5936,-2.3929,0.5883
12.8868,-18.2208,7.9565,4.0743,-1.3574,-3.9546,-4.6413,-2.3767,0.5287
12.9068,-18.0611,8.0375,4.0463,-1.2953,-4.0477,-4.6886,-2.3603,0.5044
12.9271,-17.8968,8.1195,4.0175,-1.2473,-4.1435,-4.7364,-2.3435,0.4858
12.9471,-17.7333,8.1998,3.9888,-1.1737,-4.2389,-4.7832,-2.3268,0.4572
12.9668,-17.5717,8.2777,3.9604,-1.0941,-4.3332,-4.8287,-2.3102,0.4263
12.9870,-17.4034,8.3575,3.9309,-1.0054,-4.4313,-4.8752,-2.2930,0.3917
13.0068,-17.2372,8.4351,3.9017,-0.9758,-4.5283,-4.9204,-2.2760,0.3802
13.0269,-17.0665,8.5133,3.8718,-0.8600,-4.6279,-4.9661,-2.2585,0.3352
13.0470,-16.8946,8.5909,3.8416,-0.8086,-4.7281,-5.0113,-2.2409,0.3152
13.0670,-16.7219,8.6674,3.8113,-0.7248,-4.8289,-5.0560,-2.2233,0.2826
13.0869,-16.5493,8.7427,3.7810,-0.6505,-4.9296,-5.0999,-2.2056,0.2537
13.1068,-16.3747,8.8176,3.7504,-0.4896,-5.0314,-5.1436,-2.1877,0.1911
13.1267,-16.1977,8.8923,3.7193,-0.4165,-5.1347,-5.1872,-2.1696,0.1626
13.1468,-16.0186,8.9665,3.6879,-0.3379,-5.2391,-5.2305,-2.1513,0.1320
13.1668,-15.8381,9.0402,3.6562,-0.2568,-5.3444,-5.2734,-2.1328,0.1005
13.1870,-15.6550,9.1136,3.6241,-0.1740,-5.4513,-5.3163,-2.1141,0.0683
13.2068,-15.4740,9.1850,3.5924,-0.1043,-5.5569,-5.3579,-2.0955,0.0412
13.2270,-15.2875,9.2573,3.5596,-0.0140,-5.6656,-5.4001,-2.0765,0.0061
13.2469,-15.1030,9.3277,3.5273,0.0681,-5.7733,-5.4411,-2.0576,-0.0258
13.2669,-14.9156,9.3979,3.4944,0.1539,-5.8825,-5.4821,-2.0384,-0.0593
13.2867,-14.7284,9.4670,3.4615,0.2555,-5.9918,-5.5224,-2.0192,-0.0987
13.3067,-14.5384,9.5358,3.4282,0.3292,-6.1026,-5.5626,-1.9998,-0.1274
13.3270,-14.3444,9.6050,3.3942,0.4081,-6.2158,-5.6029,-1.9799,-0.1581
13.3472,-14.1493,9.6733,3.3599,0.5060,-6.3296,-5.6428,-1.9600,-0.1962
13.3668,-13.9596,9.7387,3.3267,0.6073,-6.4402,-5.6809,-1.9405,-0.2356
13.3871,-13.7617,9.8057,3.2919,0.6760,-6.5557,-5.7200,-1.9203,-0.2623
13.4068,-13.5672,9.8705,3.2578,0.7559,-6.6692,-5.7578,-1.9004,-0.2935
13.4269,-13.3680,9.9356,3.2228,0.8435,-6.7854,-5.7958,-1.8800,-0.3275
13.4469,-13.1691,9.9996,3.1879,0.8976,-6.9014,-5.8331,-1.8596,-0.3485
13.4671,-12.9665,10.0636,3.1524,1.0210,-7.0195,-5.8704,-1.8389,-0.3965
13.4868,-12.7676,10.1254,3.1175,1.1032,-7.1356,-5.9065,-1.8185,-0.4284
13.5069,-12.5630,10.1878,3.0816,1.1309,-7.2549,-5.9429,-1.7976,-0.4392
13.5268,-12.3596,10.2488,3.0459,1.2800,-7.3736,-5.9785,-1.7768,-0.4973
13.5470,-12.1525,10.3098,3.0096,1.3911,-7.4944,-6.0141,-1.7556,-0.5405
13.5670,-11.9460,10.3696,2.9733,1.4876,-7.6148,-6.0489,-1.7344,-0.5780
13.5867,-11.7406,10.4279,2.9373,1.5784,-7.7347,-6.0830,-1.7134,-0.6134
13.6069,-11.5294,10.4869,2.9002,1.5479,-7.8578,-6.1173,-1.6918,-0.6014
13.6268,-11.3198,10.5443,2.8635,1.6350,-7.9801,-6.1508,-1.6704,-0.6353
13.6470,-11.1067,10.6017,2.8261,1.7193,-8.1044,-6.1843,-1.6485,-0.6681
13.6669,-10.8949,10.6576,2.7889,1.8383,-8.2279,-6.2169,-1.6269,-0.7143
13.6870,-10.6808,10.7131,2.7513,1.8988,-8.3529,-6.2493,-1.6049,-0.7379
13.7073,-10.4625,10.7686,2.7130,1.9722,-8.4802,-6.2817,-1.5826,-0.7665
13.7268,-10.2521,10.8212,2.6761,2.1466,-8.6030,-6.3123,-1.5611,-0.8344
13.7470,-10.0331,10.8748,2.6377,2.0919,-8.7307,-6.3436,-1.5387,-0.8130
13.7668,-9.8168,10.9268,2.5997,2.1927,-8.8569,-6.3739,-1.5165,-0.8522
13.7868,-9.5977,10.9784,2.5613,2.2017,-8.9847,-6.4040,-1.4941,-0.8556
13.8068,-9.3774,11.0293,2.5227,2.2557,-9.1132,-6.4337,-1.4715,-0.8767
13.8269,-9.1551,11.0796,2.4836,2.4834,-9.2429,-6.4631,-1.4488,-0.9652
13.8468,-8.9341,11.1286,2.4449,2.6654,-9.3717,-6.4917,-1.4262,-1.0361
13.8670,-8.7090,11.1776,2.4054,2.5673,-9.5031,-6.5203,-1.4031,-0.9978
13.8873,-8.4821,11.2259,2.3656,2.8809,-9.6355,-6.5484,-1.3799,-1.1199
13.9068,-8.2627,11.2717,2.3271,2.9332,-9.7634,-6.5751,-1.3575,-1.1403
13.9267,-8.0372,11.3177,2.2875,2.9472,-9.8949,-6.6020,-1.3344,-1.1457
13.9469,-7.8090,11.3634,2.2475,3.0922,-10.0281,-6.6286,-1.3110,-1.2020
13.9669,-7.5809,11.4080,2.2074,3.1712,-10.1611,-6.6547,-1.2877,-1.2327
13.9870,-7.3507,11.4520,2.1670,3.1609,-10.2954,-6.6804,-1.2641,-1.2288
14.0070,-7.1222,11.4948,2.1270,3.2468,-10.4287,-6.7053,-1.2407,-1.2622
14.0269,-6.8922,11.5369,2.0866,3.3287,-10.5629,-6.7298,-1.2172,-1.2940
14.0469,-6.6617,11.5781,2.0462,3.4090,-10.6973,-6.7539,-1.1936,-1.3252
14.0667,-6.4312,11.6184,2.0057,3.5992,-10.8318,-6.7774,-1.1700,-1.3993
14.0869,-6.1972,11.6583,1.9646,3.5600,-10.9683,-6.8007,-1.1460,-1.3840
14.1071,-5.9612,11.6976,1.9232,3.5890,-11.1060,-6.8236,-1.1219,-1.3953
14.1270,-5.7272,11.7355,1.8822,3.8249,-11.2425,-6.8457,-1.0979,-1.4872
14.1468,-5.4948,11.7724,1.8414,3.9726,-11.3780,-6.8672,-1.0742,-1.5446
14.1672,-5.2543,11.8095,1.7992,3.7735,-11.5183,-6.8889,-1.0495,-1.4669
14.1870,-5.0202,11.8447,1.7581,3.9241,-11.6549,-6.9094,-1.0256,-1.5255
14.2070,-4.7833,11.8794,1.7166,4.2520,-11.7931,-6.9296,-1.0013,-1.6532
14.2267,-4.5480,11.9129,1.6753,3.9823,-11.9304,-6.9492,-0.9772,-1.5481
14.2470,-4.3063,11.9464,1.6329,3.9176,-12.0713,-6.9688,-0.9525,-1.5228
14.2669,-4.0686,11.9785,1.5912,4.4232,-12.2100,-6.9874,-0.9282,-1.7197
14.2869,-3.8288,12.0099,1.5491,4.4751,-12.3499,-7.0058,-0.9036,-1.7398
14.3072,-3.5843,12.0409,1.5062,4.4215,-12.4925,-7.0239,-0.8786,-1.7190
14.3268,-3.3477,12.0701,1.4647,4.6565,-12.6305,-7.0409,-0.8544,-1.8106
14.3468,-3.1063,12.0989,1.4223,4.6291,-12.7713,-7.0577,-0.8297,-1.7998
14.3668,-2.8635,12.1270,1.3797,4.6697,-12.9129,-7.0741,-0.8048,-1.8156
14.3870,-2.6190,12.1544,1.3368,4.7334,-13.0556,-7.0900,-0.7798,-1.8403
14.4068,-2.3781,12.1804,1.2946,4.6837,-13.1961,-7.1052,-0.7552,-1.8210
14.4268,-2.1344,12.2059,1.2518,4.6120,-13.3383,-7.1201,-0.7302,-1.7929
14.4468,-1.8892,12.2305,1.2088,4.8602,-13.4813,-7.1345,-0.7051,-1.8895
14.4667,-1.6454,12.2542,1.1660,4.9125,-13.6235,-7.1483,-0.6802,-1.9099
14.4870,-1.3967,12.2774,1.1224,4.7784,-13.7686,-7.1618,-0.6547,-1.8576
14.5068,-1.1537,12.2992,1.0797,5.2265,-13.9104,-7.1745,-0.6298,-2.0322
14.5270,-0.9051,12.3205,1.0361,5.1907,-14.0553,-7.1870,-0.6044,-2.0182
14.5469,-0.6591,12.3408,0.9929,5.5958,-14.1988,-7.1988,-0.5792,-2.1759
14.5670,-0.4117,12.3602,0.9495,5.6868,-14.3432,-7.2101,-0.5539,-2.2113
14.5871,-0.1625,12.3789,0.9058,5.5612,-14.4885,-7.2210,-0.5284,-2.1623
14.6067,0.0804,12.3963,0.8632,5.7526,-14.6302,-7.2311,-0.5035,-2.2369
14.6267,0.3282,12.4131,0.8197,5.3799,-14.7748,-7.2410,-0.4782,-2.0916
14.6469,0.5790,12.4292,0.7757,5.4976,-14.9211,-7.2503,-0.4525,-2.1374
14.6668,0.8263,12.4442,0.7323,5.1603,-15.0653,-7.2591,-0.4272,-2.0060
14.6869,1.0771,12.4585,0.6883,5.3873,-15.2116,-7.2674,-0.4015,-2.0944
14.7072,1.3299,12.4720,0.6440,5.7046,-15.3591,-7.2753,-0.3756,-2.2179
14.7268,1.5744,12.4842,0.6011,5.8882,-15.5017,-7.2824,-0.3506,-2.2893
14.7468,1.8245,12.4958,0.5572,5.6646,-15.6476,-7.2892,-0.3250,-2.2022
14.7671,2.0779,12.5066,0.5127,5.6179,-15.7954,-7.2955,-0.2991,-2.1839
14.7870,2.3268,12.5164,0.4690,6.1919,-15.9407,-7.3012,-0.2736,-2.4075
14.8067,2.5742,12.5252,0.4256,6.2322,-16.0849,-7.3064,-0.2483,-2.4232
14.8269,2.8263,12.5333,0.3814,6.2022,-16.2320,-7.3111,-0.2225,-2.4115
14.8469,3.0771,12.5405,0.3374,5.9720,-16.3783,-7.3153,-0.1968,-2.3217
14.8669,3.3281,12.5468,0.2933,6.1655,-16.5248,-7.3190,-0.1711,-2.3969
14.8870,3.5803,12.5523,0.2491,6.1169,-16.6719,-7.3222,-0.1453,-2.3781
14.9072,3.8338,12.5569,0.2046,6.4884,-16.8197,-7.3248,-0.1194,-2.5227
14.9268,4.0803,12.5605,0.1614,6.9179,-16.9635,-7.3269,-0.0941,-2.6900
14.9468,4.3311,12.5632,0.1174,6.7800,-17.1098,-7.3286,-0.0685,-2.6363
14.9670,4.5858,12.5652,0.0727,6.4518,-17.2584,-7.3297,-0.0424,-2.5085
14.9869,4.8355,12.5662,0.0289,6.4391,-17.4040,-7.3303,-0.0168,-2.5033
15.0071,5.0888,12.5663,-0.0156,7.1394,-17.5518,-7.3304,0.0091,-2.7760
15.0270,5.3390,12.5656,-0.0595,7.0425,-17.6978,-7.3299,0.0347,-2.7383
15.0471,5.5912,12.5639,-0.1037,7.0285,-17.8449,-7.3290,0.0605,-2.7328
15.0670,5.8420,12.5614,-0.1477,7.0636,-17.9912,-7.3275,0.0862,-2.7464
15.0871,6.0939,12.5580,-0.1919,7.3615,-18.1381,-7.3255,0.1120,-2.8625
15.1068,6.3414,12.5538,-0.2354,7.2554,-18.2825,-7.3231,0.1373,-2.8211
15.1268,6.5929,12.5486,-0.2795,6.8642,-18.4292,-7.3200,0.1630,-2.6686
15.1468,6.8438,12.5426,-0.3235,6.8143,-18.5755,-7.3165,0.1887,-2.6492
15.1667,7.0937,12.5357,-0.3674,7.3690,-18.7213,-7.3125,0.2143,-2.8651
15.1868,7.3446,12.5279,-0.4114,7.3285,-18.8677,-7.3080,0.2400,-2.8494
15.2070,7.5981,12.5192,-0.4559,7.0227,-19.0155,-7.3028,0.2659,-2.7301
15.2268,7.8452,12.5097,-0.4992,7.3696,-19.1597,-7.2973,0.2912,-2.8652
15.2471,8.0990,12.4991,-0.5437,7.4091,-19.3078,-7.2912,0.3172,-2.8807
15.2668,8.3462,12.4880,-0.5871,7.8366,-19.4519,-7.2846,0.3425,-3.0472
15.2869,8.5969,12.4757,-0.6311,7.4719,-19.5982,-7.2775,0.3681,-2.9052
15.3068,8.8442,12.4628,-0.6745,7.3066,-19.7425,-7.2700,0.3935,-2.8405
15.3268,9.0938,12.4488,-0.7183,7.5067,-19.8880,-7.2618,0.4190,-2.9185
15.3468,9.3424,12.4340,-0.7619,7.3059,-20.0331,-7.2532,0.4444,-2.8401
15.3670,9.5935,12.4182,-0.8060,7.2594,-20.1795,-7.2439,0.4702,-2.8219
15.3871,9.8435,12.4015,-0.8498,8.0004,-20.3254,-7.2342,0.4957,-3.1107
15.4069,10.0886,12.3843,-0.8928,8.0233,-20.4684,-7.2242,0.5208,-3.1196
15.4268,10.3354,12.3660,-0.9361,8.3472,-20.6123,-7.2135,0.5461,-3.2458
15.4468,10.5815,12.3470,-0.9793,8.1189,-20.7559,-7.2024,0.5713,-3.1568
15.4670,10.8307,12.3267,-1.0231,7.7134,-20.9012,-7.1906,0.5968,-2.9987
15.4870,11.0772,12.3058,-1.0663,8.5364,-21.0450,-7.1784,0.6220,-3.3192
15.5068,11.3213,12.2842,-1.1091,8.3970,-21.1874,-7.1658,0.6470,-3.2650
15.5270,11.5682,12.2615,-1.1525,8.4835,-21.3315,-7.1525,0.6723,-3.2986
15.5470,11.8136,12.2380,-1.1955,8.7468,-21.4746,-7.1388,0.6974,-3.4012
15.5671,12.0594,12.2135,-1.2386,8.8423,-21.6180,-7.1245,0.7225,-3.4384
15.5869,12.3010,12.1886,-1.2810,8.6003,-21.7589,-7.1100,0.7473,-3.3441
15.6071,12.5472,12.1622,-1.3242,8.4444,-21.9025,-7.0946,0.7725,-3.2833
15.6269,12.7879,12.1356,-1.3665,8.5253,-22.0430,-7.0791,0.7971,-3.3147
15.6469,13.0298,12.1079,-1.4089,8.5825,-22.1841,-7.0629,0.8219,-3.3370
15.6669,13.2724,12.0792,-1.4515,8.1525,-22.3256,-7.0462,0.8467,-3.1693
15.6870,13.5142,12.0497,-1.4939,8.5138,-22.4666,-7.0290,0.8714,-3.3101
15.7073,13.7583,12.0189,-1.5367,8.6660,-22.6090,-7.0110,0.8964,-3.3693
15.7268,13.9930,11.9885,-1.5779,9.0517,-22.7459,-6.9933,0.9204,-3.5197
15.7469,14.2329,11.9564,-1.6200,8.8058,-22.8858,-6.9746,0.9450,-3.4238
15.7669,14.4717,11.9236,-1.6619,8.7264,-23.0252,-6.9554,0.9694,-3.3928
15.7869,14.7099,11.8900,-1.7037,8.4691,-23.1641,-6.9358,0.9938,-3.2926
15.8068,14.9468,11.8555,-1.7453,8.7416,-23.3023,-6.9157,1.0181,-3.3987
15.8268,15.1836,11.8202,-1.7868,9.1463,-23.4404,-6.8951,1.0423,-3.5562
15.8468,15.4196,11.7841,-1.8282,8.9847,-23.5781,-6.8740,1.0665,-3.4933
15.8670,15.6569,11.7468,-1.8699,9.0377,-23.7165,-6.8523,1.0907,-3.5139
15.8868,15.8897,11.7092,-1.9107,9.0798,-23.8524,-6.8304,1.1146,-3.5302
15.9068,16.1231,11.6707,-1.9517,8.6115,-23.9885,-6.8079,1.1385,-3.3477
15.9269,16.3578,11.6310,-1.9928,8.4532,-24.1254,-6.7847,1.1625,-3.2859
15.9470,16.5902,11.5907,-2.0336,8.9526,-24.2609,-6.7612,1.1863,-3.4805
15.9668,16.8203,11.5498,-2.0740,9.4669,-24.3952,-6.7374,1.2098,-3.6809
15.9869,17.0520,11.5077,-2.1146,9.4861,-24.5303,-6.7128,1.2335,-3.6884
16.0067,17.2793,11.4655,-2.1545,8.8808,-24.6630,-6.6882,1.2568,-3.4524
16.0269,17.5103,11.4216,-2.1950,9.3235,-24.7977,-6.6626,1.2804,-3.6248
16.0470,17.7391,11.3771,-2.2352,9.2548,-24.9312,-6.6367,1.3039,-3.5981
414
16.0919,18.2476,11.2748,-2.3244,-0.5629,-25.2278,-6.5770,1.3559,0.2267
16.1117,18.4711,11.2282,-2.3636,-0.6839,-25.3581,-6.5498,1.3788,0.2739
16.1319,18.6967,11.1802,-2.4032,-0.6237,-25.4897,-6.5218,1.4019,0.2505
16.1518,18.9190,11.1320,-2.4422,-0.6708,-25.6194,-6.4936,1.4246,0.2689
16.1718,19.1406,11.0828,-2.4811,-0.6707,-25.7487,-6.4650,1.4473,0.2689
16.1918,19.3617,11.0328,-2.5199,-0.3609,-25.8777,-6.4358,1.4699,0.1482
16.2118,19.5822,10.9820,-2.5586,-0.4298,-26.0063,-6.4062,1.4925,0.1751
16.2319,19.8024,10.9302,-2.5972,-0.4435,-26.1347,-6.3759,1.5150,0.1805
16.2518,20.0199,10.8780,-2.6354,-0.2508,-26.2616,-6.3455,1.5373,0.1054
16.2717,20.2358,10.8252,-2.6733,-0.2264,-26.3875,-6.3147,1.5594,0.0958
16.2922,20.4569,10.7700,-2.7121,-0.2049,-26.5166,-6.2825,1.5820,0.0875
16.3118,20.6670,10.7166,-2.7489,-0.1886,-26.6391,-6.2514,1.6035,0.0812
16.3319,20.8822,10.6609,-2.7867,-0.1702,-26.7646,-6.2189,1.6256,0.0740
16.3517,21.0931,10.6053,-2.8237,-0.2051,-26.8876,-6.1864,1.6471,0.0876
16.3717,21.3048,10.5484,-2.8608,-0.1087,-27.0111,-6.1532,1.6688,0.0501
16.3917,21.5149,10.4909,-2.8977,-0.1903,-27.1337,-6.1197,1.6903,0.0820
16.4122,21.7294,10.4311,-2.9353,0.0157,-27.2588,-6.0848,1.7123,0.0016
16.4319,21.9343,10.3729,-2.9713,-0.1880,-27.3783,-6.0509,1.7333,0.0811
16.4518,22.1399,10.3135,-3.0074,-0.1111,-27.4983,-6.0162,1.7543,0.0511
16.4717,22.3450,10.2531,-3.0433,-0.1313,-27.6179,-5.9810,1.7753,0.0591
16.4917,22.5492,10.1920,-3.0792,-0.0365,-27.7370,-5.9453,1.7962,0.0220
16.5118,22.7529,10.1299,-3.1149,0.0061,-27.8558,-5.9091,1.8170,0.0054
16.5318,22.9548,10.0673,-3.1503,-0.0373,-27.9736,-5.8726,1.8377,0.0225
16.5523,23.1614,10.0020,-3.1866,0.0368,-28.0942,-5.8345,1.8588,-0.0063
16.5718,23.3551,9.9398,-3.2206,0.0425,-28.2072,-5.7982,1.8787,-0.0086
16.5918,23.5536,9.8749,-3.2554,0.0774,-28.3230,-5.7604,1.8990,-0.0222
16.6117,23.7498,9.8097,-3.2898,0.0249,-28.4374,-5.7223,1.9191,-0.0016
16.6318,23.9458,9.7434,-3.3242,0.0172,-28.5517,-5.6836,1.9391,0.0014
16.6517,24.1397,9.6767,-3.3582,0.0792,-28.6648,-5.6447,1.9590,-0.0228
16.6718,24.3326,9.6091,-3.3921,0.1156,-28.7774,-5.6053,1.9787,-0.0369
16.6918,24.5241,9.5410,-3.4257,0.1286,-28.8891,-5.5656,1.9983,-0.0419
16.7118,24.7147,9.4720,-3.4591,0.1492,-29.0002,-5.5253,2.0178,-0.0499
16.7317,24.9028,9.4027,-3.4921,0.1620,-29.1100,-5.4849,2.0371,-0.0550
16.7518,25.0907,9.3323,-3.5251,0.1754,-29.2195,-5.4439,2.0563,-0.0602
16.7718,25.2767,9.2614,-3.5578,0.2080,-29.3281,-5.4025,2.0754,-0.0729
16.7919,25.4621,9.1896,-3.5903,0.2351,-29.4362,-5.3606,2.0943,-0.0833
16.8117,25.6438,9.1181,-3.6221,0.2682,-29.5422,-5.3189,2.1129,-0.0961
16.8317,25.8253,9.0453,-3.6540,0.2972,-29.6481,-5.2764,2.1315,-0.1074
16.8517,26.0055,8.9719,-3.6856,0.3243,-29.7532,-5.2336,2.1499,-0.1180
16.8717,26.1839,8.8980,-3.7169,0.3129,-29.8573,-5.1905,2.1682,-0.1136
16.8917,26.3612,8.8234,-3.7480,0.3303,-29.9607,-5.1470,2.1863,-0.1205
16.9118,26.5373,8.7479,-3.7789,0.3379,-30.0634,-5.1029,2.2044,-0.1234
16.9318,26.7119,8.6718,-3.8096,0.3452,-30.1653,-5.0586,2.2222,-0.1262
16.9518,26.8842,8.5955,-3.8398,0.3566,-30.2658,-5.0141,2.2399,-0.1306
16.9718,27.0554,8.5184,-3.8698,0.4507,-30.3656,-4.9691,2.2574,-0.1672
16.9917,27.2247,8.4408,-3.8995,0.4925,-30.4644,-4.9238,2.2747,-0.1834
17.0117,27.3927,8.3626,-3.9290,0.5447,-30.5624,-4.8782,2.2919,-0.2038
17.0317,27.5593,8.2836,-3.9582,0.4840,-30.6596,-4.8321,2.3090,-0.1803
17.0518,27.7243,8.2041,-3.9872,0.5508,-30.7558,-4.7857,2.3259,-0.2062
17.0718,27.8880,8.1239,-4.0159,0.5935,-30.8513,-4.7389,2.3426,-0.2228
17.0917,28.0489,8.0436,-4.0442,0.6258,-30.9452,-4.6921,2.3591,-0.2353
17.1118,28.2096,7.9621,-4.0724,0.6407,-31.0390,-4.6446,2.3755,-0.2413
17.1317,28.3676,7.8807,-4.1001,0.6749,-31.1311,-4.5971,2.3917,-0.2545
17.1517,28.5244,7.7984,-4.1276,0.5163,-31.2226,-4.5491,2.4078,-0.1929
17.1717,28.6794,7.7157,-4.1548,0.6522,-31.3130,-4.5008,2.4236,-0.2457
17.1917,28.8328,7.6323,-4.1817,0.7236,-31.4025,-4.4522,2.4393,-0.2734
17.2117,28.9848,7.5483,-4.2084,0.8136,-31.4911,-4.4032,2.4549,-0.3085
17.2317,29.1349,7.4639,-4.2347,0.8659,-31.5787,-4.3539,2.4702,-0.3289
17.2518,29.2835,7.3789,-4.2608,0.7919,-31.6653,-4.3043,2.4854,-0.3002
17.2718,29.4302,7.2934,-4.2865,0.8398,-31.7509,-4.2545,2.5005,-0.3187
17.2917,29.5750,7.2075,-4.3119,0.8742,-31.8354,-4.2044,2.5153,-0.3321
17.3117,29.7183,7.1210,-4.3371,0.8375,-31.9190,-4.1539,2.5299,-0.3179
17.3317,29.8600,7.0340,-4.3619,0.6862,-32.0016,-4.1031,2.5445,-0.2592
17.3518,29.9998,6.9464,-4.3865,0.8504,-32.0832,-4.0521,2.5588,-0.3231
17.3717,30.1378,6.8585,-4.4107,0.9358,-32.1637,-4.0008,2.5729,-0.3562
17.3917,30.2740,6.7701,-4.4346,0.9857,-32.2432,-3.9492,2.5868,-0.3755
17.4117,30.4085,6.6812,-4.4582,1.0207,-32.3216,-3.8974,2.6006,-0.3891
17.4317,30.5411,6.5919,-4.4814,0.8753,-32.3990,-3.8453,2.6142,-0.3326
17.4517,30.6723,6.5019,-4.5044,0.9912,-32.4755,-3.7928,2.6276,-0.3779
17.4717,30.8014,6.4116,-4.5271,1.0652,-32.5508,-3.7401,2.6408,-0.4066
17.4917,30.9286,6.3209,-4.5494,1.1101,-32.6250,-3.6872,2.6538,-0.4240
17.5118,31.0543,6.2295,-4.5715,0.9636,-32.6983,-3.6339,2.6667,-0.3669
17.5317,31.1779,6.1379,-4.5932,0.8929,-32.7704,-3.5805,2.6793,-0.3395
17.5517,31.2996,6.0460,-4.6145,0.8099,-32.8414,-3.5268,2.6918,-0.3072
17.5717,31.4196,5.9535,-4.6356,1.1363,-32.9114,-3.4729,2.7041,-0.4343
17.5917,31.5379,5.8604,-4.6563,0.9152,-32.9804,-3.4186,2.7162,-0.3482
17.6117,31.6540,5.7673,-4.6767,1.1302,-33.0481,-3.3642,2.7281,-0.4319
17.6317,31.7686,5.6734,-4.6968,1.1467,-33.1150,-3.3095,2.7398,-0.4385
17.6518,31.8813,5.5791,-4.7166,1.2543,-33.1807,-3.2545,2.7513,-0.4803
17.6717,31.9916,5.4848,-4.7359,1.2157,-33.2451,-3.1995,2.7626,-0.4654
17.6918,32.1008,5.3895,-4.7551,1.4175,-33.3088,-3.1439,2.7738,-0.5439
17.7117,32.2073,5.2945,-4.7738,1.2979,-33.3710,-3.0884,2.7847,-0.4974
17.7318,32.3124,5.1987,-4.7922,1.2705,-33.4322,-3.0326,2.7955,-0.4868
17.7517,32.4150,5.1031,-4.8102,1.1340,-33.4921,-2.9768,2.8060,-0.4337
17.7717,32.5162,5.0066,-4.8280,1.3224,-33.5511,-2.9205,2.8163,-0.5071
17.7917,32.6154,4.9098,-4.8454,1.3182,-33.6090,-2.8640,2.8265,-0.5054
17.8117,32.7127,4.8127,-4.8625,1.5551,-33.6657,-2.8074,2.8364,-0.5977
17.8318,32.8081,4.7152,-4.8792,1.2712,-33.7214,-2.7505,2.8462,-0.4871
17.8517,32.9014,4.6175,-4.8956,1.5381,-33.7758,-2.6935,2.8557,-0.5910
17.8718,32.9928,4.5193,-4.9116,1.6875,-33.8291,-2.6362,2.8651,-0.6493
17.8918,33.0822,4.4209,-4.9273,1.6386,-33.8813,-2.5788,2.8743,-0.6302
17.9117,33.1696,4.3223,-4.9426,1.7576,-33.9323,-2.5213,2.8832,-0.6766
17.9317,33.2550,4.2234,-4.9576,1.5559,-33.9821,-2.4636,2.8919,-0.5981
17.9521,33.3398,4.1224,-4.9725,1.5002,-34.0316,-2.4047,2.9006,-0.5765
17.9720,33.4209,4.0232,-4.9867,1.4935,-34.0789,-2.3469,2.9089,-0.5739
17.9919,33.5000,3.9239,-5.0006,1.5034,-34.1250,-2.2889,2.9170,-0.5778
18.0118,33.5771,3.8242,-5.0141,1.6374,-34.1700,-2.2308,2.9249,-0.6298
18.0317,33.6521,3.7244,-5.0273,1.5770,-34.2137,-2.1726,2.9326,-0.6064
18.0517,33.7258,3.6234,-5.0402,1.5688,-34.2567,-2.1137,2.9401,-0.6033
18.0719,33.7978,3.5217,-5.0529,1.5783,-34.2987,-2.0543,2.9475,-0.6070
18.0917,33.8668,3.4213,-5.0649,1.8737,-34.3389,-1.9957,2.9546,-0.7220
18.1117,33.9342,3.3199,-5.0768,1.3881,-34.3783,-1.9366,2.9615,-0.5329
18.1317,33.9996,3.2181,-5.0883,1.1980,-34.4164,-1.8772,2.9681,-0.4591
18.1517,34.0627,3.1166,-5.0993,1.5950,-34.4533,-1.8180,2.9746,-0.6135
18.1719,34.1246,3.0135,-5.1102,1.6467,-34.4893,-1.7579,2.9809,-0.6337
18.1918,34.1836,2.9117,-5.1205,1.3274,-34.5238,-1.6985,2.9870,-0.5094
18.2123,34.2423,2.8065,-5.1308,1.3452,-34.5580,-1.6371,2.9930,-0.5163
18.2318,34.2959,2.7066,-5.1402,1.6876,-34.5893,-1.5788,2.9985,-0.6497
18.2518,34.3491,2.6034,-5.1496,1.3684,-34.6203,-1.5187,3.0039,-0.5254
18.2719,34.4004,2.4999,-5.1586,1.2589,-34.6502,-1.4583,3.0092,-0.4827
18.2927,34.4512,2.3925,-5.1675,1.2261,-34.6799,-1.3957,3.0144,-0.4700
18.3117,34.4959,2.2941,-5.1753,1.9808,-34.7059,-1.3382,3.0189,-0.7638
18.3319,34.5412,2.1894,-5.1833,1.5017,-34.7324,-1.2771,3.0236,-0.5773
18.3518,34.5836,2.0865,-5.1907,1.4635,-34.7571,-1.2171,3.0279,-0.5626
18.3720,34.6247,1.9814,-5.1979,1.9846,-34.7811,-1.1558,3.0321,-0.7656
18.3918,34.6629,1.8787,-5.2046,1.6822,-34.8033,-1.0959,3.0360,-0.6479
18.4118,34.6994,1.7745,-5.2110,1.5496,-34.8246,-1.0351,3.0398,-0.5963
18.4319,34.7341,1.6695,-5.2171,1.9008,-34.8449,-0.9739,3.0433,-0.7329
18.4519,34.7664,1.5653,-5.2228,2.2528,-34.8637,-0.9131,3.0466,-0.8702
18.4717,34.7964,1.4614,-5.2281,1.8057,-34.8813,-0.8525,3.0497,-0.6961
18.4919,34.8248,1.3561,-5.2330,1.8953,-34.8978,-0.7911,3.0526,-0.7311
18.5119,34.8510,1.2511,-5.2376,1.5266,-34.9131,-0.7298,3.0553,-0.5874
18.5318,34.8747,1.1472,-5.2418,2.1107,-34.9269,-0.6692,3.0577,-0.8149
18.5519,34.8968,1.0414,-5.2457,2.1981,-34.9398,-0.6075,3.0600,-0.8489
18.5720,34.9166,0.9362,-5.2492,1.8284,-34.9514,-0.5461,3.0620,-0.7051
18.5920,34.9343,0.8310,-5.2523,2.2649,-34.9617,-0.4848,3.0638,-0.8752
18.6118,34.9497,0.7272,-5.2550,1.6848,-34.9707,-0.4242,3.0654,-0.6492
18.6318,34.9632,0.6218,-5.2573,2.0603,-34.9786,-0.3627,3.0668,-0.7954
18.6518,34.9746,0.5170,-5.2593,1.6268,-34.9852,-0.3016,3.0679,-0.6266
18.6719,34.9839,0.4111,-5.2610,1.4745,-34.9906,-0.2398,3.0689,-0.5673
18.6918,34.9911,0.3065,-5.2622,2.0014,-34.9948,-0.1788,3.0696,-0.7725
18.7122,34.9962,0.1991,-5.2631,1.8169,-34.9978,-0.1161,3.0702,-0.7009
18.7318,34.9991,0.0961,-5.2636,1.7151,-34.9995,-0.0560,3.0705,-0.6613
18.7518,35.0000,-0.0093,-5.2638,1.5281,-35.0000,0.0054,3.0705,-0.5884
18.7718,34.9988,-0.1145,-5.2636,2.0612,-34.9993,0.0668,3.0704,-0.7960
18.7918,34.9954,-0.2200,-5.2630,1.8659,-34.9973,0.1283,3.0701,-0.7201
18.8117,34.9900,-0.3250,-5.2620,1.5986,-34.9941,0.1896,3.0695,-0.6160
18.8320,34.9823,-0.4315,-5.2607,1.6743,-34.9897,0.2517,3.0687,-0.6456
18.8518,34.9727,-0.5359,-5.2590,2.3508,-34.9841,0.3126,3.0677,-0.9090
18.8718,34.9610,-0.6407,-5.2569,1.7899,-34.9772,0.3737,3.0666,-0.6906
18.8917,34.9472,-0.7455,-5.2545,2.4166,-34.9692,0.4349,3.0651,-0.9348
18.9117,34.9312,-0.8507,-5.2517,2.4940,-34.9599,0.4963,3.0635,-0.9649
18.9319,34.9129,-0.9567,-5.2485,1.6514,-34.9492,0.5581,3.0616,-0.6369
18.9519,34.8928,-1.0613,-5.2450,1.7298,-34.9375,0.6191,3.0596,-0.6675
18.9719,34.8705,-1.1664,-5.2411,1.7625,-34.9245,0.6804,3.0573,-0.6802
18.9918,34.8462,-1.2708,-5.2368,1.7795,-34.9103,0.7413,3.0548,-0.6869
19.0117,34.8199,-1.3749,-5.2322,1.7912,-34.8949,0.8020,3.0521,-0.6915
19.0318,34.7913,-1.4797,-5.2272,2.2815,-34.8783,0.8631,3.0492,-0.8824
19.0518,34.7606,-1.5845,-5.2218,2.4941,-34.8603,0.9243,3.0460,-0.9652
19.0722,34.7272,-1.6907,-5.2159,2.8360,-34.8409,0.9862,3.0426,-1.0986
19.0917,34.6932,-1.7927,-5.2100,2.0161,-34.8210,1.0457,3.0391,-0.7792
19.1117,34.6563,-1.8968,-5.2035,2.6100,-34.7995,1.1065,3.0354,-1.0106
19.1318,34.6173,-2.0009,-5.1966,2.1573,-34.7767,1.1672,3.0314,-0.8344
19.1519,34.5760,-2.1054,-5.1894,1.7808,-34.7526,1.2281,3.0271,-0.6877
19.1718,34.5329,-2.2089,-5.1818,2.3291,-34.7275,1.2885,3.0227,-0.9012
19.1917,34.4879,-2.3119,-5.1739,2.8282,-34.7013,1.3486,3.0181,-1.0958
19.2118,34.4405,-2.4157,-5.1656,1.9751,-34.6736,1.4091,3.0133,-0.7637
19.2318,34.3912,-2.5187,-5.1570,2.6449,-34.6449,1.4692,3.0082,-1.0246
19.2517,34.3399,-2.6216,-5.1480,1.9724,-34.6150,1.5293,3.0030,-0.7626
19.2718,34.2863,-2.7247,-5.1386,1.9245,-34.5837,1.5894,2.9975,-0.7440
19.2917,34.2309,-2.8271,-5.1288,1.9129,-34.5514,1.6492,2.9918,-0.7396
19.3117,34.1734,-2.9296,-5.1187,1.9135,-34.5178,1.7089,2.9859,-0.7398
19.3317,34.1137,-3.0319,-5.1083,2.4372,-34.4830,1.7686,2.9798,-0.9438
19.3519,34.0516,-3.1348,-5.0974,2.6620,-34.4467,1.8286,2.9735,-1.0313
19.3720,33.9874,-3.2373,-5.0861,2.0030,-34.4093,1.8884,2.9669,-0.7748
19.3919,33.9220,-3.3383,-5.0746,2.4926,-34.3712,1.9474,2.9602,-0.9654
19.4118,33.8545,-3.4394,-5.0628,2.7028,-34.3318,2.0063,2.9533,-1.0474
19.4328,33.7814,-3.5452,-5.0500,2.7954,-34.2892,2.0680,2.9458,-1.0835
19.4517,33.7135,-3.6405,-5.0381,2.5944,-34.2495,2.1236,2.9389,-1.0054
19.4718,33.6394,-3.7416,-5.0251,2.5514,-34.2063,2.1826,2.9313,-0.9887
19.4920,33.5626,-3.8432,-5.0116,1.9801,-34.1615,2.2419,2.9234,-0.7662
19.5117,33.4858,-3.9419,-4.9981,2.7473,-34.1167,2.2994,2.9156,-1.0651
19.5324,33.4033,-4.0450,-4.9836,1.8281,-34.0686,2.3596,2.9071,-0.7072
19.5517,33.3242,-4.1412,-4.9697,2.8977,-34.0224,2.4157,2.8990,-1.1237
19.5719,33.2394,-4.2415,-4.9549,2.6791,-33.9730,2.4742,2.8903,-1.0388
19.5918,33.1542,-4.3398,-4.9399,2.0353,-33.9233,2.5316,2.8816,-0.7880
19.6118,33.0666,-4.4382,-4.9246,2.0123,-33.8722,2.5890,2.8727,-0.7791
19.6318,32.9768,-4.5366,-4.9088,1.8009,-33.8198,2.6464,2.8635,-0.6967
19.6517,32.8853,-4.6345,-4.8927,2.4733,-33.7664,2.7034,2.8541,-0.9586
19.6718,32.7915,-4.7323,-4.8763,1.9730,-33.7117,2.7605,2.8445,-0.7638
19.6918,32.6959,-4.8296,-4.8595,2.0027,-33.6559,2.8173,2.8347,-0.7756
19.7117,32.5984,-4.9266,-4.8424,2.0155,-33.5991,2.8738,2.8247,-0.7806
19.7317,32.4989,-5.0232,-4.8250,2.5790,-33.5410,2.9302,2.8146,-1.0001
19.7517,32.3975,-5.1195,-4.8072,3.1138,-33.4819,2.9864,2.8042,-1.2086
19.7717,32.2941,-5.2156,-4.7890,3.0451,-33.4215,3.0424,2.7936,-1.1819
19.7917,32.1889,-5.3111,-4.7705,3.0199,-33.3602,3.0981,2.7828,-1.1721
19.8118,32.0816,-5.4064,-4.7517,2.1842,-33.2976,3.1538,2.7718,-0.8466
19.8317,31.9726,-5.5012,-4.7326,2.6667,-33.2340,3.2090,2.7607,-1.0346
19.8517,31.8616,-5.5957,-4.7131,2.8714,-33.1693,3.2641,2.7493,-1.1143
19.8718,31.7487,-5.6898,-4.6933,2.9598,-33.1034,3.3191,2.7378,-1.1489
19.8918,31.6340,-5.7834,-4.6732,3.2889,-33.0365,3.3737,2.7260,-1.2773
19.9117,31.5174,-5.8767,-4.6527,3.4183,-32.9685,3.4281,2.7141,-1.3278
19.9317,31.3989,-5.9695,-4.6319,3.4713,-32.8994,3.4822,2.7020,-1.3486
19.9517,31.2788,-6.0618,-4.6109,3.2211,-32.8293,3.5361,2.6897,-1.2511
19.9718,31.1564,-6.1540,-4.5894,2.8581,-32.7579,3.5898,2.6771,-1.1097
19.9918,31.0324,-6.2456,-4.5676,2.9695,-32.6856,3.6432,2.6645,-1.1531
20.0123,30.9031,-6.3392,-4.5449,2.4321,-32.6101,3.6979,2.6512,-0.9439
20.0318,30.7786,-6.4276,-4.5231,2.7962,-32.5375,3.7495,2.6385,-1.0857
20.0521,30.6472,-6.5192,-4.5001,2.7208,-32.4609,3.8029,2.6250,-1.0564
20.0721,30.5160,-6.6089,-4.4770,2.3230,-32.3843,3.8552,2.6116,-0.9014
20.0921,30.3831,-6.6981,-4.4537,2.4126,-32.3068,3.9072,2.5980,-0.9363
20.1117,30.2506,-6.7854,-4.4305,2.4515,-32.2295,3.9581,2.5844,-0.9516
20.1318,30.1138,-6.8739,-4.4065,1.9910,-32.1497,4.0098,2.5704,-0.7723
20.1518,29.9752,-6.9620,-4.3821,1.8236,-32.0689,4.0611,2.5562,-0.7071
20.1718,29.8353,-7.0492,-4.3576,1.7629,-31.9872,4.1121,2.5419,-0.6835
20.1917,29.6936,-7.1360,-4.3327,1.7408,-31.9046,4.1627,2.5274,-0.6749
20.2117,29.5500,-7.2224,-4.3075,1.9631,-31.8209,4.2131,2.5127,-0.7617
20.2318,29.4043,-7.3086,-4.2820,2.6123,-31.7359,4.2633,2.4978,-1.0146
20.2518,29.2575,-7.3938,-4.2562,2.0499,-31.6502,4.3130,2.4828,-0.7956
20.2720,29.1072,-7.4796,-4.2298,2.9062,-31.5626,4.3631,2.4674,-1.1293
20.2919,28.9570,-7.5638,-4.2035,2.4078,-31.4749,4.4122,2.4520,-0.9351
20.3118,28.8060,-7.6470,-4.1770,3.0477,-31.3868,4.4607,2.4366,-1.1846
20.3319,28.6513,-7.7307,-4.1498,2.2066,-31.2966,4.5096,2.4207,-0.8570
20.3518,28.4971,-7.8128,-4.1228,2.3689,-31.2067,4.5575,2.4050,-0.9202
20.3718,28.3400,-7.8950,-4.0952,3.0329,-31.1150,4.6054,2.3889,-1.1790
20.3917,28.1815,-7.9765,-4.0674,3.0605,-31.0225,4.6530,2.3727,-1.1898
20.4117,28.0213,-8.0575,-4.0393,3.0716,-30.9291,4.7002,2.3563,-1.1942
20.4317,27.8591,-8.1382,-4.0108,3.0757,-30.8345,4.7473,2.3397,-1.1959
20.4526,27.6882,-8.2216,-3.9809,3.0747,-30.7348,4.7960,2.3222,-1.1956
20.4718,27.5300,-8.2976,-3.9531,4.0916,-30.6425,4.8403,2.3060,-1.5920
20.4918,27.3635,-8.3762,-3.9239,2.8106,-30.5454,4.8861,2.2889,-1.0930
20.5118,27.1951,-8.4545,-3.8943,2.1127,-30.4472,4.9318,2.2717,-0.8210
20.5317,27.0256,-8.5319,-3.8646,2.6706,-30.3483,4.9769,2.2544,-1.0383
20.5519,26.8531,-8.6094,-3.8343,2.0589,-30.2476,5.0221,2.2367,-0.8001
20.5718,26.6810,-8.6854,-3.8041,2.6455,-30.1473,5.0665,2.2191,-1.0286
20.5918,26.5059,-8.7615,-3.7734,2.0470,-30.0451,5.1109,2.2012,-0.7956
20.6118,26.3305,-8.8364,-3.7426,2.8963,-29.9428,5.1545,2.1832,-1.1266
20.6318,26.1531,-8.9109,-3.7115,3.2965,-29.8393,5.1980,2.1651,-1.2827
20.6518,25.9741,-8.9848,-3.6801,2.2793,-29.7349,5.2411,2.1467,-0.8864
20.6720,25.7916,-9.0589,-3.6481,1.9066,-29.6284,5.2844,2.1281,-0.7412
20.6918,25.6118,-9.1308,-3.6165,2.5710,-29.5235,5.3263,2.1096,-1.0000
20.7123,25.4239,-9.2045,-3.5836,2.2849,-29.4139,5.3693,2.0904,-0.8888
20.7319,25.2421,-9.2747,-3.5517,1.9040,-29.3079,5.4103,2.0718,-0.7404
20.7519,25.0560,-9.3454,-3.5190,2.4013,-29.1994,5.4515,2.0528,-0.9342
20.7718,24.8698,-9.4149,-3.4864,2.7675,-29.0907,5.4920,2.0337,-1.0769
20.7917,24.6813,-9.4841,-3.4533,2.9175,-28.9808,5.5324,2.0144,-1.1355
20.8117,24.4910,-9.5528,-3.4199,1.8792,-28.8697,5.5725,1.9949,-0.7311
20.8317,24.2991,-9.6210,-3.3862,1.5814,-28.7578,5.6122,1.9753,-0.6151
20.8518,24.1053,-9.6886,-3.3522,1.4940,-28.6448,5.6517,1.9555,-0.5811
20.8717,23.9116,-9.7550,-3.3182,2.3731,-28.5318,5.6904,1.9356,-0.9236
20.8917,23.7158,-9.8211,-3.2839,1.9167,-28.4176,5.7290,1.9156,-0.7458
20.9117,23.5187,-9.8864,-3.2493,2.5427,-28.3026,5.7671,1.8954,-0.9897
20.9317,23.3207,-9.9509,-3.2145,2.5901,-28.1870,5.8047,1.8751,-1.0084
20.9517,23.1207,-10.0150,-3.1795,2.6022,-28.0704,5.8421,1.8547,-1.0132
20.9717,22.9198,-10.0782,-3.1442,2.8177,-27.9532,5.8790,1.8341,-1.0972
20.9917,22.7177,-10.1407,-3.1087,2.9036,-27.8353,5.9154,1.8134,-1.1308
21.0117,22.5140,-10.2026,-3.0730,2.6968,-27.7165,5.9515,1.7926,-1.0503
21.0318,22.3091,-10.2638,-3.0371,2.6221,-27.5970,5.9872,1.7716,-1.0213
21.0517,22.1038,-10.3240,-3.0010,1.9840,-27.4772,6.0223,1.7506,-0.7727
21.0717,21.8963,-10.3838,-2.9646,2.3705,-27.3562,6.0572,1.7294,-0.9234
21.0917,21.6883,-10.4426,-2.9281,2.6950,-27.2349,6.0915,1.7081,-1.0498
21.1117,21.4786,-10.5009,-2.8913,2.8498,-27.1125,6.1255,1.6866,-1.1103
21.1317,21.2681,-10.5583,-2.8544,2.6511,-26.9897,6.1590,1.6651,-1.0329
21.1517,21.0563,-10.6151,-2.8172,2.7975,-26.8662,6.1921,1.6434,-1.0900
21.1717,20.8436,-10.6710,-2.7799,2.8646,-26.7421,6.2247,1.6216,-1.1163
21.1917,20.6297,-10.7262,-2.7424,2.6407,-26.6173,6.2569,1.5997,-1.0292
21.2118,20.4142,-10.7808,-2.7046,1.7381,-26.4916,6.2888,1.5777,-0.6775
21.2319,20.1965,-10.8349,-2.6664,2.6496,-26.3646,6.3203,1.5554,-1.0327
21.2517,19.9811,-10.8874,-2.6286,3.0681,-26.2390,6.3510,1.5333,-1.1959
21.2717,19.7630,-10.9395,-2.5903,2.9394,-26.1118,6.3814,1.5110,-1.1458
21.2917,19.5438,-10.9909,-2.5518,2.0556,-25.9839,6.4114,1.4886,-0.8015
21.3120,19.3201,-11.0423,-2.5126,2.5291,-25.8534,6.4414,1.4657,-0.9860
21.3317,19.1028,-11.0913,-2.4745,2.6973,-25.7266,6.4699,1.4434,-1.0516
21.3517,18.8798,-11.1405,-2.4353,1.9545,-25.5966,6.4986,1.4206,-0.7623
21.3718,18.6552,-11.1891,-2.3959,2.4436,-25.4655,6.5270,1.3976,-0.9529
21.3917,18.4319,-11.2365,-2.3567,2.6421,-25.3352,6.5546,1.3748,-1.0303
21.4119,18.2055,-11.2834,-2.3170,2.7180,-25.2032,6.5820,1.3516,-1.0600
21.4320,17.9779,-11.3297,-2.2771,1.9443,-25.0704,6.6090,1.3283,-0.7586
21.4519,17.7521,-11.3746,-2.2375,1.8678,-24.9387,6.6352,1.3052,-0.7288
21.4718,17.5246,-11.4189,-2.1976,1.6259,-24.8060,6.6610,1.2819,-0.6346
21.4928,17.2846,-11.4645,-2.1554,1.5301,-24.6660,6.6876,1.2573,-0.5973
21.5118,17.0663,-11.5051,-2.1172,2.0949,-24.5387,6.7113,1.2350,-0.8174
21.5322,16.8318,-11.5478,-2.0760,2.9596,-24.4019,6.7362,1.2110,-1.1546
21.5521,16.6007,-11.5888,-2.0355,3.0708,-24.2671,6.7601,1.1874,-1.1980
21.5718,16.3720,-11.6285,-1.9953,2.3106,-24.1337,6.7833,1.1639,-0.9019
21.5919,16.1387,-11.6681,-1.9544,1.9517,-23.9976,6.8064,1.1401,-0.7621
21.6118,15.9056,-11.7067,-1.9135,1.6221,-23.8616,6.8289,1.1162,-0.6337
21.6318,15.6716,-11.7444,-1.8724,2.4527,-23.7251,6.8509,1.0923,-0.9574
21.6518,15.4360,-11.7815,-1.8311,1.7939,-23.5877,6.8726,1.0681,-0.7007
21.6718,15.2005,-11.8177,-1.7898,2.2695,-23.4503,6.8936,1.0440,-0.8861
21.6918,14.9638,-11.8530,-1.7482,2.4600,-23.3122,6.9143,1.0198,-0.9604
21.7120,14.7237,-11.8880,-1.7061,2.0188,-23.1722,6.9346,0.9952,-0.7886
21.7317,14.4884,-11.9213,-1.6648,2.5622,-23.0349,6.9541,0.9712,-1.0004
21.7518,14.2493,-11.9542,-1.6229,2.3452,-22.8954,6.9733,0.9467,-0.9159
21.7717,14.0104,-11.9862,-1.5810,1.7222,-22.7561,6.9919,0.9222,-0.6732
21.7917,13.7704,-12.0174,-1.5389,2.1897,-22.6161,7.0101,0.8977,-0.8554
21.8119,13.5277,-12.0480,-1.4963,1.6535,-22.4745,7.0280,0.8728,-0.6466
21.8317,13.2888,-12.0772,-1.4543,2.3705,-22.3351,7.0450,0.8484,-0.9259
21.8517,13.0469,-12.1059,-1.4119,2.2371,-22.1940,7.0618,0.8236,-0.8740
21.8717,12.8041,-12.1337,-1.3693,2.1828,-22.0524,7.0780,0.7988,-0.8529
21.8917,12.5614,-12.1607,-1.3267,2.1554,-21.9108,7.0937,0.7739,-0.8423
21.9118,12.3167,-12.1869,-1.2838,2.5857,-21.7681,7.1090,0.7489,-1.0097
21.9318,12.0732,-12.2121,-1.2411,2.4886,-21.6260,7.1237,0.7240,-0.9719
21.9517,11.8295,-12.2364,-1.1983,2.4388,-21.4839,7.1379,0.6990,-0.9526
21.9717,11.5845,-12.2600,-1.1553,2.4084,-21.3410,7.1516,0.6739,-0.9408
21.9918,11.3387,-12.2827,-1.1122,2.3861,-21.1976,7.1649,0.6488,-0.9321
22.0117,11.0929,-12.3045,-1.0691,1.8830,-21.0542,7.1776,0.6236,-0.7365
22.0320,10.8432,-12.3257,-1.0253,2.1465,-20.9086,7.1900,0.5981,-0.8389
22.0518,10.5996,-12.3455,-0.9825,1.5656,-20.7664,7.2016,0.5731,-0.6130
22.0718,10.3519,-12.3648,-0.9390,1.3467,-20.6220,7.2128,0.5478,-0.5278
22.0917,10.1054,-12.3831,-0.8958,1.2609,-20.4782,7.2235,0.5225,-0.4945
22.1117,9.8580,-12.4005,-0.8524,1.7365,-20.3338,7.2336,0.4972,-0.6795
22.1318,9.6089,-12.4172,-0.8087,1.8879,-20.1885,7.2434,0.4717,-0.7384
22.1518,9.3606,-12.4329,-0.7651,1.9295,-20.0437,7.2525,0.4463,-0.7546
22.1717,9.1121,-12.4478,-0.7215,1.9334,-19.8987,7.2612,0.4209,-0.7561
22.1919,8.8605,-12.4619,-0.6774,1.9236,-19.7520,7.2694,0.3951,-0.7523
22.2117,8.6138,-12.4749,-0.6341,2.0735,-19.6080,7.2770,0.3699,-0.8106
22.2319,8.3624,-12.4872,-0.5900,1.9505,-19.4614,7.2842,0.3441,-0.7628
22.2517,8.1140,-12.4985,-0.5464,1.4293,-19.3165,7.2908,0.3187,-0.5601
22.2721,7.8596,-12.5092,-0.5017,1.4020,-19.1681,7.2970,0.2927,-0.5495
22.2923,7.6069,-12.5188,-0.4574,1.8111,-19.0207,7.3027,0.2668,-0.7086
22.3117,7.3636,-12.5273,-0.4147,1.7760,-18.8788,7.3076,0.2419,-0.6950
22.3317,7.1130,-12.5352,-0.3707,1.1803,-18.7326,7.3122,0.2163,-0.4633
22.3519,6.8599,-12.5422,-0.3263,1.6855,-18.5849,7.3163,0.1904,-0.6598
22.3718,6.6107,-12.5482,-0.2826,1.8864,-18.4396,7.3198,0.1649,-0.7379
22.3919,6.3579,-12.5535,-0.2383,1.9583,-18.2921,7.3229,0.1390,-0.7658
22.4118,6.1085,-12.5578,-0.1945,1.5522,-18.1466,7.3254,0.1135,-0.6079
22.4317,5.8583,-12.5612,-0.1506,1.7965,-18.0007,7.3274,0.0879,-0.7029
22.4519,5.6050,-12.5638,-0.1061,1.7343,-17.8529,7.3289,0.0619,-0.6787
22.4722,5.3491,-12.5655,-0.0613,1.7008,-17.7036,7.3299,0.0357,-0.6657
22.4918,5.1027,-12.5663,-0.0180,1.8245,-17.5599,7.3303,0.0105,-0.7138
22.5126,4.8417,-12.5662,0.0278,1.1594,-17.4076,7.3303,-0.0162,-0.4552
22.5318,4.6007,-12.5653,0.0701,1.4739,-17.2671,7.3297,-0.0409,-0.5775
22.5517,4.3499,-12.5634,0.1141,1.1446,-17.1208,7.3287,-0.0665,-0.4494
22.5717,4.0986,-12.5607,0.1582,1.5435,-16.9742,7.3271,-0.0923,-0.6045
22.5918,3.8473,-12.5571,0.2023,1.6981,-16.8276,7.3250,-0.1180,-0.6646
22.6117,3.5964,-12.5526,0.2463,1.7506,-16.6812,7.3224,-0.1437,-0.6851
22.6319,3.3435,-12.5472,0.2906,1.3893,-16.5337,7.3192,-0.1695,-0.5446
22.6517,3.0944,-12.5410,0.3344,1.0756,-16.3884,7.3156,-0.1950,-0.4226
22.6717,2.8441,-12.5339,0.3783,1.4536,-16.2424,7.3114,-0.2207,-0.5696
22.6918,2.5923,-12.5258,0.4225,1.4741,-16.0955,7.3067,-0.2464,-0.5775
22.7117,2.3426,-12.5170,0.4663,1.5953,-15.9498,7.3016,-0.2720,-0.6246
22.7317,2.0924,-12.5072,0.5102,1.2870,-15.8039,7.2959,-0.2976,-0.5048
22.7518,1.8422,-12.4966,0.5541,1.3801,-15.6580,7.2897,-0.3232,-0.5409
22.7718,1.5917,-12.4850,0.5980,1.3989,-15.5118,7.2829,-0.3488,-0.5483
22.7924,1.3348,-12.4722,0.6431,1.3910,-15.3620,7.2755,-0.3751,-0.5452
22.8118,1.0932,-12.4594,0.6855,0.7367,-15.2210,7.2680,-0.3999,-0.2907
22.8318,0.8442,-12.4452,0.7292,0.8697,-15.0758,7.2597,-0.4254,-0.3425
22.8519,0.5945,-12.4301,0.7730,0.9425,-14.9301,7.2509,-0.4509,-0.3707
22.8719,0.3458,-12.4142,0.8166,0.9572,-14.7850,7.2416,-0.4764,-0.3765
22.8918,0.0991,-12.3976,0.8599,0.9526,-14.6412,7.2319,-0.5016,-0.3747
22.9117,-0.1486,-12.3799,0.9034,1.2480,-14.4967,7.2216,-0.5270,-0.4897
22.9318,-0.3962,-12.3614,0.9468,1.3580,-14.3522,7.2108,-0.5523,-0.5326
22.9518,-0.6436,-12.3420,0.9902,1.3906,-14.2079,7.1995,-0.5776,-0.5454
22.9718,-0.8900,-12.3218,1.0335,0.9462,-14.0642,7.1877,-0.6029,-0.3723
22.9917,-1.1359,-12.3007,1.0766,1.3309,-13.9207,7.1754,-0.6280,-0.5222
23.0120,-1.3850,-12.2785,1.1203,1.3382,-13.7754,7.1624,-0.6535,-0.5251
23.0319,-1.6289,-12.2558,1.1631,1.4878,-13.6331,7.1492,-0.6785,-0.5835
23.0521,-1.8760,-12.2318,1.2065,1.0784,-13.4890,7.1352,-0.7038,-0.4240
23.0719,-2.1184,-12.2075,1.2490,1.1931,-13.3476,7.1210,-0.7286,-0.4687
23.0918,-2.3612,-12.1822,1.2916,1.2272,-13.2060,7.1063,-0.7534,-0.4820
23.1117,-2.6036,-12.1561,1.3341,1.2276,-13.0646,7.0910,-0.7782,-0.4823
23.1317,-2.8464,-12.1289,1.3767,0.8183,-12.9229,7.0752,-0.8031,-0.3228
23.1518,-3.0891,-12.1009,1.4193,1.0526,-12.7814,7.0589,-0.8279,-0.4141
23.1718,-3.3305,-12.0722,1.4617,0.7373,-12.6405,7.0421,-0.8526,-0.2913
23.1919,-3.5731,-12.0423,1.5042,0.9668,-12.4990,7.0247,-0.8775,-0.3808
23.2119,-3.8141,-12.0118,1.5465,0.6883,-12.3584,7.0069,-0.9021,-0.2723
23.2318,-4.0522,-11.9807,1.5883,0.9191,-12.2195,6.9887,-0.9265,-0.3623
23.2517,-4.2912,-11.9485,1.6302,1.0010,-12.0802,6.9700,-0.9510,-0.3943
23.2718,-4.5312,-11.9153,1.6723,1.0391,-11.9401,6.9506,-0.9755,-0.4091
23.2920,-4.7712,-11.8811,1.7144,1.0222,-11.8002,6.9307,-1.0001,-0.4026
23.3119,-5.0072,-11.8466,1.7559,1.0016,-11.6625,6.9105,-1.0243,-0.3947
23.3317,-5.2415,-11.8114,1.7970,0.8920,-11.5258,6.8900,-1.0482,-0.3520
23.3517,-5.4774,-11.7751,1.8384,0.8399,-11.3882,6.8688,-1.0724,-0.3317
23.3717,-5.7124,-11.7379,1.8796,0.9054,-11.2511,6.8471,-1.0964,-0.3573
23.3918,-5.9473,-11.6998,1.9208,0.8159,-11.1141,6.8249,-1.1205,-0.3224
23.4117,-6.1808,-11.6610,1.9618,0.9626,-10.9778,6.8023,-1.1444,-0.3797
23.4317,-6.4134,-11.6214,2.0026,0.8904,-10.8422,6.7792,-1.1682,-0.3516
23.4520,-6.6486,-11.5804,2.0439,0.8522,-10.7050,6.7552,-1.1922,-0.3367
23.4718,-6.8777,-11.5395,2.0841,0.8157,-10.5713,6.7314,-1.2157,-0.3226
23.4922,-7.1119,-11.4967,2.1252,0.7124,-10.4347,6.7064,-1.2397,-0.2823
23.5123,-7.3431,-11.4535,2.1657,0.7271,-10.2999,6.6812,-1.2633,-0.2881
23.5318,-7.5657,-11.4109,2.2048,0.3129,-10.1700,6.6564,-1.2861,-0.1267
23.5524,-7.8011,-11.3649,2.2461,0.3542,-10.0327,6.6295,-1.3102,-0.1429
23.5718,-8.0212,-11.3210,2.2847,0.3489,-9.9043,6.6039,-1.3327,-0.1408
23.5918,-8.2468,-11.2749,2.3243,0.6005,-9.7727,6.5770,-1.3558,-0.2389
23.6118,-8.4713,-11.2282,2.3637,0.4580,-9.6417,6.5498,-1.3788,-0.1834
23.6318,-8.6955,-11.1805,2.4030,0.3803,-9.5109,6.5219,-1.4018,-0.1532
23.6518,-8.9185,-11.1321,2.4421,0.3426,-9.3809,6.4937,-1.4246,-0.1385
23.6718,-9.1415,-11.0826,2.4813,0.3182,-9.2508,6.4649,-1.4474,-0.1290
23.6918,-9.3618,-11.0328,2.5199,0.2989,-9.1223,6.4358,-1.4699,-0.1215
23.7117,-9.5818,-10.9821,2.5585,0.2807,-8.9940,6.4062,-1.4925,-0.1145
23.7317,-9.8009,-10.9305,2.5970,0.2632,-8.8661,6.3761,-1.5149,-0.1077
23.7517,-10.0189,-10.8782,2.6352,0.1890,-8.7390,6.3456,-1.5372,-0.0788
23.7722,-10.2415,-10.8238,2.6743,0.2077,-8.6091,6.3139,-1.5600,-0.0861
23.7917,-10.4518,-10.7713,2.7112,0.3728,-8.4865,6.2833,-1.5815,-0.1505
23.8118,-10.6676,-10.7165,2.7490,0.4329,-8.3606,6.2513,-1.6036,-0.1740
23.8317,-10.8805,-10.6614,2.7864,0.2629,-8.2364,6.2191,-1.6254,-0.1078
23.8517,-11.0931,-10.6053,2.8237,0.1886,-8.1124,6.1864,-1.6471,-0.0788
23.8719,-11.3060,-10.5481,2.8610,0.2577,-7.9882,6.1530,-1.6689,-0.1058
23.8919,-11.5168,-10.4904,2.8980,0.2291,-7.8652,6.1194,-1.6905,-0.0947
23.9122,-11.7292,-10.4311,2.9353,0.2456,-7.7413,6.0848,-1.7123,-0.1011
23.9322,-11.9370,-10.3721,2.9718,0.2211,-7.6201,6.0504,-1.7335,-0.0916
23.9519,-12.1409,-10.3132,3.0075,0.0822,-7.5011,6.0160,-1.7544,-0.0375
23.9719,-12.3469,-10.2526,3.0437,0.0580,-7.3810,5.9807,-1.7755,-0.0281
23.9917,-12.5495,-10.1919,3.0792,0.1378,-7.2628,5.9453,-1.7962,-0.0593
24.0117,-12.7527,-10.1300,3.1149,0.0237,-7.1443,5.9092,-1.8170,-0.0148
24.0318,-12.9554,-10.0671,3.1504,0.0532,-7.0260,5.8725,-1.8378,-0.0264
24.0518,-13.1561,-10.0037,3.1857,-0.0255,-6.9089,5.8355,-1.8583,0.0043
24.0717,-13.3545,-9.9400,3.2205,-0.0631,-6.7932,5.7983,-1.8786,0.0189
24.0918,-13.5533,-9.8750,3.2554,-0.0882,-6.6772,5.7604,-1.8990,0.0288
24.1122,-13.7544,-9.8081,3.2906,-0.0546,-6.5599,5.7214,-1.9195,0.0156
24.1318,-13.9462,-9.7433,3.3243,-0.0239,-6.4480,5.6836,-1.9392,0.0036
24.1517,-14.1397,-9.6767,3.3582,-0.0564,-6.3352,5.6447,-1.9590,0.0162
24.1717,-14.3324,-9.6092,3.3921,-0.0852,-6.2228,5.6054,-1.9787,0.0274
24.1921,-14.5269,-9.5400,3.4262,-0.1131,-6.1093,5.5650,-1.9986,0.0382
24.2118,-14.7142,-9.4721,3.4591,-0.1588,-6.0000,5.5254,-2.0178,0.0561
24.2318,-14.9034,-9.4024,3.4922,-0.1732,-5.8897,5.4848,-2.0371,0.0616
24.2519,-15.0912,-9.3321,3.5252,-0.1997,-5.7801,5.4437,-2.0564,0.0720
24.2717,-15.2762,-9.2616,3.5577,-0.2199,-5.6722,5.4026,-2.0753,0.0798
24.2917,-15.4603,-9.1903,3.5900,-0.2435,-5.5648,5.3610,-2.0941,0.0889
24.3118,-15.6440,-9.1180,3.6222,-0.2544,-5.4577,5.3188,-2.1129,0.0933
24.3318,-15.8256,-9.0452,3.6540,-0.2878,-5.3517,5.2764,-2.1315,0.1062
24.3520,-16.0076,-8.9710,3.6860,-0.2741,-5.2455,5.2331,-2.1502,0.1009
24.3717,-16.1840,-8.8980,3.7169,-0.2961,-5.1427,5.1905,-2.1682,0.1095
24.3918,-16.3621,-8.8229,3.7482,-0.3317,-5.0388,5.1467,-2.1864,0.1233
24.4120,-16.5391,-8.7471,3.7792,-0.3304,-4.9355,5.1025,-2.2046,0.1228
24.4319,-16.7130,-8.6713,3.8098,-0.3942,-4.8341,5.0583,-2.2224,0.1476
24.4522,-16.8884,-8.5937,3.8405,-0.3659,-4.7318,5.0130,-2.2403,0.1366
24.4718,-17.0554,-8.5184,3.8698,-0.4088,-4.6343,4.9690,-2.2574,0.1532
24.4920,-17.2268,-8.4399,3.8999,-0.3945,-4.5344,4.9233,-2.2749,0.1477
24.5118,-17.3937,-8.3621,3.9292,-0.4965,-4.4370,4.8779,-2.2920,0.1874
24.5321,-17.5620,-8.2823,3.9587,-0.4645,-4.3388,4.8314,-2.3093,0.1750
24.5518,-17.7245,-8.2040,3.9872,-0.4406,-4.2441,4.7857,-2.3259,0.1656
24.5718,-17.8875,-8.1241,4.0158,-0.4413,-4.1489,4.7391,-2.3426,0.1659
24.5918,-18.0492,-8.0435,4.0442,-0.4505,-4.0546,4.6921,-2.3591,0.1695
24.6117,-18.2090,-7.9625,4.0722,-0.5772,-3.9614,4.6448,-2.3755,0.2188
24.6318,-18.3677,-7.8806,4.1001,-0.6822,-3.8688,4.5970,-2.3917,0.2597
24.6517,-18.5242,-7.7985,4.1275,-0.7033,-3.7776,4.5491,-2.4077,0.2679
24.6717,-18.6795,-7.7156,4.1548,-0.5812,-3.6870,4.5008,-2.4236,0.2204
24.6917,-18.8329,-7.6322,4.1817,-0.7253,-3.5975,4.4521,-2.4393,0.2765
24.7117,-18.9849,-7.5483,4.2084,-0.7651,-3.5088,4.4032,-2.4549,0.2920
24.7318,-19.1351,-7.4638,4.2347,-0.6301,-3.4212,4.3539,-2.4703,0.2394
24.7517,-19.2834,-7.3789,4.2607,-0.7542,-3.3347,4.3044,-2.4854,0.2877
24.7717,-19.4301,-7.2934,4.2865,-0.8751,-3.2491,4.2545,-2.5005,0.3349
24.7917,-19.5750,-7.2075,4.3119,-0.8854,-3.1646,4.2044,-2.5153,0.3388
24.8117,-19.7184,-7.1209,4.3371,-0.9607,-3.0809,4.1539,-2.5300,0.3682
24.8317,-19.8599,-7.0340,4.3619,-0.7443,-2.9984,4.1032,-2.5444,0.2839
24.8517,-19.9997,-6.9465,4.3864,-0.7187,-2.9169,4.0521,-2.5588,0.2740
24.8722,-20.1408,-6.8566,4.4112,-0.8781,-2.8345,3.9997,-2.5732,0.3360
24.8917,-20.2741,-6.7700,4.4346,-0.8005,-2.7568,3.9492,-2.5868,0.3058
24.9118,-20.4091,-6.6808,4.4583,-0.6589,-2.6780,3.8971,-2.6007,0.2507
24.9318,-20.5417,-6.5915,4.4815,-0.8947,-2.6007,3.8450,-2.6142,0.3425
24.9517,-20.6720,-6.5020,4.5044,-0.9390,-2.5246,3.7928,-2.6276,0.3598
24.9718,-20.8016,-6.4114,4.5271,-0.9683,-2.4491,3.7400,-2.6408,0.3712
24.9920,-20.9304,-6.3196,4.5497,-0.9925,-2.3739,3.6864,-2.6540,0.3807
25.0120,-21.0559,-6.2283,4.5718,-0.8320,-2.3007,3.6332,-2.6669,0.3181
25.0318,-21.1783,-6.1377,4.5932,-0.8440,-2.2293,3.5803,-2.6794,0.3228
25.0517,-21.2998,-6.0458,4.6146,-0.8587,-2.1585,3.5267,-2.6918,0.3286
25.0718,-21.4198,-5.9533,4.6356,-0.8742,-2.0884,3.4727,-2.7041,0.3346
25.0919,-21.5389,-5.8596,4.6565,-1.0962,-2.0190,3.4181,-2.7163,0.4210
25.1118,-21.6543,-5.7670,4.6768,-1.2022,-1.9516,3.3641,-2.7281,0.4623
25.1319,-21.7697,-5.6725,4.6970,-0.9578,-1.8844,3.3089,-2.7399,0.3671
25.1517,-21.8810,-5.5793,4.7165,-0.8763,-1.8194,3.2546,-2.7513,0.3354
25.1718,-21.9918,-5.4846,4.7360,-1.0833,-1.7548,3.1994,-2.7627,0.4161
25.1917,-22.1004,-5.3899,4.7550,-1.0359,-1.6914,3.1441,-2.7738,0.3976
25.2117,-22.2073,-5.2945,4.7738,-1.0062,-1.6291,3.0885,-2.7847,0.3861
25.2317,-22.3122,-5.1989,4.7922,-1.1674,-1.5679,3.0327,-2.7954,0.4489
25.2519,-22.4158,-5.1023,4.8104,-1.4449,-1.5074,2.9763,-2.8060,0.5570
25.2717,-22.5161,-5.0067,4.8280,-1.1988,-1.4490,2.9206,-2.8163,0.4612
25.2917,-22.6155,-4.9097,4.8454,-1.2724,-1.3909,2.8640,-2.8265,0.4898
25.3119,-22.7136,-4.8117,4.8626,-1.3105,-1.3337,2.8069,-2.8365,0.5047
25.3317,-22.8080,-4.7152,4.8792,-1.0758,-1.2786,2.7505,-2.8462,0.4133
25.3517,-22.9013,-4.6176,4.8955,-1.2692,-1.2243,2.6936,-2.8557,0.4886
25.3720,-22.9938,-4.5182,4.9118,-1.3481,-1.1703,2.6356,-2.8652,0.5194
25.3921,-23.0837,-4.4193,4.9276,-1.1068,-1.1178,2.5779,-2.8744,0.4254
25.4119,-23.1701,-4.3217,4.9427,-1.1284,-1.0675,2.5210,-2.8832,0.4338
25.4318,-23.2551,-4.2232,4.9576,-1.5393,-1.0179,2.4635,-2.8920,0.5939
25.4518,-23.3385,-4.1239,4.9723,-1.3233,-0.9692,2.4056,-2.9005,0.5098
25.4718,-23.4203,-4.0240,4.9866,-1.6455,-0.9215,2.3473,-2.9089,0.6353
25.4919,-23.5001,-3.9237,5.0006,-1.6809,-0.8749,2.2888,-2.9170,0.6491
25.5117,-23.5769,-3.8244,5.0141,-1.4004,-0.8301,2.2309,-2.9249,0.5399
25.5318,-23.6525,-3.7239,5.0274,-1.6033,-0.7861,2.1723,-2.9326,0.6189
25.5517,-23.7258,-3.6235,5.0402,-1.2645,-0.7433,2.1137,-2.9401,0.4869
25.5718,-23.7974,-3.5223,5.0528,-1.0461,-0.7015,2.0547,-2.9475,0.4019
25.5917,-23.8667,-3.4213,5.0649,-1.0759,-0.6611,1.9957,-2.9546,0.4135
25.6117,-23.9342,-3.3198,5.0768,-1.2112,-0.6217,1.9365,-2.9615,0.4663
25.6318,-23.9997,-3.2180,5.0883,-1.5851,-0.5835,1.8771,-2.9682,0.6118
25.6519,-24.0635,-3.1153,5.0995,-1.9175,-0.5463,1.8172,-2.9747,0.7414
25.6720,-24.1251,-3.0127,5.1103,-1.9040,-0.5104,1.7574,-2.9810,0.7362
25.6919,-24.1840,-2.9109,5.1206,-1.7487,-0.4760,1.6980,-2.9870,0.6758
25.7119,-24.2413,-2.8083,5.1307,-1.6595,-0.4426,1.6382,-2.9929,0.6410
25.7318,-24.2961,-2.7061,5.1403,-1.4628,-0.4106,1.5786,-2.9985,0.5645
25.7520,-24.3497,-2.6022,5.1497,-1.9003,-0.3793,1.5180,-3.0040,0.7349
25.7718,-24.4001,-2.5005,5.1585,-2.1248,-0.3500,1.4586,-3.0091,0.8224
25.7918,-24.4490,-2.3973,5.1671,-1.6810,-0.3214,1.3984,-3.0142,0.6496
25.8119,-24.4962,-2.2932,5.1754,-1.3823,-0.2939,1.3377,-3.0190,0.5332
25.8317,-24.5408,-2.1903,5.1832,-1.9226,-0.2679,1.2777,-3.0235,0.7437
25.8519,-24.5838,-2.0859,5.1908,-2.0094,-0.2428,1.2168,-3.0279,0.7775
25.8717,-24.6242,-1.9829,5.1978,-2.2365,-0.2192,1.1567,-3.0321,0.8661
25.8920,-24.6634,-1.8773,5.2047,-2.1323,-0.1964,1.0951,-3.0361,0.8256
25.9118,-24.6994,-1.7745,5.2110,-1.5784,-0.1754,1.0351,-3.0398,0.6098
25.9317,-24.7338,-1.6704,5.2171,-1.0528,-0.1553,0.9744,-3.0433,0.4051
25.9517,-24.7662,-1.5659,5.2228,-1.3052,-0.1364,0.9134,-3.0466,0.5034
25.9727,-24.7978,-1.4565,5.2283,-1.4415,-0.1179,0.8496,-3.0498,0.5565
25.9917,-24.8246,-1.3567,5.2330,-1.6540,-0.1023,0.7914,-3.0526,0.6392
26.0117,-24.8507,-1.2523,5.2376,-1.7525,-0.0871,0.7305,-3.0553,0.6778
26.0317,-24.8747,-1.1473,5.2418,-1.3329,-0.0731,0.6693,-3.0577,0.5143
26.0518,-24.8967,-1.0420,5.2457,-1.4816,-0.0603,0.6078,-3.0600,0.5722
26.0720,-24.9166,-0.9362,5.2492,-1.5397,-0.0486,0.5461,-3.0620,0.5949
26.0919,-24.9342,-0.8317,5.2522,-1.5669,-0.0384,0.4851,-3.0638,0.6055
26.1121,-24.9500,-0.7253,5.2550,-1.4323,-0.0292,0.4231,-3.0654,0.5531
26.1317,-24.9632,-0.6222,5.2573,-2.1302,-0.0215,0.3630,-3.0668,0.8250
26.1517,-24.9746,-0.5171,5.2593,-2.4642,-0.0148,0.3016,-3.0679,0.9553
26.1717,-24.9839,-0.4121,5.2610,-2.4017,-0.0094,0.2404,-3.0689,0.9309
26.1921,-24.9912,-0.3048,5.2622,-2.1933,-0.0051,0.1778,-3.0696,0.8498
26.2118,-24.9962,-0.2009,5.2631,-2.3076,-0.0022,0.1172,-3.0702,0.8943
26.2319,-24.9991,-0.0951,5.2636,-1.9224,-0.0005,0.0555,-3.0705,0.7443
26.2518,-25.0000,0.0092,5.2638,-2.3900,-0.0000,-0.0054,-3.0705,0.9265
26.2718,-24.9988,0.1145,5.2636,-1.7754,-0.0007,-0.0668,-3.0704,0.6871
26.2917,-24.9954,0.2196,5.2630,-2.1701,-0.0027,-0.1281,-3.0701,0.8408
26.3119,-24.9899,0.3257,5.2620,-2.3440,-0.0059,-0.1900,-3.0695,0.9086
26.3317,-24.9824,0.4302,5.2607,-2.6508,-0.0103,-0.2510,-3.0687,1.0283
26.3519,-24.9727,0.5363,5.2590,-2.5624,-0.0159,-0.3128,-3.0677,0.9939
26.3720,-24.9609,0.6417,5.2569,-2.7562,-0.0228,-0.3743,-3.0665,1.0695
26.3917,-24.9471,0.7457,5.2545,-2.1281,-0.0308,-0.4350,-3.0651,0.8249
26.4117,-24.9312,0.8507,5.2517,-1.7147,-0.0401,-0.4962,-3.0635,0.6638
26.4317,-24.9131,0.9557,5.2485,-1.7415,-0.0507,-0.5575,-3.0617,0.6742
26.4518,-24.8929,1.0611,5.2450,-2.2250,-0.0625,-0.6190,-3.0596,0.8626
26.4717,-24.8707,1.1654,5.2411,-2.4352,-0.0754,-0.6798,-3.0573,0.9445
26.4917,-24.8463,1.2703,5.2368,-2.0535,-0.0896,-0.7410,-3.0548,0.7959
26.5118,-24.8199,1.3750,5.2322,-1.5398,-0.1051,-0.8021,-3.0521,0.5959
26.5317,-24.7913,1.4796,5.2272,-2.3838,-0.1217,-0.8631,-3.0492,0.9247
26.5517,-24.7607,1.5841,5.2218,-1.6422,-0.1396,-0.9240,-3.0461,0.6358
26.5718,-24.7279,1.6885,5.2161,-1.5733,-0.1587,-0.9850,-3.0427,0.6089
26.5918,-24.6931,1.7928,5.2099,-1.5524,-0.1790,-1.0458,-3.0391,0.6008
26.6117,-24.6562,1.8969,5.2035,-2.4253,-0.2005,-1.1065,-3.0354,0.9410
26.6317,-24.6173,2.0009,5.1966,-1.8707,-0.2233,-1.1672,-3.0314,0.7250
26.6517,-24.5762,2.1047,5.1894,-1.8566,-0.2472,-1.2278,-3.0272,0.7196
26.6717,-24.5331,2.2084,5.1819,-2.5701,-0.2723,-1.2882,-3.0228,0.9976
26.6917,-24.4879,2.3120,5.1739,-2.1566,-0.2987,-1.3487,-3.0181,0.8366
26.7118,-24.4406,2.4154,5.1656,-1.9690,-0.3263,-1.4090,-3.0133,0.7636
26.7317,-24.3913,2.5186,5.1570,-1.9102,-0.3551,-1.4692,-3.0082,0.7407
26.7518,-24.3397,2.6220,5.1479,-2.4067,-0.3852,-1.5295,-3.0030,0.9341
26.7718,-24.2862,2.7249,5.1385,-2.6207,-0.4164,-1.5895,-2.9975,1.0175
26.7921,-24.2299,2.8290,5.1287,-2.7163,-0.4492,-1.6503,-2.9917,1.0548
26.8118,-24.1731,2.9300,5.1187,-2.7630,-0.4824,-1.7092,-2.9859,1.0731
26.8317,-24.1139,3.0317,5.1083,-2.5655,-0.5169,-1.7685,-2.9798,0.9962
26.8517,-24.0520,3.1340,5.0975,-2.5042,-0.5530,-1.8282,-2.9735,0.9724
26.8717,-23.9884,3.2357,5.0863,-2.4892,-0.5901,-1.8875,-2.9670,0.9666
26.8918,-23.9225,3.3376,5.0747,-1.9351,-0.6285,-1.9470,-2.9603,0.7508
26.9117,-23.8548,3.4388,5.0629,-2.6930,-0.6680,-2.0060,-2.9533,1.0461
26.9317,-23.7851,3.5399,5.0506,-3.0585,-0.7087,-2.0649,-2.9462,1.1886
26.9517,-23.7133,3.6408,5.0380,-2.3812,-0.7506,-2.1238,-2.9388,0.9248
26.9717,-23.6394,3.7415,5.0251,-2.1019,-0.7937,-2.1825,-2.9313,0.8160
26.9917,-23.5636,3.8419,5.0118,-2.5576,-0.8379,-2.2411,-2.9235,0.9935
27.0118,-23.4855,3.9422,4.9981,-2.5452,-0.8834,-2.2996,-2.9155,0.9888
27.0317,-23.4060,4.0417,4.9841,-3.0358,-0.9298,-2.3576,-2.9074,1.1800
27.0521,-23.3224,4.1433,4.9694,-2.7173,-0.9786,-2.4169,-2.8988,1.0560
27.0717,-23.2404,4.2405,4.9550,-2.8350,-1.0265,-2.4736,-2.8904,1.1019
27.0922,-23.1523,4.3419,4.9396,0.0517,-1.0778,-2.5328,-2.8814,-0.0223
27.1117,-23.0667,4.4381,4.9246,0.0776,-1.1277,-2.5889,-2.8727,-0.0323
27.1317,-22.9770,4.5364,4.9088,0.0799,-1.1801,-2.6462,-2.8635,-0.0332
27.1519,-22.8846,4.6351,4.8926,0.0821,-1.2340,-2.7038,-2.8540,-0.0340
27.1719,-22.7908,4.7330,4.8762,0.0853,-1.2887,-2.7609,-2.8444,-0.0352
27.1917,-22.6960,4.8295,4.8595,0.0878,-1.3440,-2.8172,-2.8347,-0.0361
27.2118,-22.5982,4.9268,4.8424,0.0893,-1.4011,-2.8740,-2.8247,-0.0366
27.2319,-22.4983,5.0238,4.8248,0.0910,-1.4593,-2.9306,-2.8145,-0.0372
27.2519,-22.3966,5.1204,4.8070,0.0930,-1.5186,-2.9869,-2.8041,-0.0380
27.2718,-22.2939,5.2157,4.7890,0.0950,-1.5786,-3.0425,-2.7936,-0.0387
27.2918,-22.1887,5.3113,4.7705,0.0971,-1.6399,-3.0982,-2.7828,-0.0395
27.3117,-22.0816,5.4064,4.7517,0.0988,-1.7024,-3.1537,-2.7718,-0.0401
27.3318,-21.9722,5.5016,4.7325,0.1009,-1.7662,-3.2092,-2.7606,-0.0408
27.3517,-21.8617,5.5956,4.7131,0.1026,-1.8307,-3.2641,-2.7493,-0.0414
27.3717,-21.7488,5.6897,4.6933,0.1047,-1.8965,-3.3190,-2.7378,-0.0422
27.3918,-21.6335,5.7838,4.6731,0.1071,-1.9638,-3.3739,-2.7260,-0.0431
27.4117,-21.5176,5.8765,4.6528,0.1087,-2.0314,-3.4280,-2.7141,-0.0436
27.4318,-21.3986,5.9698,4.6319,0.1092,-2.1008,-3.4824,-2.7019,-0.0438
27.4527,-21.2729,6.0663,4.6098,0.1138,-2.1742,-3.5387,-2.6891,-0.0455
27.4719,-21.1554,6.1548,4.5892,0.1102,-2.2427,-3.5903,-2.6770,-0.0441
27.4926,-21.0271,6.2495,4.5667,0.1173,-2.3175,-3.6455,-2.6639,-0.0468
27.5118,-20.9066,6.3367,4.5456,0.1190,-2.3878,-3.6964,-2.6516,-0.0474
27.5318,-20.7787,6.4276,4.5231,0.1201,-2.4624,-3.7494,-2.6385,-0.0477
27.5518,-20.6490,6.5179,4.5004,0.1219,-2.5381,-3.8021,-2.6252,-0.0484
27.5718,-20.5182,6.6074,4.4774,0.1236,-2.6144,-3.8543,-2.6118,-0.0490
27.5918,-20.3850,6.6968,4.4540,0.1256,-2.6921,-3.9065,-2.5982,-0.0497
27.6119,-20.2492,6.7863,4.4302,0.1260,-2.7713,-3.9587,-2.5843,-0.0498
27.6318,-20.1136,6.8741,4.4064,0.1309,-2.8504,-4.0099,-2.5704,-0.0517
27.6518,-19.9749,6.9621,4.3821,0.1315,-2.9313,-4.0612,-2.5562,-0.0518
27.6717,-19.8354,7.0492,4.3576,0.1330,-3.0127,-4.1120,-2.5419,-0.0524
27.6918,-19.6934,7.1362,4.3327,0.1368,-3.0955,-4.1628,-2.5274,-0.0538
27.7117,-19.5499,7.2225,4.3075,0.1365,-3.1792,-4.2131,-2.5127,-0.0536
27.7319,-19.4032,7.3092,4.2818,0.1390,-3.2648,-4.2637,-2.4977,-0.0545
27.7518,-19.2575,7.3938,4.2562,0.1398,-3.3498,-4.3131,-2.4828,-0.0548
27.7718,-19.1087,7.4787,4.2301,0.1419,-3.4366,-4.3626,-2.4676,-0.0556
27.7918,-18.9584,7.5630,4.2037,0.1439,-3.5243,-4.4118,-2.4522,-0.0563
27.8119,-18.8052,7.6474,4.1768,0.1458,-3.6137,-4.4610,-2.4365,-0.0569
27.8318,-18.6525,7.7301,4.1501,0.1469,-3.7027,-4.5092,-2.4209,-0.0573
27.8517,-18.4974,7.8127,4.1228,0.1489,-3.7932,-4.5574,-2.4050,-0.0580
27.8723,-18.3355,7.8973,4.0944,0.1520,-3.8876,-4.6068,-2.3884,-0.0592
27.8917,-18.1816,7.9764,4.0674,0.1514,-3.9774,-4.6529,-2.3727,-0.0589
27.9120,-18.0189,8.0587,4.0389,0.1525,-4.0723,-4.7009,-2.3560,-0.0593
27.9321,-17.8561,8.1396,4.0103,0.1562,-4.1673,-4.7481,-2.3394,-0.0607
27.9518,-17.6953,8.2182,3.9821,0.1570,-4.2611,-4.7939,-2.3229,-0.0609
27.9718,-17.5301,8.2976,3.9531,0.1594,-4.3575,-4.8403,-2.3060,-0.0618
27.9919,-17.3622,8.3769,3.9237,0.1612,-4.4554,-4.8865,-2.2888,-0.0624
28.0118,-17.1952,8.4544,3.8944,0.1624,-4.5528,-4.9318,-2.2717,-0.0628
28.0317,-17.0257,8.5319,3.8646,0.1642,-4.6517,-4.9769,-2.2544,-0.0635
28.0518,-16.8536,8.6091,3.8344,0.1636,-4.7520,-5.0220,-2.2368,-0.0632
28.0717,-16.6811,8.6854,3.8042,0.1673,-4.8527,-5.0665,-2.2191,-0.0645
28.0917,-16.5067,8.7611,3.7736,0.1690,-4.9544,-5.1106,-2.2012,-0.0652
28.1118,-16.3305,8.8364,3.7426,0.1709,-5.0572,-5.1545,-2.1832,-0.0658
28.1317,-16.1534,8.9108,3.7116,0.1721,-5.1605,-5.1979,-2.1651,-0.0663
28.1517,-15.9745,8.9847,3.6802,0.1738,-5.2649,-5.2411,-2.1468,-0.0668
28.1719,-15.7927,9.0585,3.6483,0.1731,-5.3709,-5.2841,-2.1282,-0.0665
28.1917,-15.6119,9.1307,3.6166,0.1767,-5.4764,-5.3262,-2.1097,-0.0679
28.2117,-15.4286,9.2027,3.5844,0.1786,-5.5833,-5.3682,-2.0909,-0.0685
28.2317,-15.2438,9.2740,3.5520,0.1801,-5.6911,-5.4099,-2.0720,-0.0691
28.2518,-15.0576,9.3448,3.5193,0.1817,-5.7998,-5.4511,-2.0529,-0.0696
28.2719,-14.8688,9.4153,3.4862,0.1833,-5.9099,-5.4923,-2.0336,-0.0702
28.2918,-14.6805,9.4844,3.4531,0.1845,-6.0197,-5.5326,-2.0143,-0.0706
28.3117,-14.4906,9.5530,3.4198,0.1860,-6.1305,-5.5726,-1.9949,-0.0711
28.3319,-14.2974,9.6215,3.3859,0.1878,-6.2432,-5.6126,-1.9751,-0.0718
28.3518,-14.1050,9.6887,3.3522,0.1889,-6.3554,-5.6517,-1.9554,-0.0721
28.3718,-13.9109,9.7553,3.3181,0.1904,-6.4686,-5.6906,-1.9356,-0.0726
28.3918,-13.7154,9.8212,3.2838,0.1918,-6.5827,-5.7290,-1.9156,-0.0731
28.4117,-13.5185,9.8865,3.2493,0.1933,-6.6975,-5.7671,-1.8954,-0.0736
28.4318,-13.3198,9.9512,3.2144,0.1949,-6.8135,-5.8049,-1.8751,-0.0742
28.4519,-13.1192,10.0155,3.1792,0.1963,-6.9305,-5.8424,-1.8545,-0.0747
28.4717,-12.9199,10.0782,3.1442,-4.6457,-7.0467,-5.8789,-1.8341,1.8102
28.4919,-12.7162,10.1412,3.1085,0.1548,-7.1656,-5.9157,-1.8133,-0.0584
28.5117,-12.5140,10.2026,3.0730,0.1986,-7.2835,-5.9515,-1.7926,-0.0754
28.5317,-12.3095,10.2637,3.0371,0.2013,-7.4028,-5.9871,-1.7716,-0.0764
28.5517,-12.1038,10.3240,3.0010,0.2028,-7.5228,-6.0223,-1.7506,-0.0769
28.5717,-11.8963,10.3838,2.9646,0.2042,-7.6438,-6.0572,-1.7294,-0.0774
28.5917,-11.6881,10.4427,2.9281,0.2023,-7.7653,-6.0916,-1.7081,-0.0766
28.6117,-11.4787,10.5008,2.8914,0.2065,-7.8874,-6.1255,-1.6866,-0.0782
28.6317,-11.2680,10.5583,2.8544,0.2080,-8.0103,-6.1590,-1.6651,-0.0787
28.6517,-11.0567,10.6149,2.8173,0.2059,-8.1336,-6.1920,-1.6434,-0.0778
28.6717,-10.8434,10.6710,2.7799,0.2073,-8.2580,-6.2248,-1.6216,-0.0783
28.6919,-10.6283,10.7266,2.7421,0.2087,-8.3835,-6.2572,-1.5996,-0.0788
28.7117,-10.4144,10.7807,2.7046,0.2125,-8.5083,-6.2888,-1.5777,-0.0802
28.7317,-10.1983,10.8344,2.6667,0.2108,-8.6343,-6.3201,-1.5556,-0.0794
28.7518,-9.9802,10.8876,2.6284,0.2153,-8.7616,-6.3511,-1.5332,-0.0812
28.7721,-9.7592,10.9404,2.5896,0.2172,-8.8905,-6.3819,-1.5106,-0.0818
28.7919,-9.5422,10.9913,2.5516,0.2204,-9.0170,-6.4116,-1.4884,-0.0830
28.8118,-9.3224,11.0418,2.5130,0.2186,-9.1453,-6.4411,-1.4659,-0.0823
28.8318,-9.1015,11.0916,2.4742,0.2197,-9.2741,-6.4701,-1.4433,-0.0826
28.8519,-8.8781,11.1409,2.4350,0.2212,-9.4045,-6.4989,-1.4204,-0.0831
28.8717,-8.6561,11.1889,2.3961,0.2182,-9.5339,-6.5269,-1.3977,-0.0819
28.8917,-8.4320,11.2364,2.3568,0.2229,-9.6647,-6.5546,-1.3748,-0.0837
28.9117,-8.2068,11.2832,2.3173,0.2207,-9.7960,-6.5819,-1.3517,-0.0828
28.9318,-7.9795,11.3294,2.2774,0.2220,-9.9286,-6.6088,-1.3285,-0.0832
28.9517,-7.7536,11.3743,2.2377,0.2258,-10.0604,-6.6350,-1.3054,-0.0846
28.9719,-7.5237,11.4190,2.1974,0.2243,-10.1945,-6.6611,-1.2818,-0.0840
28.9919,-7.2947,11.4626,2.1572,0.2282,-10.3281,-6.6865,-1.2584,-0.0854
29.0119,-7.0649,11.5054,2.1169,0.2292,-10.4622,-6.7115,-1.2349,-0.0858
29.0318,-6.8357,11.5471,2.0767,0.2299,-10.5959,-6.7358,-1.2114,-0.0860
29.0518,-6.6050,11.5881,2.0362,0.2309,-10.7304,-6.7597,-1.1878,-0.0863
29.0718,-6.3726,11.6284,1.9954,0.2321,-10.8660,-6.7833,-1.1640,-0.0867
29.0918,-6.1400,11.6679,1.9546,0.2328,-11.0017,-6.8063,-1.1402,-0.0869
29.1118,-5.9063,11.7065,1.9136,0.2338,-11.1380,-6.8288,-1.1163,-0.0873
29.1317,-5.6723,11.7443,1.8726,0.2346,-11.2745,-6.8509,-1.0923,-0.0875
29.1518,-5.4364,11.7815,1.8312,0.2358,-11.4121,-6.8725,-1.0682,-0.0879
29.1718,-5.1997,11.8178,1.7896,0.2367,-11.5502,-6.8937,-1.0440,-0.0882
29.1917,-4.9642,11.8530,1.7483,0.2370,-11.6875,-6.9142,-1.0199,-0.0883
29.2117,-4.7268,11.8875,1.7067,0.2381,-11.8260,-6.9344,-0.9956,-0.0886
29.2317,-4.4888,11.9212,1.6649,0.2389,-11.9649,-6.9541,-0.9712,-0.0889
29.2518,-4.2495,11.9542,1.6229,0.2361,-12.1045,-6.9733,-0.9467,-0.0877
29.2717,-4.0107,11.9861,1.5810,0.2401,-12.2438,-6.9919,-0.9223,-0.0893
29.2917,-3.7707,12.0173,1.5389,0.2409,-12.3838,-7.0101,-0.8977,-0.0896
29.3120,-3.5270,12.0481,1.4961,0.2423,-12.5259,-7.0280,-0.8727,-0.0901
29.3317,-3.2884,12.0772,1.4543,0.2415,-12.6651,-7.0451,-0.8483,-0.0898
29.3517,-3.0465,12.1059,1.4118,0.2426,-12.8062,-7.0618,-0.8236,-0.0902
29.3717,-2.8047,12.1337,1.3694,0.2430,-12.9473,-7.0780,-0.7988,-0.0904
29.3918,-2.5611,12.1607,1.3267,0.2440,-13.0894,-7.0937,-0.7739,-0.0907
29.4118,-2.3175,12.1868,1.2839,0.2443,-13.2315,-7.1090,-0.7490,-0.0908
29.4317,-2.0736,12.2121,1.2411,0.2448,-13.3737,-7.1237,-0.7240,-0.0910
29.4517,-1.8293,12.2364,1.1983,0.2452,-13.5163,-7.1379,-0.6990,-0.0912
29.4717,-1.5842,12.2600,1.1553,0.2458,-13.6592,-7.1517,-0.6739,-0.0914
29.4917,-1.3387,12.2827,1.1122,0.2462,-13.8024,-7.1649,-0.6488,-0.0916
29.5117,-1.0929,12.3045,1.0691,0.2468,-13.9458,-7.1776,-0.6236,-0.0918
29.5317,-0.8467,12.3254,1.0259,0.2472,-14.0894,-7.1898,-0.5984,-0.0919
29.5518,-0.5993,12.3455,0.9825,0.2477,-14.2337,-7.2016,-0.5731,-0.0921
29.5717,-0.3528,12.3647,0.9392,0.2477,-14.3775,-7.2128,-0.5479,-0.0921
29.5917,-0.1059,12.3830,0.8959,0.2481,-14.5216,-7.2234,-0.5226,-0.0923
29.6117,0.1422,12.4005,0.8524,0.2449,-14.6663,-7.2336,-0.4972,-0.0910
29.6317,0.3907,12.4172,0.8088,0.2491,-14.8112,-7.2433,-0.4718,-0.0926
29.6518,0.6394,12.4329,0.7651,0.2455,-14.9563,-7.2525,-0.4463,-0.0913
29.6718,0.8889,12.4478,0.7213,0.2497,-15.1019,-7.2612,-0.4208,-0.0929
29.6917,1.1372,12.4618,0.6778,0.2538,-15.2467,-7.2694,-0.3954,-0.0945
29.7117,1.3858,12.4748,0.6341,0.2500,-15.3917,-7.2770,-0.3699,-0.0930
29.7318,1.6365,12.4871,0.5902,0.2507,-15.5380,-7.2842,-0.3443,-0.0933
29.7518,1.8862,12.4985,0.5463,0.2467,-15.6836,-7.2908,-0.3187,-0.0917
29.7717,2.1361,12.5090,0.5025,0.2551,-15.8294,-7.2969,-0.2931,-0.0950
29.7918,2.3864,12.5186,0.4586,0.2513,-15.9754,-7.3025,-0.2675,-0.0935
29.8119,2.6384,12.5274,0.4144,0.2477,-16.1224,-7.3076,-0.2417,-0.0921
29.8319,2.8891,12.5352,0.3704,0.2475,-16.2686,-7.3122,-0.2161,-0.0920
29.8517,3.1380,12.5421,0.3267,0.2471,-16.4138,-7.3162,-0.1906,-0.0919
29.8717,3.3891,12.5482,0.2826,0.2478,-16.5603,-7.3198,-0.1649,-0.0921
29.8917,3.6396,12.5534,0.2387,0.2517,-16.7065,-7.3228,-0.1392,-0.0936
29.9118,3.8917,12.5578,0.1945,0.2521,-16.8535,-7.3254,-0.1134,-0.0938
29.9318,4.1427,12.5612,0.1504,0.2518,-16.9999,-7.3274,-0.0877,-0.0937
29.9518,4.3938,12.5638,0.1064,0.2519,-17.1464,-7.3289,-0.0620,-0.0937
29.9719,4.6473,12.5655,0.0619,0.2528,-17.2943,-7.3299,-0.0361,-0.0941
29.9919,4.8980,12.5663,0.0179,0.2518,-17.4405,-7.3303,-0.0104,-0.0937
30.0118,5.1478,12.5662,-0.0259,0.2516,-17.5862,-7.3303,0.0151,-0.0936
30.0317,5.3989,12.5653,-0.0700,0.2521,-17.7327,-7.3297,0.0408,-0.0937
30.0518,5.6508,12.5634,-0.1142,0.2527,-17.8796,-7.3287,0.0666,-0.0939
30.0717,5.9010,12.5607,-0.1581,0.2524,-18.0256,-7.3271,0.0922,-0.0937
30.0918,6.1529,12.5571,-0.2023,0.2526,-18.1725,-7.3250,0.1180,-0.0937
30.1118,6.4041,12.5526,-0.2464,0.2527,-18.3191,-7.3223,0.1437,-0.0937
30.1319,6.6566,12.5472,-0.2907,0.2529,-18.4663,-7.3192,0.1696,-0.0937
30.1517,6.9052,12.5410,-0.3343,0.2522,-18.6114,-7.3156,0.1950,-0.0934
30.1718,7.1564,12.5339,-0.3784,0.2529,-18.7579,-7.3114,0.2207,-0.0936
30.1919,7.4092,12.5258,-0.4227,0.2492,-18.9054,-7.3067,0.2466,-0.0922
30.2117,7.6568,12.5170,-0.4662,0.2516,-19.0498,-7.3016,0.2719,-0.0931
30.2317,7.9076,12.5072,-0.5102,0.2528,-19.1961,-7.2959,0.2976,-0.0935
30.2517,8.1576,12.4966,-0.5540,0.2485,-19.3419,-7.2897,0.3232,-0.0917
30.2718,8.4080,12.4850,-0.5980,0.2485,-19.4880,-7.2829,0.3488,-0.0917
30.2918,8.6583,12.4726,-0.6419,0.2484,-19.6340,-7.2757,0.3744,-0.0916
30.3117,8.9061,12.4594,-0.6854,0.2477,-19.7785,-7.2680,0.3998,-0.0913
30.3317,9.1549,12.4453,-0.7290,0.2479,-19.9237,-7.2597,0.4253,-0.0913
30.3517,9.4036,12.4303,-0.7726,0.2478,-20.0688,-7.2510,0.4507,-0.0912
30.3718,9.6533,12.4143,-0.8165,0.2480,-20.2144,-7.2417,0.4763,-0.0913
30.3917,9.9003,12.3976,-0.8598,0.2471,-20.3585,-7.2319,0.5016,-0.0909
30.4117,10.1476,12.3800,-0.9032,0.2471,-20.5028,-7.2217,0.5269,-0.0908
30.4317,10.3953,12.3615,-0.9467,0.2471,-20.6473,-7.2109,0.5522,-0.0908
30.4517,10.6424,12.3421,-0.9900,0.2467,-20.7914,-7.1996,0.5775,-0.0906
30.4717,10.8890,12.3219,-1.0333,0.2464,-20.9352,-7.1878,0.6027,-0.0905
30.4917,11.1359,12.3007,-1.0766,0.2501,-21.0792,-7.1754,0.6280,-0.0918
30.5117,11.3814,12.2788,-1.1197,0.2496,-21.2225,-7.1626,0.6531,-0.0916
30.5317,11.6269,12.2560,-1.1627,0.2493,-21.3657,-7.1493,0.6783,-0.0915
30.5517,11.8713,12.2323,-1.2056,0.2451,-21.5083,-7.1355,0.7033,-0.0898
30.5719,12.1184,12.2075,-1.2490,0.2455,-21.6524,-7.1210,0.7286,-0.0899
30.5919,12.3618,12.1821,-1.2917,0.2480,-21.7944,-7.1062,0.7535,-0.0908
30.6117,12.6033,12.1561,-1.3341,0.2436,-21.9352,-7.0910,0.7782,-0.0891
30.6317,12.8460,12.1290,-1.3767,0.2436,-22.0768,-7.0752,0.8030,-0.0890
30.6517,13.0883,12.1010,-1.4192,0.2432,-22.2182,-7.0589,0.8279,-0.0888
30.6717,13.3303,12.0722,-1.4616,0.2429,-22.3594,-7.0421,0.8526,-0.0887
30.6917,13.5715,12.0425,-1.5040,0.2423,-22.5001,-7.0248,0.8773,-0.0884
30.7119,13.8141,12.0118,-1.5465,0.2424,-22.6416,-7.0069,0.9021,-0.0884
30.7316,14.0509,11.9808,-1.5881,0.2405,-22.7797,-6.9888,0.9264,-0.0876
30.7520,14.2943,11.9481,-1.6308,0.2419,-22.9217,-6.9697,0.9513,-0.0881
30.7719,14.5317,11.9152,-1.6724,0.2484,-23.0601,-6.9506,0.9756,-0.0906
30.7917,14.7680,11.8816,-1.7139,0.2479,-23.1980,-6.9309,0.9998,-0.0904
30.8117,15.0052,11.8469,-1.7555,0.2429,-23.3363,-6.9107,1.0240,-0.0884
30.8318,15.2419,11.8114,-1.7970,0.2423,-23.4745,-6.8900,1.0483,-0.0882
30.8517,15.4774,11.7751,-1.8384,0.2416,-23.6118,-6.8688,1.0724,-0.0878
30.8717,15.7125,11.7379,-1.8796,0.2411,-23.7490,-6.8471,1.0964,-0.0876
30.8917,15.9468,11.6999,-1.9207,0.2404,-23.8856,-6.8250,1.1204,-0.0873
30.9117,16.1808,11.6610,-1.9618,0.2363,-24.0221,-6.8023,1.1444,-0.0857
30.9317,16.4133,11.6214,-2.0026,0.2389,-24.1577,-6.7792,1.1682,-0.0867
30.9517,16.6454,11.5810,-2.0433,0.2388,-24.2932,-6.7556,1.1919,-0.0866
30.9717,16.8769,11.5396,-2.0839,0.2382,-24.4282,-6.7315,1.2156,-0.0863
30.9917,17.1071,11.4976,-2.1243,0.2374,-24.5625,-6.7069,1.2392,-0.0860
31.0118,17.3373,11.4546,-2.1647,0.2412,-24.6968,-6.6818,1.2627,-0.0874
31.0318,17.5656,11.4109,-2.2048,0.2355,-24.8299,-6.6564,1.2861,-0.0852
31.0518,17.7936,11.3664,-2.2448,0.2352,-24.9629,-6.6304,1.3094,-0.0850
31.0717,18.0198,11.3212,-2.2844,0.2337,-25.0949,-6.6041,1.3326,-0.0844
31.0917,18.2460,11.2751,-2.3241,0.2336,-25.2268,-6.5772,1.3557,-0.0843
31.1117,18.4708,11.2283,-2.3636,0.2326,-25.3579,-6.5498,1.3788,-0.0839
31.1317,18.6950,11.1806,-2.4029,0.2315,-25.4887,-6.5220,1.4017,-0.0835
31.1517,18.9180,11.1322,-2.4420,0.2305,-25.6188,-6.4938,1.4245,-0.0831
31.1718,19.1407,11.0828,-2.4811,0.2264,-25.7487,-6.4650,1.4473,-0.0815
31.1917,19.3616,11.0329,-2.5199,0.2287,-25.8776,-6.4358,1.4699,-0.0823
31.2117,19.5817,10.9821,-2.5585,0.2283,-26.0060,-6.4062,1.4925,-0.0821
31.2317,19.8008,10.9305,-2.5969,0.2270,-26.1338,-6.3762,1.5149,-0.0816
31.2517,20.0190,10.8782,-2.6352,0.2227,-26.2611,-6.3456,1.5372,-0.0799
31.2717,20.2361,10.8251,-2.6733,0.2254,-26.3877,-6.3146,1.5594,-0.0809
31.2918,20.4528,10.7711,-2.7113,0.2248,-26.5141,-6.2831,1.5816,-0.0807
31.3117,20.6667,10.7167,-2.7489,0.2233,-26.6389,-6.2514,1.6035,-0.0801
31.3317,20.8806,10.6613,-2.7864,0.2226,-26.7637,-6.2191,1.6254,-0.0798
31.3517,21.0931,10.6053,-2.8237,0.2215,-26.8877,-6.1864,1.6472,-0.0793
31.3718,21.3056,10.5482,-2.8610,0.2208,-27.0116,-6.1531,1.6689,-0.0790
31.3917,21.5152,10.4908,-2.8977,0.2193,-27.1339,-6.1196,1.6904,-0.0784
31.4117,21.7241,10.4326,-2.9344,0.2147,-27.2557,-6.0857,1.7117,-0.0766
31.4317,21.9324,10.3734,-2.9710,0.2137,-27.3772,-6.0512,1.7331,-0.0762
31.4517,22.1391,10.3137,-3.0072,0.2161,-27.4978,-6.0163,1.7542,-0.0771
31.4717,22.3449,10.2532,-3.0433,0.2116,-27.6179,-5.9810,1.7753,-0.0753
31.4918,22.5498,10.1918,-3.0793,0.2140,-27.7374,-5.9452,1.7962,-0.0763
31.5120,22.7554,10.1291,-3.1153,0.2135,-27.8573,-5.9087,1.8173,-0.0761
31.5317,22.9545,10.0674,-3.1503,0.2106,-27.9735,-5.8726,1.8377,-0.0749
31.5517,23.1546,10.0042,-3.1854,0.2068,-28.0902,-5.8358,1.8581,-0.0734
31.5719,23.3560,9.9395,-3.2207,0.2063,-28.2076,-5.7981,1.8788,-0.0732
31.5917,23.5530,9.8751,-3.2553,0.2074,-28.3226,-5.7605,1.8989,-0.0736
31.6117,23.7498,9.8097,-3.2898,0.2069,-28.4374,-5.7223,1.9191,-0.0734
31.6317,23.9447,9.7438,-3.3240,0.2021,-28.5511,-5.6839,1.9390,-0.0715
31.6517,24.1393,9.6768,-3.3582,0.2011,-28.6646,-5.6448,1.9589,-0.0711
31.6717,24.3324,9.6092,-3.3920,0.1998,-28.7772,-5.6054,1.9787,-0.0706
31.6917,24.5237,9.5411,-3.4256,0.1985,-28.8888,-5.5657,1.9983,-0.0701
31.7117,24.7140,9.4722,-3.4590,0.2007,-28.9998,-5.5255,2.0178,-0.0709
31.7317,24.9024,9.4028,-3.4921,0.1993,-29.1097,-5.4850,2.0370,-0.0704
31.7517,25.0901,9.3325,-3.5250,0.1948,-29.2192,-5.4440,2.0562,-0.0686
31.7717,25.2757,9.2618,-3.5576,0.1933,-29.3275,-5.4027,2.0752,-0.0680
31.7917,25.4606,9.1902,-3.5900,0.1922,-29.4354,-5.3609,2.0942,-0.0676
31.8117,25.6437,9.1181,-3.6221,0.1907,-29.5421,-5.3189,2.1129,-0.0670
31.8318,25.8255,9.0452,-3.6540,0.1927,-29.6482,-5.2764,2.1315,-0.0677
31.8517,26.0055,8.9719,-3.6856,0.1913,-29.7532,-5.2336,2.1499,-0.0672
31.8724,26.1904,8.8953,-3.7181,0.1910,-29.8610,-5.1889,2.1689,-0.0671
31.8922,26.3658,8.8214,-3.7488,0.1916,-29.9634,-5.1458,2.1868,-0.0673
31.9118,26.5375,8.7478,-3.7790,0.1856,-30.0635,-5.1029,2.2044,-0.0650
31.9317,26.7113,8.6721,-3.8095,0.1855,-30.1650,-5.0587,2.2222,-0.0649
31.9520,26.8865,8.5945,-3.8402,0.1817,-30.2671,-5.0135,2.2401,-0.0634
31.9718,27.0561,8.5181,-3.8699,0.1858,-30.3660,-4.9689,2.2575,-0.0650
31.9919,27.2258,8.4403,-3.8997,0.1848,-30.4651,-4.9235,2.2748,-0.0646
32.0118,27.3930,8.3624,-3.9291,0.1831,-30.5626,-4.8781,2.2920,-0.0639
32.0320,27.5612,8.2827,-3.9586,0.1783,-30.6607,-4.8316,2.3092,-0.0621
32.0518,27.7248,8.2039,-3.9873,0.1759,-30.7561,-4.7856,2.3259,-0.0612
32.0721,27.8905,8.1227,-4.0164,0.1753,-30.8528,-4.7382,2.3429,-0.0609
32.0922,28.0527,8.0417,-4.0448,0.1733,-30.9474,-4.6910,2.3595,-0.0602
32.1119,28.2103,7.9618,-4.0725,0.1710,-31.0393,-4.6444,2.3756,-0.0592
32.1318,28.3677,7.8806,-4.1001,0.1698,-31.1312,-4.5970,2.3917,-0.0588
32.1518,28.5250,7.7981,-4.1277,0.1691,-31.2229,-4.5489,2.4078,-0.0585
32.1719,28.6810,7.7148,-4.1551,0.1672,-31.3139,-4.5003,2.4238,-0.0578
32.1920,28.8349,7.6311,-4.1821,0.1659,-31.4037,-4.4515,2.4395,-0.0573
32.2122,28.9885,7.5462,-4.2090,0.1647,-31.4933,-4.4020,2.4553,-0.0568
32.2317,29.1345,7.4641,-4.2346,0.1610,-31.5785,-4.3541,2.4702,-0.0554
32.2518,29.2835,7.3788,-4.2608,0.1583,-31.6654,-4.3043,2.4855,-0.0543
32.2718,29.4307,7.2931,-4.2866,0.1566,-31.7512,-4.2543,2.5005,-0.0537
32.2921,29.5776,7.2060,-4.3124,0.1581,-31.8369,-4.2035,2.5156,-0.0542
32.3118,29.7185,7.1209,-4.3371,0.1554,-31.9191,-4.1538,2.5300,-0.0532
32.3320,29.8619,7.0328,-4.3623,0.1521,-32.0028,-4.1024,2.5446,-0.0519
32.3523,30.0039,6.9439,-4.3872,0.1531,-32.0856,-4.0506,2.5592,-0.0523
32.3718,30.1381,6.8583,-4.4107,0.1530,-32.1639,-4.0007,2.5729,-0.0523
32.3917,30.2741,6.7700,-4.4346,0.1487,-32.2432,-3.9492,2.5868,-0.0506
32.4118,30.4087,6.6811,-4.4582,0.1470,-32.3217,-3.8973,2.6006,-0.0500
32.4319,30.5423,6.5911,-4.4816,0.1455,-32.3996,-3.8448,2.6143,-0.0494
32.4518,30.6726,6.5016,-4.5045,0.1434,-32.4757,-3.7926,2.6276,-0.0486
32.4719,30.8022,6.4110,-4.5272,0.1419,-32.5513,-3.7397,2.6409,-0.0480
32.4917,30.9288,6.3208,-4.5495,0.1398,-32.6251,-3.6871,2.6538,-0.0472
32.5117,31.0542,6.2296,-4.5715,0.1388,-32.6983,-3.6339,2.6667,-0.0468
32.5319,31.1786,6.1374,-4.5933,0.1372,-32.7709,-3.5802,2.6794,-0.0462
32.5518,31.3000,6.0456,-4.6146,0.1346,-32.8417,-3.5266,2.6918,-0.0452
32.5719,31.4209,5.9525,-4.6358,0.1336,-32.9122,-3.4723,2.7042,-0.0448
32.5917,31.5379,5.8604,-4.6563,0.1308,-32.9804,-3.4186,2.7162,-0.0437
32.6119,31.6550,5.7664,-4.6769,0.1300,-33.0488,-3.3637,2.7282,-0.0434
32.6319,31.7694,5.6727,-4.6970,0.1280,-33.1155,-3.3091,2.7399,-0.0426
32.6517,31.8808,5.5795,-4.7165,0.1258,-33.1805,-3.2547,2.7513,-0.0418
32.6718,31.9919,5.4846,-4.7360,0.1244,-33.2453,-3.1993,2.7627,-0.0413
32.6917,32.1002,5.3900,-4.7550,0.1201,-33.3085,-3.1442,2.7737,-0.0396
32.7120,32.2086,5.2933,-4.7740,0.1187,-33.3717,-3.0878,2.7848,-0.0391
32.7317,32.3121,5.1990,-4.7922,0.1207,-33.4321,-3.0327,2.7954,-0.0399
32.7517,32.4153,5.1028,-4.8103,0.1164,-33.4923,-2.9766,2.8060,-0.0382
32.7718,32.5166,5.0062,-4.8281,0.1150,-33.5514,-2.9203,2.8164,-0.0377
32.7918,32.6160,4.9092,-4.8455,0.1131,-33.6093,-2.8637,2.8265,-0.0370
32.8119,32.7137,4.8116,-4.8626,0.1113,-33.6663,-2.8068,2.8365,-0.0363
32.8317,32.8079,4.7153,-4.8792,0.1090,-33.7213,-2.7506,2.8462,-0.0354
32.8520,32.9026,4.6161,-4.8958,0.1077,-33.7765,-2.6927,2.8559,-0.0349
32.8721,32.9943,4.5176,-4.9119,0.1055,-33.8300,-2.6353,2.8653,-0.0341
32.8917,33.0820,4.4211,-4.9273,0.1030,-33.8812,-2.5790,2.8742,-0.0331
32.9117,33.1695,4.3224,-4.9426,0.1015,-33.9322,-2.5214,2.8832,-0.0326
32.9318,33.2552,4.2231,-4.9576,0.0991,-33.9822,-2.4635,2.8920,-0.0317
32.9517,33.3384,4.1240,-4.9723,0.0976,-34.0308,-2.4057,2.9005,-0.0311
32.9717,33.4197,4.0248,-4.9865,0.0956,-34.0781,-2.3478,2.9088,-0.0303
32.9917,33.4995,3.9245,-5.0005,0.0938,-34.1247,-2.2893,2.9170,-0.0296
33.0117,33.5769,3.8244,-5.0141,0.0917,-34.1699,-2.2309,2.9249,-0.0289
33.0320,33.6533,3.7228,-5.0275,0.0895,-34.2144,-2.1716,2.9327,-0.0280
33.0517,33.7258,3.6234,-5.0402,0.0875,-34.2567,-2.1137,2.9401,-0.0273
33.0719,33.7978,3.5217,-5.0529,0.0859,-34.2987,-2.0543,2.9475,-0.0267
33.0918,33.8668,3.4211,-5.0650,0.0837,-34.3390,-1.9957,2.9546,-0.0258
33.1120,33.9350,3.3186,-5.0769,0.0820,-34.3787,-1.9358,2.9615,-0.0252
33.1319,34.0000,3.2175,-5.0883,0.0797,-34.4167,-1.8769,2.9682,-0.0243
33.1521,34.0639,3.1146,-5.0995,0.0779,-34.4540,-1.8169,2.9747,-0.0236
33.1720,34.1251,3.0127,-5.1103,0.0752,-34.4896,-1.7574,2.9810,-0.0226
33.1921,34.1845,2.9102,-5.1207,0.0737,-34.5243,-1.6976,2.9871,-0.0221
33.2118,34.2409,2.8089,-5.1306,0.0732,-34.5572,-1.6385,2.9929,-0.0218
33.2318,34.2959,2.7065,-5.1403,0.0691,-34.5893,-1.5788,2.9985,-0.0203
33.2520,34.3496,2.6025,-5.1497,0.0672,-34.6206,-1.5181,3.0040,-0.0196
33.2719,34.4005,2.4997,-5.1586,0.0650,-34.6503,-1.4582,3.0092,-0.0188
33.2919,34.4494,2.3966,-5.1672,0.0635,-34.6788,-1.3980,3.0142,-0.0182
33.3118,34.4960,2.2937,-5.1754,0.0614,-34.7060,-1.3380,3.0190,-0.0174
33.3323,34.5420,2.1875,-5.1834,0.0592,-34.7328,-1.2760,3.0237,-0.0166
33.3517,34.5835,2.0868,-5.1907,0.0570,-34.7570,-1.2173,3.0279,-0.0158
33.3717,34.6241,1.9829,-5.1978,0.0553,-34.7808,-1.1567,3.0321,-0.0151
33.3917,34.6628,1.8788,-5.2046,0.0521,-34.8033,-1.0960,3.0360,-0.0139
33.4117,34.6993,1.7746,-5.2110,0.0500,-34.8246,-1.0352,3.0398,-0.0132
33.4317,34.7338,1.6704,-5.2171,0.0490,-34.8447,-0.9744,3.0433,-0.0128
33.4517,34.7662,1.5659,-5.2228,0.0459,-34.8636,-0.9135,3.0466,-0.0116
33.4717,34.7964,1.4616,-5.2281,0.0439,-34.8812,-0.8526,3.0497,-0.0109
33.4917,34.8246,1.3568,-5.2330,0.0428,-34.8977,-0.7915,3.0526,-0.0104
33.5117,34.8507,1.2521,-5.2376,0.0407,-34.9129,-0.7304,3.0553,-0.0097
33.5317,34.8747,1.1474,-5.2418,0.0377,-34.9269,-0.6693,3.0577,-0.0086
33.5517,34.8966,1.0425,-5.2456,0.0357,-34.9397,-0.6081,3.0600,-0.0078
33.5717,34.9164,0.9376,-5.2491,0.0336,-34.9512,-0.5470,3.0620,-0.0070
33.5917,34.9341,0.8325,-5.2522,0.0315,-34.9616,-0.4856,3.0638,-0.0062
33.6117,34.9497,0.7274,-5.2550,0.0295,-34.9707,-0.4243,3.0654,-0.0055
33.6317,34.9632,0.6223,-5.2573,0.0274,-34.9785,-0.3630,3.0668,-0.0047
33.6517,34.9746,0.5171,-5.2593,0.0253,-34.9852,-0.3017,3.0679,-0.0039
33.6717,34.9839,0.4119,-5.2610,0.0239,-34.9906,-0.2403,3.0689,-0.0034
33.6917,34.9911,0.3069,-5.2622,0.0218,-34.9948,-0.1790,3.0696,-0.0026
33.7119,34.9962,0.2008,-5.2631,0.0225,-34.9978,-0.1171,3.0702,-0.0026
33.7319,34.9991,0.0955,-5.2636,0.0182,-34.9995,-0.0557,3.0705,-0.0013
33.7519,35.0000,-0.0098,-5.2638,0.0172,-35.0000,0.0057,3.0705,-0.0009
33.7719,34.9987,-0.1155,-5.2636,0.0144,-34.9993,0.0674,3.0704,0.0003
33.7917,34.9954,-0.2197,-5.2630,0.0108,-34.9973,0.1281,3.0701,0.0015
33.8118,34.9900,-0.3251,-5.2620,0.0087,-34.9941,0.1896,3.0695,0.0023
33.8317,34.9824,-0.4301,-5.2607,0.0066,-34.9897,0.2509,3.0687,0.0030
33.8517,34.9728,-0.5351,-5.2590,0.0046,-34.9841,0.3122,3.0678,0.0038
33.8717,34.9610,-0.6405,-5.2569,0.0025,-34.9773,0.3736,3.0666,0.0046
33.8917,34.9472,-0.7454,-5.2545,0.0004,-34.9692,0.4348,3.0651,0.0053
33.9117,34.9312,-0.8505,-5.2517,-0.0017,-34.9599,0.4961,3.0635,0.0061
33.9317,34.9131,-0.9557,-5.2485,-0.0040,-34.9493,0.5575,3.0616,0.0070
33.9519,34.8928,-1.0613,-5.2450,-0.0108,-34.9375,0.6191,3.0596,0.0096
33.9718,34.8706,-1.1661,-5.2411,14.0914,-34.9245,0.6802,3.0573,-5.4833
33.9919,34.8462,-1.2709,-5.2368,-0.0152,-34.9103,0.7414,3.0548,0.0112
34.0118,34.8198,-1.3753,-5.2322,-0.0172,-34.8949,0.8023,3.0521,0.0122
34.0317,34.7914,-1.4793,-5.2272,-0.0192,-34.8783,0.8629,3.0492,0.0131
34.0517,34.7608,-1.5838,-5.2218,-0.0163,-34.8604,0.9239,3.0461,0.0115
34.0717,34.7280,-1.6883,-5.2161,-0.0183,-34.8413,0.9848,3.0427,0.0123
34.0917,34.6932,-1.7925,-5.2100,-0.0204,-34.8211,1.0456,3.0391,0.0130
34.1117,34.6563,-1.8966,-5.2035,-0.0225,-34.7995,1.1064,3.0354,0.0138
34.1317,34.6174,-2.0006,-5.1967,-0.0245,-34.7768,1.1670,3.0314,0.0146
34.1517,34.5763,-2.1045,-5.1895,-0.0266,-34.7529,1.2276,3.0272,0.0153
34.1717,34.5332,-2.2083,-5.1819,-0.0293,-34.7277,1.2881,3.0228,0.0163
34.1918,34.4878,-2.3121,-5.1739,-0.0310,-34.7012,1.3488,3.0181,0.0170
34.2118,34.4406,-2.4155,-5.1656,-0.0334,-34.6737,1.4090,3.0133,0.0179
34.2317,34.3913,-2.5186,-5.1570,-0.0351,-34.6449,1.4692,3.0082,0.0185
34.2517,34.3399,-2.6217,-5.1480,-0.0372,-34.6149,1.5293,3.0030,0.0193
34.2717,34.2864,-2.7245,-5.1386,-0.0393,-34.5837,1.5893,2.9975,0.0200
34.2917,34.2309,-2.8272,-5.1288,-0.0410,-34.5514,1.6492,2.9918,0.0206
34.3117,34.1735,-2.9294,-5.1188,-0.0434,-34.5178,1.7088,2.9859,0.0215
34.3317,34.1137,-3.0320,-5.1083,-0.0451,-34.4830,1.7687,2.9798,0.0221
34.3519,34.0516,-3.1347,-5.0974,-0.0477,-34.4468,1.8286,2.9735,0.0231
34.3722,33.9867,-3.2384,-5.0860,-0.0501,-34.4089,1.8891,2.9668,0.0240
34.3933,33.9174,-3.3454,-5.0738,-0.0542,-34.3685,1.9515,2.9597,0.0256
34.4120,33.8539,-3.4403,-5.0627,-0.0479,-34.3314,2.0068,2.9532,0.0231
34.4318,33.7849,-3.5402,-5.0506,-0.0559,-34.2912,2.0651,2.9462,0.0261
34.4518,33.7132,-3.6409,-5.0380,-0.0583,-34.2494,2.1239,2.9388,0.0270
34.4717,33.6395,-3.7414,-5.0251,-0.0600,-34.2064,2.1825,2.9313,0.0276
34.4919,33.5629,-3.8428,-5.0116,-0.0623,-34.1617,2.2416,2.9235,0.0285
34.5118,33.4854,-3.9424,-4.9980,-0.0640,-34.1165,2.2998,2.9155,0.0291
34.5319,33.4054,-4.0424,-4.9840,-0.0662,-34.0698,2.3581,2.9073,0.0299
34.5518,33.3238,-4.1417,-4.9697,-0.0685,-34.0222,2.4160,2.8990,0.0307
34.5717,33.2402,-4.2406,-4.9550,-0.0705,-33.9735,2.4737,2.8904,0.0315
34.5919,33.1538,-4.3402,-4.9399,-0.0925,-33.9231,2.5318,2.8816,0.0403
34.6119,33.0660,-4.4390,-4.9244,-0.1169,-33.8718,2.5894,2.8726,0.0497
34.6318,32.9766,-4.5369,-4.9088,-0.1416,-33.8197,2.6465,2.8634,0.0593
34.6519,32.8844,-4.6353,-4.8926,-0.1671,-33.7659,2.7040,2.8540,0.0692
34.6718,32.7912,-4.7325,-4.8762,-0.1929,-33.7115,2.7607,2.8445,0.0792
34.6918,32.6954,-4.8301,-4.8594,-0.2193,-33.6557,2.8175,2.8347,0.0894
34.7118,32.5983,-4.9267,-4.8424,-0.2461,-33.5990,2.8739,2.8247,0.0998
34.7318,32.4984,-5.0238,-4.8249,-0.2736,-33.5407,2.9305,2.8145,0.1105
34.7522,32.3949,-5.1220,-4.8067,-0.3021,-33.4804,2.9878,2.8039,0.1215
34.7722,32.2919,-5.2175,-4.7886,-0.3304,-33.4203,3.0436,2.7934,0.1325
34.7921,32.1871,-5.3127,-4.7702,-0.3592,-33.3591,3.0991,2.7826,0.1436
34.8121,32.0798,-5.4080,-4.7514,-0.3886,-33.2965,3.1547,2.7717,0.1551
34.8322,31.9698,-5.5036,-4.7321,-0.4187,-33.2324,3.2104,2.7604,0.1667
34.8522,31.8589,-5.5980,-4.7126,-0.4491,-33.1677,3.2655,2.7490,0.1785
34.8722,31.7463,-5.6918,-4.6929,-0.4799,-33.1020,3.3202,2.7375,0.1905
34.8922,31.6313,-5.7856,-4.6727,-0.5113,-33.0349,3.3749,2.7258,0.2026
34.9122,31.5148,-5.8788,-4.6523,-0.5431,-32.9669,3.4293,2.7138,0.2150
34.9321,31.3967,-5.9712,-4.6316,-0.5753,-32.8981,3.4832,2.7017,0.2275
34.9522,31.2759,-6.0640,-4.6104,-0.6082,-32.8276,3.5373,2.6894,0.2402
34.9721,31.1545,-6.1554,-4.5891,-0.6413,-32.7568,3.5906,2.6770,0.2531
34.9921,31.0301,-6.2472,-4.5672,-0.6751,-32.6842,3.6442,2.6642,0.2662
35.0122,30.9040,-6.3386,-4.5451,-0.7094,-32.6106,3.6975,2.6513,0.2795
35.0321,30.7764,-6.4291,-4.5227,-0.7441,-32.5363,3.7503,2.6383,0.2929
35.0522,30.6464,-6.5198,-4.4999,-0.7794,-32.4604,3.8032,2.6249,0.3066
35.0721,30.5159,-6.6090,-4.4770,-0.8148,-32.3843,3.8553,2.6116,0.3204
35.0921,30.3826,-6.6984,-4.4536,-0.8509,-32.3065,3.9074,2.5980,0.3344
35.1122,30.2471,-6.7877,-4.4299,-0.8876,-32.2275,3.9595,2.5841,0.3487
35.1322,30.1106,-6.8760,-4.4059,-0.9246,-32.1478,4.0110,2.5701,0.3630
35.1522,29.9724,-6.9637,-4.3816,-0.9620,-32.0672,4.0622,2.5560,0.3775
35.1721,29.8330,-7.0507,-4.3572,-0.9997,-31.9859,4.1129,2.5417,0.3922
35.1922,29.6900,-7.1382,-4.3321,-1.0384,-31.9025,4.1640,2.5271,0.4072
35.2121,29.5472,-7.2241,-4.3070,-1.0770,-31.8192,4.2141,2.5124,0.4221
35.2321,29.4017,-7.3101,-4.2815,-1.1163,-31.7343,4.2642,2.4976,0.4374
35.2521,29.2547,-7.3955,-4.2557,-1.1560,-31.6486,4.3140,2.4825,0.4528
35.2721,29.1061,-7.4802,-4.2296,-1.1960,-31.5619,4.3635,2.4673,0.4684
35.2921,28.9560,-7.5643,-4.2033,-1.2365,-31.4744,4.4125,2.4519,0.4841
35.3122,28.8032,-7.6485,-4.1765,-1.2777,-31.3852,4.4616,2.4363,0.5000
35.3322,28.6495,-7.7317,-4.1495,-1.3191,-31.2955,4.5102,2.4206,0.5161
35.3522,28.4933,-7.8148,-4.1221,-1.3611,-31.2044,4.5586,2.4046,0.5324
35.3721,28.3370,-7.8966,-4.0947,-1.4032,-31.1133,4.6063,2.3886,0.5488
35.3922,28.1777,-7.9784,-4.0668,-1.4460,-31.0203,4.6541,2.3723,0.5654
35.4122,28.0172,-8.0596,-4.0386,-1.4892,-30.9267,4.7014,2.3558,0.5822
35.4322,27.8551,-8.1401,-4.0101,-1.5328,-30.8321,4.7484,2.3393,0.5991
35.4522,27.6919,-8.2198,-3.9815,-1.5766,-30.7369,4.7949,2.3225,0.6161
35.4721,27.5277,-8.2987,-3.9527,-1.6207,-30.6412,4.8409,2.3057,0.6332
35.4920,27.3616,-8.3772,-3.9236,-1.6653,-30.5442,4.8867,2.2887,0.6505
35.5121,27.1922,-8.4558,-3.8938,-1.7107,-30.4455,4.9326,2.2714,0.6682
35.5321,27.0227,-8.5332,-3.8641,-1.7562,-30.3466,4.9777,2.2541,0.6858
35.5521,26.8508,-8.6104,-3.8339,-1.8022,-30.2463,5.0227,2.2365,0.7037
35.5721,26.6783,-8.6866,-3.8037,-1.8485,-30.1457,5.0672,2.2188,0.7217
35.5922,26.5028,-8.7628,-3.7729,-1.8955,-30.0433,5.1116,2.2008,0.7399
35.6122,26.3266,-8.8380,-3.7420,-1.9427,-29.9405,5.1555,2.1828,0.7582
35.6323,26.1486,-8.9128,-3.7107,-1.9903,-29.8367,5.1991,2.1646,0.7768
35.6522,25.9704,-8.9863,-3.6795,-2.0380,-29.7327,5.2420,2.1463,0.7953
35.6722,25.7901,-9.0595,-3.6478,-2.0862,-29.6276,5.2847,2.1279,0.8140
35.6919,25.6103,-9.1313,-3.6163,-2.1343,-29.5227,5.3266,2.1095,0.8327
35.7119,25.4271,-9.2033,-3.5841,-2.1833,-29.4158,5.3686,2.0907,0.8517
35.7319,25.2426,-9.2745,-3.5518,-2.2325,-29.3082,5.4101,2.0719,0.8708
35.7519,25.0564,-9.3452,-3.5191,-2.2823,-29.1996,5.4514,2.0528,0.8902
35.7718,24.8697,-9.4150,-3.4863,-2.3321,-29.0906,5.4921,2.0337,0.9095
35.7918,24.6807,-9.4843,-3.4532,-2.3826,-28.9804,5.5325,2.0143,0.9291
35.8118,24.4901,-9.5532,-3.4197,-2.4334,-28.8692,5.5727,1.9948,0.9489
35.8319,24.2975,-9.6215,-3.3859,-2.4848,-28.7569,5.6126,1.9751,0.9688
35.8519,24.1044,-9.6889,-3.3521,-2.5363,-28.6443,5.6518,1.9554,0.9888
35.8719,23.9101,-9.7555,-3.3180,-2.5881,-28.5309,5.6907,1.9355,1.0089
35.8919,23.7141,-9.8217,-3.2836,-2.6404,-28.4165,5.7293,1.9154,1.0292
35.9118,23.5178,-9.8867,-3.2491,-2.6927,-28.3020,5.7673,1.8953,1.0496
35.9318,23.3197,-9.9512,-3.2144,-2.7454,-28.1865,5.8049,1.8751,1.0700
35.9518,23.1196,-10.0153,-3.1793,-2.7987,-28.0698,5.8423,1.8546,1.0908
35.9719,22.9184,-10.0786,-3.1440,-2.8522,-27.9524,5.8792,1.8340,1.1116
35.9918,22.7166,-10.1411,-3.1085,-2.9060,-27.8347,5.9156,1.8133,1.1324
36.0118,22.5131,-10.2029,-3.0728,-2.9601,-27.7159,5.9517,1.7925,1.1535
36.0320,22.3066,-10.2645,-3.0366,-3.0150,-27.5955,5.9876,1.7714,1.1748
36.0518,22.1026,-10.3243,-3.0008,-3.0692,-27.4765,6.0225,1.7505,1.1959
36.0718,21.8956,-10.3840,-2.9645,-3.1243,-27.3558,6.0573,1.7293,1.2172
36.0918,21.6871,-10.4430,-2.9279,-3.1797,-27.2341,6.0917,1.7079,1.2388
36.1119,21.4766,-10.5014,-2.8910,-3.2356,-27.1114,6.1258,1.6864,1.2605
36.1319,21.2660,-10.5589,-2.8540,-3.2916,-26.9885,6.1593,1.6648,1.2822
36.1521,21.0530,-10.6159,-2.8167,-3.3481,-26.8643,6.1926,1.6431,1.3042
36.1721,20.8397,-10.6720,-2.7792,-3.4047,-26.7398,6.2253,1.6212,1.3262
36.1921,20.6261,-10.7271,-2.7418,-3.4614,-26.6152,6.2575,1.5994,1.3482
36.2120,20.4118,-10.7814,-2.7041,-3.5183,-26.4902,6.2891,1.5774,1.3703
36.2321,20.1946,-10.8353,-2.6660,-3.5759,-26.3635,6.3206,1.5552,1.3927
36.2521,19.9766,-10.8884,-2.6278,-3.6337,-26.2363,6.3516,1.5329,1.4152
36.2721,19.7594,-10.9404,-2.5897,-3.6913,-26.1096,6.3819,1.5106,1.4376
36.2921,19.5393,-10.9919,-2.5511,-3.7496,-25.9813,6.4120,1.4881,1.4602
36.3121,19.3189,-11.0426,-2.5124,-3.8081,-25.8527,6.4415,1.4656,1.4829
36.3318,19.1010,-11.0917,-2.4742,-3.8658,-25.7256,6.4702,1.4433,1.5054
36.3518,18.8786,-11.1408,-2.4351,-3.9247,-25.5958,6.4988,1.4205,1.5283
36.3721,18.6525,-11.1897,-2.3955,-3.9846,-25.4640,6.5273,1.3974,1.5515
36.3918,18.4316,-11.2365,-2.3567,-4.0431,-25.3351,6.5546,1.3747,1.5743
36.4119,18.2052,-11.2835,-2.3170,-4.1030,-25.2030,6.5820,1.3516,1.5975
36.4318,17.9796,-11.3293,-2.2774,-4.1627,-25.0715,6.6088,1.3285,1.6207
36.4520,17.7502,-11.3749,-2.2372,-4.2234,-24.9376,6.6354,1.3050,1.6443
36.4721,17.5220,-11.4194,-2.1971,-4.2837,-24.8045,6.6613,1.2816,1.6678
36.4921,17.2931,-11.4629,-2.1569,-4.3443,-24.6710,6.6867,1.2582,1.6913
36.5119,17.0656,-11.5052,-2.1170,-4.4044,-24.5383,6.7114,1.2349,1.7147
36.5320,16.8340,-11.5474,-2.0764,-4.4656,-24.4032,6.7360,1.2112,1.7385
36.5521,16.6013,-11.5887,-2.0356,-4.5271,-24.2674,6.7601,1.1874,1.7624
36.5721,16.3693,-11.6290,-1.9949,-4.5884,-24.1321,6.7836,1.1637,1.7862
36.5921,16.1360,-11.6685,-1.9539,-4.6501,-23.9960,6.8067,1.1398,1.8102
36.6119,15.9044,-11.7069,-1.9133,-4.7113,-23.8609,6.8290,1.1161,1.8340
36.6321,15.6681,-11.7450,-1.8718,-4.7736,-23.7231,6.8512,1.0919,1.8582
36.6521,15.4326,-11.7821,-1.8305,-4.8358,-23.5857,6.8729,1.0678,1.8824
36.6721,15.1965,-11.8183,-1.7891,-4.8981,-23.4479,6.8940,1.0436,1.9066
36.6922,14.9586,-11.8538,-1.7473,-4.9609,-23.3092,6.9147,1.0193,1.9310
36.7118,14.7259,-11.8877,-1.7065,-5.0223,-23.1735,6.9345,0.9955,1.9548
36.7318,14.4878,-11.9214,-1.6647,-5.0851,-23.0345,6.9541,0.9711,1.9793
36.7518,14.2493,-11.9542,-1.6229,-5.1480,-22.8954,6.9733,0.9467,2.0037
36.7718,14.0097,-11.9863,-1.5808,-5.2112,-22.7556,6.9920,0.9222,2.0283
36.7919,13.7686,-12.0176,-1.5385,-5.2747,-22.6150,7.0103,0.8975,2.0530
36.8119,13.5277,-12.0480,-1.4963,-5.3382,-22.4745,7.0280,0.8728,2.0777
36.8319,13.2868,-12.0775,-1.4540,-5.4017,-22.3339,7.0452,0.8482,2.1023
36.8518,13.0456,-12.1060,-1.4117,-5.4652,-22.1933,7.0618,0.8235,2.1270
36.8718,12.8029,-12.1339,-1.3691,-5.5292,-22.0517,7.0781,0.7986,2.1519
36.8918,12.5604,-12.1608,-1.3265,-5.5930,-21.9102,7.0938,0.7738,2.1767
36.9118,12.3171,-12.1869,-1.2839,-5.6571,-21.7683,7.1090,0.7489,2.2016
36.9318,12.0725,-12.2122,-1.2409,-5.7215,-21.6256,7.1238,0.7239,2.2266
36.9518,11.8285,-12.2365,-1.1981,-5.7857,-21.4833,7.1380,0.6989,2.2516
36.9718,11.5836,-12.2600,-1.1552,-5.8501,-21.3405,7.1517,0.6738,2.2767
36.9918,11.3383,-12.2827,-1.1121,-5.9147,-21.1973,7.1649,0.6487,2.3018
37.0119,11.0912,-12.3046,-1.0688,-5.9797,-21.0532,7.1777,0.6234,2.3270
37.0318,10.8461,-12.3255,-1.0257,-6.0442,-20.9102,7.1899,0.5984,2.3521
37.0518,10.5993,-12.3455,-0.9825,-6.1090,-20.7663,7.2016,0.5731,2.3773
37.0718,10.3519,-12.3648,-0.9390,-6.1741,-20.6219,7.2128,0.5478,2.4026
37.0919,10.1037,-12.3832,-0.8955,-6.2393,-20.4772,7.2235,0.5224,2.4280
37.1118,9.8563,-12.4006,-0.8521,-6.3043,-20.3329,7.2337,0.4971,2.4532
37.1321,9.6049,-12.4175,-0.8080,-6.3704,-20.1862,7.2435,0.4713,2.4789
37.1518,9.3595,-12.4330,-0.7649,-6.4348,-20.0430,7.2526,0.4462,2.5040
37.1719,9.1098,-12.4479,-0.7211,-6.5004,-19.8974,7.2613,0.4206,2.5295
37.1920,8.8599,-12.4619,-0.6772,-6.5660,-19.7516,7.2695,0.3951,2.5550
37.2121,8.6096,-12.4751,-0.6333,-6.6317,-19.6056,7.2771,0.3694,2.5805
37.2321,8.3589,-12.4874,-0.5894,-6.6975,-19.4594,7.2843,0.3438,2.6061
37.2521,8.1099,-12.4987,-0.5457,-6.7629,-19.3141,7.2909,0.3183,2.6315
37.2721,7.8599,-12.5091,-0.5018,-6.8285,-19.1682,7.2970,0.2927,2.6571
37.2920,7.6102,-12.5187,-0.4580,-6.8940,-19.0226,7.3026,0.2672,2.6825
37.3121,7.3587,-12.5275,-0.4139,-6.9600,-18.8759,7.3077,0.2414,2.7082
37.3320,7.1092,-12.5353,-0.3701,-7.0254,-18.7304,7.3122,0.2159,2.7336
37.3523,6.8548,-12.5423,-0.3254,-7.0921,-18.5820,7.3164,0.1898,2.7595
37.3721,6.6064,-12.5483,-0.2819,-7.1572,-18.4371,7.3199,0.1644,2.7849
37.3922,6.3548,-12.5536,-0.2377,-7.2232,-18.2903,7.3229,0.1387,2.8105
37.4121,6.1038,-12.5579,-0.1937,-7.2889,-18.1439,7.3254,0.1130,2.8361
37.4322,5.8521,-12.5613,-0.1495,-7.3549,-17.9970,7.3274,0.0872,2.8617
37.4519,5.6039,-12.5638,-0.1060,-7.4199,-17.8523,7.3289,0.0618,2.8870
37.4720,5.3519,-12.5655,-0.0618,-7.4859,-17.7053,7.3299,0.0360,2.9127
37.4919,5.1015,-12.5663,-0.0178,-7.5514,-17.5592,7.3303,0.0104,2.9382
37.5120,4.8495,-12.5662,0.0264,-7.6174,-17.4122,7.3303,-0.0154,2.9638
37.5320,4.5980,-12.5652,0.0705,-7.6832,-17.2655,7.3297,-0.0411,2.9894
37.5520,4.3467,-12.5634,0.1146,-7.7490,-17.1189,7.3286,-0.0669,3.0150
37.5721,4.0946,-12.5606,0.1589,-7.8150,-16.9719,7.3270,-0.0927,3.0407
37.5922,3.8412,-12.5570,0.2033,-7.8812,-16.8241,7.3249,-0.1186,3.0664
37.6122,3.5901,-12.5525,0.2474,-7.9469,-16.6776,7.3223,-0.1443,3.0920
37.6322,3.3392,-12.5471,0.2914,-8.0125,-16.5312,7.3191,-0.1700,3.1175
37.6522,3.0891,-12.5409,0.3353,-8.0779,-16.3853,7.3155,-0.1956,3.1429
37.6721,2.8390,-12.5337,0.3792,-8.1433,-16.2394,7.3113,-0.2212,3.1684
37.6921,2.5882,-12.5257,0.4232,-8.2088,-16.0931,7.3067,-0.2468,3.1938
37.7122,2.3374,-12.5168,0.4672,-8.2744,-15.9468,7.3015,-0.2725,3.2193
37.7322,2.0872,-12.5070,0.5111,-8.3398,-15.8009,7.2957,-0.2981,3.2448
37.7521,1.8374,-12.4963,0.5549,-8.4050,-15.6551,7.2895,-0.3237,3.2701
37.7722,1.5865,-12.4848,0.5989,-8.4705,-15.5088,7.2828,-0.3494,3.2956
37.7923,1.3361,-12.4723,0.6429,-8.5359,-15.3627,7.2755,-0.3750,3.3211
37.8122,1.0881,-12.4591,0.6864,-8.6007,-15.2180,7.2678,-0.4004,3.3462
37.8322,0.8387,-12.4449,0.7301,-8.6657,-15.0726,7.2595,-0.4259,3.3716
37.8522,0.5903,-12.4299,0.7737,-8.7306,-14.9277,7.2508,-0.4513,3.3968
37.8722,0.3422,-12.4140,0.8173,-8.7953,-14.7830,7.2415,-0.4767,3.4219
37.8921,0.0948,-12.3973,0.8607,-8.8598,-14.6386,7.2317,-0.5021,3.4471
37.9119,-0.1508,-12.3798,0.9038,-8.9239,-14.4954,7.2215,-0.5272,3.4720
37.9323,-0.4027,-12.3609,0.9480,-8.9896,-14.3484,7.2105,-0.5530,3.4975
37.9522,-0.6480,-12.3417,0.9910,-9.0535,-14.2053,7.1993,-0.5781,3.5224
37.9721,-0.8939,-12.3215,1.0341,-9.1176,-14.0619,7.1875,-0.6032,3.5473
37.9921,-1.1407,-12.3003,1.0774,-9.1819,-13.9179,7.1752,-0.6285,3.5723
38.0121,-1.3860,-12.2784,1.1205,-9.2458,-13.7749,7.1624,-0.6536,3.5972
38.0320,-1.6306,-12.2556,1.1634,-9.3096,-13.6321,7.1491,-0.6787,3.6220
38.0521,-1.8763,-12.2318,1.2065,-9.3736,-13.4888,7.1352,-0.7038,3.6469
38.0722,-2.1218,-12.2071,1.2496,-9.4375,-13.3456,7.1208,-0.7289,3.6718
38.0922,-2.3658,-12.1817,1.2924,-9.5010,-13.2033,7.1060,-0.7539,3.6965
38.1123,-2.6099,-12.1554,1.3352,-9.5645,-13.0609,7.0906,-0.7789,3.7212
38.1322,-2.8521,-12.1283,1.3777,-9.6276,-12.9196,7.0748,-0.8037,3.7457
38.1522,-3.0942,-12.1003,1.4202,-9.6906,-12.7784,7.0585,-0.8285,3.7702
38.1722,-3.3361,-12.0715,1.4626,-9.7535,-12.6373,7.0417,-0.8532,3.7947
38.1922,-3.5770,-12.0418,1.5049,-9.8161,-12.4967,7.0244,-0.8779,3.8191
38.2122,-3.8175,-12.0113,1.5471,-9.8787,-12.3565,7.0066,-0.9025,3.8434
38.2321,-4.0561,-11.9801,1.5890,-9.9407,-12.2173,6.9884,-0.9269,3.8675
38.2523,-4.2980,-11.9476,1.6314,-10.0036,-12.0762,6.9694,-0.9517,3.8920
38.2722,-4.5358,-11.9146,1.6731,-10.0654,-11.9374,6.9502,-0.9760,3.9160
38.2921,-4.7722,-11.8810,1.7146,-10.1268,-11.7996,6.9306,-1.0002,3.9399
38.3119,-5.0073,-11.8466,1.7559,-10.1879,-11.6624,6.9105,-1.0243,3.9637
38.3320,-5.2452,-11.8109,1.7976,-10.2497,-11.5236,6.8897,-1.0486,3.9877
38.3522,-5.4829,-11.7742,1.8393,-10.3114,-11.3850,6.8683,-1.0729,4.0118
38.3722,-5.7187,-11.7369,1.8807,-10.3726,-11.2474,6.8465,-1.0971,4.0356
38.3921,-5.9516,-11.6991,1.9216,-10.4330,-11.1116,6.8245,-1.1209,4.0591
38.4122,-6.1858,-11.6602,1.9627,-10.4938,-10.9749,6.8018,-1.1449,4.0827
38.4321,-6.4179,-11.6206,2.0034,-10.5540,-10.8396,6.7787,-1.1686,4.1062
38.4521,-6.6501,-11.5801,2.0441,-10.6142,-10.7041,6.7551,-1.1924,4.1296
38.4721,-6.8809,-11.5389,2.0846,-10.6741,-10.5695,6.7310,-1.2160,4.1529
38.4921,-7.1115,-11.4968,2.1251,-10.7338,-10.4350,6.7065,-1.2396,4.1761
38.5122,-7.3422,-11.4536,2.1656,-10.7936,-10.3004,6.6813,-1.2632,4.1994
38.5321,-7.5701,-11.4101,2.2055,-10.8527,-10.1675,6.6559,-1.2866,4.2224
38.5521,-7.7973,-11.3657,2.2454,-10.9116,-10.0349,6.6300,-1.3098,4.2453
38.5721,-8.0239,-11.3204,2.2852,-10.9703,-9.9027,6.6036,-1.3330,4.2681
38.5921,-8.2503,-11.2742,2.3249,-11.0289,-9.7707,6.5766,-1.3562,4.2910
38.6119,-8.4726,-11.2279,2.3639,-11.0864,-9.6410,6.5496,-1.3789,4.3133
38.6321,-8.6997,-11.1796,2.4037,-11.1452,-9.5085,6.5214,-1.4022,4.3362
38.6521,-8.9227,-11.1311,2.4429,-11.2029,-9.3784,6.4932,-1.4250,4.3587
38.6721,-9.1443,-11.0820,2.4818,-11.2603,-9.2491,6.4645,-1.4477,4.3810
38.6921,-9.3653,-11.0320,2.5205,-11.3174,-9.1202,6.4353,-1.4703,4.4032
38.7119,-9.5834,-10.9817,2.5588,-11.3738,-8.9930,6.4060,-1.4926,4.4252
38.7319,-9.8025,-10.9301,2.5972,-11.4305,-8.8652,6.3759,-1.5151,4.4472
38.7519,-10.0206,-10.8778,2.6355,-11.4868,-8.7380,6.3454,-1.5374,4.4692
38.7719,-10.2374,-10.8248,2.6736,-11.5428,-8.6115,6.3144,-1.5596,4.4910
38.7919,-10.4532,-10.7710,2.7114,-11.5986,-8.4856,6.2831,-1.5817,4.5127
38.8119,-10.6684,-10.7163,2.7492,-11.6542,-8.3601,6.2512,-1.6037,4.5343
38.8319,-10.8824,-10.6609,2.7867,-11.7094,-8.2353,6.2188,-1.6256,4.5558
38.8519,-11.0951,-10.6047,2.8240,-11.7643,-8.1112,6.1861,-1.6474,4.5772
38.8719,-11.3065,-10.5479,2.8611,-11.8189,-7.9879,6.1529,-1.6690,4.5984
38.8918,-11.5157,-10.4906,2.8978,-11.8728,-7.8658,6.1195,-1.6904,4.6194
38.9118,-11.7252,-10.4323,2.9346,-11.9269,-7.7436,6.0855,-1.7118,4.6405
38.9318,-11.9336,-10.3731,2.9712,-11.9806,-7.6221,6.0510,-1.7332,4.6614
38.9521,-12.1432,-10.3125,3.0079,-12.0346,-7.4998,6.0156,-1.7546,4.6824
38.9722,-12.3492,-10.2519,3.0441,-12.0877,-7.3796,5.9803,-1.7757,4.7031
38.9921,-12.5532,-10.1908,3.0799,-12.1403,-7.2606,5.9446,-1.7966,4.7235
39.0119,-12.7548,-10.1293,3.1152,-12.1922,-7.1430,5.9088,-1.8172,4.7437
39.0321,-12.9583,-10.0662,3.1510,-12.2446,-7.0243,5.8719,-1.8381,4.7641
39.0521,-13.1586,-10.0029,3.1861,-12.2961,-6.9075,5.8350,-1.8586,4.7842
39.0721,-13.3583,-9.9388,3.2211,-12.3475,-6.7910,5.7976,-1.8790,4.8042
39.0920,-13.5560,-9.8741,3.2558,-12.3984,-6.6757,5.7599,-1.8992,4.8240
39.1121,-13.7533,-9.8085,3.2904,-12.4491,-6.5606,5.7216,-1.9194,4.8438
39.1322,-13.9496,-9.7421,3.3249,-12.4996,-6.4461,5.6829,-1.9395,4.8634
39.1521,-14.1426,-9.6757,3.3587,-12.5492,-6.3335,5.6441,-1.9593,4.8827
39.1721,-14.3354,-9.6082,3.3926,-12.5987,-6.2210,5.6048,-1.9790,4.9020
39.1922,-14.5283,-9.5394,3.4264,-12.6483,-6.1085,5.5647,-1.9988,4.9213
39.2120,-14.7167,-9.4712,3.4595,-12.6966,-5.9986,5.5249,-2.0180,4.9401
39.2321,-14.9065,-9.4013,3.4928,-12.7453,-5.8879,5.4841,-2.0375,4.9591
39.2521,-15.0936,-9.3312,3.5256,-12.7933,-5.7788,5.4432,-2.0566,4.9778
39.2722,-15.2803,-9.2601,3.5584,-12.8412,-5.6698,5.4017,-2.0757,4.9964
39.2923,-15.4654,-9.1883,3.5909,-12.8887,-5.5618,5.3599,-2.0947,5.0149
39.3123,-15.6486,-9.1161,3.6230,-12.9356,-5.4550,5.3177,-2.1134,5.0332
39.3321,-15.8290,-9.0438,3.6547,-12.9819,-5.3497,5.2756,-2.1319,5.0512
39.3522,-16.0099,-8.9701,3.6864,-13.0282,-5.2442,5.2326,-2.1504,5.0692
39.3722,-16.1881,-8.8963,3.7177,-13.0738,-5.1403,5.1895,-2.1686,5.0870
39.3921,-16.3650,-8.8217,3.7487,-13.1191,-5.0371,5.1460,-2.1867,5.1046
39.4121,-16.5400,-8.7467,3.7794,-13.1638,-4.9350,5.1023,-2.2046,5.1221
39.4321,-16.7145,-8.6707,3.8100,-13.2085,-4.8332,5.0579,-2.2225,5.1395
39.4518,-16.8844,-8.5954,3.8398,-13.2519,-4.7341,5.0140,-2.2399,5.1564
39.4720,-17.0577,-8.5173,3.8702,-13.2962,-4.6330,4.9684,-2.2576,5.1736
39.4921,-17.2276,-8.4395,3.9001,-13.3396,-4.5339,4.9230,-2.2750,5.1905
39.5120,-17.3951,-8.3614,3.9294,-13.3823,-4.4362,4.8775,-2.2922,5.2072
39.5321,-17.5619,-8.2824,3.9587,-13.4249,-4.3389,4.8314,-2.3092,5.2237
39.5520,-17.7261,-8.2032,3.9875,-13.4668,-4.2431,4.7852,-2.3261,5.2401
39.5721,-17.8903,-8.1228,4.0163,-13.5086,-4.1473,4.7383,-2.3429,5.2564
39.5922,-18.0524,-8.0419,4.0448,-13.5499,-4.0528,4.6911,-2.3594,5.2725
39.6122,-18.2126,-7.9606,4.0729,-13.5908,-3.9593,4.6437,-2.3758,5.2884
39.6323,-18.3717,-7.8785,4.1008,-13.6313,-3.8665,4.5958,-2.3921,5.3041
39.6521,-18.5268,-7.7971,4.1280,-13.6707,-3.7760,4.5483,-2.4080,5.3195
39.6722,-18.6832,-7.7136,4.1554,-13.7105,-3.6848,4.4996,-2.4240,5.3350
39.6923,-18.8370,-7.6300,4.1824,-13.7496,-3.5951,4.4509,-2.4397,5.3502
39.7121,-18.9877,-7.5467,4.2089,-13.7879,-3.5072,4.4022,-2.4552,5.3652
39.7321,-19.1378,-7.4622,4.2352,-13.8260,-3.4196,4.3530,-2.4705,5.3800
39.7522,-19.2865,-7.3771,4.2613,-13.8637,-3.3329,4.3033,-2.4858,5.3947
39.7722,-19.4334,-7.2915,4.2871,-13.9010,-3.2472,4.2534,-2.5008,5.4092
39.7922,-19.5785,-7.2054,4.3125,-13.9378,-3.1625,4.2032,-2.5156,5.4236
39.8122,-19.7220,-7.1188,4.3377,-13.9741,-3.0789,4.1526,-2.5303,5.4377
39.8322,-19.8633,-7.0319,4.3625,-14.0099,-2.9964,4.1019,-2.5448,5.4517
39.8521,-20.0021,-6.9450,4.3869,-14.0451,-2.9154,4.0512,-2.5590,5.4654
39.8722,-20.1408,-6.8566,4.4112,-14.0801,-2.8345,3.9997,-2.5732,5.4790
39.8921,-20.2764,-6.7686,4.4350,-14.1144,-2.7555,3.9483,-2.5871,5.4924
39.9121,-20.4112,-6.6794,4.4586,-14.1485,-2.6768,3.8963,-2.6009,5.5057
39.9321,-20.5438,-6.5901,4.4819,-14.1819,-2.5995,3.8442,-2.6144,5.5187
39.9520,-20.6742,-6.5005,4.5048,-14.2148,-2.5234,3.7920,-2.6278,5.5315
39.9722,-20.8041,-6.4096,4.5276,-14.2476,-2.4476,3.7390,-2.6411,5.5443
39.9920,-20.9304,-6.3196,4.5497,-14.2794,-2.3739,3.6864,-2.6540,5.5567
40.0120,-21.0561,-6.2282,4.5718,-14.3110,-2.3006,3.6331,-2.6669,5.5690
40.0321,-21.1804,-6.1361,4.5936,-14.3422,-2.2281,3.5794,-2.6796,5.5812
40.0519,-21.3009,-6.0450,4.6147,-14.3725,-2.1578,3.5263,-2.6919,5.5930
40.0721,-21.4221,-5.9515,4.6360,-14.4029,-2.0871,3.4717,-2.7043,5.6049
40.0922,-21.5403,-5.8585,4.6568,-14.4326,-2.0182,3.4175,-2.7164,5.6165
40.1121,-21.6565,-5.7652,4.6771,-14.4617,-1.9504,3.3631,-2.7283,5.6278
40.1321,-21.7708,-5.6715,4.6972,-14.4903,-1.8837,3.3084,-2.7400,5.6390
40.1521,-21.8833,-5.5774,4.7169,-14.5185,-1.8181,3.2535,-2.7515,5.6499
40.1722,-21.9941,-5.4826,4.7364,-14.5461,-1.7534,3.1982,-2.7629,5.6607
40.1921,-22.1026,-5.3879,4.7554,-14.5732,-1.6901,3.1429,-2.7740,5.6713
40.2121,-22.2091,-5.2929,4.7741,-14.5998,-1.6281,3.0875,-2.7849,5.6817
40.2322,-22.3146,-5.1966,4.7926,-14.6261,-1.5665,3.0314,-2.7957,5.6919
40.2521,-22.4173,-5.1009,4.8106,-14.6516,-1.5066,2.9755,-2.8062,5.7019
40.2721,-22.5183,-5.0046,4.8283,-14.6767,-1.4477,2.9193,-2.8165,5.7117
40.2920,-22.6170,-4.9083,4.8457,-14.7012,-1.3901,2.8632,-2.8266,5.7212
40.3121,-22.7146,-4.8108,4.8628,-14.7254,-1.3332,2.8063,-2.8366,5.7307
40.3322,-22.8102,-4.7129,4.8796,-14.7491,-1.2774,2.7492,-2.8464,5.7399
40.3521,-22.9032,-4.6155,4.8959,-14.7720,-1.2232,2.6924,-2.8559,5.7489
40.3722,-22.9949,-4.5170,4.9120,-14.7947,-1.1696,2.6349,-2.8653,5.7577
40.3921,-23.0836,-4.4193,4.9275,-14.8165,-1.1179,2.5780,-2.8744,5.7663
40.4123,-23.1719,-4.3197,4.9430,-14.8382,-1.0664,2.5198,-2.8834,5.7747
40.4321,-23.2565,-4.2215,4.9579,-14.8590,-1.0170,2.4626,-2.8921,5.7828
40.4519,-23.3392,-4.1232,4.9724,-14.8793,-0.9688,2.4052,-2.9006,5.7908
40.4719,-23.4206,-4.0236,4.9867,-14.8992,-0.9213,2.3471,-2.9089,5.7985
40.4919,-23.5002,-3.9236,5.0006,-14.9187,-0.8749,2.2888,-2.9170,5.8061
40.5119,-23.5777,-3.8235,5.0142,-14.9375,-0.8297,2.2304,-2.9250,5.8135
40.5319,-23.6530,-3.7233,5.0274,-14.9559,-0.7858,2.1719,-2.9327,5.8207
40.5519,-23.7265,-3.6225,5.0403,-14.9737,-0.7429,2.1131,-2.9402,5.8276
40.5719,-23.7980,-3.5215,5.0529,-14.9910,-0.7012,2.0542,-2.9475,5.8344
40.5919,-23.8674,-3.4203,5.0651,-15.0078,-0.6607,1.9952,-2.9546,5.8410
40.6119,-23.9347,-3.3191,5.0769,-15.0240,-0.6215,1.9361,-2.9615,5.8473
40.6319,-24.0000,-3.2174,5.0883,-15.0397,-0.5833,1.8768,-2.9682,5.8534
40.6519,-24.0633,-3.1156,5.0994,-15.0548,-0.5464,1.8174,-2.9747,5.8594
40.6720,-24.1250,-3.0128,5.1103,-15.0695,-0.5104,1.7575,-2.9810,5.8651
40.6919,-24.1839,-2.9112,5.1206,-15.0835,-0.4761,1.6982,-2.9870,5.8706
40.7120,-24.2415,-2.8079,5.1307,-15.0972,-0.4425,1.6379,-2.9929,5.8759
40.7319,-24.2964,-2.7056,5.1403,-15.1101,-0.4104,1.5783,-2.9985,5.8810
40.7519,-24.3493,-2.6030,5.1496,-15.1225,-0.3796,1.5184,-3.0039,5.8859
40.7719,-24.4003,-2.5000,5.1586,-15.1344,-0.3498,1.4583,-3.0092,5.8905
40.7919,-24.4493,-2.3967,5.1672,-15.1458,-0.3212,1.3981,-3.0142,5.8950
40.8119,-24.4963,-2.2930,5.1754,-15.1567,-0.2938,1.3376,-3.0190,5.8993
40.8322,-24.5418,-2.1879,5.1834,-15.1671,-0.2673,1.2762,-3.0236,5.9034
40.8521,-24.5842,-2.0850,5.1908,-15.1768,-0.2426,1.2163,-3.0280,5.9071
40.8721,-24.6250,-1.9808,5.1980,-15.1860,-0.2188,1.1555,-3.0322,5.9108
40.8921,-24.6636,-1.8767,5.2048,-15.1947,-0.1962,1.0947,-3.0361,5.9142
40.9120,-24.6999,-1.7730,5.2111,-15.2027,-0.1751,1.0343,-3.0398,5.9173
40.9319,-24.7341,-1.6694,5.2171,-15.2102,-0.1551,0.9738,-3.0433,5.9203
40.9519,-24.7665,-1.5648,5.2228,-15.2173,-0.1362,0.9128,-3.0466,5.9231
40.9719,-24.7967,-1.4604,5.2281,-15.2237,-0.1186,0.8519,-3.0497,5.9256
40.9919,-24.8249,-1.3558,5.2331,-15.2296,-0.1022,0.7909,-3.0526,5.9279
41.0119,-24.8509,-1.2512,5.2376,-15.2350,-0.0870,0.7299,-3.0553,5.9301
41.0319,-24.8749,-1.1465,5.2418,-15.2398,-0.0730,0.6688,-3.0577,5.9320
41.0520,-24.8969,-1.0411,5.2457,-15.2441,-0.0602,0.6073,-3.0600,5.9337
41.0720,-24.9166,-0.9362,5.2492,-15.2478,-0.0486,0.5461,-3.0620,5.9351
41.0919,-24.9343,-0.8315,5.2523,-15.2509,-0.0384,0.4850,-3.0638,5.9364
41.1121,-24.9500,-0.7253,5.2550,-15.2536,-0.0292,0.4231,-3.0654,5.9375
41.1321,-24.9635,-0.6201,5.2574,-15.2556,-0.0213,0.3617,-3.0668,5.9383
41.1521,-24.9748,-0.5151,5.2594,-15.2571,-0.0147,0.3005,-3.0680,5.9389
41.1719,-24.9840,-0.4110,5.2610,-15.2581,-0.0094,0.2397,-3.0689,5.9393
41.1921,-24.9912,-0.3046,5.2622,-15.2585,-0.0051,0.1777,-3.0696,5.9395
41.2121,-24.9962,-0.1994,5.2631,-15.2583,-0.0022,0.1163,-3.0702,5.9395
41.2321,-24.9992,-0.0941,5.2636,-15.2576,-0.0005,0.0549,-3.0705,5.9393
41.2521,-25.0000,0.0109,5.2638,-15.2564,-0.0000,-0.0064,-3.0705,5.9388
41.2722,-24.9987,0.1169,5.2636,-15.2546,-0.0008,-0.0682,-3.0704,5.9381
41.2921,-24.9953,0.2217,5.2630,-15.2522,-0.0027,-0.1293,-3.0701,5.9373
41.3119,-24.9899,0.3260,5.2620,-15.2493,-0.0059,-0.1902,-3.0695,5.9362
41.3321,-24.9823,0.4320,5.2607,-15.2459,-0.0103,-0.2520,-3.0687,5.9349
41.3523,-24.9725,0.5382,5.2590,-15.2418,-0.0161,-0.3139,-3.0677,5.9333
41.3721,-24.9608,0.6426,5.2569,-15.2373,-0.0229,-0.3748,-3.0665,5.9316
41.3922,-24.9468,0.7479,5.2545,-15.2322,-0.0310,-0.4363,-3.0651,5.9296
41.4122,-24.9307,0.8534,5.2516,-15.2265,-0.0404,-0.4978,-3.0635,5.9275
41.4321,-24.9128,0.9574,5.2485,-15.2203,-0.0509,-0.5585,-3.0616,5.9251
41.4520,-24.8926,1.0621,5.2450,-15.2136,-0.0626,-0.6196,-3.0596,5.9225
41.4722,-24.8701,1.1681,5.2410,-15.2062,-0.0758,-0.6814,-3.0572,5.9197
41.4922,-24.8457,1.2729,5.2367,-15.1984,-0.0900,-0.7425,-3.0548,5.9167
41.5122,-24.8192,1.3774,5.2321,-15.1900,-0.1054,-0.8035,-3.0520,5.9134
41.5321,-24.7908,1.4814,5.2271,-15.1811,-0.1220,-0.8641,-3.0491,5.9100
41.5522,-24.7600,1.5864,5.2217,-15.1716,-0.1400,-0.9254,-3.0460,5.9064
41.5721,-24.7274,1.6902,5.2160,-15.1616,-0.1590,-0.9859,-3.0426,5.9025
41.5921,-24.6926,1.7944,5.2098,-15.1510,-0.1793,-1.0468,-3.0391,5.8984
41.6121,-24.6556,1.8986,5.2034,-15.1399,-0.2009,-1.1075,-3.0353,5.8941
41.6320,-24.6167,2.0023,5.1965,-15.1282,-0.2236,-1.1680,-3.0313,5.8896
41.6520,-24.5756,2.1063,5.1893,-15.1160,-0.2476,-1.2287,-3.0271,5.8849
41.6720,-24.5325,2.2098,5.1818,-15.1033,-0.2727,-1.2890,-3.0227,5.8800
41.6920,-24.4872,2.3135,5.1738,-15.0900,-0.2991,-1.3495,-3.0181,5.8749
41.7121,-24.4397,2.4174,5.1655,-15.0761,-0.3269,-1.4102,-3.0132,5.8695
41.7322,-24.3902,2.5209,5.1568,-15.0617,-0.3557,-1.4705,-3.0081,5.8639
41.7522,-24.3386,2.6241,5.1477,-15.0468,-0.3858,-1.5307,-3.0029,5.8582
41.7722,-24.2851,2.7269,5.1384,-15.0313,-0.4170,-1.5907,-2.9974,5.8522
41.7923,-24.2294,2.8299,5.1286,-15.0153,-0.4495,-1.6508,-2.9917,5.8460
41.8121,-24.1723,2.9315,5.1186,-14.9989,-0.4828,-1.7100,-2.9858,5.8397
41.8321,-24.1126,3.0338,5.1081,-14.9818,-0.5177,-1.7697,-2.9797,5.8331
41.8523,-24.0503,3.1368,5.0972,-14.9641,-0.5540,-1.8298,-2.9733,5.8262
41.8722,-23.9869,3.2381,5.0860,-14.9461,-0.5910,-1.8889,-2.9669,5.8192
41.8921,-23.9215,3.3391,5.0746,-14.9276,-0.6291,-1.9478,-2.9602,5.8121
41.9121,-23.8535,3.4408,5.0626,-14.9083,-0.6688,-2.0071,-2.9532,5.8046
41.9319,-23.7844,3.5409,5.0505,-14.8889,-0.7091,-2.0655,-2.9461,5.7971
41.9520,-23.7123,3.6422,5.0378,-14.8686,-0.7512,-2.1246,-2.9387,5.7892
41.9720,-23.6385,3.7428,5.0249,-14.8478,-0.7942,-2.1833,-2.9312,5.7812
41.9920,-23.5626,3.8431,5.0116,-14.8266,-0.8385,-2.2418,-2.9234,5.7730
42.0122,-23.4838,3.9444,4.9978,-14.8045,-0.8844,-2.3009,-2.9154,5.7644
42.0322,-23.4040,4.0442,4.9838,-14.7822,-0.9310,-2.3591,-2.9072,5.7558
42.0522,-23.3223,4.1435,4.9694,-14.7595,-0.9787,-2.4170,-2.8988,5.7470
42.0722,-23.2383,4.2429,4.9547,-14.7361,-1.0277,-2.4750,-2.8902,5.7379
42.0922,-23.1524,4.3419,4.9396,-14.7122,-1.0778,-2.5328,-2.8814,5.7287
42.1122,-23.0645,4.4405,4.9242,-14.6878,-1.1290,-2.5903,-2.8724,5.7192
42.1323,-22.9746,4.5390,4.9084,-14.6629,-1.1815,-2.6478,-2.8632,5.7095
42.1521,-22.8835,4.6363,4.8924,-14.6377,-1.2346,-2.7045,-2.8539,5.6998
42.1721,-22.7899,4.7339,4.8760,-14.6118,-1.2892,-2.7615,-2.8443,5.6898
42.1921,-22.6942,4.8313,4.8592,-14.5854,-1.3450,-2.8183,-2.8345,5.6795
42.2120,-22.5970,4.9279,4.8422,-14.5586,-1.4017,-2.8746,-2.8246,5.6691
42.2320,-22.4978,5.0243,4.8247,-14.5313,-1.4596,-2.9309,-2.8144,5.6585
42.2521,-22.3957,5.1212,4.8068,-14.5032,-1.5192,-2.9874,-2.8040,5.6476
42.2721,-22.2924,5.2171,4.7887,-14.4748,-1.5794,-3.0433,-2.7934,5.6366
42.2921,-22.1872,5.3126,4.7703,-14.4460,-1.6408,-3.0990,-2.7826,5.6254
42.3122,-22.0790,5.4087,4.7513,-14.4163,-1.7039,-3.1551,-2.7716,5.6139
42.3322,-21.9701,5.5033,4.7322,-14.3865,-1.7674,-3.2103,-2.7604,5.6024
42.3522,-21.8592,5.5977,4.7127,-14.3561,-1.8321,-3.2653,-2.7491,5.5906
42.3720,-21.7473,5.6909,4.6931,-14.3255,-1.8974,-3.3197,-2.7376,5.5787
42.3921,-21.6319,5.7851,4.6728,-14.2940,-1.9647,-3.3747,-2.7258,5.5665
42.4121,-21.5155,5.8782,4.6524,-14.2622,-2.0326,-3.4290,-2.7139,5.5542
42.4320,-21.3973,5.9708,4.6317,-14.2300,-2.1016,-3.4830,-2.7018,5.5417
42.4521,-21.2768,6.0634,4.6105,-14.1971,-2.1719,-3.5370,-2.6895,5.5289
42.4720,-21.1548,6.1552,4.5891,-14.1639,-2.2430,-3.5905,-2.6770,5.5160
42.4920,-21.0309,6.2466,4.5674,-14.1302,-2.3153,-3.6439,-2.6643,5.5030
42.5119,-20.9057,6.3374,4.5454,-14.0961,-2.3884,-3.6968,-2.6515,5.4898
42.5319,-20.7779,6.4281,4.5230,-14.0614,-2.4629,-3.7497,-2.6384,5.4763
42.5523,-20.6457,6.5202,4.4998,-14.0255,-2.5400,-3.8035,-2.6249,5.4624
42.5723,-20.5145,6.6099,4.4768,-13.9900,-2.6165,-3.8558,-2.6115,5.4485
42.5925,-20.3803,6.7000,4.4532,-13.9536,-2.6948,-3.9083,-2.5977,5.4344
42.6120,-20.2487,6.7867,4.4301,-13.9179,-2.7716,-3.9589,-2.5842,5.4206
42.6322,-20.1109,6.8758,4.4059,-13.8806,-2.8520,-4.0109,-2.5701,5.4061
42.6525,-19.9702,6.9651,4.3813,-13.8425,-2.9341,-4.0630,-2.5557,5.3913
42.6722,-19.8324,7.0510,4.3571,-13.8052,-3.0144,-4.1131,-2.5416,5.3769
42.6924,-19.6892,7.1387,4.3320,-13.7665,-3.0980,-4.1642,-2.5270,5.3618
42.7123,-19.5458,7.2249,4.3068,-13.7278,-3.1816,-4.2145,-2.5123,5.3468
42.7322,-19.4012,7.3104,4.2814,-13.6887,-3.2660,-4.2644,-2.4975,5.3316
42.7521,-19.2550,7.3953,4.2558,-13.6492,-3.3513,-4.3139,-2.4825,5.3163
42.7721,-19.1062,7.4802,4.2297,-13.6091,-3.4381,-4.3634,-2.4673,5.3007
42.7928,-18.9506,7.5673,4.2024,-13.5672,-3.5288,-4.4143,-2.4514,5.2845
42.8121,-18.8033,7.6485,4.1765,-13.5274,-3.6147,-4.4616,-2.4363,5.2690
42.8322,-18.6495,7.7317,4.1495,-13.4860,-3.7045,-4.5102,-2.4206,5.2530
42.8521,-18.4944,7.8142,4.1223,-13.4443,-3.7949,-4.5583,-2.4047,5.2367
42.8722,-18.3367,7.8967,4.0946,-13.4018,-3.8869,-4.6064,-2.3885,5.2203
42.8923,-18.1773,7.9787,4.0667,-13.3589,-3.9799,-4.6542,-2.3722,5.2036
42.9122,-18.0177,8.0593,4.0387,-13.3161,-4.0730,-4.7013,-2.3559,5.1870
42.9321,-17.8561,8.1396,4.0103,-13.2726,-4.1673,-4.7481,-2.3394,5.1701
42.9523,-17.6907,8.2204,3.9813,-13.2282,-4.2638,-4.7952,-2.3224,5.1529
42.9723,-17.5259,8.2996,3.9524,-13.1839,-4.3599,-4.8414,-2.3056,5.1357
42.9922,-17.3595,8.3781,3.9232,-13.1393,-4.4569,-4.8872,-2.2885,5.1183
43.0122,-17.1919,8.4560,3.8938,-13.0943,-4.5547,-4.9327,-2.2714,5.1009
43.0322,-17.0216,8.5337,3.8639,-13.0486,-4.6541,-4.9780,-2.2539,5.0831
43.0523,-16.8493,8.6111,3.8337,-13.0025,-4.7546,-5.0231,-2.2363,5.0652
43.0723,-16.6764,8.6874,3.8033,-12.9561,-4.8554,-5.0677,-2.2186,5.0472
43.0921,-16.5039,8.7623,3.7731,-12.9099,-4.9561,-5.1114,-2.2010,5.0293
43.1121,-16.3279,8.8375,3.7422,-12.8628,-5.0587,-5.1552,-2.1829,5.0110
43.1321,-16.1497,8.9123,3.7109,-12.8151,-5.1627,-5.1988,-2.1647,4.9924
43.1522,-15.9697,8.9866,3.6793,-12.7669,-5.2677,-5.2422,-2.1463,4.9737
43.1720,-15.7916,9.0589,3.6481,-12.7193,-5.3716,-5.2844,-2.1280,4.9552
43.1919,-15.6102,9.1314,3.6163,-12.6708,-5.4774,-5.3266,-2.1095,4.9364
43.2120,-15.4260,9.2037,3.5839,-12.6216,-5.5848,-5.3688,-2.0906,4.9173
43.2321,-15.2408,9.2752,3.5514,-12.5721,-5.6929,-5.4105,-2.0717,4.8981
43.2520,-15.0554,9.3456,3.5189,-12.5226,-5.8010,-5.4516,-2.0527,4.8788
43.2720,-14.8674,9.4158,3.4859,-12.4724,-5.9107,-5.4925,-2.0335,4.8593
43.2921,-14.6772,9.4856,3.4526,-12.4216,-6.0216,-5.5333,-2.0140,4.8396
43.3121,-14.4868,9.5543,3.4191,-12.3708,-6.1327,-5.5734,-1.9945,4.8199
43.3320,-14.2961,9.6220,3.3857,-12.3199,-6.2440,-5.6128,-1.9750,4.8001
43.3521,-14.1021,9.6897,3.3517,-12.2682,-6.3571,-5.6523,-1.9551,4.7800
43.3721,-13.9078,9.7563,3.3175,-12.2164,-6.4705,-5.6912,-1.9352,4.7599
43.3921,-13.7117,9.8225,3.2831,-12.1641,-6.5849,-5.7298,-1.9152,4.7396
43.4121,-13.5146,9.8878,3.2486,-12.1116,-6.6998,-5.7679,-1.8950,4.7192
43.4321,-13.3164,9.9523,3.2138,-12.0588,-6.8154,-5.8055,-1.8747,4.6987
43.4523,-13.1152,10.0167,3.1785,-12.0052,-6.9328,-5.8431,-1.8541,4.6779
43.4721,-12.9161,10.0794,3.1436,-11.9522,-7.0489,-5.8796,-1.8337,4.6573
43.4922,-12.7131,10.1421,3.1079,-11.8982,-7.1673,-5.9162,-1.8130,4.6363
43.5122,-12.5089,10.2041,3.0721,-11.8439,-7.2865,-5.9524,-1.7921,4.6152
43.5322,-12.3048,10.2651,3.0363,-11.7896,-7.4056,-5.9880,-1.7712,4.5941
43.5521,-12.1002,10.3250,3.0004,-11.7352,-7.5249,-6.0229,-1.7502,4.5730
43.5721,-11.8927,10.3848,2.9640,-11.6800,-7.6459,-6.0578,-1.7290,4.5515
43.5924,-11.6813,10.4446,2.9269,-11.6239,-7.7693,-6.0927,-1.7074,4.5297
43.6121,-11.4746,10.5020,2.8906,-11.5690,-7.8898,-6.1262,-1.6862,4.5084
43.6321,-11.2641,10.5594,2.8537,-11.5130,-8.0126,-6.1597,-1.6647,4.4866
43.6521,-11.0524,10.6161,2.8165,-11.4568,-8.1361,-6.1927,-1.6430,4.4648
43.6722,-10.8382,10.6724,2.7790,-11.4000,-8.2610,-6.2256,-1.6211,4.4427
43.6923,-10.6238,10.7277,2.7413,-11.3431,-8.3861,-6.2578,-1.5991,4.4206
43.7122,-10.4090,10.7821,2.7037,-11.2861,-8.5114,-6.2895,-1.5771,4.3985
43.7321,-10.1942,10.8354,2.6660,-11.2291,-8.6367,-6.3207,-1.5552,4.3763
43.7522,-9.9760,10.8886,2.6277,-11.1712,-8.7640,-6.3517,-1.5328,4.3538
43.7722,-9.7574,10.9408,2.5893,-11.1133,-8.8915,-6.3822,-1.5104,4.3313
43.7922,-9.5381,10.9922,2.5508,-11.0551,-9.0195,-6.4121,-1.4880,4.3087
43.8121,-9.3194,11.0425,2.5125,-10.9972,-9.1470,-6.4415,-1.4656,4.2862
43.8321,-9.0982,11.0923,2.4737,-10.9386,-9.2761,-6.4705,-1.4430,4.2634
43.8522,-8.8748,11.1416,2.4345,-10.8794,-9.4064,-6.4993,-1.4201,4.2404
43.8721,-8.6517,11.1899,2.3953,-10.8203,-9.5365,-6.5274,-1.3973,4.2175
43.8921,-8.4276,11.2374,2.3560,-10.7610,-9.6672,-6.5551,-1.3743,4.1944
43.9121,-8.2023,11.2841,2.3165,-10.7013,-9.7987,-6.5824,-1.3513,4.1712
43.9321,-7.9765,11.3300,2.2769,-10.6416,-9.9304,-6.6091,-1.3282,4.1480
43.9522,-7.7488,11.3752,2.2369,-10.5814,-10.0632,-6.6355,-1.3049,4.1246
43.9722,-7.5206,11.4196,2.1969,-10.5210,-10.1963,-6.6614,-1.2815,4.1011
43.9921,-7.2928,11.4630,2.1569,-10.4608,-10.3292,-6.6867,-1.2582,4.0777
44.0121,-7.0633,11.5057,2.1166,-10.4001,-10.4631,-6.7116,-1.2347,4.0541
44.0320,-6.8334,11.5475,2.0763,-10.3393,-10.5972,-6.7360,-1.2112,4.0305
44.0521,-6.6015,11.5887,2.0356,-10.2780,-10.7325,-6.7601,-1.1874,4.0067
44.0727,-6.3615,11.6303,1.9935,-10.2146,-10.8725,-6.7844,-1.1629,3.9821
44.0922,-6.1354,11.6686,1.9538,-10.1549,-11.0044,-6.8067,-1.1397,3.9588
44.1120,-5.9031,11.7071,1.9130,-10.0935,-11.1399,-6.8291,-1.1159,3.9350
44.1321,-5.6680,11.7450,1.8718,-10.0314,-11.2770,-6.8513,-1.0919,3.9109
44.1521,-5.4327,11.7820,1.8305,-9.9693,-11.4143,-6.8729,-1.0678,3.8867
44.1720,-5.1970,11.8182,1.7892,-9.9071,-11.5517,-6.8939,-1.0437,3.8625
44.1922,-4.9581,11.8539,1.7472,-9.8441,-11.6911,-6.9148,-1.0192,3.8380
44.2120,-4.7232,11.8880,1.7060,-9.7821,-11.8281,-6.9347,-0.9952,3.8139
44.2321,-4.4840,11.9219,1.6641,-9.7190,-11.9677,-6.9544,-0.9707,3.7894
44.2521,-4.2450,11.9548,1.6221,-9.6560,-12.1071,-6.9736,-0.9462,3.7649
44.2722,-4.0051,11.9869,1.5800,-9.5927,-12.2470,-6.9923,-0.9217,3.7403
44.2919,-3.7684,12.0176,1.5385,-9.5303,-12.3851,-7.0103,-0.8975,3.7161
44.3121,-3.5250,12.0483,1.4958,-9.4662,-12.5271,-7.0282,-0.8725,3.6911
44.3320,-3.2854,12.0776,1.4538,-9.4030,-12.6668,-7.0453,-0.8480,3.6666
44.3520,-3.0436,12.1063,1.4113,-9.3393,-12.8079,-7.0620,-0.8233,3.6418
44.3720,-2.8009,12.1341,1.3687,-9.2754,-12.9495,-7.0782,-0.7984,3.6170
44.3921,-2.5570,12.1611,1.3260,-9.2112,-13.0917,-7.0940,-0.7735,3.5920
44.4121,-2.3135,12.1872,1.2832,-9.1471,-13.2338,-7.1092,-0.7486,3.5671
44.4321,-2.0691,12.2125,1.2403,-9.0827,-13.3764,-7.1240,-0.7235,3.5421
44.4522,-1.8235,12.2370,1.1973,-9.0181,-13.5196,-7.1383,-0.6984,3.5170
44.4723,-1.5775,12.2606,1.1541,-8.9533,-13.6631,-7.1520,-0.6732,3.4918
44.4922,-1.3337,12.2831,1.1113,-8.8892,-13.8053,-7.1652,-0.6483,3.4668
44.5121,-1.0887,12.3048,1.0683,-8.8248,-13.9483,-7.1778,-0.6232,3.4418
44.5319,-0.8442,12.3256,1.0254,-8.7605,-14.0909,-7.1899,-0.5982,3.4168
44.5519,-0.5983,12.3456,0.9823,-8.6958,-14.2343,-7.2016,-0.5730,3.3917
44.5719,-0.3507,12.3649,0.9388,-8.6307,-14.3787,-7.2128,-0.5477,3.3664
44.5919,-0.1035,12.3832,0.8955,-8.5658,-14.5229,-7.2235,-0.5224,3.3411
44.6119,0.1445,12.4007,0.8519,-8.5006,-14.6676,-7.2337,-0.4970,3.3158
44.6319,0.3924,12.4173,0.8085,-8.4354,-14.8122,-7.2434,-0.4716,3.2904
44.6521,0.6442,12.4332,0.7643,-8.3693,-14.9591,-7.2527,-0.4458,3.2647
44.6721,0.8927,12.4480,0.7207,-8.3040,-15.1041,-7.2614,-0.4204,3.2393
44.6921,1.1410,12.4620,0.6771,-8.2388,-15.2489,-7.2695,-0.3950,3.2140
44.7120,1.3902,12.4751,0.6334,-8.1734,-15.3943,-7.2771,-0.3695,3.1885
44.7319,1.6382,12.4872,0.5899,-8.1083,-15.5390,-7.2842,-0.3441,3.1632
44.7520,1.8888,12.4986,0.5459,-8.0426,-15.6851,-7.2909,-0.3184,3.1377
44.7719,2.1380,12.5091,0.5022,-7.9772,-15.8305,-7.2969,-0.2929,3.1122
44.7920,2.3894,12.5187,0.4581,-7.9112,-15.9772,-7.3026,-0.2672,3.0866
44.8120,2.6404,12.5274,0.4140,-7.8454,-16.1235,-7.3077,-0.2415,3.0610
44.8320,2.8909,12.5353,0.3701,-7.7797,-16.2697,-7.3122,-0.2159,3.0355
44.8519,3.1405,12.5422,0.3263,-7.7142,-16.4153,-7.3163,-0.1903,3.0100
44.8720,3.3925,12.5483,0.2821,-7.6482,-16.5623,-7.3199,-0.1645,2.9843
44.8921,3.6439,12.5535,0.2379,-7.5823,-16.7090,-7.3229,-0.1388,2.9587
44.9120,3.8946,12.5578,0.1940,-7.5166,-16.8552,-7.3254,-0.1131,2.9332
44.9323,4.1489,12.5613,0.1493,-7.4500,-17.0035,-7.3274,-0.0871,2.9072
44.9521,4.3981,12.5638,0.1056,-7.3847,-17.1489,-7.3289,-0.0616,2.8819
44.9721,4.6491,12.5655,0.0616,-7.3190,-17.2953,-7.3299,-0.0359,2.8563
44.9921,4.9009,12.5663,0.0174,-7.2530,-17.4422,-7.3303,-0.0101,2.8307
45.0120,5.1507,12.5662,-0.0264,-7.1876,-17.5879,-7.3303,0.0154,2.8052
45.0321,5.4032,12.5652,-0.0707,-7.1216,-17.7352,-7.3297,0.0413,2.7795
45.0520,5.6539,12.5634,-0.1147,-7.0559,-17.8815,-7.3286,0.0669,2.7540
45.0721,5.9057,12.5606,-0.1589,-6.9901,-18.0283,-7.3270,0.0927,2.7284
45.0921,6.1572,12.5570,-0.2030,-6.9243,-18.1750,-7.3249,0.1184,2.7028
45.1122,6.4093,12.5525,-0.2473,-6.8583,-18.3221,-7.3223,0.1442,2.6772
45.1321,6.6593,12.5471,-0.2911,-6.7930,-18.4679,-7.3192,0.1698,2.6517
45.1520,6.9092,12.5409,-0.3350,-6.7276,-18.6137,-7.3155,0.1954,2.6263
45.1720,7.1599,12.5338,-0.3790,-6.6621,-18.7600,-7.3114,0.2211,2.6008
45.1921,7.4114,12.5257,-0.4231,-6.5964,-18.9066,-7.3067,0.2468,2.5753
45.2119,7.6599,12.5169,-0.4667,-6.5314,-19.0516,-7.3015,0.2722,2.5500
45.2321,7.9121,12.5070,-0.5110,-6.4655,-19.1987,-7.2958,0.2981,2.5244
45.2519,8.1594,12.4965,-0.5543,-6.4009,-19.3430,-7.2896,0.3234,2.4993
45.2719,8.4099,12.4849,-0.5983,-6.3355,-19.4891,-7.2829,0.3490,2.4738
45.2919,8.6595,12.4725,-0.6421,-6.2703,-19.6347,-7.2756,0.3746,2.4485
45.3119,8.9086,12.4593,-0.6858,-6.2053,-19.7800,-7.2679,0.4001,2.4232
45.3319,9.1574,12.4451,-0.7295,-6.1404,-19.9252,-7.2597,0.4255,2.3979
45.3520,9.4073,12.4300,-0.7733,-6.0752,-20.0709,-7.2508,0.4511,2.3726
45.3719,9.6550,12.4142,-0.8168,-6.0106,-20.2154,-7.2416,0.4764,2.3474
45.3919,9.9032,12.3974,-0.8603,-5.9458,-20.3602,-7.2318,0.5019,2.3222
45.4121,10.1528,12.3796,-0.9041,-5.8807,-20.5058,-7.2214,0.5274,2.2969
45.4319,10.3982,12.3613,-0.9472,-5.8167,-20.6490,-7.2107,0.5525,2.2720
45.4520,10.6464,12.3418,-0.9907,-5.7520,-20.7937,-7.1994,0.5779,2.2468
45.4721,10.8943,12.3214,-1.0342,-5.6874,-20.9383,-7.1875,0.6033,2.2217
45.4919,11.1380,12.3005,-1.0770,-5.6239,-21.0805,-7.1753,0.6282,2.1970
45.5122,11.3875,12.2782,-1.1208,-5.5589,-21.2260,-7.1623,0.6538,2.1717
45.5322,11.6320,12.2555,-1.1636,-5.4952,-21.3687,-7.1490,0.6788,2.1469
45.5521,11.8763,12.2318,-1.2065,-5.4315,-21.5112,-7.1352,0.7038,2.1222
45.5722,12.1222,12.2071,-1.2497,-5.3675,-21.6546,-7.1208,0.7290,2.0973
45.5920,12.3637,12.1819,-1.2920,-5.3046,-21.7955,-7.1061,0.7537,2.0728
45.6120,12.6072,12.1557,-1.3348,-5.2413,-21.9375,-7.0908,0.7786,2.0482
45.6321,12.8506,12.1285,-1.3775,-5.1779,-22.0795,-7.0749,0.8035,2.0235
45.6521,13.0932,12.1005,-1.4200,-5.1148,-22.2210,-7.0586,0.8284,1.9990
45.6721,13.3343,12.0717,-1.4623,-5.0521,-22.3617,-7.0418,0.8530,1.9746
45.6922,13.5767,12.0419,-1.5049,-4.9890,-22.5031,-7.0244,0.8778,1.9500
45.7126,13.8222,12.0107,-1.5479,-4.9252,-22.6463,-7.0063,0.9030,1.9252
45.7319,14.0545,11.9804,-1.5887,-4.8648,-22.7818,-6.9885,0.9267,1.9017
45.7522,14.2962,11.9478,-1.6311,-4.8020,-22.9228,-6.9696,0.9515,1.8773
45.7721,14.5343,11.9149,-1.6729,-4.7401,-23.0617,-6.9503,0.9759,1.8532
45.7922,14.7728,11.8809,-1.7147,-4.6781,-23.2008,-6.9305,1.0003,1.8291
45.8121,15.0093,11.8463,-1.7562,-4.6167,-23.3388,-6.9103,1.0245,1.8052
45.8323,15.2478,11.8105,-1.7981,-4.5548,-23.4779,-6.8894,1.0489,1.7811
45.8523,15.4837,11.7741,-1.8395,-4.4935,-23.6155,-6.8682,1.0730,1.7572
45.8721,15.7171,11.7372,-1.8804,-4.4329,-23.7516,-6.8467,1.0969,1.7337
45.8922,15.9525,11.6990,-1.9217,-4.3719,-23.8889,-6.8244,1.1210,1.7099
45.9121,16.1854,11.6603,-1.9626,-4.3114,-24.0248,-6.8018,1.1448,1.6864
45.9321,16.4178,11.6207,-2.0034,-4.2511,-24.1604,-6.7787,1.1686,1.6629
45.9521,16.6497,11.5802,-2.0441,-4.1910,-24.2957,-6.7551,1.1924,1.6395
45.9721,16.8806,11.5390,-2.0846,-4.1311,-24.4303,-6.7311,1.2160,1.6162
45.9921,17.1114,11.4968,-2.1251,-4.0713,-24.5650,-6.7065,1.2396,1.5929
46.0122,17.3424,11.4536,-2.1656,-4.0114,-24.6997,-6.6813,1.2633,1.5696
46.0321,17.5695,11.4102,-2.2054,-3.9526,-24.8322,-6.6559,1.2865,1.5467
46.0521,17.7967,11.3658,-2.2453,-3.8937,-24.9647,-6.6300,1.3098,1.5238
46.0721,18.0236,11.3205,-2.2851,-3.8349,-25.0971,-6.6036,1.3330,1.5010
46.0921,18.2502,11.2742,-2.3249,-3.7762,-25.2293,-6.5766,1.3562,1.4781
46.1122,18.4763,11.2271,-2.3646,-3.7177,-25.3612,-6.5492,1.3793,1.4553
46.1319,18.6967,11.1802,-2.4032,-3.6606,-25.4898,-6.5218,1.4019,1.4331
46.1520,18.9211,11.1315,-2.4426,-3.6026,-25.6206,-6.4934,1.4248,1.4106
46.1721,19.1449,11.0819,-2.4819,-3.5447,-25.7512,-6.4644,1.4477,1.3880
46.1922,19.3672,11.0316,-2.5209,-3.4872,-25.8808,-6.4351,1.4705,1.3656
46.2122,19.5868,10.9809,-2.5594,-3.4304,-26.0089,-6.4055,1.4930,1.3435
46.2321,19.8047,10.9296,-2.5976,-3.3741,-26.1361,-6.3756,1.5153,1.3216
46.2521,20.0225,10.8773,-2.6359,-3.3178,-26.2632,-6.3451,1.5376,1.2997
46.2721,20.2404,10.8240,-2.6741,-3.2615,-26.3902,-6.3140,1.5599,1.2778
46.2921,20.4562,10.7702,-2.7119,-3.2057,-26.5161,-6.2826,1.5820,1.2561
46.3121,20.6706,10.7157,-2.7496,-3.1504,-26.6412,-6.2508,1.6039,1.2346
46.3322,20.8850,10.6602,-2.7872,-3.0950,-26.7662,-6.2184,1.6258,1.2130
46.3521,21.0967,10.6043,-2.8243,-3.0404,-26.8897,-6.1858,1.6475,1.1917
46.3721,21.3086,10.5474,-2.8615,-2.9857,-27.0133,-6.1526,1.6692,1.1705
46.3922,21.5199,10.4895,-2.8986,-2.9312,-27.1366,-6.1189,1.6908,1.1492
46.4122,21.7289,10.4312,-2.9352,-2.8773,-27.2585,-6.0849,1.7122,1.1283
46.4320,21.9355,10.3726,-2.9715,-2.8240,-27.3791,-6.0507,1.7334,1.1075
46.4519,22.1413,10.3131,-3.0076,-2.7710,-27.4991,-6.0160,1.7544,1.0869
46.4721,22.3483,10.2521,-3.0439,-2.7176,-27.6199,-5.9804,1.7756,1.0661
46.4921,22.5531,10.1908,-3.0799,-2.6649,-27.7393,-5.9446,1.7966,1.0456
46.5121,22.7559,10.1290,-3.1154,-2.6126,-27.8576,-5.9086,1.8173,1.0252
46.5321,22.9584,10.0661,-3.1510,-2.5605,-27.9757,-5.8719,1.8381,1.0049
46.5522,23.1599,10.0025,-3.1863,-2.5086,-28.0933,-5.8348,1.8587,0.9847
46.5722,23.3599,9.9383,-3.2214,-2.4572,-28.2099,-5.7973,1.8792,0.9647
46.5923,23.5584,9.8734,-3.2562,-2.4061,-28.3257,-5.7595,1.8995,0.9448
46.6121,23.7536,9.8084,-3.2905,-2.3559,-28.4396,-5.7216,1.9195,0.9253
46.6320,23.9481,9.7426,-3.3246,-2.3059,-28.5530,-5.6832,1.9394,0.9058
46.6522,24.1445,9.6750,-3.3591,-2.2554,-28.6676,-5.6438,1.9595,0.8862
46.6722,24.3373,9.6075,-3.3929,-2.2059,-28.7801,-5.6044,1.9792,0.8669
46.6921,24.5273,9.5398,-3.4262,-2.1571,-28.8909,-5.5649,1.9986,0.8479
46.7121,24.7178,9.4708,-3.4597,-2.1082,-29.0020,-5.5247,2.0181,0.8288
46.7321,24.9057,9.4016,-3.4927,-2.0600,-29.1117,-5.4843,2.0374,0.8101
46.7519,25.0918,9.3319,-3.5253,-2.0122,-29.2202,-5.4436,2.0564,0.7915
46.7721,25.2795,9.2604,-3.5582,-1.9641,-29.3297,-5.4019,2.0756,0.7727
46.7919,25.4618,9.1897,-3.5902,-1.9173,-29.4361,-5.3607,2.0943,0.7545
46.8122,25.6475,9.1166,-3.6228,-1.8698,-29.5444,-5.3180,2.1133,0.7360
46.8321,25.8288,9.0439,-3.6546,-1.8233,-29.6502,-5.2756,2.1319,0.7179
46.8522,26.0092,8.9704,-3.6863,-1.7771,-29.7554,-5.2327,2.1503,0.6999
46.8722,26.1879,8.8963,-3.7176,-1.7314,-29.8596,-5.1895,2.1686,0.6821
46.8922,26.3658,8.8214,-3.7488,-1.6858,-29.9634,-5.1458,2.1868,0.6644
46.9122,26.5410,8.7463,-3.7796,-1.6410,-30.0656,-5.1020,2.2048,0.6469
46.9320,26.7138,8.6710,-3.8099,-1.5968,-30.1664,-5.0581,2.2224,0.6297
46.9522,26.8882,8.5937,-3.8405,-1.5523,-30.2681,-5.0130,2.2403,0.6123
46.9723,27.0598,8.5164,-3.8706,-1.5084,-30.3682,-4.9679,2.2579,0.5953
46.9922,27.2288,8.4389,-3.9003,-1.4652,-30.4668,-4.9227,2.2752,0.5784
47.0121,27.3958,8.3611,-3.9296,-1.4226,-30.5642,-4.8773,2.2922,0.5618
47.0322,27.5633,8.2817,-3.9589,-1.3799,-30.6619,-4.8310,2.3094,0.5452
47.0522,27.7275,8.2025,-3.9878,-1.3380,-30.7577,-4.7848,2.3262,0.5289
47.0723,27.8923,8.1218,-4.0167,-1.2960,-30.8538,-4.7377,2.3431,0.5125
47.0921,28.0519,8.0422,-4.0447,-1.2553,-30.9469,-4.6913,2.3594,0.4967
47.1119,28.2103,7.9618,-4.0725,-1.2149,-31.0393,-4.6444,2.3756,0.4809
47.1321,28.3700,7.8794,-4.1005,-1.1743,-31.1325,-4.5963,2.3920,0.4651
47.1520,28.5266,7.7972,-4.1280,-1.1344,-31.2239,-4.5484,2.4080,0.4496
47.1721,28.6827,7.7139,-4.1554,-1.0947,-31.3149,-4.4998,2.4240,0.4341
47.1921,28.8359,7.6306,-4.1822,-1.0558,-31.4043,-4.4512,2.4396,0.4189
47.2122,28.9884,7.5463,-4.2090,-1.0170,-31.4932,-4.4020,2.4552,0.4038
47.2323,29.1389,7.4616,-4.2354,-0.9788,-31.5810,-4.3526,2.4707,0.3890
47.2521,29.2862,7.3773,-4.2612,-0.9414,-31.6669,-4.3034,2.4857,0.3744
47.2721,29.4329,7.2918,-4.2870,-0.9042,-31.7525,-4.2535,2.5007,0.3599
47.2921,29.5780,7.2057,-4.3124,-0.8674,-31.8372,-4.2033,2.5156,0.3455
47.3122,29.7214,7.1191,-4.3376,-0.8311,-31.9208,-4.1528,2.5303,0.3314
47.3320,29.8621,7.0326,-4.3623,-0.7955,-32.0029,-4.1024,2.5447,0.3175
47.3520,30.0018,6.9452,-4.3868,-0.7601,-32.0844,-4.0514,2.5590,0.3037
47.3720,30.1397,6.8573,-4.4110,-0.7253,-32.1648,-4.0001,2.5731,0.2901
47.3922,30.2771,6.7681,-4.4351,-0.6905,-32.2450,-3.9481,2.5871,0.2766
47.4121,30.4113,6.6793,-4.4587,-0.6566,-32.3232,-3.8963,2.6009,0.2634
47.4321,30.5436,6.5902,-4.4819,-0.6232,-32.4004,-3.8443,2.6144,0.2504
47.4522,30.6753,6.4998,-4.5050,-0.5900,-32.4773,-3.7915,2.6279,0.2374
47.4723,30.8048,6.4091,-4.5277,-0.5574,-32.5528,-3.7387,2.6412,0.2247
47.4922,30.9316,6.3187,-4.5500,-0.5254,-32.6268,-3.6859,2.6541,0.2122
47.5122,31.0568,6.2277,-4.5719,-0.4939,-32.6998,-3.6328,2.6670,0.2000
47.5321,31.1801,6.1363,-4.5936,-0.4629,-32.7718,-3.5795,2.6796,0.1879
47.5521,31.3017,6.0444,-4.6149,-0.4324,-32.8427,-3.5259,2.6920,0.1760
47.5719,31.4207,5.9526,-4.6358,-0.4025,-32.9121,-3.4723,2.7042,0.1643
47.5921,31.5397,5.8590,-4.6567,-0.3727,-32.9815,-3.4177,2.7164,0.1527
47.6122,31.6570,5.7648,-4.6772,-0.3433,-33.0499,-3.3628,2.7284,0.1412
47.6320,31.7702,5.6720,-4.6971,-0.3149,-33.1160,-3.3086,2.7400,0.1302
47.6520,31.8826,5.5780,-4.7168,-0.2868,-33.1815,-3.2538,2.7515,0.1192
47.6721,31.9937,5.4830,-4.7363,-0.2591,-33.2463,-3.1984,2.7628,0.1084
47.6921,32.1022,5.3882,-4.7553,-0.2320,-33.3096,-3.1431,2.7740,0.0978
47.7121,32.2093,5.2928,-4.7741,-0.2053,-33.3721,-3.0874,2.7849,0.0874
47.7320,32.3134,5.1978,-4.7924,-0.1793,-33.4328,-3.0320,2.7956,0.0773
47.7521,32.4172,5.1010,-4.8106,-0.1535,-33.4933,-2.9756,2.8062,0.0672
47.7720,32.5178,5.0050,-4.8283,-0.1285,-33.5520,-2.9196,2.8165,0.0574
47.7923,32.6181,4.9072,-4.8459,-0.1036,-33.6106,-2.8625,2.8268,0.0477
47.8122,32.7149,4.8104,-4.8629,-0.0796,-33.6670,-2.8061,2.8367,0.0384
47.8322,32.8100,4.7131,-4.8795,-0.0561,-33.7225,-2.7493,2.8464,0.0292
47.8522,32.9034,4.6152,-4.8959,-0.0330,-33.7770,-2.6922,2.8560,0.0202
47.8723,32.9952,4.5167,-4.9120,-0.0104,-33.8305,-2.6347,2.8653,0.0113
47.8922,33.0840,4.4190,-4.9276,0.0115,-33.8823,-2.5777,2.8744,0.0028
47.9122,33.1714,4.3202,-4.9429,0.0330,-33.9333,-2.5201,2.8834,-0.0056
47.9321,33.2567,4.2213,-4.9579,0.0540,-33.9831,-2.4624,2.8921,-0.0138
47.9521,33.3399,4.1223,-4.9725,0.0744,-34.0316,-2.4047,2.9006,-0.0218
47.9721,33.4214,4.0226,-4.9868,0.0943,-34.0792,-2.3465,2.9090,-0.0296
47.9922,33.5012,3.9223,-5.0008,0.1138,-34.1257,-2.2880,2.9171,-0.0372
48.0123,33.5791,3.8216,-5.0145,0.1328,-34.1711,-2.2292,2.9251,-0.0446
48.0321,33.6538,3.7221,-5.0276,0.1510,-34.2147,-2.1712,2.9328,-0.0517
48.0521,33.7273,3.6214,-5.0405,0.1688,-34.2576,-2.1125,2.9403,-0.0586
48.0722,33.7988,3.5203,-5.0530,0.1861,-34.2993,-2.0535,2.9476,-0.0654
48.0922,33.8684,3.4188,-5.0652,0.2029,-34.3399,-1.9943,2.9547,-0.0720
48.1122,33.9357,3.3175,-5.0770,0.2191,-34.3792,-1.9352,2.9616,-0.0783
48.1320,34.0006,3.2166,-5.0884,0.2347,-34.4170,-1.8763,2.9683,-0.0844
48.1522,34.0643,3.1140,-5.0996,0.2499,-34.4542,-1.8165,2.9748,-0.0904
48.1722,34.1256,3.0118,-5.1104,0.2646,-34.4899,-1.7569,2.9810,-0.0961
48.1921,34.1844,2.9102,-5.1207,0.2785,-34.5242,-1.6976,2.9871,-0.1016
48.2120,34.2414,2.8080,-5.1307,0.2920,-34.5575,-1.6380,2.9929,-0.1068
48.2321,34.2969,2.7047,-5.1404,0.3051,-34.5898,-1.5777,2.9986,-0.1120
48.2522,34.3501,2.6016,-5.1498,0.3176,-34.6209,-1.5176,3.0040,-0.1169
48.2723,34.4013,2.4980,-5.1587,0.3296,-34.6508,-1.4572,3.0093,-0.1216
48.2921,34.4498,2.3956,-5.1673,0.3408,-34.6791,-1.3974,3.0142,-0.1260
48.3122,34.4969,2.2918,-5.1755,0.3517,-34.7065,-1.3369,3.0190,-0.1302
48.3321,34.5416,2.1883,-5.1834,0.3620,-34.7326,-1.2765,3.0236,-0.1343
48.3522,34.5845,2.0843,-5.1909,0.3717,-34.7576,-1.2158,3.0280,-0.1381
48.3722,34.6251,1.9805,-5.1980,0.3809,-34.7813,-1.1553,3.0322,-0.1417
48.3921,34.6636,1.8767,-5.2048,0.3896,-34.8037,-1.0947,3.0361,-0.1451
48.4122,34.7001,1.7724,-5.2112,0.3977,-34.8251,-1.0339,3.0398,-0.1483
48.4320,34.7342,1.6689,-5.2172,0.4052,-34.8450,-0.9735,3.0433,-0.1512
48.4520,34.7666,1.5644,-5.2228,0.4122,-34.8639,-0.9126,3.0467,-0.1540
48.4720,34.7969,1.4598,-5.2281,0.4186,-34.8815,-0.8516,3.0498,-0.1565
48.4921,34.8251,1.3548,-5.2331,0.4246,-34.8980,-0.7903,3.0526,-0.1589
48.5121,34.8511,1.2503,-5.2377,0.4299,-34.9132,-0.7293,3.0553,-0.1610
48.5320,34.8750,1.1460,-5.2419,0.4347,-34.9271,-0.6685,3.0577,-0.1629
48.5521,34.8969,1.0407,-5.2457,0.4390,-34.9399,-0.6071,3.0600,-0.1646
48.5722,34.9168,0.9350,-5.2492,0.4427,-34.9515,-0.5454,3.0620,-0.1661
48.5921,34.9344,0.8305,-5.2523,0.4459,-34.9617,-0.4845,3.0638,-0.1673
48.6122,34.9500,0.7251,-5.2550,0.4485,-34.9708,-0.4230,3.0654,-0.1684
48.6322,34.9635,0.6198,-5.2574,0.4505,-34.9787,-0.3616,3.0668,-0.1692
48.6522,34.9748,0.5147,-5.2594,0.4520,-34.9853,-0.3002,3.0680,-0.1698
48.6723,34.9841,0.4090,-5.2610,0.4530,-34.9907,-0.2386,3.0689,-0.1703
48.6920,34.9912,0.3050,-5.2622,0.4534,-34.9948,-0.1779,3.0696,-0.1704
48.7122,34.9962,0.1989,-5.2631,0.4532,-34.9978,-0.1160,3.0702,-0.1704
48.7323,34.9992,0.0933,-5.2636,0.4525,-34.9995,-0.0545,3.0705,-0.1702
48.7522,35.0000,-0.0116,-5.2638,0.4513,-35.0000,0.0068,3.0705,-0.1697
48.7721,34.9987,-0.1161,-5.2636,0.4495,-34.9993,0.0677,3.0704,-0.1691
48.7921,34.9953,-0.2217,-5.2630,0.4471,-34.9973,0.1293,3.0701,-0.1682
48.8121,34.9898,-0.3271,-5.2620,0.4442,-34.9941,0.1908,3.0695,-0.1671
48.8321,34.9822,-0.4323,-5.2607,0.4407,-34.9896,0.2522,3.0687,-0.1658
48.8522,34.9725,-0.5376,-5.2590,0.4367,-34.9840,0.3136,3.0677,-0.1643
48.8723,34.9607,-0.6433,-5.2569,0.4322,-34.9771,0.3752,3.0665,-0.1625
48.8923,34.9467,-0.7485,-5.2544,0.4270,-34.9689,0.4366,3.0651,-0.1606
48.9122,34.9308,-0.8530,-5.2516,0.4214,-34.9596,0.4976,3.0635,-0.1584
48.9321,34.9128,-0.9575,-5.2485,0.4152,-34.9491,0.5586,3.0616,-0.1560
48.9523,34.8923,-1.0637,-5.2449,0.4084,-34.9372,0.6205,3.0595,-0.1534
48.9721,34.8702,-1.1676,-5.2410,0.4012,-34.9243,0.6811,3.0573,-0.1506
48.9922,34.8458,-1.2725,-5.2367,0.3933,-34.9100,0.7423,3.0548,-0.1476
49.0121,34.8194,-1.3767,-5.2321,0.3849,-34.8947,0.8031,3.0521,-0.1444
49.0321,34.7908,-1.4815,-5.2271,0.3760,-34.8780,0.8642,3.0491,-0.1409
49.0521,34.7601,-1.5861,-5.2217,0.3665,-34.8600,0.9252,3.0460,-0.1373
49.0723,34.7270,-1.6914,-5.2159,0.3563,-34.8407,0.9867,3.0426,-0.1334
49.0921,34.6925,-1.7946,-5.2098,0.3459,-34.8206,1.0469,3.0391,-0.1293
49.1121,34.6555,-1.8989,-5.2033,0.3347,-34.7991,1.1077,3.0353,-0.1250
49.1321,34.6166,-2.0027,-5.1965,0.3231,-34.7763,1.1682,3.0313,-0.1206
49.1520,34.5756,-2.1063,-5.1893,0.3109,-34.7524,1.2287,3.0271,-0.1159
49.1721,34.5323,-2.2103,-5.1817,0.2981,-34.7272,1.2893,3.0227,-0.1109
49.1921,34.4870,-2.3139,-5.1738,0.2848,-34.7008,1.3498,3.0180,-0.1058
49.2122,34.4395,-2.4178,-5.1654,0.2709,-34.6730,1.4104,3.0132,-0.1004
49.2321,34.3903,-2.5206,-5.1568,0.2566,-34.6444,1.4703,3.0081,-0.0949
49.2521,34.3390,-2.6234,-5.1478,0.2418,-34.6144,1.5303,3.0029,-0.0891
49.2722,34.2852,-2.7268,-5.1384,0.2262,-34.5830,1.5906,2.9974,-0.0831
49.2922,34.2297,-2.8293,-5.1286,0.2103,-34.5507,1.6504,2.9917,-0.0770
49.3122,34.1719,-2.9322,-5.1185,0.1937,-34.5169,1.7104,2.9858,-0.0706
49.3321,34.1126,-3.0338,-5.1081,0.1767,-34.4823,1.7697,2.9797,-0.0640
49.3523,34.0504,-3.1366,-5.0972,0.1590,-34.4461,1.8297,2.9734,-0.0571
49.3722,33.9868,-3.2383,-5.0860,0.1410,-34.4090,1.8890,2.9668,-0.0501
49.3922,33.9212,-3.3397,-5.0745,0.1224,-34.3707,1.9481,2.9601,-0.0429
49.4122,33.8532,-3.4413,-5.0626,0.1031,-34.3310,2.0074,2.9532,-0.0355
49.4321,33.7837,-3.5419,-5.0504,0.0836,-34.2905,2.0661,2.9461,-0.0279
49.4522,33.7115,-3.6433,-5.0377,0.0632,-34.2484,2.1253,2.9387,-0.0201
49.4721,33.6382,-3.7431,-5.0249,0.0427,-34.2056,2.1835,2.9312,-0.0121
49.4920,33.5625,-3.8432,-5.0116,0.0214,-34.1615,2.2419,2.9234,-0.0039
49.5122,33.4839,-3.9444,-4.9978,-0.0006,-34.1156,2.3009,2.9154,0.0047
49.5322,33.4041,-4.0441,-4.9838,-0.0229,-34.0690,2.3590,2.9072,0.0133
49.5522,33.3221,-4.1437,-4.9694,-0.0457,-34.0212,2.4171,2.8988,0.0221
49.5722,33.2384,-4.2428,-4.9547,-0.0690,-33.9724,2.4749,2.8902,0.0312
49.5922,33.1525,-4.3418,-4.9396,-0.0929,-33.9223,2.5327,2.8814,0.0404
49.6123,33.0643,-4.4408,-4.9241,-0.1173,-33.8708,2.5905,2.8724,0.0499
49.6321,32.9754,-4.5382,-4.9086,-0.1420,-33.8190,2.6473,2.8633,0.0594
49.6521,32.8835,-4.6363,-4.8924,-0.1674,-33.7654,2.7045,2.8539,0.0693
49.6721,32.7899,-4.7340,-4.8760,-0.1933,-33.7108,2.7615,2.8443,0.0793
49.6923,32.6934,-4.8321,-4.8591,-0.2199,-33.6545,2.8187,2.8345,0.0896
49.7123,32.5956,-4.9293,-4.8419,-0.2469,-33.5974,2.8754,2.8244,0.1001
49.7321,32.4969,-5.0251,-4.8246,-0.2740,-33.5399,2.9313,2.8144,0.1106
49.7522,32.3950,-5.1219,-4.8067,-0.3021,-33.4804,2.9878,2.8039,0.1215
49.7722,32.2915,-5.2180,-4.7885,-0.3305,-33.4200,3.0438,2.7933,0.1325
49.7921,32.1867,-5.3131,-4.7702,-0.3593,-33.3589,3.0993,2.7826,0.1437
49.8121,32.0799,-5.4079,-4.7514,-0.3885,-33.2966,3.1546,2.7717,0.1550
49.8320,31.9712,-5.5024,-4.7324,-0.4183,-33.2332,3.2097,2.7605,0.1666
49.8519,31.8605,-5.5966,-4.7129,-0.4486,-33.1687,3.2647,2.7492,0.1783
49.8720,31.7472,-5.6910,-4.6931,-0.4796,-33.1026,3.3197,2.7376,0.1903
49.8920,31.6327,-5.7845,-4.6730,-0.5109,-33.0357,3.3743,2.7259,0.2025
49.9120,31.5157,-5.8780,-4.6524,-0.5428,-32.9675,3.4289,2.7139,0.2149
49.9320,31.3974,-5.9707,-4.6317,-0.5751,-32.8985,3.4829,2.7018,0.2274
49.9519,31.2776,-6.0628,-4.6107,-0.6078,-32.8286,3.5366,2.6895,0.2401
49.9719,31.1552,-6.1549,-4.5892,-0.6411,-32.7572,3.5903,2.6770,0.2530
49.9921,31.0303,-6.2471,-4.5673,-0.6751,-32.6843,3.6441,2.6642,0.2662
50.0121,30.9043,-6.3383,-4.5452,-0.7093,-32.6108,3.6974,2.6513,0.2795
50.0321,30.7767,-6.4290,-4.5228,-0.7440,-32.5364,3.7502,2.6383,0.2929
50.0521,30.6475,-6.5190,-4.5001,-0.7791,-32.4610,3.8027,2.6251,0.3065
50.0724,30.5140,-6.6103,-4.4767,-0.8153,-32.3832,3.8560,2.6114,0.3206
50.0921,30.3831,-6.6981,-4.4537,-0.8508,-32.3068,3.9072,2.5980,0.3344
50.1121,30.2478,-6.7873,-4.4300,-0.8875,-32.2279,3.9592,2.5841,0.3486
50.1319,30.1126,-6.8747,-4.4062,-0.9241,-32.1490,4.0103,2.5703,0.3628
50.1521,29.9732,-6.9632,-4.3818,-0.9618,-32.0677,4.0619,2.5560,0.3774
50.1720,29.8334,-7.0504,-4.3573,-0.9996,-31.9861,4.1127,2.5417,0.3921
50.1922,29.6901,-7.1381,-4.3321,-1.0384,-31.9026,4.1639,2.5271,0.4072
50.2122,29.5470,-7.2243,-4.3070,-1.0770,-31.8191,4.2141,2.5124,0.4222
50.2321,29.4021,-7.3099,-4.2816,-1.1162,-31.7346,4.2641,2.4976,0.4374
50.2519,29.2564,-7.3945,-4.2560,-1.1555,-31.6495,4.3134,2.4827,0.4526
50.2719,29.1075,-7.4794,-4.2299,-1.1957,-31.5627,4.3630,2.4674,0.4682
50.2919,28.9574,-7.5636,-4.2036,-1.2361,-31.4751,4.4121,2.4521,0.4839
50.3119,28.8053,-7.6473,-4.1769,-1.2771,-31.3864,4.4609,2.4365,0.4998
50.3319,28.6514,-7.7307,-4.1499,-1.3186,-31.2966,4.5096,2.4208,0.5159
50.3519,28.4959,-7.8135,-4.1226,-1.3604,-31.2059,4.5579,2.4048,0.5322
50.3720,28.3380,-7.8960,-4.0949,-1.4029,-31.1138,4.6060,2.3887,0.5487
50.3921,28.1788,-7.9779,-4.0669,-1.4457,-31.0210,4.6538,2.3724,0.5653
50.4121,28.0183,-8.0590,-4.0388,-1.4889,-30.9273,4.7011,2.3560,0.5821
50.4321,27.8559,-8.1397,-4.0103,-1.5325,-30.8326,4.7482,2.3393,0.5990
50.4521,27.6925,-8.2195,-3.9816,-1.5764,-30.7373,4.7947,2.3226,0.6160
50.4721,27.5273,-8.2989,-3.9526,-1.6208,-30.6409,4.8410,2.3057,0.6333
50.4921,27.3603,-8.3777,-3.9233,-1.6656,-30.5435,4.8870,2.2886,0.6507
50.5120,27.1933,-8.4553,-3.8940,-1.7104,-30.4461,4.9323,2.2715,0.6681
50.5319,27.0240,-8.5327,-3.8643,-1.7558,-30.3473,4.9774,2.2542,0.6857
50.5519,26.8524,-8.6097,-3.8342,-1.8018,-30.2472,5.0223,2.2366,0.7036
50.5724,26.6755,-8.6878,-3.8032,-1.8492,-30.1441,5.0679,2.2185,0.7220
50.5922,26.5026,-8.7629,-3.7728,-1.8955,-30.0432,5.1117,2.2008,0.7399
50.6120,26.3286,-8.8371,-3.7423,-1.9421,-29.9417,5.1550,2.1830,0.7580
50.6320,26.1508,-8.9118,-3.7111,-1.9897,-29.8380,5.1986,2.1648,0.7765
50.6521,25.9709,-8.9861,-3.6795,-2.0379,-29.7330,5.2419,2.1464,0.7952
50.6723,25.7891,-9.0599,-3.6477,-2.0865,-29.6270,5.2850,2.1278,0.8141
50.6922,25.6079,-9.1323,-3.6158,-2.1349,-29.5213,5.3272,2.1092,0.8329
50.7121,25.4255,-9.2039,-3.5838,-2.1837,-29.4148,5.3690,2.0906,0.8519
50.7321,25.2407,-9.2753,-3.5514,-2.2331,-29.3071,5.4106,2.0717,0.8710
50.7520,25.0550,-9.3457,-3.5189,-2.2826,-29.1988,5.4517,2.0527,0.8903
50.7719,24.8683,-9.4155,-3.4861,-2.3325,-29.0899,5.4924,2.0336,0.9097
50.7919,24.6793,-9.4849,-3.4529,-2.3830,-28.9796,5.5328,2.0142,0.9293
50.8119,24.4889,-9.5536,-3.4195,-2.4338,-28.8685,5.5729,1.9947,0.9490
50.8321,24.2955,-9.6222,-3.3856,-2.4853,-28.7557,5.6130,1.9749,0.9690
50.8519,24.1043,-9.6889,-3.3520,-2.5363,-28.6442,5.6519,1.9554,0.9888
50.8719,23.9095,-9.7557,-3.3179,-2.5883,-28.5305,5.6909,1.9354,1.0090
50.8919,23.7142,-9.8216,-3.2836,-2.6403,-28.4166,5.7293,1.9154,1.0292
50.9120,23.5157,-9.8874,-3.2488,-2.6932,-28.3008,5.7676,1.8951,1.0498
50.9321,23.3164,-9.9523,-3.2138,-2.7463,-28.1846,5.8055,1.8747,1.0704
50.9520,23.1175,-10.0160,-3.1789,-2.7993,-28.0685,5.8427,1.8543,1.0910
50.9721,22.9162,-10.0793,-3.1436,-2.8528,-27.9511,5.8796,1.8337,1.1118
50.9921,22.7137,-10.1419,-3.1080,-2.9067,-27.8330,5.9161,1.8130,1.1327
51.0120,22.5108,-10.2036,-3.0724,-2.9607,-27.7147,5.9521,1.7923,1.1537
51.0320,22.3069,-10.2644,-3.0367,-3.0149,-27.5957,5.9876,1.7714,1.1748
51.0520,22.1008,-10.3249,-3.0005,-3.0697,-27.4755,6.0228,1.7503,1.1961
51.0721,21.8927,-10.3848,-2.9640,-3.1251,-27.3541,6.0578,1.7290,1.2175
51.0919,21.6864,-10.4432,-2.9278,-3.1799,-27.2337,6.0918,1.7079,1.2388
51.1120,21.4762,-10.5015,-2.8909,-3.2357,-27.1111,6.1259,1.6864,1.2605
51.1319,21.2660,-10.5589,-2.8540,-3.2916,-26.9885,6.1594,1.6648,1.2822
51.1519,21.0541,-10.6156,-2.8169,-3.3478,-26.8649,6.1925,1.6432,1.3041
51.1720,20.8410,-10.6717,-2.7795,-3.4044,-26.7406,6.2251,1.6214,1.3261
51.1919,20.6276,-10.7267,-2.7420,-3.4610,-26.6161,6.2573,1.5995,1.3481
51.2121,20.4110,-10.7816,-2.7040,-3.5185,-26.4898,6.2892,1.5773,1.3704
51.2319,20.1962,-10.8349,-2.6663,-3.5755,-26.3644,6.3204,1.5554,1.3926
51.2519,19.9793,-10.8878,-2.6283,-3.6330,-26.2379,6.3512,1.5331,1.4149
51.2719,19.7611,-10.9400,-2.5900,-3.6908,-26.1107,6.3816,1.5108,1.4374
51.2922,19.5388,-10.9921,-2.5510,-3.7498,-25.9810,6.4120,1.4881,1.4603
51.3121,19.3195,-11.0425,-2.5125,-3.8079,-25.8530,6.4414,1.4656,1.4829
51.3322,19.0965,-11.0927,-2.4734,-3.8670,-25.7230,6.4707,1.4428,1.5058
51.3522,18.8745,-11.1417,-2.4344,-3.9258,-25.5934,6.4993,1.4201,1.5287
51.3722,18.6512,-11.1900,-2.3952,-3.9849,-25.4632,6.5275,1.3972,1.5517
51.3922,18.4264,-11.2376,-2.3558,-4.0444,-25.3321,6.5553,1.3742,1.5748
51.4120,18.2033,-11.2839,-2.3166,-4.1035,-25.2019,6.5823,1.3514,1.5977
51.4319,17.9786,-11.3295,-2.2772,-4.1629,-25.0709,6.6089,1.3284,1.6208
51.4519,17.7517,-11.3747,-2.2374,-4.2230,-24.9385,6.6352,1.3052,1.6442
51.4720,17.5229,-11.4192,-2.1973,-4.2835,-24.8050,6.6612,1.2817,1.6677
51.4920,17.2940,-11.4627,-2.1571,-4.3440,-24.6715,6.6866,1.2583,1.6912
51.5119,17.0655,-11.5053,-2.1170,-4.4045,-24.5382,6.7114,1.2349,1.7147
51.5321,16.8324,-11.5477,-2.0761,-4.4661,-24.4022,6.7361,1.2111,1.7387
51.5519,16.6031,-11.5884,-2.0359,-4.5267,-24.2685,6.7599,1.1876,1.7622
51.5721,16.3684,-11.6291,-1.9947,-4.5887,-24.1316,6.7837,1.1636,1.7863
51.5922,16.1345,-11.6688,-1.9537,-4.6505,-23.9951,6.8068,1.1396,1.8103
51.6122,15.9006,-11.7075,-1.9126,-4.7122,-23.8587,6.8294,1.1157,1.8343
51.6320,15.6685,-11.7449,-1.8719,-4.7735,-23.7233,6.8512,1.0919,1.8582
51.6523,15.4298,-11.7825,-1.8300,-4.8366,-23.5840,6.8731,1.0675,1.8827
51.6721,15.1967,-11.8182,-1.7891,-4.8981,-23.4481,6.8940,1.0436,1.9066
51.6922,14.9589,-11.8538,-1.7474,-4.9608,-23.3094,6.9147,1.0193,1.9310
51.7121,14.7219,-11.8882,-1.7058,-5.0233,-23.1711,6.9348,0.9951,1.9553
51.7321,14.4847,-11.9218,-1.6642,-5.0859,-23.0327,6.9544,0.9708,1.9796
51.7522,14.2439,-11.9549,-1.6219,-5.1494,-22.8923,6.9737,0.9461,2.0043
51.7723,14.0038,-11.9870,-1.5798,-5.2127,-22.7522,6.9924,0.9216,2.0289
51.7922,13.7645,-12.0181,-1.5378,-5.2758,-22.6126,7.0106,0.8971,2.0534
51.8121,13.5256,-12.0482,-1.4959,-5.3388,-22.4733,7.0281,0.8726,2.0779
51.8322,13.2823,-12.0780,-1.4532,-5.4029,-22.3313,7.0455,0.8477,2.1028
51.8522,13.0406,-12.1066,-1.4108,-5.4666,-22.1903,7.0622,0.8230,2.1276
51.8723,12.7975,-12.1345,-1.3682,-5.5306,-22.0486,7.0784,0.7981,2.1524
51.8922,12.5555,-12.1613,-1.3257,-5.5943,-21.9074,7.0941,0.7733,2.1772
51.9123,12.3112,-12.1875,-1.2828,-5.6586,-21.7649,7.1094,0.7483,2.2022
51.9321,12.0693,-12.2125,-1.2404,-5.7223,-21.6237,7.1240,0.7235,2.2270
51.9519,11.8271,-12.2367,-1.1979,-5.7861,-21.4825,7.1380,0.6988,2.2518
51.9720,11.5809,-12.2603,-1.1547,-5.8509,-21.3388,7.1518,0.6736,2.2769
51.9921,11.3345,-12.2830,-1.1115,-5.9157,-21.1951,7.1651,0.6483,2.3021
52.0120,11.0895,-12.3048,-1.0685,-5.9801,-21.0522,7.1778,0.6233,2.3272
52.0319,10.8451,-12.3255,-1.0256,-6.0444,-20.9097,7.1899,0.5983,2.3522
52.0519,10.5981,-12.3456,-0.9822,-6.1093,-20.7656,7.2016,0.5730,2.3774
52.0720,10.3499,-12.3649,-0.9387,-6.1746,-20.6208,7.2129,0.5476,2.4028
52.0919,10.1033,-12.3832,-0.8954,-6.2394,-20.4769,7.2235,0.5223,2.4280
52.1119,9.8552,-12.4007,-0.8519,-6.3046,-20.3322,7.2337,0.4969,2.4533
52.1320,9.6063,-12.4174,-0.8082,-6.3700,-20.1870,7.2435,0.4715,2.4788
52.1520,9.3576,-12.4331,-0.7646,-6.4353,-20.0420,7.2526,0.4460,2.5042
52.1719,9.1095,-12.4479,-0.7211,-6.5005,-19.8972,7.2613,0.4206,2.5295
52.1922,8.8566,-12.4621,-0.6767,-6.5669,-19.7497,7.2696,0.3947,2.5553
52.2120,8.6097,-12.4751,-0.6334,-6.6317,-19.6057,7.2771,0.3695,2.5805
52.2323,8.3574,-12.4874,-0.5891,-6.6979,-19.4585,7.2843,0.3436,2.6063
52.2522,8.1085,-12.4987,-0.5454,-6.7633,-19.3133,7.2909,0.3182,2.6317
52.2721,7.8595,-12.5092,-0.5017,-6.8286,-19.1681,7.2970,0.2927,2.6571
52.2920,7.6101,-12.5187,-0.4580,-6.8940,-19.0226,7.3026,0.2672,2.6825
52.3123,7.3561,-12.5276,-0.4134,-6.9607,-18.8744,7.3077,0.2411,2.7084
52.3322,7.1075,-12.5353,-0.3698,-7.0258,-18.7293,7.3123,0.2157,2.7338
52.3521,6.8577,-12.5423,-0.3259,-7.0913,-18.5836,7.3163,0.1901,2.7593
52.3721,6.6062,-12.5483,-0.2818,-7.1573,-18.4369,7.3199,0.1644,2.7849
52.3919,6.3578,-12.5535,-0.2382,-7.2223,-18.2921,7.3229,0.1390,2.8102
52.4119,6.1066,-12.5578,-0.1942,-7.2882,-18.1455,7.3254,0.1133,2.8358
52.4320,5.8538,-12.5613,-0.1498,-7.3544,-17.9981,7.3274,0.0874,2.8616
52.4519,5.6047,-12.5638,-0.1061,-7.4197,-17.8527,7.3289,0.0619,2.8869
52.4719,5.3533,-12.5655,-0.0620,-7.4855,-17.7061,7.3299,0.0362,2.9125
52.4920,5.1006,-12.5663,-0.0176,-7.5517,-17.5587,7.3303,0.0103,2.9383
52.5121,4.8480,-12.5662,0.0267,-7.6178,-17.4113,7.3303,-0.0156,2.9640
52.5322,4.5960,-12.5652,0.0709,-7.6838,-17.2643,7.3297,-0.0414,2.9896
52.5521,4.3448,-12.5634,0.1150,-7.7495,-17.1178,7.3286,-0.0671,3.0152
52.5721,4.0936,-12.5606,0.1590,-7.8152,-16.9713,7.3270,-0.0928,3.0408
52.5921,3.8423,-12.5570,0.2031,-7.8810,-16.8247,7.3249,-0.1185,3.0663
52.6122,3.5906,-12.5525,0.2473,-7.9468,-16.6778,7.3223,-0.1443,3.0919
52.6321,3.3407,-12.5471,0.2911,-8.0121,-16.5321,7.3192,-0.1698,3.1173
52.6522,3.0884,-12.5408,0.3354,-8.0781,-16.3849,7.3155,-0.1957,3.1430
52.6722,2.8385,-12.5337,0.3793,-8.1434,-16.2391,7.3113,-0.2212,3.1684
52.6922,2.5875,-12.5257,0.4233,-8.2090,-16.0927,7.3066,-0.2469,3.1939
52.7121,2.3379,-12.5168,0.4671,-8.2743,-15.9471,7.3015,-0.2725,3.2193
52.7322,2.0871,-12.5070,0.5111,-8.3398,-15.8008,7.2957,-0.2981,3.2448
52.7521,1.8375,-12.4964,0.5549,-8.4050,-15.6552,7.2895,-0.3237,3.2701
52.7722,1.5872,-12.4848,0.5988,-8.4703,-15.5092,7.2828,-0.3493,3.2955
52.7921,1.3389,-12.4724,0.6424,-8.5352,-15.3643,7.2756,-0.3747,3.3208
52.8121,1.0889,-12.4591,0.6862,-8.6004,-15.2185,7.2678,-0.4003,3.3462
52.8321,0.8397,-12.4449,0.7300,-8.6655,-15.0731,7.2596,-0.4258,3.3715
52.8520,0.5920,-12.4300,0.7734,-8.7301,-14.9287,7.2508,-0.4512,3.3966
52.8721,0.3430,-12.4140,0.8171,-8.7951,-14.7834,7.2415,-0.4766,3.4219
52.8921,0.0944,-12.3972,0.8607,-8.8599,-14.6384,7.2317,-0.5021,3.4471
52.9121,-0.1529,-12.3796,0.9041,-8.9244,-14.4941,7.2214,-0.5274,3.4722
52.9320,-0.3997,-12.3611,0.9474,-8.9888,-14.3502,7.2107,-0.5527,3.4972
52.9523,-0.6494,-12.3415,0.9912,-9.0539,-14.2045,7.1992,-0.5782,3.5225
52.9723,-0.8966,-12.3212,1.0346,-9.1183,-14.0603,7.1874,-0.6035,3.5476
52.9921,-1.1405,-12.3003,1.0774,-9.1819,-13.9180,7.1752,-0.6285,3.5723
53.0120,-1.3848,-12.2785,1.1203,-9.2455,-13.7755,7.1624,-0.6535,3.5971
53.0322,-1.6329,-12.2554,1.1638,-9.3102,-13.6308,7.1490,-0.6789,3.6222
53.0522,-1.8780,-12.2316,1.2068,-9.3740,-13.4878,7.1351,-0.7040,3.6471
53.0722,-2.1222,-12.2071,1.2497,-9.4376,-13.3454,7.1208,-0.7290,3.6718
53.0922,-2.3655,-12.1817,1.2923,-9.5009,-13.2035,7.1060,-0.7539,3.6964
53.1123,-2.6098,-12.1554,1.3352,-9.5645,-13.0609,7.0906,-0.7789,3.7212
53.1323,-2.8528,-12.1282,1.3779,-9.6278,-12.9192,7.0748,-0.8037,3.7458
53.1522,-3.0943,-12.1003,1.4202,-9.6906,-12.7783,7.0585,-0.8285,3.7702
53.1721,-3.3347,-12.0717,1.4624,-9.7531,-12.6381,7.0418,-0.8531,3.7946
53.1920,-3.5744,-12.0422,1.5045,-9.8155,-12.4982,7.0246,-0.8776,3.8188
53.2119,-3.8146,-12.0117,1.5466,-9.8779,-12.3582,7.0068,-0.9022,3.8431
53.2320,-4.0548,-11.9803,1.5888,-9.9404,-12.2180,6.9885,-0.9268,3.8674
53.2520,-4.2947,-11.9480,1.6309,-10.0027,-12.0781,6.9697,-0.9513,3.8917
53.2719,-4.5320,-11.9152,1.6725,-10.0644,-11.9396,6.9505,-0.9756,3.9157
53.2921,-4.7723,-11.8810,1.7146,-10.1268,-11.7995,6.9306,-1.0002,3.9399
53.3121,-5.0090,-11.8464,1.7562,-10.1883,-11.6614,6.9104,-1.0244,3.9639
53.3319,-5.2441,-11.8110,1.7974,-10.2494,-11.5243,6.8898,-1.0485,3.9876
53.3520,-5.4809,-11.7745,1.8390,-10.3109,-11.3861,6.8685,-1.0727,4.0115
53.3720,-5.7158,-11.7374,1.8802,-10.3718,-11.2491,6.8468,-1.0968,4.0353
53.3922,-5.9531,-11.6989,1.9218,-10.4334,-11.1107,6.8243,-1.1211,4.0592
53.4121,-6.1848,-11.6603,1.9625,-10.4935,-10.9755,6.8019,-1.1448,4.0826
53.4322,-6.4193,-11.6204,2.0036,-10.5544,-10.8388,6.7786,-1.1688,4.1063
53.4521,-6.6501,-11.5801,2.0441,-10.6142,-10.7041,6.7551,-1.1924,4.1296
53.4722,-6.8818,-11.5388,2.0848,-10.6743,-10.5690,6.7309,-1.2161,4.1530
53.4920,-7.1104,-11.4970,2.1249,-10.7336,-10.4356,6.7066,-1.2395,4.1760
53.5122,-7.3423,-11.4536,2.1656,-10.7937,-10.3003,6.6813,-1.2632,4.1994
53.5322,-7.5709,-11.4099,2.2057,-10.8529,-10.1670,6.6558,-1.2867,4.2225
53.5521,-7.7973,-11.3657,2.2454,-10.9116,-10.0349,6.6300,-1.3098,4.2453
53.5721,-8.0241,-11.3204,2.2852,-10.9703,-9.9026,6.6035,-1.3330,4.2682
53.5921,-8.2504,-11.2742,2.3249,-11.0289,-9.7706,6.5766,-1.3562,4.2910
53.6120,-8.4736,-11.2277,2.3641,-11.0867,-9.6404,6.5495,-1.3790,4.3134
53.6320,-8.6979,-11.1800,2.4034,-11.1448,-9.5095,6.5216,-1.4020,4.3361
53.6520,-8.9212,-11.1315,2.4426,-11.2025,-9.3793,6.4934,-1.4249,4.3585
53.6719,-9.1424,-11.0824,2.4814,-11.2598,-9.2503,6.4648,-1.4475,4.3808
53.6919,-9.3631,-11.0325,2.5201,-11.3168,-9.1215,6.4356,-1.4701,4.4030
53.7120,-9.5842,-10.9815,2.5589,-11.3740,-8.9925,6.4059,-1.4927,4.4253
53.7319,-9.8026,-10.9301,2.5973,-11.4305,-8.8652,6.3759,-1.5151,4.4472
53.7520,-10.0214,-10.8776,2.6357,-11.4870,-8.7375,6.3453,-1.5375,4.4693
53.7719,-10.2378,-10.8247,2.6736,-11.5429,-8.6113,6.3144,-1.5596,4.4910
53.7919,-10.4541,-10.7707,2.7116,-11.5988,-8.4851,6.2829,-1.5818,4.5128
53.8122,-10.6716,-10.7155,2.7497,-11.6550,-8.3582,6.2507,-1.6040,4.5346
53.8322,-10.8851,-10.6602,2.7872,-11.7101,-8.2337,6.2184,-1.6259,4.5561
53.8522,-11.0977,-10.6040,2.8245,-11.7650,-8.1097,6.1857,-1.6476,4.5774
53.8723,-11.3103,-10.5469,2.8618,-11.8198,-7.9857,6.1524,-1.6694,4.5988
53.8923,-11.5207,-10.4893,2.8987,-11.8741,-7.8629,6.1187,-1.6909,4.6199
53.9121,-11.7279,-10.4315,2.9351,-11.9276,-7.7420,6.0850,-1.7121,4.6407
53.9319,-11.9344,-10.3729,2.9713,-11.9808,-7.6216,6.0508,-1.7333,4.6614
53.9520,-12.1425,-10.3127,3.0078,-12.0344,-7.5002,6.0157,-1.7546,4.6823
53.9721,-12.3484,-10.2521,3.0439,-12.0875,-7.3801,5.9804,-1.7756,4.7030
53.9922,-12.5538,-10.1906,3.0800,-12.1404,-7.2603,5.9445,-1.7967,4.7236
54.0122,-12.7577,-10.1284,3.1158,-12.1929,-7.1413,5.9082,-1.8175,4.7440
54.0321,-12.9586,-10.0661,3.1510,-12.2447,-7.0241,5.8719,-1.8381,4.7642
54.0521,-13.1586,-10.0029,3.1861,-12.2961,-6.9075,5.8350,-1.8586,4.7842
54.0721,-13.3588,-9.9386,3.2212,-12.3476,-6.7907,5.7975,-1.8790,4.8043
54.0922,-13.5580,-9.8735,3.2562,-12.3989,-6.6745,5.7595,-1.8994,4.8242
54.1122,-13.7547,-9.8080,3.2907,-12.4495,-6.5598,5.7214,-1.9196,4.8439
54.1321,-13.9491,-9.7423,3.3248,-12.4994,-6.4464,5.6830,-1.9395,4.8634
54.1521,-14.1434,-9.6754,3.3589,-12.5494,-6.3330,5.6440,-1.9594,4.8828
54.1721,-14.3360,-9.6079,3.3927,-12.5989,-6.2206,5.6046,-1.9791,4.9021
54.1923,-14.5296,-9.5390,3.4267,-12.6486,-6.1078,5.5644,-1.9989,4.9214
54.2122,-14.7181,-9.4707,3.4597,-12.6970,-5.9978,5.5246,-2.0182,4.9403
54.2322,-14.9071,-9.4011,3.4929,-12.7455,-5.8875,5.4840,-2.0375,4.9592
54.2523,-15.0950,-9.3307,3.5259,-12.7937,-5.7779,5.4429,-2.0568,4.9779
54.2723,-15.2809,-9.2598,3.5585,-12.8414,-5.6695,5.4016,-2.0758,4.9965
54.2921,-15.4635,-9.1891,3.5905,-12.8882,-5.5630,5.3603,-2.0945,5.0147
54.3122,-15.6476,-9.1165,3.6228,-12.9354,-5.4556,5.3180,-2.1133,5.0331
54.3322,-15.8299,-9.0435,3.6548,-12.9821,-5.3492,5.2754,-2.1320,5.0513
54.3521,-16.0089,-8.9705,3.6862,-13.0279,-5.2448,5.2328,-2.1503,5.0691
54.3720,-16.1868,-8.8968,3.7174,-13.0735,-5.1411,5.1898,-2.1685,5.0869
54.3919,-16.3628,-8.8227,3.7483,-13.1185,-5.0384,5.1465,-2.1865,5.1044
54.4119,-16.5387,-8.7473,3.7792,-13.1635,-4.9357,5.1026,-2.2045,5.1219
54.4319,-16.7125,-8.6716,3.8097,-13.2079,-4.8344,5.0584,-2.2223,5.1392
54.4519,-16.8857,-8.5948,3.8401,-13.2522,-4.7333,5.0137,-2.2400,5.1565
54.4720,-17.0575,-8.5174,3.8702,-13.2961,-4.6331,4.9685,-2.2576,5.1736
54.4920,-17.2271,-8.4397,3.9000,-13.3394,-4.5342,4.9232,-2.2750,5.1905
54.5120,-17.3952,-8.3614,3.9294,-13.3823,-4.4362,4.8775,-2.2922,5.2072
54.5321,-17.5618,-8.2824,3.9587,-13.4249,-4.3389,4.8314,-2.3092,5.2237
54.5522,-17.7281,-8.2023,3.9879,-13.4673,-4.2420,4.7847,-2.3262,5.2403
54.5723,-17.8917,-8.1220,4.0166,-13.5090,-4.1465,4.7378,-2.3430,5.2565
54.5923,-18.0535,-8.0414,4.0450,-13.5502,-4.0522,4.6908,-2.3596,5.2726
54.6122,-18.2124,-7.9607,4.0728,-13.5907,-3.9594,4.6438,-2.3758,5.2883
54.6321,-18.3707,-7.8790,4.1006,-13.6310,-3.8671,4.5961,-2.3920,5.3040
54.6523,-18.5285,-7.7962,4.1283,-13.6712,-3.7750,4.5478,-2.4082,5.3197
54.6723,-18.6836,-7.7134,4.1555,-13.7106,-3.6845,4.4995,-2.4241,5.3351
54.6920,-18.8354,-7.6309,4.1821,-13.7492,-3.5960,4.4514,-2.4396,5.3501
54.7121,-18.9872,-7.5470,4.2088,-13.7878,-3.5075,4.4024,-2.4551,5.3651
54.7321,-19.1375,-7.4624,4.2352,-13.8259,-3.4198,4.3531,-2.4705,5.3800
54.7522,-19.2867,-7.3770,4.2613,-13.8638,-3.3328,4.3033,-2.4858,5.3947
54.7719,-19.4315,-7.2926,4.2867,-13.9005,-3.2483,4.2540,-2.5006,5.4091
54.7920,-19.5769,-7.2064,4.3122,-13.9374,-3.1635,4.2037,-2.5155,5.4234
54.8122,-19.7220,-7.1188,4.3377,-13.9741,-3.0789,4.1526,-2.5303,5.4377
54.8321,-19.8622,-7.0325,4.3623,-14.0097,-2.9970,4.1023,-2.5447,5.4516
54.8521,-20.0026,-6.9447,4.3869,-14.0452,-2.9152,4.0511,-2.5590,5.4654
54.8723,-20.1414,-6.8562,4.4113,-14.0803,-2.8342,3.9994,-2.5733,5.4791
54.8922,-20.2772,-6.7680,4.4351,-14.1146,-2.7550,3.9480,-2.5872,5.4925
54.9122,-20.4119,-6.6789,4.4588,-14.1486,-2.6764,3.8960,-2.6009,5.5057
54.9321,-20.5435,-6.5903,4.4818,-14.1818,-2.5996,3.8443,-2.6144,5.5187
54.9521,-20.6749,-6.5001,4.5049,-14.2150,-2.5230,3.7917,-2.6279,5.5316
54.9723,-20.8048,-6.4092,4.5277,-14.2477,-2.4472,3.7387,-2.6412,5.5444
54.9922,-20.9319,-6.3185,4.5500,-14.2797,-2.3731,3.6858,-2.6542,5.5569
55.0122,-21.0568,-6.2277,4.5719,-14.3112,-2.3002,3.6328,-2.6670,5.5691
55.0321,-21.1801,-6.1363,4.5936,-14.3422,-2.2283,3.5795,-2.6796,5.5812
55.0521,-21.3022,-6.0440,4.6150,-14.3728,-2.1571,3.5257,-2.6921,5.5932
55.0722,-21.4223,-5.9514,4.6360,-14.4030,-2.0870,3.4716,-2.7044,5.6049
55.0920,-21.5394,-5.8592,4.6566,-14.4324,-2.0187,3.4179,-2.7163,5.6164
55.1120,-21.6557,-5.7659,4.6770,-14.4615,-1.9509,3.3634,-2.7282,5.6277
55.1321,-21.7705,-5.6717,4.6971,-14.4903,-1.8839,3.3085,-2.7400,5.6389
55.1521,-21.8833,-5.5773,4.7169,-14.5185,-1.8181,3.2534,-2.7515,5.6499
55.1720,-21.9933,-5.4833,4.7362,-14.5459,-1.7539,3.1986,-2.7628,5.6607
55.1921,-22.1022,-5.3883,4.7553,-14.5731,-1.6904,3.1432,-2.7739,5.6713
55.2122,-22.2100,-5.2921,4.7743,-14.6000,-1.6275,3.0871,-2.7850,5.6818
55.2321,-22.3140,-5.1972,4.7925,-14.6259,-1.5668,3.0317,-2.7956,5.6919
55.2519,-22.4162,-5.1020,4.8104,-14.6513,-1.5072,2.9761,-2.8061,5.7018
55.2720,-22.5177,-5.0051,4.8283,-14.6766,-1.4480,2.9196,-2.8165,5.7116
55.2920,-22.6170,-4.9082,4.8457,-14.7012,-1.3901,2.8631,-2.8266,5.7212
55.3121,-22.7143,-4.8111,4.8627,-14.7253,-1.3334,2.8065,-2.8366,5.7306
55.3320,-22.8095,-4.7137,4.8794,-14.7489,-1.2778,2.7497,-2.8463,5.7398
55.3522,-22.9035,-4.6152,4.8959,-14.7721,-1.2230,2.6922,-2.8560,5.7489
55.3723,-22.9951,-4.5168,4.9120,-14.7947,-1.1695,2.6348,-2.8653,5.7577
55.3921,-23.0837,-4.4192,4.9276,-14.8166,-1.1178,2.5779,-2.8744,5.7663
55.4120,-23.1707,-4.3210,4.9428,-14.8379,-1.0671,2.5206,-2.8833,5.7746
55.4321,-23.2565,-4.2215,4.9579,-14.8590,-1.0170,2.4626,-2.8921,5.7828
55.4522,-23.3404,-4.1217,4.9726,-14.8796,-0.9681,2.4043,-2.9007,5.7909
55.4722,-23.4220,-4.0219,4.9869,-14.8996,-0.9205,2.3461,-2.9090,5.7987
55.4923,-23.5017,-3.9217,5.0009,-14.9190,-0.8740,2.2876,-2.9172,5.8063
55.5121,-23.5784,-3.8225,5.0144,-14.9377,-0.8293,2.2298,-2.9250,5.8136
55.5321,-23.6537,-3.7222,5.0276,-14.9560,-0.7853,2.1713,-2.9327,5.8207
55.5522,-23.7275,-3.6211,5.0405,-14.9739,-0.7423,2.1123,-2.9403,5.8277
55.5721,-23.7986,-3.5206,5.0530,-14.9912,-0.7008,2.0537,-2.9476,5.8345
55.5922,-23.8685,-3.4187,5.0652,-15.0080,-0.6601,1.9943,-2.9547,5.8411
55.6122,-23.9357,-3.3175,5.0770,-15.0242,-0.6209,1.9352,-2.9616,5.8474
55.6320,-24.0005,-3.2167,5.0884,-15.0398,-0.5830,1.8764,-2.9682,5.8535
55.6520,-24.0638,-3.1148,5.0995,-15.0549,-0.5461,1.8170,-2.9747,5.8594
55.6721,-24.1254,-3.0122,5.1103,-15.0696,-0.5102,1.7571,-2.9810,5.8652
55.6920,-24.1843,-2.9104,5.1207,-15.0836,-0.4758,1.6977,-2.9871,5.8706
55.7121,-24.2416,-2.8077,5.1307,-15.0972,-0.4424,1.6379,-2.9929,5.8759
55.7323,-24.2974,-2.7037,5.1405,-15.1103,-0.4099,1.5772,-2.9986,5.8811
55.7521,-24.3499,-2.6018,5.1497,-15.1227,-0.3792,1.5177,-3.0040,5.8859
55.7723,-24.4013,-2.4980,5.1587,-15.1347,-0.3492,1.4572,-3.0093,5.8906
55.7923,-24.4502,-2.3947,5.1673,-15.1460,-0.3207,1.3969,-3.0143,5.8951
55.8121,-24.4966,-2.2923,5.1755,-15.1568,-0.2936,1.3372,-3.0190,5.8993
55.8322,-24.5417,-2.1882,5.1834,-15.1671,-0.2674,1.2764,-3.0236,5.9033
55.8522,-24.5846,-2.0840,5.1909,-15.1769,-0.2423,1.2157,-3.0280,5.9072
55.8722,-24.6252,-1.9802,5.1980,-15.1861,-0.2186,1.1551,-3.0322,5.9108
55.8920,-24.6634,-1.8772,5.2047,-15.1946,-0.1964,1.0950,-3.0361,5.9142
55.9119,-24.6997,-1.7736,5.2111,-15.2027,-0.1752,1.0346,-3.0398,5.9173
55.9321,-24.7344,-1.6685,5.2172,-15.2103,-0.1549,0.9733,-3.0434,5.9203
55.9522,-24.7668,-1.5637,5.2229,-15.2173,-0.1360,0.9122,-3.0467,5.9231
55.9719,-24.7967,-1.4606,5.2281,-15.2237,-0.1186,0.8520,-3.0497,5.9256
55.9919,-24.8249,-1.3558,5.2331,-15.2296,-0.1022,0.7909,-3.0526,5.9279
56.0120,-24.8511,-1.2506,5.2377,-15.2350,-0.0869,0.7295,-3.0553,5.9301
56.0319,-24.8748,-1.1466,5.2418,-15.2398,-0.0730,0.6689,-3.0577,5.9320
56.0521,-24.8970,-1.0403,5.2457,-15.2441,-0.0601,0.6068,-3.0600,5.9337
56.0722,-24.9168,-0.9352,5.2492,-15.2478,-0.0485,0.5455,-3.0620,5.9352
56.0921,-24.9344,-0.8306,5.2523,-15.2510,-0.0383,0.4845,-3.0638,5.9364
56.1122,-24.9500,-0.7249,5.2550,-15.2536,-0.0291,0.4229,-3.0654,5.9375
56.1321,-24.9634,-0.6204,5.2574,-15.2556,-0.0213,0.3619,-3.0668,5.9383
56.1522,-24.9748,-0.5149,5.2594,-15.2571,-0.0147,0.3003,-3.0680,5.9389
56.1722,-24.9841,-0.4095,5.2610,-15.2581,-0.0093,0.2389,-3.0689,5.9393
56.1923,-24.9912,-0.3035,5.2623,-15.2585,-0.0051,0.1771,-3.0696,5.9395
56.2121,-24.9962,-0.1994,5.2631,-15.2583,-0.0022,0.1163,-3.0702,5.9395
56.2321,-24.9992,-0.0940,5.2636,-15.2576,-0.0005,0.0548,-3.0705,5.9393
56.2521,-25.0000,0.0110,5.2638,-15.2564,-0.0000,-0.0064,-3.0705,5.9388
56.2721,-24.9987,0.1163,5.2636,-15.2546,-0.0007,-0.0678,-3.0704,5.9381
56.2920,-24.9954,0.2212,5.2630,-15.2522,-0.0027,-0.1291,-3.0701,5.9373
56.3121,-24.9899,0.3267,5.2620,-15.2493,-0.0059,-0.1906,-3.0695,5.9362
56.3321,-24.9822,0.4323,5.2607,-15.2458,-0.0104,-0.2522,-3.0687,5.9349
56.3520,-24.9726,0.5367,5.2590,-15.2419,-0.0160,-0.3131,-3.0677,5.9333
56.3719,-24.9609,0.6414,5.2569,-15.2373,-0.0228,-0.3742,-3.0665,5.9316
56.3919,-24.9470,0.7463,5.2545,-15.2323,-0.0309,-0.4353,-3.0651,5.9297
56.4119,-24.9310,0.8516,5.2517,-15.2266,-0.0402,-0.4968,-3.0635,5.9275
56.4319,-24.9130,0.9566,5.2485,-15.2204,-0.0508,-0.5580,-3.0616,5.9251
56.4519,-24.8928,1.0616,5.2450,-15.2136,-0.0626,-0.6192,-3.0596,5.9225
56.4720,-24.8703,1.1671,5.2410,-15.2063,-0.0756,-0.6808,-3.0573,5.9197
56.4925,-24.8453,1.2743,5.2367,-15.1983,-0.0902,-0.7434,-3.0547,5.9166
56.5119,-24.8196,1.3759,5.2321,-15.1901,-0.1052,-0.8026,-3.0521,5.9135
56.5320,-24.7909,1.4812,5.2271,-15.1811,-0.1220,-0.8640,-3.0491,5.9100
56.5521,-24.7601,1.5861,5.2217,-15.1716,-0.1400,-0.9252,-3.0460,5.9064
56.5721,-24.7273,1.6904,5.2159,-15.1615,-0.1591,-0.9861,-3.0426,5.9025
56.5922,-24.6923,1.7951,5.2098,-15.1509,-0.1795,-1.0472,-3.0391,5.8984
56.6120,-24.6557,1.8984,5.2034,-15.1399,-0.2009,-1.1074,-3.0353,5.8941
56.6322,-24.6163,2.0034,5.1965,-15.1281,-0.2238,-1.1686,-3.0313,5.8896
56.6522,-24.5752,2.1073,5.1893,-15.1159,-0.2478,-1.2292,-3.0271,5.8849
56.6722,-24.5321,2.2109,5.1817,-15.1032,-0.2730,-1.2897,-3.0226,5.8800
56.6922,-24.4869,2.3141,5.1738,-15.0899,-0.2993,-1.3499,-3.0180,5.8748
56.7121,-24.4397,2.4173,5.1655,-15.0761,-0.3268,-1.4101,-3.0132,5.8695
56.7319,-24.3908,2.5196,5.1569,-15.0619,-0.3554,-1.4698,-3.0082,5.8640
56.7519,-24.3394,2.6226,5.1479,-15.0470,-0.3854,-1.5299,-3.0029,5.8583
56.7719,-24.2860,2.7253,5.1385,-15.0316,-0.4165,-1.5898,-2.9975,5.8523
56.7919,-24.2304,2.8281,5.1288,-15.0156,-0.4489,-1.6497,-2.9918,5.8461
56.8119,-24.1729,2.9305,5.1187,-14.9991,-0.4825,-1.7094,-2.9859,5.8397
56.8320,-24.1129,3.0333,5.1081,-14.9819,-0.5175,-1.7694,-2.9797,5.8331
56.8519,-24.0516,3.1348,5.0974,-14.9645,-0.5533,-1.8286,-2.9735,5.8263
56.8719,-23.9878,3.2367,5.0862,-14.9464,-0.5904,-1.8880,-2.9669,5.8193
56.8919,-23.9221,3.3383,5.0747,-14.9277,-0.6288,-1.9473,-2.9602,5.8121
56.9121,-23.8537,3.4405,5.0627,-14.9084,-0.6687,-2.0069,-2.9532,5.8046
56.9320,-23.7842,3.5412,5.0505,-14.8888,-0.7092,-2.0657,-2.9461,5.7971
56.9520,-23.7122,3.6423,5.0378,-14.8685,-0.7512,-2.1247,-2.9387,5.7892
56.9721,-23.6382,3.7432,5.0248,-14.8477,-0.7944,-2.1835,-2.9312,5.7812
56.9921,-23.5623,3.8436,5.0115,-14.8265,-0.8387,-2.2421,-2.9234,5.7729
57.0120,-23.4848,3.9432,4.9979,-14.8048,-0.8839,-2.3002,-2.9155,5.7645
57.0319,-23.4053,4.0426,4.9840,-14.7826,-0.9303,-2.3582,-2.9073,5.7559
57.0521,-23.3226,4.1432,4.9695,-14.7595,-0.9785,-2.4168,-2.8989,5.7470
57.0720,-23.2390,4.2421,4.9548,-14.7363,-1.0273,-2.4745,-2.8903,5.7380
57.0920,-23.1532,4.3410,4.9397,-14.7124,-1.0773,-2.5322,-2.8815,5.7287
57.1120,-23.0656,4.4394,4.9244,-14.6881,-1.1284,-2.5896,-2.8726,5.7193
57.1321,-22.9753,4.5382,4.9085,-14.6631,-1.1811,-2.6473,-2.8633,5.7096
57.1521,-22.8834,4.6365,4.8924,-14.6377,-1.2347,-2.7046,-2.8539,5.6998
57.1719,-22.7907,4.7331,4.8762,-14.6121,-1.2887,-2.7610,-2.8444,5.6898
57.1919,-22.6951,4.8304,4.8594,-14.5857,-1.3445,-2.8177,-2.8346,5.6796
57.2121,-22.5968,4.9282,4.8421,-14.5586,-1.4019,-2.8748,-2.8246,5.6691
57.2320,-22.4977,5.0244,4.8247,-14.5313,-1.4597,-2.9309,-2.8144,5.6585
57.2521,-22.3958,5.1211,4.8069,-14.5033,-1.5191,-2.9873,-2.8040,5.6477
57.2721,-22.2921,5.2174,4.7887,-14.4747,-1.5796,-3.0435,-2.7934,5.6366
57.2922,-22.1865,5.3133,4.7701,-14.4458,-1.6412,-3.0994,-2.7826,5.6254
57.3120,-22.0803,5.4076,4.7515,-14.4166,-1.7032,-3.1544,-2.7717,5.6141
57.3319,-21.9717,5.5020,4.7324,-14.3869,-1.7665,-3.2095,-2.7606,5.6025
57.3521,-21.8597,5.5973,4.7128,-14.3562,-1.8319,-3.2651,-2.7491,5.5907
57.3722,-21.7463,5.6918,4.6929,-14.3252,-1.8980,-3.3202,-2.7375,5.5786
57.3921,-21.6318,5.7852,4.6728,-14.2940,-1.9648,-3.3747,-2.7258,5.5665
57.4121,-21.5154,5.8783,4.6524,-14.2622,-2.0327,-3.4290,-2.7139,5.5542
57.4323,-21.3957,5.9720,4.6314,-14.2295,-2.1025,-3.4837,-2.7016,5.5415
57.4523,-21.2753,6.0644,4.6103,-14.1967,-2.1727,-3.5376,-2.6893,5.5288
57.4722,-21.1534,6.1563,4.5889,-14.1635,-2.2439,-3.5911,-2.6768,5.5159
57.4922,-21.0299,6.2474,4.5672,-14.1299,-2.3159,-3.6443,-2.6642,5.5029
57.5123,-20.9034,6.3390,4.5450,-14.0955,-2.3897,-3.6977,-2.6512,5.4895
57.5322,-20.7759,6.4295,4.5226,-14.0609,-2.4641,-3.7506,-2.6382,5.4761
57.5523,-20.6462,6.5199,4.4999,-14.0257,-2.5397,-3.8033,-2.6249,5.4624
57.5722,-20.5152,6.6094,4.4769,-13.9901,-2.6161,-3.8555,-2.6115,5.4486
57.5923,-20.3818,6.6990,4.4535,-13.9539,-2.6940,-3.9077,-2.5979,5.4346
57.6123,-20.2470,6.7878,4.4298,-13.9174,-2.7726,-3.9595,-2.5841,5.4204
57.6321,-20.1113,6.8755,4.4060,-13.8807,-2.8517,-4.0107,-2.5702,5.4061
57.6521,-19.9731,6.9633,4.3818,-13.8433,-2.9324,-4.0619,-2.5560,5.3916
57.6721,-19.8328,7.0508,4.3571,-13.8053,-3.0142,-4.1130,-2.5417,5.3769
57.6921,-19.6909,7.1377,4.3323,-13.7670,-3.0970,-4.1636,-2.5271,5.3620
57.7121,-19.5470,7.2242,4.3070,-13.7281,-3.1809,-4.2141,-2.5124,5.3469
57.7321,-19.4024,7.3097,4.2816,-13.6890,-3.2653,-4.2640,-2.4976,5.3318
57.7522,-19.2543,7.3957,4.2556,-13.6490,-3.3517,-4.3142,-2.4825,5.3162
57.7722,-19.1054,7.4806,4.2295,-13.6089,-3.4385,-4.3637,-2.4672,5.3006
57.7923,-18.9544,7.5652,4.2030,-13.5682,-3.5266,-4.4130,-2.4518,5.2848
57.8121,-18.8035,7.6483,4.1766,-13.5275,-3.6146,-4.4615,-2.4363,5.2691
57.8324,-18.6479,7.7326,4.1492,-13.4856,-3.7054,-4.5107,-2.4204,5.2528
57.8523,-18.4928,7.8151,4.1220,-13.4438,-3.7958,-4.5588,-2.4045,5.2366
57.8723,-18.3360,7.8971,4.0945,-13.4016,-3.8873,-4.6066,-2.3885,5.2202
57.8922,-18.1778,7.9784,4.0668,-13.3591,-3.9796,-4.6541,-2.3723,5.2037
57.9122,-18.0174,8.0595,4.0386,-13.3159,-4.0732,-4.7014,-2.3559,5.1869
57.9322,-17.8555,8.1399,4.0102,-13.2725,-4.1676,-4.7483,-2.3393,5.1700
57.9523,-17.6911,8.2202,3.9814,-13.2283,-4.2635,-4.7951,-2.3225,5.1529
57.9722,-17.5267,8.2992,3.9525,-13.1842,-4.3594,-4.8412,-2.3056,5.1358
57.9922,-17.3596,8.3781,3.9232,-13.1393,-4.4569,-4.8872,-2.2885,5.1183
58.0123,-17.1908,8.4565,3.8936,-13.0940,-4.5554,-4.9329,-2.2713,5.1008
58.0322,-17.0213,8.5339,3.8638,-13.0486,-4.6543,-4.9781,-2.2539,5.0831
58.0522,-16.8501,8.6107,3.8338,-13.0027,-4.7541,-5.0229,-2.2364,5.0653
58.0721,-16.6778,8.6868,3.8036,-12.9565,-4.8546,-5.0673,-2.2188,5.0474
58.0921,-16.5036,8.7625,3.7730,-12.9098,-4.9563,-5.1114,-2.2009,5.0292
58.1121,-16.3272,8.8378,3.7421,-12.8626,-5.0591,-5.1554,-2.1829,5.0109
58.1320,-16.1507,8.9119,3.7111,-12.8154,-5.1621,-5.1986,-2.1648,4.9925
58.1521,-15.9711,8.9860,3.6796,-12.7673,-5.2669,-5.2419,-2.1464,4.9739
58.1721,-15.7904,9.0594,3.6479,-12.7190,-5.3723,-5.2847,-2.1279,4.9551
58.1920,-15.6093,9.1317,3.6161,-12.6705,-5.4779,-5.3268,-2.1094,4.9363
58.2119,-15.4271,9.2033,3.5841,-12.6219,-5.5842,-5.3686,-2.0907,4.9174
58.2321,-15.2406,9.2753,3.5514,-12.5720,-5.6930,-5.4106,-2.0717,4.8980
58.2521,-15.0545,9.3460,3.5187,-12.5223,-5.8016,-5.4518,-2.0526,4.8787
58.2720,-14.8680,9.4156,3.4860,-12.4725,-5.9103,-5.4924,-2.0335,4.8594
58.2920,-14.6788,9.4851,3.4528,-12.4220,-6.0207,-5.5329,-2.0142,4.8398
58.3120,-14.4884,9.5538,3.4194,-12.3712,-6.1318,-5.5730,-1.9947,4.8200
58.3320,-14.2961,9.6220,3.3857,-12.3199,-6.2440,-5.6128,-1.9750,4.8001
58.3521,-14.1028,9.6895,3.3518,-12.2684,-6.3567,-5.6522,-1.9552,4.7801
58.3719,-13.9100,9.7556,3.3179,-12.2170,-6.4692,-5.6908,-1.9355,4.7601
58.3920,-13.7135,9.8218,3.2835,-12.1646,-6.5838,-5.7294,-1.9154,4.7398
58.4119,-13.5169,9.8870,3.2490,-12.1122,-6.6985,-5.7674,-1.8952,4.7194
58.4319,-13.3184,9.9517,3.2141,-12.0594,-6.8143,-5.8051,-1.8749,4.6989
58.4520,-13.1175,10.0160,3.1789,-12.0058,-6.9315,-5.8427,-1.8543,4.6781
58.4720,-12.9170,10.0791,3.1437,-11.9525,-7.0484,-5.8795,-1.8338,4.6574
58.4920,-12.7145,10.1417,3.1082,-11.8986,-7.1666,-5.9160,-1.8131,4.6364
58.5121,-12.5107,10.2036,3.0724,-11.8444,-7.2854,-5.9521,-1.7922,4.6154
58.5319,-12.3072,10.2643,3.0367,-11.7902,-7.4041,-5.9875,-1.7714,4.5943
58.5519,-12.1017,10.3246,3.0007,-11.7356,-7.5240,-6.0227,-1.7504,4.5731
58.5719,-11.8948,10.3842,2.9644,-11.6806,-7.6447,-6.0574,-1.7292,4.5518
58.5922,-11.6835,10.4440,2.9273,-11.6245,-7.7679,-6.0923,-1.7076,4.5299
58.6121,-11.4744,10.5020,2.8906,-11.5689,-7.8899,-6.1262,-1.6862,4.5084
58.6322,-11.2633,10.5596,2.8535,-11.5128,-8.0131,-6.1598,-1.6646,4.4866
58.6522,-11.0516,10.6163,2.8164,-11.4566,-8.1366,-6.1928,-1.6429,4.4647
58.6723,-10.8374,10.6726,2.7788,-11.3998,-8.2615,-6.2257,-1.6210,4.4426
58.6922,-10.6244,10.7275,2.7414,-11.3432,-8.3858,-6.2577,-1.5992,4.4207
58.7122,-10.4092,10.7820,2.7037,-11.2861,-8.5113,-6.2895,-1.5772,4.3985
58.7323,-10.1925,10.8358,2.6657,-11.2286,-8.6377,-6.3209,-1.5550,4.3761
58.7522,-9.9761,10.8886,2.6277,-11.1712,-8.7640,-6.3517,-1.5328,4.3538
58.7719,-9.7613,10.9399,2.5900,-11.1143,-8.8892,-6.3816,-1.5108,4.3317
58.7919,-9.5419,10.9914,2.5515,-11.0561,-9.0172,-6.4116,-1.4884,4.3091
58.8119,-9.3216,11.0420,2.5129,-10.9978,-9.1457,-6.4412,-1.4658,4.2864
58.8319,-9.1001,11.0919,2.4740,-10.9391,-9.2749,-6.4703,-1.4432,4.2636
58.8519,-8.8778,11.1410,2.4350,-10.8802,-9.4046,-6.4989,-1.4204,4.2407
58.8719,-8.6543,11.1893,2.3958,-10.8210,-9.5350,-6.5271,-1.3975,4.2177
58.8919,-8.4298,11.2369,2.3564,-10.7616,-9.6660,-6.5549,-1.3746,4.1946
58.9119,-8.2050,11.2835,2.3169,-10.7021,-9.7971,-6.5821,-1.3516,4.1715
58.9319,-7.9785,11.3296,2.2772,-10.6421,-9.9292,-6.6089,-1.3284,4.1482
58.9519,-7.7519,11.3746,2.2374,-10.5822,-10.0614,-6.6352,-1.3052,4.1249
58.9719,-7.5234,11.4191,2.1974,-10.5217,-10.1947,-6.6611,-1.2818,4.1014
58.9919,-7.2947,11.4626,2.1572,-10.4612,-10.3281,-6.6865,-1.2584,4.0779
59.0119,-7.0657,11.5052,2.1171,-10.4007,-10.4617,-6.7114,-1.2349,4.0544
59.0319,-6.8350,11.5472,2.0766,-10.3397,-10.5963,-6.7359,-1.2113,4.0307
59.0520,-6.6022,11.5886,2.0357,-10.2782,-10.7321,-6.7600,-1.1875,4.0068
59.0719,-6.3708,11.6287,1.9951,-10.2170,-10.8670,-6.7834,-1.1638,3.9830
59.0919,-6.1381,11.6682,1.9543,-10.1556,-11.0028,-6.8064,-1.1400,3.9591
59.1121,-5.9023,11.7072,1.9129,-10.0933,-11.1403,-6.8292,-1.1159,3.9349
59.1321,-5.6679,11.7450,1.8718,-10.0314,-11.2771,-6.8513,-1.0919,3.9109
59.1522,-5.4316,11.7822,1.8303,-9.9690,-11.4149,-6.8730,-1.0677,3.8866
59.1720,-5.1972,11.8182,1.7892,-9.9072,-11.5516,-6.8939,-1.0437,3.8626
59.1921,-4.9602,11.8536,1.7476,-9.8446,-11.6899,-6.9146,-1.0194,3.8383
59.2121,-4.7217,11.8883,1.7058,-9.7817,-11.8290,-6.9348,-0.9950,3.8138
59.2321,-4.4840,11.9219,1.6641,-9.7190,-11.9677,-6.9544,-0.9707,3.7894
59.2522,-4.2446,11.9549,1.6220,-9.6558,-12.1073,-6.9737,-0.9462,3.7649
59.2721,-4.0056,11.9868,1.5801,-9.5929,-12.2467,-6.9923,-0.9217,3.7404
59.2921,-3.7659,12.0180,1.5381,-9.5297,-12.3866,-7.0105,-0.8972,3.7158
59.3121,-3.5257,12.0482,1.4959,-9.4664,-12.5267,-7.0281,-0.8726,3.6912
59.3322,-3.2834,12.0779,1.4534,-9.4025,-12.6680,-7.0454,-0.8478,3.6664
59.3523,-3.0401,12.1067,1.4107,-9.3384,-12.8099,-7.0622,-0.8229,3.6415
59.3722,-2.7983,12.1344,1.3683,-9.2747,-12.9510,-7.0784,-0.7982,3.6167
59.3923,-2.5542,12.1614,1.3255,-9.2104,-13.0934,-7.0942,-0.7732,3.5917
59.4122,-2.3125,12.1873,1.2830,-9.1468,-13.2344,-7.1093,-0.7484,3.5670
59.4322,-2.0680,12.2126,1.2401,-9.0824,-13.3770,-7.1240,-0.7234,3.5420
59.4523,-1.8227,12.2371,1.1971,-9.0179,-13.5201,-7.1383,-0.6983,3.5169
59.4721,-1.5795,12.2604,1.1544,-8.9539,-13.6620,-7.1519,-0.6734,3.4920
59.4921,-1.3348,12.2830,1.1115,-8.8895,-13.8047,-7.1651,-0.6484,3.4670
59.5121,-1.0887,12.3048,1.0683,-8.8248,-13.9482,-7.1778,-0.6232,3.4418
59.5321,-0.8420,12.3258,1.0250,-8.7599,-14.0922,-7.1901,-0.5979,3.4166
59.5521,-0.5951,12.3459,0.9817,-8.6950,-14.2362,-7.2018,-0.5727,3.3913
59.5720,-0.3491,12.3650,0.9385,-8.6303,-14.3797,-7.2129,-0.5475,3.3662
59.5921,-0.1010,12.3834,0.8950,-8.5651,-14.5244,-7.2236,-0.5221,3.3408
59.6121,0.1467,12.4008,0.8516,-8.5000,-14.6689,-7.2338,-0.4967,3.3155
59.6320,0.3942,12.4174,0.8081,-8.4350,-14.8133,-7.2435,-0.4714,3.2902
59.6521,0.6436,12.4332,0.7644,-8.3695,-14.9588,-7.2527,-0.4459,3.2648
59.6721,0.8926,12.4480,0.7207,-8.3041,-15.1040,-7.2614,-0.4204,3.2393
59.6921,1.1413,12.4620,0.6771,-8.2388,-15.2491,-7.2695,-0.3949,3.2140
59.7120,1.3903,12.4751,0.6334,-8.1734,-15.3943,-7.2771,-0.3695,3.1885
59.7319,1.6380,12.4872,0.5899,-8.1084,-15.5388,-7.2842,-0.3441,3.1633
59.7521,1.8910,12.4987,0.5455,-8.0420,-15.6864,-7.2909,-0.3182,3.1374
59.7719,2.1381,12.5091,0.5021,-7.9771,-15.8306,-7.2970,-0.2929,3.1122
59.7922,2.3924,12.5188,0.4575,-7.9104,-15.9789,-7.3026,-0.2669,3.0863
59.8122,2.6422,12.5275,0.4137,-7.8449,-16.1246,-7.3077,-0.2413,3.0608
59.8322,2.8934,12.5354,0.3696,-7.7790,-16.2712,-7.3123,-0.2156,3.0352
59.8523,3.1450,12.5423,0.3255,-7.7131,-16.4179,-7.3164,-0.1899,3.0096
59.8722,3.3953,12.5484,0.2816,-7.6474,-16.5639,-7.3199,-0.1642,2.9840
59.8921,3.6442,12.5535,0.2379,-7.5822,-16.7091,-7.3229,-0.1388,2.9587
59.9120,3.8949,12.5578,0.1939,-7.5165,-16.8554,-7.3254,-0.1131,2.9331
59.9321,4.1471,12.5613,0.1497,-7.4505,-17.0025,-7.3274,-0.0873,2.9074
59.9521,4.3984,12.5638,0.1056,-7.3846,-17.1490,-7.3289,-0.0616,2.8818
59.9721,4.6490,12.5655,0.0616,-7.3190,-17.2953,-7.3299,-0.0359,2.8563
59.9921,4.9004,12.5663,0.0175,-7.2532,-17.4419,-7.3303,-0.0102,2.8307
60.0121,5.1522,12.5662,-0.0267,-7.1873,-17.5888,-7.3303,0.0156,2.8051
60.0321,5.4033,12.5652,-0.0708,-7.1215,-17.7353,-7.3297,0.0413,2.7795
60.0521,5.6541,12.5634,-0.1148,-7.0559,-17.8816,-7.3286,0.0670,2.7540
60.0721,5.9059,12.5606,-0.1589,-6.9900,-18.0284,-7.3270,0.0927,2.7284
60.0921,6.1577,12.5570,-0.2031,-6.9241,-18.1753,-7.3249,0.1185,2.7028
60.1122,6.4090,12.5525,-0.2472,-6.8584,-18.3219,-7.3223,0.1442,2.6772
60.1320,6.6584,12.5472,-0.2910,-6.7932,-18.4674,-7.3192,0.1697,2.6518
60.1520,6.9092,12.5409,-0.3350,-6.7276,-18.6137,-7.3155,0.1954,2.6263
60.1721,7.1606,12.5337,-0.3791,-6.6619,-18.7604,-7.3113,0.2211,2.6008
60.1920,7.4105,12.5257,-0.4230,-6.5966,-18.9061,-7.3067,0.2467,2.5754
60.2121,7.6615,12.5168,-0.4670,-6.5310,-19.0525,-7.3015,0.2724,2.5499
60.2321,7.9121,12.5070,-0.5110,-6.4655,-19.1987,-7.2958,0.2981,2.5244
60.2522,8.1633,12.4963,-0.5550,-6.3999,-19.3452,-7.2895,0.3238,2.4989
60.2721,8.4120,12.4848,-0.5987,-6.3350,-19.4904,-7.2828,0.3492,2.4736
60.2920,8.6605,12.4725,-0.6423,-6.2701,-19.6353,-7.2756,0.3747,2.4484
60.3121,8.9113,12.4591,-0.6863,-6.2046,-19.7816,-7.2678,0.4003,2.4229
60.3320,9.1582,12.4451,-0.7296,-6.1402,-19.9256,-7.2596,0.4256,2.3978
60.3521,9.4082,12.4300,-0.7735,-6.0749,-20.0715,-7.2508,0.4512,2.3725
60.3719,9.6549,12.4142,-0.8168,-6.0106,-20.2154,-7.2416,0.4764,2.3474
60.3919,9.9026,12.3974,-0.8602,-5.9460,-20.3598,-7.2318,0.5018,2.3223
60.4120,10.1522,12.3797,-0.9040,-5.8808,-20.5055,-7.2215,0.5273,2.2970
60.4319,10.3979,12.3613,-0.9471,-5.8168,-20.6488,-7.2107,0.5525,2.2721
60.4519,10.6447,12.3419,-0.9904,-5.7524,-20.7928,-7.1995,0.5777,2.2470
60.4720,10.8922,12.3216,-1.0339,-5.6879,-20.9371,-7.1876,0.6031,2.2219
60.4920,11.1392,12.3004,-1.0772,-5.6236,-21.0812,-7.1753,0.6284,2.1969
60.5119,11.3836,12.2786,-1.1201,-5.5599,-21.2238,-7.1625,0.6534,2.1721
60.5320,11.6299,12.2557,-1.1633,-5.4957,-21.3675,-7.1491,0.6786,2.1471
60.5520,11.8750,12.2319,-1.2063,-5.4319,-21.5104,-7.1353,0.7037,2.1223
60.5720,12.1193,12.2074,-1.2491,-5.3683,-21.6529,-7.1210,0.7287,2.0976
60.5920,12.3631,12.1820,-1.2919,-5.3048,-21.7951,-7.1062,0.7536,2.0729
60.6119,12.6053,12.1559,-1.3344,-5.2418,-21.9364,-7.0909,0.7784,2.0484
60.6319,12.8487,12.1287,-1.3771,-5.1784,-22.0784,-7.0751,0.8033,2.0237
60.6520,13.0914,12.1007,-1.4197,-5.1153,-22.2200,-7.0587,0.8282,1.9991
60.6720,13.3333,12.0718,-1.4622,-5.0524,-22.3611,-7.0419,0.8529,1.9747
60.6921,13.5755,12.0420,-1.5047,-4.9894,-22.5024,-7.0245,0.8777,1.9502
60.7120,13.8155,12.0116,-1.5468,-4.9270,-22.6424,-7.0068,0.9023,1.9259
60.7321,14.0561,11.9801,-1.5890,-4.8644,-22.7827,-6.9884,0.9269,1.9015
60.7521,14.2959,11.9479,-1.6310,-4.8021,-22.9226,-6.9696,0.9514,1.8773
60.7720,14.5336,11.9150,-1.6728,-4.7403,-23.0612,-6.9504,0.9758,1.8533
60.7921,14.7721,11.8810,-1.7146,-4.6783,-23.2004,-6.9306,1.0002,1.8292
60.8121,15.0099,11.8462,-1.7563,-4.6166,-23.3391,-6.9103,1.0245,1.8051
60.8321,15.2458,11.8108,-1.7977,-4.5553,-23.4767,-6.8896,1.0487,1.7813
60.8519,15.4798,11.7747,-1.8388,-4.4945,-23.6132,-6.8686,1.0726,1.7576
60.8719,15.7148,11.7375,-1.8800,-4.4335,-23.7503,-6.8469,1.0967,1.7339
60.8923,15.9533,11.6989,-1.9219,-4.3716,-23.8894,-6.8243,1.1211,1.7098
60.9121,16.1854,11.6602,-1.9626,-4.3114,-24.0248,-6.8018,1.1448,1.6864
60.9321,16.4174,11.6207,-2.0033,-4.2512,-24.1602,-6.7788,1.1686,1.6630
60.9522,16.6513,11.5799,-2.0443,-4.1906,-24.2966,-6.7550,1.1925,1.6394
60.9722,16.8818,11.5388,-2.0848,-4.1308,-24.4310,-6.7309,1.2161,1.6161
60.9923,17.1133,11.4964,-2.1254,-4.0708,-24.5661,-6.7063,1.2398,1.5928
61.0122,17.3425,11.4536,-2.1656,-4.0114,-24.6998,-6.6813,1.2633,1.5696
61.0323,17.5715,11.4098,-2.2058,-3.9520,-24.8334,-6.6557,1.2867,1.5465
61.0523,17.7992,11.3653,-2.2457,-3.8930,-24.9662,-6.6298,1.3100,1.5236
61.0723,18.0263,11.3199,-2.2856,-3.8342,-25.0987,-6.6033,1.3333,1.5007
61.0921,18.2503,11.2742,-2.3249,-3.7762,-25.2293,-6.5766,1.3562,1.4781
61.1122,18.4764,11.2271,-2.3646,-3.7177,-25.3612,-6.5491,1.3793,1.4553
61.1322,18.7007,11.1794,-2.4039,-3.6596,-25.4921,-6.5213,1.4023,1.4328
61.1523,18.9247,11.1307,-2.4432,-3.6017,-25.6227,-6.4929,1.4252,1.4102
61.1722,19.1457,11.0817,-2.4820,-3.5445,-25.7516,-6.4643,1.4478,1.3879
61.1922,19.3663,11.0318,-2.5207,-3.4874,-25.8803,-6.4352,1.4704,1.3657
61.2121,19.5858,10.9811,-2.5592,-3.4307,-26.0084,-6.4057,1.4929,1.3436
61.2321,19.8043,10.9297,-2.5976,-3.3742,-26.1358,-6.3757,1.5152,1.3217
61.2519,20.0211,10.8777,-2.6356,-3.3182,-26.2623,-6.3453,1.5374,1.2999
61.2719,20.2375,10.8247,-2.6736,-3.2622,-26.3886,-6.3144,1.5596,1.2781
61.2919,20.4540,10.7708,-2.7115,-3.2063,-26.5148,-6.2830,1.5817,1.2563
61.3119,20.6688,10.7162,-2.7492,-3.1509,-26.6401,-6.2511,1.6037,1.2347
61.3319,20.8822,10.6609,-2.7867,-3.0957,-26.7646,-6.2189,1.6256,1.2133
61.3520,21.0958,10.6046,-2.8242,-3.0406,-26.8892,-6.1860,1.6474,1.1918
61.3720,21.3075,10.5476,-2.8613,-2.9860,-27.0127,-6.1528,1.6691,1.1706
61.3919,21.5168,10.4903,-2.8980,-2.9320,-27.1348,-6.1194,1.6905,1.1495
61.4122,21.7293,10.4311,-2.9353,-2.8772,-27.2587,-6.0848,1.7123,1.1282
61.4323,21.9381,10.3718,-2.9719,-2.8234,-27.3805,-6.0502,1.7336,1.1073
61.4523,22.1448,10.3121,-3.0082,-2.7701,-27.5011,-6.0154,1.7548,1.0865
61.4723,22.3504,10.2515,-3.0443,-2.7171,-27.6211,-5.9801,1.7758,1.0659
61.4921,22.5535,10.1907,-3.0799,-2.6648,-27.7395,-5.9446,1.7966,1.0455
61.5122,22.7574,10.1285,-3.1157,-2.6123,-27.8585,-5.9083,1.8175,1.0251
61.5322,22.9597,10.0657,-3.1512,-2.5602,-27.9765,-5.8717,1.8382,1.0048
61.5523,23.1609,10.0022,-3.1865,-2.5084,-28.0939,-5.8346,1.8588,0.9846
61.5722,23.3594,9.9384,-3.2213,-2.4573,-28.2097,-5.7974,1.8791,0.9648
61.5922,23.5578,9.8735,-3.2561,-2.4063,-28.3254,-5.7596,1.8994,0.9449
61.6122,23.7541,9.8083,-3.2906,-2.3558,-28.4399,-5.7215,1.9195,0.9252
61.6322,23.9498,9.7420,-3.3249,-2.3055,-28.5541,-5.6828,1.9395,0.9056
61.6522,24.1440,9.6752,-3.3590,-2.2556,-28.6673,-5.6439,1.9594,0.8862
61.6722,24.3368,9.6077,-3.3928,-2.2060,-28.7798,-5.6045,1.9792,0.8669
61.6923,24.5289,9.5393,-3.4265,-2.1567,-28.8918,-5.5646,1.9988,0.8477
61.7121,24.7174,9.4710,-3.4596,-2.1083,-29.0018,-5.5247,2.0181,0.8289
61.7322,24.9072,9.4011,-3.4929,-2.0596,-29.1125,-5.4839,2.0375,0.8099
61.7522,25.0949,9.3307,-3.5258,-2.0114,-29.2220,-5.4429,2.0567,0.7912
61.7722,25.2801,9.2602,-3.5583,-1.9639,-29.3300,-5.4018,2.0757,0.7727
61.7923,25.4656,9.1883,-3.5909,-1.9164,-29.4382,-5.3598,2.0947,0.7541
61.8122,25.6476,9.1165,-3.6228,-1.8697,-29.5444,-5.3180,2.1133,0.7360
61.8322,25.8299,9.0435,-3.6548,-1.8230,-29.6508,-5.2754,2.1320,0.7178
61.8523,26.0103,8.9699,-3.6865,-1.7768,-29.7560,-5.2325,2.1504,0.6998
61.8720,26.1869,8.8968,-3.7175,-1.7316,-29.8591,-5.1898,2.1685,0.6822
61.8922,26.3654,8.8216,-3.7488,-1.6859,-29.9631,-5.1459,2.1868,0.6644
61.9121,26.5402,8.7466,-3.7794,-1.6412,-30.0651,-5.1022,2.2047,0.6470
61.9320,26.7138,8.6710,-3.8099,-1.5968,-30.1664,-5.0581,2.2224,0.6297
61.9521,26.8875,8.5940,-3.8404,-1.5524,-30.2677,-5.0132,2.2402,0.6124
61.9720,27.0573,8.5175,-3.8702,-1.5090,-30.3668,-4.9686,2.2576,0.5955
61.9921,27.2277,8.4394,-3.9001,-1.4655,-30.4662,-4.9230,2.2750,0.5786
62.0122,27.3965,8.3608,-3.9297,-1.4224,-30.5646,-4.8771,2.2923,0.5618
62.0323,27.5637,8.2815,-3.9590,-1.3797,-30.6622,-4.8309,2.3094,0.5451
62.0521,27.7267,8.2029,-3.9876,-1.3382,-30.7573,-4.7850,2.3261,0.5290
62.0721,27.8903,8.1227,-4.0163,-1.2965,-30.8527,-4.7383,2.3429,0.5127
62.0923,28.0535,8.0413,-4.0450,-1.2549,-30.9479,-4.6908,2.3596,0.4965
62.1122,28.2127,7.9606,-4.0729,-1.2143,-31.0408,-4.6437,2.3759,0.4807
62.1322,28.3710,7.8789,-4.1007,-1.1740,-31.1331,-4.5960,2.3921,0.4650
62.1523,28.5286,7.7961,-4.1283,-1.1339,-31.2250,-4.5477,2.4082,0.4494
62.1722,28.6832,7.7136,-4.1555,-1.0946,-31.3152,-4.4996,2.4240,0.4341
62.1924,28.8381,7.6294,-4.1826,-1.0552,-31.4056,-4.4505,2.4399,0.4187
62.2121,28.9879,7.5466,-4.2089,-1.0172,-31.4929,-4.4022,2.4552,0.4039
62.2320,29.1369,7.4628,-4.2350,-0.9793,-31.5798,-4.3533,2.4704,0.3892
62.2519,29.2847,7.3782,-4.2610,-0.9418,-31.6661,-4.3039,2.4856,0.3745
62.2720,29.4318,7.2925,-4.2868,-0.9045,-31.7519,-4.2539,2.5006,0.3600
62.2919,29.5764,7.2067,-4.3122,-0.8678,-31.8362,-4.2039,2.5154,0.3457
62.3119,29.7195,7.1203,-4.3373,-0.8316,-31.9197,-4.1535,2.5301,0.3316
62.3319,29.8609,7.0334,-4.3621,-0.7958,-32.0022,-4.1028,2.5446,0.3176
62.3519,30.0009,6.9458,-4.3866,-0.7604,-32.0839,-4.0517,2.5589,0.3038
62.3719,30.1387,6.8579,-4.4108,-0.7255,-32.1642,-4.0005,2.5730,0.2902
62.3919,30.2750,6.7695,-4.4347,-0.6911,-32.2437,-3.9489,2.5869,0.2768
62.4119,30.4096,6.6804,-4.4584,-0.6570,-32.3223,-3.8969,2.6007,0.2636
62.4319,30.5422,6.5912,-4.4816,-0.6236,-32.3996,-3.8448,2.6143,0.2505
62.4519,30.6732,6.5012,-4.5046,-0.5905,-32.4760,-3.7924,2.6277,0.2376
62.4719,30.8024,6.4109,-4.5273,-0.5580,-32.5514,-3.7397,2.6409,0.2249
62.4919,30.9299,6.3200,-4.5496,-0.5259,-32.6258,-3.6867,2.6540,0.2124
62.5118,31.0549,6.2291,-4.5716,-0.4944,-32.6987,-3.6336,2.6668,0.2002
62.5321,31.1798,6.1365,-4.5935,-0.4630,-32.7716,-3.5796,2.6795,0.1879
62.5521,31.3021,6.0440,-4.6150,-0.4323,-32.8429,-3.5257,2.6921,0.1759
62.5721,31.4220,5.9516,-4.6360,-0.4022,-32.9128,-3.4718,2.7043,0.1642
62.5922,31.5406,5.8583,-4.6568,-0.3724,-32.9820,-3.4173,2.7165,0.1526
62.6121,31.6561,5.7655,-4.6771,-0.3435,-33.0494,-3.3632,2.7283,0.1413
62.6322,31.7710,5.6714,-4.6972,-0.3147,-33.1164,-3.3083,2.7400,0.1301
62.6521,31.8833,5.5773,-4.7169,-0.2866,-33.1819,-3.2534,2.7515,0.1191
62.6721,31.9939,5.4828,-4.7363,-0.2590,-33.2465,-3.1983,2.7629,0.1084
62.6921,32.1022,5.3883,-4.7553,-0.2320,-33.3096,-3.1432,2.7739,0.0978
62.7120,32.2088,5.2932,-4.7740,-0.2054,-33.3718,-3.0877,2.7849,0.0874
62.7319,32.3132,5.1979,-4.7924,-0.1794,-33.4327,-3.0321,2.7955,0.0773
62.7520,32.4165,5.1017,-4.8105,-0.1537,-33.4930,-2.9760,2.8061,0.0673
62.7719,32.5173,5.0055,-4.8282,-0.1287,-33.5518,-2.9199,2.8164,0.0575
62.7919,32.6164,4.9088,-4.8456,-0.1040,-33.6096,-2.8635,2.8266,0.0479
62.8119,32.7134,4.8120,-4.8626,-0.0800,-33.6661,-2.8070,2.8365,0.0385
62.8319,32.8089,4.7143,-4.8793,-0.0564,-33.7219,-2.7500,2.8463,0.0293
62.8519,32.9021,4.6166,-4.8957,-0.0333,-33.7762,-2.6930,2.8558,0.0203
62.8719,32.9933,4.5187,-4.9117,-0.0108,-33.8295,-2.6359,2.8652,0.0115
62.8920,33.0832,4.4198,-4.9275,0.0113,-33.8819,-2.5782,2.8744,0.0029
62.9119,33.1704,4.3213,-4.9428,0.0328,-33.9328,-2.5208,2.8833,-0.0055
62.9319,33.2558,4.2223,-4.9578,0.0538,-33.9826,-2.4630,2.8920,-0.0137
62.9519,33.3392,4.1231,-4.9724,0.0742,-34.0312,-2.4052,2.9006,-0.0217
62.9719,33.4208,4.0234,-4.9867,0.0942,-34.0788,-2.3470,2.9089,-0.0295
62.9919,33.5002,3.9236,-5.0006,0.1136,-34.1251,-2.2888,2.9170,-0.0371
63.0119,33.5775,3.8237,-5.0142,0.1324,-34.1702,-2.2305,2.9249,-0.0444
63.0319,33.6530,3.7232,-5.0274,0.1508,-34.2143,-2.1719,2.9327,-0.0516
63.0519,33.7265,3.6225,-5.0403,0.1686,-34.2571,-2.1131,2.9402,-0.0586
63.0719,33.7980,3.5215,-5.0529,0.1859,-34.2988,-2.0542,2.9475,-0.0653
63.0919,33.8673,3.4204,-5.0651,0.2027,-34.3393,-1.9952,2.9546,-0.0719
63.1119,33.9348,3.3189,-5.0769,0.2189,-34.3786,-1.9360,2.9615,-0.0782
63.1320,34.0003,3.2170,-5.0884,0.2346,-34.4169,-1.8766,2.9682,-0.0844
63.1520,34.0638,3.1148,-5.0995,0.2498,-34.4539,-1.8170,2.9747,-0.0903
63.1719,34.1246,3.0135,-5.1102,0.2643,-34.4894,-1.7579,2.9809,-0.0960
63.1920,34.1842,2.9106,-5.1206,0.2785,-34.5241,-1.6979,2.9870,-0.1015
63.2120,34.2414,2.8081,-5.1307,0.2920,-34.5575,-1.6380,2.9929,-0.1068
63.2320,34.2965,2.7054,-5.1404,0.3050,-34.5896,-1.5782,2.9985,-0.1119
63.2519,34.3493,2.6030,-5.1496,0.3174,-34.6205,-1.5184,3.0039,-0.1168
63.2720,34.4006,2.4995,-5.1586,0.3294,-34.6503,-1.4580,3.0092,-0.1215
63.2920,34.4495,2.3962,-5.1672,0.3408,-34.6789,-1.3978,3.0142,-0.1259
63.3119,34.4963,2.2931,-5.1754,0.3516,-34.7062,-1.3376,3.0190,-0.1302
63.3320,34.5414,2.1889,-5.1833,0.3619,-34.7325,-1.2769,3.0236,-0.1342
63.3520,34.5841,2.0851,-5.1908,0.3717,-34.7574,-1.2163,3.0280,-0.1381
63.3721,34.6249,1.9808,-5.1980,0.3809,-34.7812,-1.1555,3.0322,-0.1417
63.3921,34.6636,1.8767,-5.2048,0.3896,-34.8037,-1.0947,3.0361,-0.1451
63.4119,34.6996,1.7738,-5.2111,0.3976,-34.8248,-1.0347,3.0398,-0.1482
63.4318,34.7340,1.6698,-5.2171,0.4051,-34.8448,-0.9740,3.0433,-0.1512
63.4521,34.7668,1.5639,-5.2229,0.4122,-34.8639,-0.9123,3.0467,-0.1540
63.4721,34.7970,1.4593,-5.2282,0.4187,-34.8816,-0.8512,3.0498,-0.1566
63.4920,34.8250,1.3553,-5.2331,0.4245,-34.8979,-0.7906,3.0526,-0.1589
63.5121,34.8512,1.2502,-5.2377,0.4299,-34.9132,-0.7293,3.0553,-0.1610
63.5321,34.8751,1.1456,-5.2419,0.4347,-34.9271,-0.6683,3.0578,-0.1629
63.5521,34.8970,1.0405,-5.2457,0.4390,-34.9399,-0.6070,3.0600,-0.1646
63.5721,34.9167,0.9358,-5.2492,0.4427,-34.9514,-0.5459,3.0620,-0.1661
63.5921,34.9344,0.8307,-5.2523,0.4458,-34.9617,-0.4846,3.0638,-0.1673
63.6122,34.9500,0.7252,-5.2550,0.4485,-34.9708,-0.4230,3.0654,-0.1684
63.6321,34.9634,0.6203,-5.2574,0.4505,-34.9787,-0.3618,3.0668,-0.1692
63.6522,34.9748,0.5147,-5.2594,0.4520,-34.9853,-0.3003,3.0680,-0.1698
63.6723,34.9841,0.4092,-5.2610,0.4530,-34.9907,-0.2387,3.0689,-0.1703
63.6923,34.9912,0.3038,-5.2623,0.4534,-34.9949,-0.1772,3.0696,-0.1704
63.7122,34.9962,0.1992,-5.2631,0.4532,-34.9978,-0.1162,3.0702,-0.1704
63.7320,34.9992,0.0945,-5.2636,0.4525,-34.9995,-0.0551,3.0705,-0.1702
63.7522,35.0000,-0.0116,-5.2638,0.4513,-35.0000,0.0068,3.0705,-0.1697
63.7723,34.9987,-0.1173,-5.2636,0.4494,-34.9992,0.0684,3.0704,-0.1691
63.7922,34.9953,-0.2221,-5.2630,0.4471,-34.9973,0.1295,3.0701,-0.1682
63.8121,34.9899,-0.3267,-5.2620,0.4442,-34.9941,0.1906,3.0695,-0.1671
63.8322,34.9822,-0.4327,-5.2607,0.4407,-34.9896,0.2524,3.0687,-0.1658
63.8523,34.9725,-0.5381,-5.2590,0.4367,-34.9839,0.3139,3.0677,-0.1642
63.8723,34.9607,-0.6434,-5.2569,0.4321,-34.9770,0.3753,3.0665,-0.1625
63.8921,34.9469,-0.7477,-5.2545,0.4271,-34.9690,0.4362,3.0651,-0.1606
63.9122,34.9307,-0.8533,-5.2516,0.4214,-34.9596,0.4978,3.0635,-0.1584
63.9322,34.9127,-0.9582,-5.2485,0.4152,-34.9490,0.5590,3.0616,-0.1560
63.9522,34.8924,-1.0633,-5.2449,0.4084,-34.9372,0.6203,3.0595,-0.1534
63.9722,34.8702,-1.1678,-5.2410,0.4011,-34.9243,0.6812,3.0573,-0.1506
63.9922,34.8457,-1.2729,-5.2367,0.3933,-34.9100,0.7425,3.0548,-0.1476
64.0123,34.8192,-1.3777,-5.2321,0.3848,-34.8945,0.8037,3.0520,-0.1444
64.0321,34.7908,-1.4816,-5.2271,0.3760,-34.8779,0.8643,3.0491,-0.1409
64.0522,34.7600,-1.5864,-5.2217,0.3664,-34.8600,0.9254,3.0460,-0.1373
64.0722,34.7271,-1.6910,-5.2159,0.3564,-34.8408,0.9864,3.0426,-0.1334
64.0922,34.6923,-1.7953,-5.2098,0.3458,-34.8205,1.0473,3.0390,-0.1293
64.1122,34.6553,-1.8994,-5.2033,0.3347,-34.7989,1.1080,3.0353,-0.1250
64.1322,34.6164,-2.0032,-5.1965,0.3230,-34.7762,1.1685,3.0313,-0.1205
64.1523,34.5750,-2.1078,-5.1892,0.3107,-34.7521,1.2295,3.0270,-0.1158
64.1723,34.5318,-2.2114,-5.1816,0.2980,-34.7269,1.2900,3.0226,-0.1109
64.1923,34.4867,-2.3146,-5.1737,0.2847,-34.7006,1.3502,3.0180,-0.1057
64.2122,34.4394,-2.4179,-5.1654,0.2709,-34.6730,1.4104,3.0132,-0.1004
64.2322,34.3901,-2.5211,-5.1568,0.2565,-34.6442,1.4706,3.0081,-0.0949
64.2522,34.3388,-2.6238,-5.1478,0.2417,-34.6143,1.5305,3.0029,-0.0891
64.2722,34.2851,-2.7271,-5.1383,0.2262,-34.5830,1.5908,2.9974,-0.0831
64.2922,34.2296,-2.8295,-5.1286,0.2102,-34.5506,1.6506,2.9917,-0.0769
64.3123,34.1718,-2.9323,-5.1185,0.1937,-34.5169,1.7105,2.9858,-0.0705
64.3322,34.1124,-3.0341,-5.1081,0.1767,-34.4823,1.7699,2.9797,-0.0640
64.3521,34.0508,-3.1360,-5.0972,0.1592,-34.4463,1.8293,2.9734,-0.0572
64.3721,33.9873,-3.2374,-5.0861,0.1411,-34.4093,1.8885,2.9669,-0.0502
64.3921,33.9215,-3.3391,-5.0746,0.1225,-34.3709,1.9478,2.9602,-0.0430
64.4121,33.8538,-3.4404,-5.0627,0.1033,-34.3314,2.0069,2.9532,-0.0356
64.4321,33.7839,-3.5417,-5.0504,0.0836,-34.2906,2.0660,2.9461,-0.0279
64.4520,33.7122,-3.6424,-5.0378,0.0634,-34.2488,2.1247,2.9387,-0.0201
64.4721,33.6381,-3.7433,-5.0248,0.0426,-34.2056,2.1836,2.9311,-0.0121
64.4921,33.5621,-3.8438,-5.0115,0.0213,-34.1612,2.2422,2.9234,-0.0038
64.5120,33.4847,-3.9434,-4.9979,-0.0003,-34.1160,2.3003,2.9154,0.0046
64.5321,33.4044,-4.0436,-4.9838,-0.0228,-34.0692,2.3588,2.9072,0.0132
64.5522,33.3221,-4.1437,-4.9694,-0.0457,-34.0212,2.4171,2.8988,0.0221
64.5721,33.2388,-4.2422,-4.9548,-0.0689,-33.9727,2.4746,2.8903,0.0311
64.5922,33.1524,-4.3418,-4.9396,-0.0929,-33.9223,2.5327,2.8814,0.0404
64.6122,33.0645,-4.4406,-4.9242,-0.1173,-33.8710,2.5904,2.8724,0.0499
64.6323,32.9746,-4.5391,-4.9084,-0.1422,-33.8185,2.6478,2.8632,0.0595
64.6522,32.8831,-4.6367,-4.8924,-0.1675,-33.7652,2.7048,2.8539,0.0693
64.6720,32.7904,-4.7334,-4.8761,-0.1931,-33.7111,2.7612,2.8444,0.0793
64.6922,32.6936,-4.8320,-4.8591,-0.2199,-33.6546,2.8186,2.8345,0.0896
64.7122,32.5959,-4.9290,-4.8420,-0.2468,-33.5976,2.8753,2.8245,0.1001
64.7323,32.4963,-5.0258,-4.8245,-0.2742,-33.5395,2.9317,2.8143,0.1107
64.7523,32.3947,-5.1222,-4.8067,-0.3022,-33.4802,2.9879,2.8039,0.1215
64.7722,32.2916,-5.2179,-4.7886,-0.3305,-33.4201,3.0438,2.7933,0.1325
64.7922,32.1864,-5.3133,-4.7701,-0.3593,-33.3588,3.0994,2.7826,0.1437
64.8122,32.0790,-5.4087,-4.7513,-0.3888,-33.2961,3.1550,2.7716,0.1551
64.8322,31.9702,-5.5032,-4.7322,-0.4186,-33.2326,3.2102,2.7604,0.1667
64.8521,31.8598,-5.5972,-4.7128,-0.4488,-33.1682,3.2650,2.7491,0.1784
64.8722,31.7461,-5.6919,-4.6929,-0.4799,-33.1019,3.3203,2.7375,0.1905
64.8922,31.6311,-5.7857,-4.6727,-0.5113,-33.0348,3.3750,2.7257,0.2027
64.9121,31.5154,-5.8783,-4.6524,-0.5429,-32.9673,3.4290,2.7139,0.2149
64.9321,31.3967,-5.9713,-4.6316,-0.5753,-32.8981,3.4832,2.7017,0.2275
64.9519,31.2776,-6.0628,-4.6107,-0.6078,-32.8286,3.5366,2.6895,0.2401
64.9721,31.1542,-6.1556,-4.5890,-0.6413,-32.7566,3.5908,2.6769,0.2531
64.9921,31.0304,-6.2470,-4.5673,-0.6750,-32.6844,3.6441,2.6642,0.2662
65.0119,30.9054,-6.3376,-4.5453,-0.7090,-32.6115,3.6969,2.6515,0.2794
65.0321,30.7768,-6.4289,-4.5228,-0.7440,-32.5365,3.7502,2.6383,0.2929
65.0521,30.6470,-6.5194,-4.5000,-0.7792,-32.4607,3.8030,2.6250,0.3066
65.0722,30.5156,-6.6092,-4.4770,-0.8149,-32.3841,3.8554,2.6116,0.3204
65.0921,30.3830,-6.6981,-4.4537,-0.8508,-32.3068,3.9073,2.5980,0.3344
65.1121,30.2481,-6.7871,-4.4300,-0.8874,-32.2280,3.9591,2.5842,0.3486
65.1321,30.1116,-6.8753,-4.4061,-0.9243,-32.1484,4.0106,2.5702,0.3629
65.1521,29.9727,-6.9635,-4.3817,-0.9619,-32.0674,4.0621,2.5560,0.3775
65.1720,29.8334,-7.0504,-4.3573,-0.9996,-31.9861,4.1127,2.5417,0.3921
65.1921,29.6910,-7.1376,-4.3323,-1.0381,-31.9031,4.1636,2.5272,0.4071
65.2121,29.5473,-7.2241,-4.3071,-1.0770,-31.8192,4.2140,2.5124,0.4221
65.2321,29.4021,-7.3099,-4.2816,-1.1162,-31.7345,4.2641,2.4976,0.4374
65.2521,29.2547,-7.3954,-4.2557,-1.1559,-31.6486,4.3140,2.4825,0.4528
65.2720,29.1073,-7.4795,-4.2298,-1.1957,-31.5626,4.3631,2.4674,0.4682
65.2920,28.9569,-7.5639,-4.2035,-1.2363,-31.4748,4.4122,2.4520,0.4840
65.3120,28.8044,-7.6478,-4.1767,-1.2774,-31.3859,4.4612,2.4364,0.4999
65.3319,28.6514,-7.7307,-4.1499,-1.3186,-31.2966,4.5096,2.4208,0.5159
65.3519,28.4959,-7.8134,-4.1226,-1.3604,-31.2059,4.5578,2.4048,0.5322
65.3720,28.3379,-7.8961,-4.0949,-1.4030,-31.1138,4.6061,2.3887,0.5487
65.3920,28.1796,-7.9775,-4.0671,-1.4455,-31.0215,4.6535,2.3725,0.5652
65.4119,28.0196,-8.0584,-4.0390,-1.4885,-30.9281,4.7007,2.3561,0.5819
65.4319,27.8578,-8.1388,-4.0106,-1.5320,-30.8337,4.7476,2.3395,0.5988
65.4519,27.6945,-8.2186,-3.9820,-1.5759,-30.7385,4.7942,2.3228,0.6158
65.4719,27.5291,-8.2980,-3.9529,-1.6203,-30.6420,4.8405,2.3059,0.6331
65.4919,27.3624,-8.3768,-3.9237,-1.6651,-30.5447,4.8865,2.2888,0.6504
65.5119,27.1942,-8.4549,-3.8942,-1.7102,-30.4466,4.9320,2.2716,0.6680
65.5319,27.0242,-8.5325,-3.8644,-1.7558,-30.3474,4.9773,2.2542,0.6857
65.5519,26.8531,-8.6094,-3.8343,-1.8016,-30.2476,5.0222,2.2367,0.7035
65.5719,26.6801,-8.6858,-3.8040,-1.8480,-30.1467,5.0667,2.2190,0.7215
65.5922,26.5028,-8.7628,-3.7729,-1.8955,-30.0433,5.1116,2.2008,0.7399
65.6122,26.3264,-8.8381,-3.7419,-1.9427,-29.9404,5.1556,2.1828,0.7583
65.6322,26.1493,-8.9124,-3.7109,-1.9901,-29.8371,5.1989,2.1647,0.7767
65.6522,25.9700,-8.9865,-3.6794,-2.0381,-29.7325,5.2421,2.1463,0.7953
65.6722,25.7897,-9.0597,-3.6477,-2.0863,-29.6273,5.2848,2.1279,0.8140
65.6922,25.6076,-9.1324,-3.6158,-2.1350,-29.5211,5.3272,2.1092,0.8330
65.7121,25.4249,-9.2041,-3.5837,-2.1838,-29.4145,5.3691,2.0905,0.8519
65.7320,25.2416,-9.2749,-3.5516,-2.2328,-29.3076,5.4104,2.0718,0.8709
65.7521,25.0545,-9.3460,-3.5188,-2.2828,-29.1985,5.4518,2.0526,0.8903
65.7722,24.8660,-9.4163,-3.4857,-2.3331,-29.0885,5.4929,2.0333,0.9099
65.7921,24.6781,-9.4853,-3.4527,-2.3833,-28.9789,5.5331,2.0141,0.9294
65.8121,24.4870,-9.5543,-3.4192,-2.4343,-28.8674,5.5733,1.9945,0.9492
65.8321,24.2954,-9.6223,-3.3856,-2.4854,-28.7557,5.6130,1.9749,0.9690
65.8519,24.1043,-9.6889,-3.3520,-2.5363,-28.6442,5.6519,1.9554,0.9888
65.8721,23.9077,-9.7564,-3.3175,-2.5888,-28.5295,5.6912,1.9352,1.0092
65.8919,23.7141,-9.8216,-3.2836,-2.6403,-28.4166,5.7293,1.9154,1.0292
65.9120,23.5164,-9.8872,-3.2489,-2.6930,-28.3012,5.7675,1.8952,1.0497
65.9322,23.3152,-9.9527,-3.2136,-2.7466,-28.1838,5.8058,1.8746,1.0705
65.9521,23.1170,-10.0161,-3.1788,-2.7994,-28.0683,5.8428,1.8543,1.0910
65.9721,22.9162,-10.0793,-3.1436,-2.8528,-27.9511,5.8796,1.8337,1.1118
65.9919,22.7154,-10.1414,-3.1083,-2.9063,-27.8340,5.9158,1.8132,1.1325
66.0120,22.5117,-10.2033,-3.0726,-2.9605,-27.7151,5.9519,1.7923,1.1536
66.0322,22.3048,-10.2650,-3.0363,-3.0155,-27.5945,5.9879,1.7712,1.1750
66.0520,22.1003,-10.3250,-3.0004,-3.0699,-27.4752,6.0229,1.7502,1.1961
66.0721,21.8923,-10.3849,-2.9639,-3.1252,-27.3539,6.0579,1.7290,1.2176
66.0922,21.6832,-10.4440,-2.9272,-3.1807,-27.2319,6.0924,1.7075,1.2392
66.1121,21.4747,-10.5020,-2.8906,-3.2361,-27.1102,6.1261,1.6862,1.2607
66.1321,21.2645,-10.5593,-2.8538,-3.2920,-26.9876,6.1596,1.6647,1.2824
66.1521,21.0525,-10.6161,-2.8166,-3.3483,-26.8639,6.1927,1.6430,1.3043
66.1721,20.8392,-10.6721,-2.7791,-3.4049,-26.7395,6.2254,1.6212,1.3263
66.1921,20.6253,-10.7273,-2.7416,-3.4616,-26.6148,6.2576,1.5993,1.3483
66.2122,20.4093,-10.7820,-2.7037,-3.5189,-26.4888,6.2895,1.5772,1.3706
66.2320,20.1959,-10.8350,-2.6663,-3.5756,-26.3643,6.3204,1.5553,1.3926
66.2522,19.9764,-10.8885,-2.6277,-3.6338,-26.2362,6.3516,1.5329,1.4152
66.2722,19.7580,-10.9407,-2.5894,-3.6917,-26.1088,6.3821,1.5105,1.4377
66.2922,19.5382,-10.9922,-2.5509,-3.7499,-25.9806,6.4121,1.4880,1.4603
66.3121,19.3187,-11.0426,-2.5124,-3.8081,-25.8526,6.4415,1.4655,1.4830
66.3322,19.0964,-11.0927,-2.4733,-3.8670,-25.7229,6.4708,1.4428,1.5058
66.3521,18.8753,-11.1415,-2.4346,-3.9256,-25.5939,6.4992,1.4202,1.5286
66.3721,18.6521,-11.1898,-2.3954,-3.9847,-25.4637,6.5274,1.3973,1.5516
66.3921,18.4280,-11.2373,-2.3561,-4.0440,-25.3330,6.5551,1.3744,1.5746
66.4121,18.2023,-11.2841,-2.3165,-4.1037,-25.2014,6.5824,1.3513,1.5978
66.4321,17.9768,-11.3299,-2.2769,-4.1634,-25.0698,6.6091,1.3282,1.6210
66.4521,17.7492,-11.3752,-2.2370,-4.2237,-24.9370,6.6355,1.3049,1.6444
66.4721,17.5211,-11.4195,-2.1969,-4.2840,-24.8040,6.6614,1.2816,1.6679
66.4922,17.2919,-11.4631,-2.1567,-4.3446,-24.6703,6.6868,1.2581,1.6914
66.5121,17.0635,-11.5056,-2.1167,-4.4050,-24.5371,6.7116,1.2347,1.7149
66.5321,16.8325,-11.5476,-2.0761,-4.4660,-24.4023,6.7361,1.2111,1.7386
66.5522,16.6005,-11.5889,-2.0354,-4.5274,-24.2670,6.7602,1.1873,1.7625
66.5721,16.3691,-11.6290,-1.9948,-4.5885,-24.1320,6.7836,1.1636,1.7862
66.5923,16.1342,-11.6688,-1.9536,-4.6506,-23.9949,6.8068,1.1396,1.8104
66.6121,15.9022,-11.7072,-1.9129,-4.7118,-23.8596,6.8292,1.1159,1.8342
66.6321,15.6677,-11.7451,-1.8718,-4.7737,-23.7228,6.8513,1.0919,1.8582
66.6522,15.4316,-11.7822,-1.8303,-4.8361,-23.5851,6.8730,1.0677,1.8825
66.6722,15.1958,-11.8184,-1.7889,-4.8983,-23.4475,6.8941,1.0436,1.9067
66.6921,14.9597,-11.8536,-1.7475,-4.9606,-23.3098,6.9146,1.0194,1.9309
66.7121,14.7228,-11.8881,-1.7060,-5.0231,-23.1716,6.9347,0.9951,1.9552
66.7321,14.4843,-11.9219,-1.6641,-5.0860,-23.0325,6.9544,0.9707,1.9796
66.7521,14.2452,-11.9548,-1.6222,-5.1491,-22.8931,6.9736,0.9463,2.0041
66.7721,14.0061,-11.9867,-1.5802,-5.2121,-22.7536,6.9923,0.9218,2.0286
66.7922,13.7647,-12.0181,-1.5378,-5.2758,-22.6127,7.0106,0.8971,2.0534
66.8119,13.5273,-12.0480,-1.4962,-5.3383,-22.4743,7.0280,0.8728,2.0777
66.8322,13.2829,-12.0779,-1.4533,-5.4027,-22.3317,7.0454,0.8478,2.1027
66.8521,13.0427,-12.1064,-1.4112,-5.4660,-22.1916,7.0620,0.8232,2.1273
66.8721,12.8000,-12.1342,-1.3686,-5.5300,-22.0500,7.0783,0.7983,2.1522
66.8922,12.5554,-12.1613,-1.3257,-5.5943,-21.9073,7.0941,0.7733,2.1772
66.9119,12.3153,-12.1870,-1.2835,-5.6576,-21.7673,7.1091,0.7487,2.2018
66.9320,12.0703,-12.2124,-1.2405,-5.7221,-21.6243,7.1239,0.7237,2.2269
66.9519,11.8273,-12.2366,-1.1979,-5.7860,-21.4826,7.1380,0.6988,2.2517
66.9719,11.5824,-12.2602,-1.1549,-5.8505,-21.3397,7.1518,0.6737,2.2768
66.9919,11.3364,-12.2829,-1.1118,-5.9152,-21.1962,7.1650,0.6485,2.3020
67.0119,11.0912,-12.3046,-1.0688,-5.9797,-21.0532,7.1777,0.6234,2.3270
67.0321,10.8419,-12.3258,-1.0250,-6.0452,-20.9078,7.1901,0.5979,2.3525
67.0519,10.5977,-12.3457,-0.9822,-6.1094,-20.7653,7.2016,0.5729,2.3775
67.0722,10.3475,-12.3651,-0.9383,-6.1752,-20.6194,7.2130,0.5473,2.4031
67.0921,10.1010,-12.3834,-0.8950,-6.2400,-20.4756,7.2236,0.5221,2.4282
67.1121,9.8537,-12.4008,-0.8516,-6.3050,-20.3313,7.2338,0.4968,2.4535
67.1321,9.6052,-12.4174,-0.8080,-6.3703,-20.1864,7.2435,0.4713,2.4789
67.1520,9.3576,-12.4331,-0.7646,-6.4353,-20.0419,7.2526,0.4460,2.5042
67.1720,9.1092,-12.4479,-0.7210,-6.5006,-19.8970,7.2613,0.4206,2.5295
67.1921,8.8590,-12.4620,-0.6771,-6.5663,-19.7511,7.2695,0.3950,2.5551
67.2121,8.6088,-12.4751,-0.6332,-6.6319,-19.6052,7.2772,0.3694,2.5806
67.2320,8.3604,-12.4873,-0.5896,-6.6972,-19.4602,7.2843,0.3439,2.6060
67.2520,8.1105,-12.4986,-0.5458,-6.7627,-19.3144,7.2909,0.3184,2.6315
67.2721,7.8594,-12.5092,-0.5017,-6.8286,-19.1680,7.2970,0.2927,2.6571
67.2921,7.6098,-12.5187,-0.4579,-6.8941,-19.0224,7.3026,0.2671,2.6826
67.3121,7.3587,-12.5275,-0.4138,-6.9600,-18.8759,7.3077,0.2414,2.7082
67.3320,7.1094,-12.5353,-0.3701,-7.0253,-18.7305,7.3122,0.2159,2.7336
67.3521,6.8580,-12.5422,-0.3260,-7.0913,-18.5838,7.3163,0.1902,2.7592
67.3721,6.6066,-12.5483,-0.2819,-7.1572,-18.4372,7.3199,0.1644,2.7849
67.3920,6.3562,-12.5535,-0.2380,-7.2228,-18.2911,7.3229,0.1388,2.8104
67.4119,6.1071,-12.5578,-0.1942,-7.2881,-18.1458,7.3254,0.1133,2.8358
67.4319,5.8555,-12.5613,-0.1501,-7.3540,-17.9990,7.3274,0.0876,2.8614
67.4519,5.6038,-12.5638,-0.1059,-7.4199,-17.8522,7.3289,0.0618,2.8870
67.4718,5.3547,-12.5655,-0.0622,-7.4851,-17.7069,7.3299,0.0363,2.9124
67.4920,5.1001,-12.5663,-0.0176,-7.5518,-17.5584,7.3303,0.0102,2.9383
67.5121,4.8480,-12.5662,0.0267,-7.6178,-17.4113,7.3303,-0.0156,2.9640
67.5319,4.5993,-12.5652,0.0703,-7.6829,-17.2663,7.3297,-0.0410,2.9893
67.5520,4.3468,-12.5634,0.1146,-7.7490,-17.1190,7.3286,-0.0669,3.0150
67.5722,4.0931,-12.5606,0.1591,-7.8153,-16.9710,7.3270,-0.0928,3.0408
67.5921,3.8432,-12.5570,0.2030,-7.8807,-16.8252,7.3249,-0.1184,3.0662
67.6122,3.5909,-12.5525,0.2472,-7.9467,-16.6780,7.3223,-0.1442,3.0919
67.6321,3.3411,-12.5471,0.2911,-8.0120,-16.5323,7.3192,-0.1698,3.1173
67.6520,3.0908,-12.5409,0.3350,-8.0775,-16.3863,7.3155,-0.1954,3.1428
67.6721,2.8394,-12.5337,0.3791,-8.1432,-16.2396,7.3113,-0.2211,3.1683
67.6921,2.5881,-12.5257,0.4232,-8.2089,-16.0931,7.3067,-0.2469,3.1939
67.7121,2.3381,-12.5168,0.4671,-8.2742,-15.9472,7.3015,-0.2725,3.2193
67.7321,2.0881,-12.5070,0.5109,-8.3395,-15.8014,7.2958,-0.2980,3.2447
67.7521,1.8375,-12.4964,0.5549,-8.4050,-15.6552,7.2895,-0.3237,3.2701
67.7721,1.5875,-12.4848,0.5987,-8.4703,-15.5094,7.2828,-0.3493,3.2955
67.7921,1.3389,-12.4724,0.6424,-8.5352,-15.3644,7.2756,-0.3747,3.3208
67.8121,1.0894,-12.4591,0.6862,-8.6003,-15.2188,7.2678,-0.4003,3.3461
67.8321,0.8405,-12.4450,0.7298,-8.6653,-15.0736,7.2596,-0.4257,3.3714
67.8522,0.5907,-12.4299,0.7737,-8.7305,-14.9279,7.2508,-0.4513,3.3967
67.8722,0.3418,-12.4140,0.8173,-8.7954,-14.7827,7.2415,-0.4768,3.4220
67.8921,0.0953,-12.3973,0.8606,-8.8597,-14.6389,7.2318,-0.5020,3.4470
67.9121,-0.1532,-12.3796,0.9042,-8.9245,-14.4940,7.2214,-0.5274,3.4722
67.9320,-0.3995,-12.3612,0.9474,-8.9887,-14.3503,7.2107,-0.5526,3.4972
67.9520,-0.6459,-12.3418,0.9906,-9.0530,-14.2066,7.1994,-0.5779,3.5222
67.9719,-0.8921,-12.3216,1.0338,-9.1171,-14.0629,7.1876,-0.6031,3.5471
67.9919,-1.1378,-12.3006,1.0769,-9.1812,-13.9196,7.1753,-0.6282,3.5720
68.0119,-1.3840,-12.2785,1.1201,-9.2453,-13.7760,7.1625,-0.6534,3.5970
68.0323,-1.6332,-12.2553,1.1639,-9.3102,-13.6306,7.1490,-0.6789,3.6223
68.0524,-1.8795,-12.2315,1.2071,-9.3744,-13.4870,7.1350,-0.7041,3.6472
68.0721,-2.1203,-12.2073,1.2493,-9.4371,-13.3465,7.1209,-0.7288,3.6716
68.0921,-2.3641,-12.1819,1.2921,-9.5006,-13.2043,7.1061,-0.7537,3.6963
68.1119,-2.6055,-12.1558,1.3345,-9.5634,-13.0634,7.0909,-0.7784,3.7207
68.1319,-2.8483,-12.1287,1.3771,-9.6266,-12.9218,7.0751,-0.8033,3.7453
68.1519,-3.0908,-12.1007,1.4196,-9.6897,-12.7804,7.0588,-0.8281,3.7699
68.1719,-3.3327,-12.0719,1.4620,-9.7526,-12.6393,7.0419,-0.8529,3.7943
68.1919,-3.5735,-12.0423,1.5043,-9.8152,-12.4988,7.0247,-0.8775,3.8187
68.2119,-3.8135,-12.0118,1.5464,-9.8776,-12.3588,7.0069,-0.9021,3.8430
68.2321,-4.0559,-11.9802,1.5890,-9.9407,-12.2174,6.9884,-0.9269,3.8675
68.2519,-4.2937,-11.9482,1.6307,-10.0025,-12.0787,6.9698,-0.9512,3.8916
68.2719,-4.5320,-11.9152,1.6725,-10.0644,-11.9397,6.9505,-0.9756,3.9157
68.2920,-4.7715,-11.8811,1.7145,-10.1266,-11.7999,6.9306,-1.0001,3.9399
68.3119,-5.0075,-11.8466,1.7559,-10.1879,-11.6623,6.9105,-1.0243,3.9637
68.3320,-5.2444,-11.8110,1.7975,-10.2494,-11.5241,6.8897,-1.0485,3.9877
68.3520,-5.4806,-11.7746,1.8389,-10.3108,-11.3863,6.8685,-1.0727,4.0115
68.3719,-5.7146,-11.7376,1.8800,-10.3715,-11.2498,6.8469,-1.0967,4.0351
68.3921,-5.9510,-11.6992,1.9215,-10.4329,-11.1119,6.8245,-1.1209,4.0590
68.4119,-6.1831,-11.6606,1.9622,-10.4931,-10.9765,6.8020,-1.1446,4.0825
68.4319,-6.4159,-11.6210,2.0030,-10.5535,-10.8407,6.7789,-1.1684,4.1060
68.4519,-6.6471,-11.5807,2.0436,-10.6134,-10.7059,6.7554,-1.1921,4.1293
68.4719,-6.8786,-11.5393,2.0842,-10.6735,-10.5708,6.7313,-1.2158,4.1527
68.4919,-7.1089,-11.4972,2.1246,-10.7332,-10.4365,6.7067,-1.2394,4.1759
68.5119,-7.3384,-11.4544,2.1649,-10.7927,-10.3026,6.6817,-1.2629,4.1990
68.5319,-7.5668,-11.4107,2.2050,-10.8519,-10.1694,6.6562,-1.2862,4.2221
68.5521,-7.7967,-11.3658,2.2453,-10.9114,-10.0352,6.6300,-1.3098,4.2452
68.5718,-8.0212,-11.3210,2.2847,-10.9696,-9.9043,6.6039,-1.3327,4.2679
68.5918,-8.2472,-11.2749,2.3243,-11.0281,-9.7725,6.5770,-1.3559,4.2906
68.6118,-8.4721,-11.2280,2.3638,-11.0863,-9.6412,6.5497,-1.3789,4.3133
68.6320,-8.6981,-11.1799,2.4035,-11.1448,-9.5094,6.5216,-1.4020,4.3361
68.6519,-8.9196,-11.1318,2.4423,-11.2021,-9.3802,6.4936,-1.4247,4.3584
68.6718,-9.1416,-11.0826,2.4813,-11.2595,-9.2508,6.4649,-1.4474,4.3807
68.6923,-9.3675,-11.0315,2.5209,-11.3180,-9.1190,6.4351,-1.4705,4.4035
68.7123,-9.5877,-10.9807,2.5596,-11.3749,-8.9905,6.4054,-1.4931,4.4256
68.7323,-9.8071,-10.9291,2.5980,-11.4316,-8.8625,6.3753,-1.5155,4.4477
68.7523,-10.0247,-10.8768,2.6362,-11.4879,-8.7356,6.3448,-1.5378,4.4696
68.7722,-10.2406,-10.8240,2.6741,-11.5437,-8.6097,6.3140,-1.5599,4.4913
68.7922,-10.4573,-10.7699,2.7121,-11.5996,-8.4833,6.2825,-1.5821,4.5131
68.8123,-10.6732,-10.7150,2.7500,-11.6554,-8.3573,6.2504,-1.6042,4.5348
68.8322,-10.8857,-10.6600,2.7873,-11.7103,-8.2333,6.2183,-1.6259,4.5561
68.8521,-11.0974,-10.6041,2.8244,-11.7649,-8.1098,6.1857,-1.6476,4.5774
68.8722,-11.3099,-10.5470,2.8617,-11.8197,-7.9859,6.1524,-1.6693,4.5988
68.8922,-11.5199,-10.4895,2.8986,-11.8739,-7.8634,6.1189,-1.6908,4.6198
68.9122,-11.7293,-10.4311,2.9353,-11.9279,-7.7412,6.0848,-1.7123,4.6409
68.9322,-11.9375,-10.3720,2.9719,-11.9816,-7.6198,6.0503,-1.7336,4.6618
68.9520,-12.1419,-10.3129,3.0077,-12.0343,-7.5005,6.0159,-1.7545,4.6823
68.9721,-12.3487,-10.2520,3.0440,-12.0876,-7.3799,5.9804,-1.7757,4.7030
68.9919,-12.5514,-10.1913,3.0796,-12.1398,-7.2617,5.9449,-1.7964,4.7233
69.0120,-12.7558,-10.1290,3.1154,-12.1924,-7.1424,5.9086,-1.8173,4.7438
69.0321,-12.9587,-10.0661,3.1510,-12.2447,-7.0241,5.8719,-1.8381,4.7642
69.0521,-13.1589,-10.0028,3.1862,-12.2962,-6.9073,5.8350,-1.8586,4.7842
69.0721,-13.3582,-9.9388,3.2211,-12.3475,-6.7911,5.7976,-1.8790,4.8042
69.0920,-13.5557,-9.8742,3.2558,-12.3983,-6.6758,5.7600,-1.8992,4.8240
69.1120,-13.7527,-9.8087,3.2903,-12.4490,-6.5609,5.7217,-1.9194,4.8437
69.1318,-13.9460,-9.7433,3.3243,-12.4986,-6.4482,5.6836,-1.9391,4.8630
69.1522,-14.1440,-9.6752,3.3590,-12.5495,-6.3327,5.6438,-1.9594,4.8829
69.1719,-14.3344,-9.6085,3.3924,-12.5984,-6.2216,5.6050,-1.9789,4.9019
69.1919,-14.5256,-9.5404,3.4260,-12.6476,-6.1101,5.5653,-1.9985,4.9210
69.2119,-14.7152,-9.4718,3.4592,-12.6962,-5.9995,5.5252,-2.0179,4.9400
69.2322,-14.9067,-9.4012,3.4928,-12.7454,-5.8878,5.4841,-2.0375,4.9591
69.2521,-15.0935,-9.3313,3.5256,-12.7933,-5.7788,5.4432,-2.0566,4.9778
69.2721,-15.2795,-9.2604,3.5582,-12.8410,-5.6703,5.4019,-2.0756,4.9964
69.2919,-15.4624,-9.1895,3.5903,-12.8879,-5.5636,5.3606,-2.0944,5.0146
69.3119,-15.6453,-9.1174,3.6224,-12.9348,-5.4569,5.3185,-2.1131,5.0329
69.3319,-15.8272,-9.0446,3.6543,-12.9814,-5.3508,5.2760,-2.1317,5.0510
69.3519,-16.0065,-8.9715,3.6858,-13.0273,-5.2462,5.2334,-2.1500,5.0689
69.3722,-16.1881,-8.8963,3.7177,-13.0738,-5.1403,5.1895,-2.1686,5.0870
69.3919,-16.3627,-8.8227,3.7483,-13.1185,-5.0384,5.1466,-2.1865,5.1044
69.4119,-16.5387,-8.7473,3.7792,-13.1635,-4.9358,5.1026,-2.2045,5.1219
69.4319,-16.7128,-8.6715,3.8097,-13.2080,-4.8342,5.0584,-2.2223,5.1393
69.4519,-16.8851,-8.5951,3.8399,-13.2521,-4.7337,5.0138,-2.2400,5.1564
69.4719,-17.0564,-8.5179,3.8700,-13.2958,-4.6337,4.9688,-2.2575,5.1735
69.4918,-17.2253,-8.4405,3.8996,-13.3390,-4.5352,4.9236,-2.2748,5.1903
69.5118,-17.3936,-8.3621,3.9292,-13.3819,-4.4370,4.8779,-2.2920,5.2070
69.5319,-17.5604,-8.2831,3.9584,-13.4245,-4.3398,4.8318,-2.3091,5.2236
69.5522,-17.7275,-8.2025,3.9878,-13.4671,-4.2423,4.7848,-2.3262,5.2402
69.5721,-17.8907,-8.1225,4.0164,-13.5087,-4.1471,4.7381,-2.3429,5.2564
69.5921,-18.0520,-8.0421,4.0447,-13.5498,-4.0530,4.6912,-2.3594,5.2724
69.6121,-18.2123,-7.9608,4.0728,-13.5907,-3.9595,4.6438,-2.3758,5.2883
69.6318,-18.3682,-7.8803,4.1002,-13.6304,-3.8685,4.5969,-2.3918,5.3038
69.6519,-18.5254,-7.7979,4.1278,-13.6704,-3.7769,4.5488,-2.4079,5.3194
69.6719,-18.6807,-7.7149,4.1550,-13.7099,-3.6863,4.5004,-2.4238,5.3348
69.6919,-18.8342,-7.6315,4.1819,-13.7489,-3.5967,4.4517,-2.4395,5.3500
69.7121,-18.9873,-7.5469,4.2088,-13.7878,-3.5074,4.4024,-2.4551,5.3651
69.7321,-19.1373,-7.4625,4.2351,-13.8259,-3.4199,4.3532,-2.4705,5.3800
69.7522,-19.2864,-7.3771,4.2613,-13.8637,-3.3329,4.3033,-2.4858,5.3947
69.7722,-19.4332,-7.2916,4.2870,-13.9010,-3.2473,4.2534,-2.5008,5.4092
69.7919,-19.5765,-7.2066,4.3122,-13.9373,-3.1637,4.2039,-2.5154,5.4234
69.8120,-19.7200,-7.1199,4.3374,-13.9737,-3.0800,4.1533,-2.5301,5.4376
69.8319,-19.8612,-7.0332,4.3621,-14.0094,-2.9976,4.1027,-2.5446,5.4515
69.8519,-20.0010,-6.9457,4.3867,-14.0448,-2.9161,4.0516,-2.5589,5.4653
69.8720,-20.1399,-6.8572,4.4110,-14.0799,-2.8351,4.0000,-2.5731,5.4790
69.8920,-20.2757,-6.7690,4.4349,-14.1142,-2.7558,3.9486,-2.5870,5.4923
69.9121,-20.4108,-6.6797,4.4586,-14.1483,-2.6771,3.8965,-2.6008,5.5056
69.9320,-20.5432,-6.5904,4.4818,-14.1818,-2.5998,3.8444,-2.6144,5.5187
69.9519,-20.6731,-6.5013,4.5046,-14.2145,-2.5240,3.7924,-2.6277,5.5314
69.9721,-20.8039,-6.4098,4.5275,-14.2475,-2.4477,3.7390,-2.6411,5.5443
69.9922,-20.9315,-6.3188,4.5499,-14.2796,-2.3733,3.6860,-2.6541,5.5568
70.0120,-21.0560,-6.2282,4.5718,-14.3110,-2.3006,3.6331,-2.6669,5.5690
70.0321,-21.1802,-6.1362,4.5936,-14.3422,-2.2282,3.5794,-2.6796,5.5812
70.0520,-21.3013,-6.0447,4.6148,-14.3726,-2.1576,3.5261,-2.6920,5.5931
70.0720,-21.4213,-5.9522,4.6359,-14.4027,-2.0876,3.4721,-2.7043,5.6048
70.0921,-21.5401,-5.8587,4.6567,-14.4325,-2.0183,3.4176,-2.7164,5.6164
70.1121,-21.6561,-5.7655,4.6771,-14.4616,-1.9506,3.3632,-2.7283,5.6278
70.1322,-21.7709,-5.6715,4.6972,-14.4903,-1.8837,3.3083,-2.7400,5.6390
70.1523,-21.8840,-5.5768,4.7171,-14.5186,-1.8177,3.2531,-2.7516,5.6500
70.1723,-21.9947,-5.4821,4.7365,-14.5463,-1.7531,3.1979,-2.7629,5.6608
70.1922,-22.1029,-5.3876,4.7555,-14.5733,-1.6899,3.1428,-2.7740,5.6713
70.2122,-22.2097,-5.2923,4.7742,-14.5999,-1.6277,3.0872,-2.7850,5.6817
70.2323,-22.3152,-5.1961,4.7927,-14.6262,-1.5661,3.0311,-2.7958,5.6920
70.2523,-22.4179,-5.1003,4.8107,-14.6518,-1.5062,2.9752,-2.8063,5.7019
70.2723,-22.5190,-5.0039,4.8285,-14.6769,-1.4473,2.9189,-2.8166,5.7117
70.2920,-22.6167,-4.9086,4.8456,-14.7011,-1.3903,2.8633,-2.8266,5.7212
70.3119,-22.7133,-4.8121,4.8626,-14.7251,-1.3339,2.8070,-2.8365,5.7306
70.3319,-22.8087,-4.7145,4.8793,-14.7487,-1.2782,2.7501,-2.8463,5.7398
70.3519,-22.9020,-4.6167,4.8957,-14.7718,-1.2238,2.6931,-2.8558,5.7488
70.3719,-22.9935,-4.5185,4.9117,-14.7943,-1.1705,2.6358,-2.8652,5.7576
70.3919,-23.0829,-4.4201,4.9274,-14.8164,-1.1183,2.5784,-2.8743,5.7662
70.4119,-23.1701,-4.3217,4.9427,-14.8378,-1.0675,2.5210,-2.8832,5.7746
70.4318,-23.2554,-4.2228,4.9577,-14.8588,-1.0177,2.4633,-2.8920,5.7827
70.4519,-23.3391,-4.1232,4.9724,-14.8793,-0.9688,2.4052,-2.9005,5.7908
70.4719,-23.4204,-4.0238,4.9866,-14.8992,-0.9214,2.3472,-2.9089,5.7985
70.4919,-23.5001,-3.9238,5.0006,-14.9186,-0.8750,2.2889,-2.9170,5.8061
70.5119,-23.5775,-3.8237,5.0142,-14.9375,-0.8298,2.2305,-2.9249,5.8135
70.5322,-23.6541,-3.7218,5.0276,-14.9561,-0.7851,2.1710,-2.9328,5.8208
70.5523,-23.7278,-3.6206,5.0406,-14.9740,-0.7421,2.1120,-2.9403,5.8278
70.5723,-23.7993,-3.5196,5.0531,-14.9913,-0.7004,2.0531,-2.9477,5.8345
70.5923,-23.8686,-3.4186,5.0653,-15.0081,-0.6600,1.9942,-2.9547,5.8411
70.6122,-23.9356,-3.3176,5.0770,-15.0242,-0.6209,1.9353,-2.9616,5.8474
70.6322,-24.0011,-3.2157,5.0885,-15.0399,-0.5827,1.8758,-2.9683,5.8535
70.6521,-24.0641,-3.1144,5.0996,-15.0550,-0.5460,1.8167,-2.9748,5.8594
70.6723,-24.1258,-3.0115,5.1104,-15.0697,-0.5100,1.7567,-2.9811,5.8652
70.6922,-24.1850,-2.9093,5.1208,-15.0838,-0.4754,1.6971,-2.9871,5.8707
70.7123,-24.2423,-2.8065,5.1308,-15.0973,-0.4420,1.6371,-2.9930,5.8760
70.7323,-24.2973,-2.7040,5.1405,-15.1103,-0.4099,1.5773,-2.9986,5.8811
70.7522,-24.3503,-2.6012,5.1498,-15.1228,-0.3790,1.5173,-3.0040,5.8860
70.7722,-24.4011,-2.4983,5.1587,-15.1346,-0.3493,1.4574,-3.0092,5.8906
70.7921,-24.4500,-2.3953,5.1673,-15.1460,-0.3209,1.3973,-3.0142,5.8951
70.8121,-24.4968,-2.2919,5.1755,-15.1568,-0.2935,1.3369,-3.0190,5.8993
70.8322,-24.5418,-2.1878,5.1834,-15.1671,-0.2673,1.2762,-3.0237,5.9034
70.8522,-24.5844,-2.0844,5.1909,-15.1768,-0.2424,1.2159,-3.0280,5.9072
70.8723,-24.6253,-1.9800,5.1980,-15.1861,-0.2186,1.1550,-3.0322,5.9108
70.8923,-24.6638,-1.8760,5.2048,-15.1947,-0.1961,1.0944,-3.0361,5.9142
70.9123,-24.7003,-1.7719,5.2112,-15.2028,-0.1748,1.0336,-3.0399,5.9174
70.9322,-24.7346,-1.6679,5.2172,-15.2103,-0.1548,0.9730,-3.0434,5.9203
70.9522,-24.7670,-1.5633,5.2229,-15.2174,-0.1359,0.9119,-3.0467,5.9231
70.9722,-24.7972,-1.4587,5.2282,-15.2238,-0.1183,0.8509,-3.0498,5.9256
70.9923,-24.8253,-1.3541,5.2331,-15.2297,-0.1019,0.7899,-3.0527,5.9280
71.0122,-24.8513,-1.2496,5.2377,-15.2351,-0.0867,0.7289,-3.0553,5.9301
71.0320,-24.8750,-1.1459,5.2419,-15.2398,-0.0729,0.6684,-3.0578,5.9320
71.0518,-24.8967,-1.0419,5.2457,-15.2440,-0.0603,0.6078,-3.0600,5.9337
71.0719,-24.9166,-0.9364,5.2492,-15.2478,-0.0486,0.5462,-3.0620,5.9351
71.0921,-24.9344,-0.8305,5.2523,-15.2510,-0.0383,0.4844,-3.0638,5.9364
71.1121,-24.9500,-0.7253,5.2550,-15.2536,-0.0292,0.4231,-3.0654,5.9375
71.1322,-24.9635,-0.6197,5.2574,-15.2556,-0.0213,0.3615,-3.0668,5.9383
71.1521,-24.9748,-0.5154,5.2594,-15.2571,-0.0147,0.3007,-3.0680,5.9389
71.1719,-24.9840,-0.4108,5.2610,-15.2581,-0.0094,0.2396,-3.0689,5.9393
71.1920,-24.9911,-0.3052,5.2622,-15.2585,-0.0052,0.1781,-3.0696,5.9395
71.2120,-24.9962,-0.1998,5.2631,-15.2583,-0.0022,0.1166,-3.0702,5.9395
71.2320,-24.9991,-0.0947,5.2636,-15.2576,-0.0005,0.0552,-3.0705,5.9393
71.2520,-25.0000,0.0108,5.2638,-15.2564,-0.0000,-0.0063,-3.0705,5.9388
71.2720,-24.9987,0.1157,5.2636,-15.2546,-0.0007,-0.0675,-3.0704,5.9381
71.2922,-24.9953,0.2220,5.2630,-15.2522,-0.0027,-0.1295,-3.0701,5.9373
71.3122,-24.9898,0.3271,5.2620,-15.2493,-0.0059,-0.1908,-3.0695,5.9362
71.3321,-24.9823,0.4320,5.2607,-15.2459,-0.0103,-0.2520,-3.0687,5.9349
71.3522,-24.9725,0.5378,5.2590,-15.2418,-0.0160,-0.3137,-3.0677,5.9333
71.3721,-24.9607,0.6427,5.2569,-15.2373,-0.0229,-0.3749,-3.0665,5.9316
71.3922,-24.9468,0.7481,5.2545,-15.2322,-0.0310,-0.4364,-3.0651,5.9296
71.4120,-24.9309,0.8521,5.2517,-15.2266,-0.0403,-0.4971,-3.0635,5.9275
71.4319,-24.9130,0.9566,5.2485,-15.2204,-0.0508,-0.5580,-3.0616,5.9251
71.4519,-24.8928,1.0613,5.2450,-15.2137,-0.0625,-0.6191,-3.0596,5.9225
71.4719,-24.8705,1.1664,5.2411,-15.2063,-0.0756,-0.6804,-3.0573,5.9197
71.4919,-24.8461,1.2714,5.2368,-15.1985,-0.0898,-0.7416,-3.0548,5.9167
71.5119,-24.8196,1.3760,5.2321,-15.1901,-0.1052,-0.8027,-3.0521,5.9135
71.5319,-24.7911,1.4803,5.2271,-15.1812,-0.1219,-0.8635,-3.0492,5.9101
71.5521,-24.7602,1.5858,5.2217,-15.1716,-0.1399,-0.9251,-3.0460,5.9064
71.5721,-24.7274,1.6902,5.2160,-15.1616,-0.1590,-0.9860,-3.0426,5.9025
71.5920,-24.6926,1.7942,5.2099,-15.1510,-0.1793,-1.0466,-3.0391,5.8984
71.6121,-24.6555,1.8989,5.2033,-15.1398,-0.2009,-1.1077,-3.0353,5.8941
71.6322,-24.6163,2.0034,5.1965,-15.1281,-0.2238,-1.1687,-3.0313,5.8896
71.6523,-24.5751,2.1075,5.1892,-15.1159,-0.2479,-1.2294,-3.0271,5.8849
71.6722,-24.5320,2.2109,5.1817,-15.1031,-0.2730,-1.2897,-3.0226,5.8800
71.6923,-24.4867,2.3147,5.1737,-15.0898,-0.2994,-1.3503,-3.0180,5.8748
71.7122,-24.4396,2.4175,5.1655,-15.0761,-0.3269,-1.4102,-3.0132,5.8695
71.7321,-24.3904,2.5204,5.1568,-15.0617,-0.3556,-1.4703,-3.0081,5.8640
71.7522,-24.3388,2.6238,5.1478,-15.0468,-0.3857,-1.5306,-3.0029,5.8582
71.7722,-24.2850,2.7271,5.1383,-15.0313,-0.4171,-1.5908,-2.9974,5.8522
71.7922,-24.2295,2.8296,5.1286,-15.0153,-0.4494,-1.6506,-2.9917,5.8460
71.8120,-24.1726,2.9309,5.1186,-14.9990,-0.4826,-1.7097,-2.9859,5.8397
71.8322,-24.1122,3.0345,5.1080,-14.9817,-0.5179,-1.7701,-2.9797,5.8330
71.8523,-24.0504,3.1367,5.0972,-14.9641,-0.5539,-1.8297,-2.9734,5.8262
71.8720,-23.9875,3.2371,5.0861,-14.9463,-0.5906,-1.8883,-2.9669,5.8193
71.8921,-23.9213,3.3394,5.0745,-14.9275,-0.6292,-1.9480,-2.9601,5.8120
71.9121,-23.8537,3.4405,5.0627,-14.9084,-0.6687,-2.0070,-2.9532,5.8046
71.9320,-23.7841,3.5413,5.0504,-14.8888,-0.7093,-2.0658,-2.9461,5.7970
71.9520,-23.7122,3.6424,5.0378,-14.8685,-0.7512,-2.1247,-2.9387,5.7892
71.9719,-23.6389,3.7422,5.0250,-14.8479,-0.7940,-2.1830,-2.9312,5.7812
71.9920,-23.5625,3.8432,5.0116,-14.8265,-0.8385,-2.2419,-2.9234,5.7730
72.0119,-23.4851,3.9428,4.9980,-14.8049,-0.8837,-2.2999,-2.9155,5.7646
72.0320,-23.4049,4.0431,4.9839,-14.7825,-0.9305,-2.3585,-2.9073,5.7559
72.0521,-23.3225,4.1432,4.9695,-14.7595,-0.9785,-2.4169,-2.8988,5.7470
72.0722,-23.2384,4.2427,4.9547,-14.7361,-1.0276,-2.4749,-2.8902,5.7379
72.0922,-23.1525,4.3417,4.9396,-14.7122,-1.0777,-2.5327,-2.8815,5.7287
72.1122,-23.0648,4.4402,4.9242,-14.6879,-1.1288,-2.5901,-2.8725,5.7192
72.1321,-22.9755,4.5381,4.9086,-14.6632,-1.1810,-2.6472,-2.8633,5.7096
72.1521,-22.8835,4.6363,4.8924,-14.6377,-1.2346,-2.7045,-2.8539,5.6998
72.1721,-22.7901,4.7337,4.8760,-14.6119,-1.2891,-2.7614,-2.8444,5.6898
72.1921,-22.6942,4.8313,4.8592,-14.5854,-1.3451,-2.8183,-2.8345,5.6795
72.2121,-22.5964,4.9285,4.8421,-14.5585,-1.4021,-2.8750,-2.8245,5.6691
72.2319,-22.4979,5.0242,4.8248,-14.5313,-1.4596,-2.9308,-2.8144,5.6585
72.2519,-22.3968,5.1202,4.8070,-14.5035,-1.5185,-2.9868,-2.8041,5.6478
72.2720,-22.2927,5.2168,4.7888,-14.4749,-1.5792,-3.0431,-2.7934,5.6367
72.2919,-22.1880,5.3119,4.7704,-14.4462,-1.6403,-3.0986,-2.7827,5.6255
72.3121,-22.0796,5.4082,4.7514,-14.4165,-1.7036,-3.1548,-2.7716,5.6140
72.3321,-21.9707,5.5028,4.7323,-14.3866,-1.7671,-3.2100,-2.7605,5.6024
72.3521,-21.8595,5.5974,4.7128,-14.3562,-1.8319,-3.2652,-2.7491,5.5906
72.3721,-21.7469,5.6912,4.6930,-14.3254,-1.8976,-3.3199,-2.7376,5.5787
72.3919,-21.6330,5.7842,4.6730,-14.2943,-1.9641,-3.3741,-2.7259,5.5666
72.4118,-21.5169,5.8771,4.6526,-14.2626,-2.0318,-3.4283,-2.7140,5.5543
72.4318,-21.3984,5.9700,4.6318,-14.2303,-2.1009,-3.4825,-2.7019,5.5418
72.4520,-21.2773,6.0629,4.6106,-14.1973,-2.1716,-3.5367,-2.6895,5.5290
72.4719,-21.1555,6.1547,4.5892,-14.1641,-2.2426,-3.5902,-2.6771,5.5161
72.4919,-21.0315,6.2462,4.5675,-14.1304,-2.3150,-3.6436,-2.6644,5.5030
72.5118,-20.9061,6.3371,4.5455,-14.0963,-2.3881,-3.6966,-2.6515,5.4898
72.5319,-20.7783,6.4278,4.5231,-14.0615,-2.4626,-3.7496,-2.6384,5.4763
72.5519,-20.6485,6.5183,4.5003,-14.0263,-2.5384,-3.8023,-2.6252,5.4627
72.5719,-20.5173,6.6081,4.4772,-13.9907,-2.6149,-3.8547,-2.6117,5.4488
72.5919,-20.3841,6.6974,4.4539,-13.9546,-2.6926,-3.9068,-2.5981,5.4348
72.6119,-20.2497,6.7860,4.4303,-13.9181,-2.7710,-3.9585,-2.5843,5.4207
72.6322,-20.1109,6.8758,4.4059,-13.8806,-2.8520,-4.0109,-2.5701,5.4061
72.6522,-19.9720,6.9640,4.3816,-13.8430,-2.9330,-4.0623,-2.5559,5.3915
72.6722,-19.8320,7.0512,4.3570,-13.8051,-3.0146,-4.1132,-2.5416,5.3768
72.6920,-19.6914,7.1374,4.3323,-13.7671,-3.0967,-4.1635,-2.5272,5.3621
72.7121,-19.5475,7.2240,4.3071,-13.7282,-3.1806,-4.2140,-2.5125,5.3470
72.7322,-19.4010,7.3105,4.2814,-13.6886,-3.2661,-4.2645,-2.4975,5.3316
72.7523,-19.2537,7.3960,4.2555,-13.6489,-3.3520,-4.3143,-2.4824,5.3162
72.7722,-19.1053,7.4807,4.2295,-13.6089,-3.4386,-4.3637,-2.4672,5.3006
72.7922,-18.9548,7.5650,4.2031,-13.5683,-3.5263,-4.4129,-2.4518,5.2849
72.8122,-18.8032,7.6485,4.1765,-13.5274,-3.6148,-4.4616,-2.4363,5.2690
72.8322,-18.6489,7.7320,4.1494,-13.4859,-3.7048,-4.5104,-2.4205,5.2529
72.8523,-18.4932,7.8149,4.1221,-13.4439,-3.7957,-4.5587,-2.4046,5.2366
72.8722,-18.3364,7.8969,4.0946,-13.4017,-3.8871,-4.6065,-2.3885,5.2202
72.8922,-18.1775,7.9785,4.0667,-13.3590,-3.9798,-4.6542,-2.3723,5.2036
72.9121,-18.0179,8.0592,4.0387,-13.3161,-4.0729,-4.7012,-2.3559,5.1870
72.9320,-17.8567,8.1393,4.0104,-13.2728,-4.1669,-4.7479,-2.3394,5.1702
72.9523,-17.6912,8.2202,3.9814,-13.2283,-4.2635,-4.7951,-2.3225,5.1529
72.9719,-17.5292,8.2980,3.9530,-13.1848,-4.3580,-4.8405,-2.3059,5.1360
72.9921,-17.3610,8.3774,3.9235,-13.1397,-4.4561,-4.8868,-2.2887,5.1185
73.0121,-17.1919,8.4560,3.8938,-13.0943,-4.5547,-4.9326,-2.2714,5.1009
73.0323,-17.0211,8.5339,3.8638,-13.0485,-4.6543,-4.9781,-2.2539,5.0831
73.0522,-16.8500,8.6108,3.8338,-13.0026,-4.7542,-5.0230,-2.2364,5.0653
73.0722,-16.6768,8.6872,3.8034,-12.9562,-4.8552,-5.0676,-2.2187,5.0473
73.0921,-16.5032,8.7626,3.7729,-12.9097,-4.9565,-5.1115,-2.2009,5.0292
73.1120,-16.3285,8.8372,3.7423,-12.8630,-5.0584,-5.1550,-2.1830,5.0110
73.1320,-16.1512,8.9117,3.7112,-12.8155,-5.1618,-5.1985,-2.1649,4.9926
73.1521,-15.9709,8.9861,3.6796,-12.7673,-5.2670,-5.2419,-2.1464,4.9739
73.1719,-15.7921,9.0587,3.6482,-12.7194,-5.3713,-5.2843,-2.1281,4.9553
73.1920,-15.6097,9.1316,3.6162,-12.6707,-5.4777,-5.3267,-2.1094,4.9363
73.2120,-15.4261,9.2037,3.5840,-12.6216,-5.5848,-5.3688,-2.0906,4.9173
73.2319,-15.2425,9.2746,3.5517,-12.5725,-5.6919,-5.4102,-2.0718,4.8982
73.2520,-15.0555,9.3456,3.5189,-12.5226,-5.8010,-5.4516,-2.0527,4.8788
73.2719,-14.8682,9.4155,3.4861,-12.4726,-5.9102,-5.4924,-2.0335,4.8594
73.2922,-14.6771,9.4857,3.4525,-12.4216,-6.0217,-5.5333,-2.0140,4.8396
73.3122,-14.4863,9.5545,3.4191,-12.3707,-6.1330,-5.5735,-1.9945,4.8198
73.3319,-14.2975,9.6215,3.3859,-12.3203,-6.2431,-5.6126,-1.9751,4.8003
73.3519,-14.1040,9.6890,3.3520,-12.2687,-6.3560,-5.6519,-1.9553,4.7802
73.3720,-13.9092,9.7559,3.3178,-12.2167,-6.4696,-5.6909,-1.9354,4.7600
73.3919,-13.7142,9.8216,3.2836,-12.1648,-6.5834,-5.7293,-1.9154,4.7398
73.4121,-13.5154,9.8875,3.2487,-12.1118,-6.6993,-5.7677,-1.8951,4.7193
73.4321,-13.3165,9.9523,3.2138,-12.0588,-6.8154,-5.8055,-1.8747,4.6987
73.4521,-13.1174,10.0160,3.1789,-12.0058,-6.9315,-5.8427,-1.8543,4.6781
73.4721,-12.9157,10.0795,3.1435,-11.9521,-7.0492,-5.8797,-1.8337,4.6572
73.4921,-12.7142,10.1418,3.1081,-11.8985,-7.1667,-5.9160,-1.8131,4.6364
73.5122,-12.5094,10.2040,3.0722,-11.8440,-7.2862,-5.9523,-1.7921,4.6152
73.5322,-12.3043,10.2652,3.0362,-11.7895,-7.4058,-5.9880,-1.7711,4.5940
73.5522,-12.0985,10.3255,3.0001,-11.7348,-7.5259,-6.0232,-1.7501,4.5728
73.5721,-11.8926,10.3848,2.9640,-11.6800,-7.6460,-6.0578,-1.7290,4.5515
73.5923,-11.6824,10.4443,2.9271,-11.6242,-7.7686,-6.0925,-1.7075,4.5298
73.6122,-11.4739,10.5022,2.8905,-11.5688,-7.8902,-6.1263,-1.6861,4.5083
73.6322,-11.2628,10.5598,2.8535,-11.5127,-8.0134,-6.1599,-1.6645,4.4865
73.6522,-11.0517,10.6163,2.8164,-11.4566,-8.1365,-6.1928,-1.6429,4.4647
73.6723,-10.8379,10.6725,2.7789,-11.3999,-8.2612,-6.2256,-1.6210,4.4427
73.6921,-10.6253,10.7273,2.7416,-11.3435,-8.3852,-6.2576,-1.5993,4.4208
73.7121,-10.4104,10.7817,2.7039,-11.2865,-8.5106,-6.2893,-1.5773,4.3986
73.7322,-10.1935,10.8356,2.6658,-11.2289,-8.6371,-6.3208,-1.5551,4.3762
73.7522,-9.9758,10.8886,2.6276,-11.1712,-8.7641,-6.3517,-1.5328,4.3538
73.7722,-9.7575,10.9408,2.5893,-11.1133,-8.8914,-6.3821,-1.5105,4.3313
73.7922,-9.5382,10.9922,2.5509,-11.0552,-9.0194,-6.4121,-1.4880,4.3087
73.8121,-9.3188,11.0426,2.5124,-10.9970,-9.1474,-6.4415,-1.4655,4.2861
73.8322,-9.0965,11.0927,2.4734,-10.9381,-9.2771,-6.4707,-1.4428,4.2632
73.8522,-8.8741,11.1418,2.4343,-10.8792,-9.4068,-6.4994,-1.4200,4.2404
73.8723,-8.6500,11.1903,2.3950,-10.8199,-9.5375,-6.5276,-1.3971,4.2173
73.8923,-8.4260,11.2377,2.3557,-10.7606,-9.6682,-6.5553,-1.3742,4.1942
73.9122,-8.2012,11.2843,2.3163,-10.7011,-9.7993,-6.5825,-1.3512,4.1711
73.9322,-7.9752,11.3302,2.2766,-10.6413,-9.9311,-6.6093,-1.3280,4.1479
73.9522,-7.7488,11.3752,2.2369,-10.5814,-10.0632,-6.6356,-1.3049,4.1246
73.9721,-7.5219,11.4194,2.1971,-10.5213,-10.1955,-6.6613,-1.2816,4.1013
73.9921,-7.2930,11.4629,2.1569,-10.4608,-10.3291,-6.6867,-1.2582,4.0777
74.0122,-7.0624,11.5058,2.1165,-10.3998,-10.4636,-6.7117,-1.2346,4.0541
74.0321,-6.8321,11.5477,2.0761,-10.3390,-10.5979,-6.7362,-1.2110,4.0304
74.0520,-6.6024,11.5885,2.0358,-10.2783,-10.7319,-6.7600,-1.1875,4.0068
74.0721,-6.3687,11.6291,1.9947,-10.2165,-10.8683,-6.7836,-1.1636,3.9828
74.0921,-6.1358,11.6686,1.9539,-10.1550,-11.0041,-6.8067,-1.1398,3.9589
74.1120,-5.9034,11.7070,1.9131,-10.0936,-11.1397,-6.8291,-1.1160,3.9350
74.1322,-5.6667,11.7452,1.8716,-10.0311,-11.2778,-6.8514,-1.0918,3.9107
74.1521,-5.4324,11.7821,1.8305,-9.9692,-11.4144,-6.8729,-1.0678,3.8867
74.1722,-5.1950,11.8185,1.7888,-9.9066,-11.5529,-6.8941,-1.0435,3.8623
74.1921,-4.9592,11.8537,1.7474,-9.8443,-11.6905,-6.9147,-1.0193,3.8381
74.2122,-4.7212,11.8883,1.7057,-9.7816,-11.8293,-6.9349,-0.9950,3.8137
74.2322,-4.4825,11.9221,1.6638,-9.7186,-11.9685,-6.9546,-0.9706,3.7893
74.2523,-4.2435,11.9550,1.6219,-9.6556,-12.1080,-6.9738,-0.9461,3.7648
74.2722,-4.0050,11.9869,1.5800,-9.5927,-12.2471,-6.9924,-0.9217,3.7403
74.2921,-3.7664,12.0179,1.5381,-9.5298,-12.3863,-7.0104,-0.8972,3.7159
74.3122,-3.5244,12.0484,1.4957,-9.4660,-12.5274,-7.0282,-0.8725,3.6911
74.3322,-3.2823,12.0780,1.4532,-9.4022,-12.6687,-7.0455,-0.8477,3.6663
74.3523,-3.0402,12.1067,1.4107,-9.3384,-12.8099,-7.0622,-0.8229,3.6415
74.3721,-2.8003,12.1342,1.3686,-9.2752,-12.9498,-7.0783,-0.7984,3.6169
74.3921,-2.5568,12.1612,1.3259,-9.2111,-13.0919,-7.0940,-0.7735,3.5920
74.4120,-2.3140,12.1872,1.2833,-9.1472,-13.2335,-7.1092,-0.7486,3.5671
74.4321,-2.0698,12.2125,1.2405,-9.0829,-13.3760,-7.1239,-0.7236,3.5421
74.4521,-1.8254,12.2368,1.1976,-9.0186,-13.5185,-7.1381,-0.6986,3.5172
74.4721,-1.5798,12.2604,1.1545,-8.9540,-13.6618,-7.1519,-0.6735,3.4920
74.4921,-1.3342,12.2831,1.1114,-8.8893,-13.8050,-7.1651,-0.6483,3.4669
74.5123,-1.0866,12.3050,1.0680,-8.8242,-13.9495,-7.1779,-0.6230,3.4416
74.5322,-0.8405,12.3259,1.0248,-8.7595,-14.0930,-7.1901,-0.5978,3.4164
74.5523,-0.5934,12.3460,0.9814,-8.6945,-14.2372,-7.2018,-0.5725,3.3912
74.5723,-0.3465,12.3652,0.9381,-8.6296,-14.3812,-7.2130,-0.5472,3.3659
74.5921,-0.1005,12.3834,0.8949,-8.5650,-14.5247,-7.2237,-0.5220,3.3408
74.6122,0.1479,12.4009,0.8513,-8.4997,-14.6696,-7.2339,-0.4966,3.3154
74.6322,0.3963,12.4175,0.8078,-8.4344,-14.8145,-7.2436,-0.4712,3.2900
74.6523,0.6458,12.4333,0.7640,-8.3689,-14.9601,-7.2528,-0.4457,3.2645
74.6722,0.8931,12.4481,0.7206,-8.3039,-15.1043,-7.2614,-0.4204,3.2393
74.6922,1.1423,12.4620,0.6769,-8.2385,-15.2497,-7.2695,-0.3948,3.2139
74.7122,1.3921,12.4752,0.6330,-8.1729,-15.3954,-7.2772,-0.3693,3.1884
74.7323,1.6424,12.4874,0.5891,-8.1072,-15.5414,-7.2843,-0.3437,3.1628
74.7523,1.8925,12.4988,0.5452,-8.0416,-15.6873,-7.2910,-0.3181,3.1373
74.7722,2.1422,12.5092,0.5014,-7.9761,-15.8329,-7.2970,-0.2925,3.1118
74.7922,2.3921,12.5188,0.4576,-7.9105,-15.9787,-7.3026,-0.2669,3.0863
74.8122,2.6422,12.5275,0.4137,-7.8449,-16.1246,-7.3077,-0.2413,3.0608
74.8322,2.8932,12.5353,0.3697,-7.7791,-16.2710,-7.3123,-0.2156,3.0352
74.8522,3.1440,12.5423,0.3257,-7.7133,-16.4173,-7.3163,-0.1900,3.0097
74.8722,3.3951,12.5484,0.2816,-7.6475,-16.5638,-7.3199,-0.1643,2.9841
74.8922,3.6452,12.5536,0.2377,-7.5820,-16.7097,-7.3229,-0.1387,2.9586
74.9121,3.8960,12.5579,0.1937,-7.5162,-16.8560,-7.3254,-0.1130,2.9330
74.9322,4.1486,12.5613,0.1494,-7.4501,-17.0033,-7.3274,-0.0871,2.9073
74.9522,4.3996,12.5639,0.1053,-7.3843,-17.1498,-7.3289,-0.0615,2.8817
74.9722,4.6505,12.5655,0.0613,-7.3186,-17.2962,-7.3299,-0.0358,2.8562
74.9922,4.9021,12.5663,0.0172,-7.2527,-17.4429,-7.3303,-0.0100,2.8305
75.0121,5.1527,12.5662,-0.0268,-7.1871,-17.5891,-7.3303,0.0156,2.8050
75.0322,5.4046,12.5652,-0.0710,-7.1212,-17.7360,-7.3297,0.0414,2.7794
75.0522,5.6559,12.5634,-0.1151,-7.0554,-17.8826,-7.3286,0.0671,2.7538
75.0723,5.9081,12.5606,-0.1593,-6.9894,-18.0298,-7.3270,0.0930,2.7281
75.0921,6.1577,12.5570,-0.2031,-6.9241,-18.1753,-7.3249,0.1185,2.7028
75.1123,6.4108,12.5525,-0.2475,-6.8579,-18.3230,-7.3223,0.1444,2.6770
75.1322,6.6604,12.5471,-0.2913,-6.7927,-18.4686,-7.3191,0.1699,2.6516
75.1521,6.9099,12.5409,-0.3351,-6.7274,-18.6141,-7.3155,0.1955,2.6262
75.1721,7.1608,12.5337,-0.3791,-6.6619,-18.7605,-7.3113,0.2212,2.6007
75.1921,7.4114,12.5257,-0.4231,-6.5964,-18.9066,-7.3067,0.2468,2.5753
75.2120,7.6608,12.5168,-0.4669,-6.5312,-19.0521,-7.3015,0.2723,2.5499
75.2321,7.9121,12.5070,-0.5110,-6.4655,-19.1987,-7.2958,0.2981,2.5244
75.2521,8.1619,12.4964,-0.5548,-6.4003,-19.3444,-7.2896,0.3236,2.4990
75.2721,8.4114,12.4849,-0.5986,-6.3351,-19.4900,-7.2828,0.3492,2.4737
75.2922,8.6632,12.4723,-0.6427,-6.2694,-19.6368,-7.2755,0.3749,2.4481
75.3121,8.9114,12.4591,-0.6863,-6.2046,-19.7816,-7.2678,0.4003,2.4229
75.3322,9.1608,12.4449,-0.7301,-6.1395,-19.9271,-7.2595,0.4259,2.3976
75.3523,9.4110,12.4298,-0.7739,-6.0742,-20.0731,-7.2507,0.4515,2.3722
75.3723,9.6595,12.4139,-0.8176,-6.0094,-20.2180,-7.2414,0.4769,2.3470
75.3923,9.9078,12.3971,-0.8611,-5.9446,-20.3629,-7.2316,0.5023,2.3218
75.4121,10.1532,12.3796,-0.9042,-5.8806,-20.5060,-7.2214,0.5274,2.2969
75.4323,10.4022,12.3610,-0.9479,-5.8157,-20.6513,-7.2106,0.5529,2.2716
75.4523,10.6494,12.3415,-0.9912,-5.7512,-20.7955,-7.1992,0.5782,2.2465
75.4721,10.8940,12.3215,-1.0342,-5.6875,-20.9382,-7.1875,0.6033,2.2217
75.4922,11.1417,12.3002,-1.0776,-5.6229,-21.0826,-7.1751,0.6286,2.1966
75.5121,11.3865,12.2783,-1.1206,-5.5591,-21.2255,-7.1624,0.6537,2.1718
75.5322,11.6328,12.2554,-1.1638,-5.4950,-21.3691,-7.1490,0.6789,2.1469
75.5522,11.8776,12.2317,-1.2067,-5.4312,-21.5119,-7.1352,0.7039,2.1221
75.5722,12.1221,12.2071,-1.2496,-5.3675,-21.6546,-7.1208,0.7290,2.0973
75.5922,12.3662,12.1817,-1.2925,-5.3040,-21.7969,-7.1060,0.7539,2.0726
75.6121,12.6080,12.1556,-1.3349,-5.2411,-21.9380,-7.0907,0.7787,2.0481
75.6322,12.8517,12.1283,-1.3776,-5.1776,-22.0801,-7.0749,0.8036,2.0234
75.6521,13.0935,12.1004,-1.4201,-5.1147,-22.2212,-7.0586,0.8284,1.9989
75.6723,13.3367,12.0714,-1.4628,-5.0515,-22.3631,-7.0417,0.8533,1.9743
75.6921,13.5761,12.0419,-1.5048,-4.9892,-22.5028,-7.0245,0.8778,1.9501
75.7122,13.8171,12.0114,-1.5471,-4.9265,-22.6433,-7.0066,0.9024,1.9257
75.7321,14.0567,11.9801,-1.5891,-4.8642,-22.7831,-6.9884,0.9270,1.9015
75.7523,14.2974,11.9477,-1.6313,-4.8017,-22.9235,-6.9695,0.9516,1.8771
75.7722,14.5359,11.9146,-1.6732,-4.7397,-23.0626,-6.9502,0.9760,1.8530
75.7922,14.7728,11.8809,-1.7147,-4.6781,-23.2008,-6.9305,1.0003,1.8291
75.8122,15.0101,11.8462,-1.7564,-4.6165,-23.3392,-6.9103,1.0246,1.8051
75.8322,15.2477,11.8105,-1.7981,-4.5548,-23.4778,-6.8895,1.0489,1.7811
75.8523,15.4838,11.7741,-1.8395,-4.4935,-23.6155,-6.8682,1.0730,1.7572
75.8723,15.7189,11.7369,-1.8807,-4.4325,-23.7527,-6.8465,1.0971,1.7335
75.8922,15.9530,11.6989,-1.9218,-4.3717,-23.8892,-6.8244,1.1211,1.7099
75.9122,16.1859,11.6602,-1.9627,-4.3113,-24.0251,-6.8018,1.1449,1.6863
75.9322,16.4195,11.6204,-2.0037,-4.2507,-24.1614,-6.7785,1.1688,1.6628
75.9523,16.6516,11.5799,-2.0444,-4.1905,-24.2968,-6.7549,1.1926,1.6393
75.9721,16.8812,11.5389,-2.0847,-4.1309,-24.4307,-6.7310,1.2161,1.6162
75.9922,17.1125,11.4966,-2.1253,-4.0710,-24.5656,-6.7063,1.2397,1.5928
76.0120,17.3402,11.4540,-2.1652,-4.0120,-24.6985,-6.6815,1.2630,1.5699
76.0322,17.5710,11.4099,-2.2057,-3.9522,-24.8331,-6.6558,1.2867,1.5466
76.0522,17.7982,11.3655,-2.2456,-3.8933,-24.9656,-6.6299,1.3099,1.5237
76.0722,18.0255,11.3201,-2.2854,-3.8344,-25.0982,-6.6034,1.3332,1.5008
76.0921,18.2501,11.2743,-2.3249,-3.7763,-25.2292,-6.5767,1.3562,1.4781
76.1122,18.4764,11.2271,-2.3646,-3.7177,-25.3612,-6.5491,1.3793,1.4553
76.1320,18.6984,11.1799,-2.4035,-3.6602,-25.4907,-6.5216,1.4020,1.4330
76.1519,18.9203,11.1317,-2.4424,-3.6028,-25.6202,-6.4935,1.4248,1.4106
76.1720,19.1429,11.0823,-2.4815,-3.5452,-25.7501,-6.4647,1.4476,1.3882
76.1920,19.3640,11.0323,-2.5203,-3.4880,-25.8790,-6.4355,1.4702,1.3660
76.2119,19.5840,10.9816,-2.5589,-3.4312,-26.0073,-6.4059,1.4927,1.3438
76.2319,19.8026,10.9301,-2.5973,-3.3746,-26.1348,-6.3759,1.5151,1.3218
76.2519,20.0203,10.8779,-2.6354,-3.3184,-26.2618,-6.3454,1.5373,1.2999
76.2718,20.2370,10.8249,-2.6735,-3.2624,-26.3882,-6.3145,1.5595,1.2781
76.2918,20.4528,10.7711,-2.7113,-3.2066,-26.5141,-6.2831,1.5816,1.2564
76.3119,20.6689,10.7162,-2.7493,-3.1508,-26.6402,-6.2511,1.6037,1.2347
76.3319,20.8819,10.6610,-2.7866,-3.0958,-26.7644,-6.2189,1.6255,1.2133
76.3519,21.0952,10.6047,-2.8241,-3.0408,-26.8888,-6.1861,1.6474,1.1919
76.3720,21.3074,10.5477,-2.8613,-2.9860,-27.0127,-6.1528,1.6691,1.1706
76.3919,21.5172,10.4903,-2.8981,-2.9319,-27.1350,-6.1193,1.6906,1.1495
76.4119,21.7260,10.4320,-2.9347,-2.8780,-27.2568,-6.0854,1.7119,1.1285
76.4319,21.9343,10.3729,-2.9713,-2.8243,-27.3783,-6.0509,1.7332,1.1076
76.4518,22.1402,10.3134,-3.0074,-2.7713,-27.4985,-6.0161,1.7543,1.0870
76.4719,22.3467,10.2526,-3.0437,-2.7180,-27.6189,-5.9807,1.7755,1.0663
76.4919,22.5508,10.1915,-3.0795,-2.6655,-27.7380,-5.9450,1.7963,1.0458
76.5118,22.7535,10.1297,-3.1150,-2.6133,-27.8562,-5.9090,1.8171,1.0255
76.5319,22.9559,10.0669,-3.1505,-2.5611,-27.9743,-5.8724,1.8378,1.0052
76.5519,23.1571,10.0034,-3.1858,-2.5094,-28.0916,-5.8353,1.8584,0.9850
76.5719,23.3566,9.9393,-3.2209,-2.4580,-28.2080,-5.7979,1.8788,0.9650
76.5919,23.5543,9.8747,-3.2555,-2.4072,-28.3233,-5.7602,1.8991,0.9452
76.6119,23.7509,9.8093,-3.2900,-2.3566,-28.4380,-5.7221,1.9192,0.9256
76.6319,23.9470,9.7430,-3.3244,-2.3062,-28.5524,-5.6834,1.9392,0.9059
76.6520,24.1423,9.6758,-3.3587,-2.2560,-28.6663,-5.6442,1.9592,0.8864
76.6719,24.3342,9.6086,-3.3924,-2.2067,-28.7783,-5.6050,1.9789,0.8672
76.6920,24.5262,9.5402,-3.4261,-2.1574,-28.8903,-5.5651,1.9985,0.8480
76.7121,24.7179,9.4708,-3.4597,-2.1082,-29.0021,-5.5246,2.0182,0.8288
76.7323,24.9081,9.4007,-3.4931,-2.0594,-29.1131,-5.4837,2.0376,0.8098
76.7523,25.0955,9.3305,-3.5259,-2.0113,-29.2224,-5.4428,2.0568,0.7911
76.7722,25.2800,9.2602,-3.5583,-1.9640,-29.3300,-5.4018,2.0757,0.7727
76.7922,25.4650,9.1885,-3.5908,-1.9165,-29.4379,-5.3600,2.0946,0.7542
76.8122,25.6481,9.1164,-3.6229,-1.8696,-29.5447,-5.3179,2.1134,0.7359
76.8321,25.8290,9.0438,-3.6547,-1.8232,-29.6503,-5.2756,2.1319,0.7179
76.8522,26.0100,8.9701,-3.6864,-1.7769,-29.7558,-5.2326,2.1504,0.6998
76.8722,26.1886,8.8960,-3.7177,-1.7312,-29.8600,-5.1894,2.1687,0.6820
76.8922,26.3653,8.8216,-3.7488,-1.6860,-29.9631,-5.1459,2.1868,0.6644
76.9121,26.5406,8.7465,-3.7795,-1.6411,-30.0653,-5.1021,2.2047,0.6470
76.9322,26.7149,8.6705,-3.8101,-1.5965,-30.1671,-5.0578,2.2226,0.6296
76.9523,26.8885,8.5936,-3.8405,-1.5522,-30.2683,-5.0129,2.2403,0.6123
76.9722,27.0591,8.5167,-3.8705,-1.5086,-30.3678,-4.9681,2.2578,0.5953
76.9921,27.2278,8.4394,-3.9001,-1.4655,-30.4662,-4.9230,2.2751,0.5785
77.0122,27.3965,8.3608,-3.9297,-1.4224,-30.5646,-4.8771,2.2923,0.5618
77.0322,27.5632,8.2817,-3.9589,-1.3799,-30.6619,-4.8310,2.3094,0.5452
77.0522,27.7278,8.2024,-3.9878,-1.3379,-30.7579,-4.7847,2.3262,0.5288
77.0719,27.8887,8.1235,-4.0160,-1.2969,-30.8517,-4.7387,2.3427,0.5129
77.0922,28.0527,8.0417,-4.0448,-1.2551,-30.9474,-4.6910,2.3595,0.4966
77.1122,28.2128,7.9605,-4.0729,-1.2143,-31.0408,-4.6436,2.3759,0.4807
77.1322,28.3714,7.8787,-4.1007,-1.1739,-31.1333,-4.5959,2.3921,0.4650
77.1523,28.5289,7.7960,-4.1284,-1.1338,-31.2252,-4.5477,2.4082,0.4494
77.1721,28.6824,7.7140,-4.1553,-1.0948,-31.3148,-4.4998,2.4239,0.4341
77.1922,28.8365,7.6303,-4.1823,-1.0556,-31.4046,-4.4510,2.4397,0.4189
77.2122,28.9883,7.5464,-4.2090,-1.0171,-31.4932,-4.4021,2.4552,0.4039
77.2323,29.1391,7.4615,-4.2354,-0.9788,-31.5811,-4.3526,2.4707,0.3889
77.2522,29.2868,7.3769,-4.2614,-0.9413,-31.6673,-4.3032,2.4858,0.3743
77.2722,29.4331,7.2917,-4.2870,-0.9042,-31.7526,-4.2535,2.5008,0.3599
77.2922,29.5782,7.2056,-4.3125,-0.8674,-31.8373,-4.2033,2.5156,0.3455
77.3121,29.7212,7.1192,-4.3376,-0.8312,-31.9207,-4.1529,2.5303,0.3314
77.3321,29.8628,7.0322,-4.3624,-0.7953,-32.0033,-4.1021,2.5447,0.3174
77.3521,30.0024,6.9448,-4.3869,-0.7600,-32.0847,-4.0511,2.5590,0.3037
77.3721,30.1406,6.8567,-4.4112,-0.7250,-32.1653,-3.9998,2.5732,0.2901
77.3922,30.2770,6.7682,-4.4351,-0.6906,-32.2449,-3.9481,2.5871,0.2766
77.4122,30.4118,6.6790,-4.4588,-0.6565,-32.3236,-3.8961,2.6009,0.2633
77.4322,30.5445,6.5896,-4.4820,-0.6230,-32.4010,-3.8439,2.6145,0.2503
77.4521,30.6748,6.5001,-4.5049,-0.5901,-32.4770,-3.7917,2.6279,0.2375
77.4723,30.8047,6.4092,-4.5277,-0.5574,-32.5528,-3.7387,2.6412,0.2247
77.4923,30.9322,6.3183,-4.5501,-0.5253,-32.6271,-3.6857,2.6542,0.2122
77.5122,31.0571,6.2275,-4.5720,-0.4939,-32.7000,-3.6327,2.6670,0.1999
77.5322,31.1807,6.1358,-4.5937,-0.4628,-32.7721,-3.5792,2.6796,0.1878
77.5523,31.3030,6.0434,-4.6151,-0.4321,-32.8434,-3.5253,2.6921,0.1758
77.5723,31.4230,5.9508,-4.6362,-0.4019,-32.9134,-3.4713,2.7044,0.1641
77.5922,31.5407,5.8581,-4.6568,-0.3724,-32.9821,-3.4173,2.7165,0.1526
77.6122,31.6569,5.7649,-4.6772,-0.3433,-33.0498,-3.3629,2.7284,0.1412
77.6322,31.7710,5.6713,-4.6972,-0.3147,-33.1164,-3.3083,2.7401,0.1301
77.6525,31.8851,5.5759,-4.7172,-0.2862,-33.1830,-3.2526,2.7517,0.1190
77.6721,31.9936,5.4831,-4.7363,-0.2591,-33.2463,-3.1985,2.7628,0.1084
77.6922,32.1031,5.3875,-4.7555,-0.2318,-33.3101,-3.1427,2.7740,0.0977
77.7121,32.2091,5.2929,-4.7741,-0.2053,-33.3720,-3.0875,2.7849,0.0874
77.7326,32.3169,5.1946,-4.7930,-0.1785,-33.4348,-3.0302,2.7959,0.0769
77.7522,32.4174,5.1008,-4.8106,-0.1535,-33.4935,-2.9755,2.8062,0.0672
77.7722,32.5188,5.0041,-4.8284,-0.1283,-33.5526,-2.9190,2.8166,0.0574
77.7921,32.6175,4.9078,-4.8458,-0.1038,-33.6102,-2.8629,2.8267,0.0478
77.8121,32.7144,4.8110,-4.8628,-0.0798,-33.6667,-2.8064,2.8366,0.0384
77.8324,32.8111,4.7120,-4.8797,-0.0558,-33.7231,-2.7487,2.8465,0.0291
77.8521,32.9029,4.6158,-4.8958,-0.0331,-33.7767,-2.6925,2.8559,0.0202
77.8721,32.9944,4.5176,-4.9119,-0.0106,-33.8300,-2.6353,2.8653,0.0114
77.8920,33.0834,4.4196,-4.9275,0.0114,-33.8820,-2.5781,2.8744,0.0028
77.9124,33.1722,4.3193,-4.9431,0.0332,-33.9338,-2.5196,2.8835,-0.0057
77.9321,33.2564,4.2216,-4.9579,0.0539,-33.9829,-2.4626,2.8921,-0.0138
77.9521,33.3398,4.1224,-4.9725,0.0743,-34.0315,-2.4048,2.9006,-0.0217
77.9721,33.4213,4.0228,-4.9868,0.0943,-34.0791,-2.3466,2.9090,-0.0295
77.9921,33.5010,3.9226,-5.0008,0.1138,-34.1256,-2.2882,2.9171,-0.0371
78.0121,33.5783,3.8226,-5.0143,0.1326,-34.1707,-2.2299,2.9250,-0.0445
78.0322,33.6540,3.7219,-5.0276,0.1510,-34.2148,-2.1711,2.9328,-0.0517
78.0521,33.7272,3.6214,-5.0405,0.1688,-34.2576,-2.1125,2.9403,-0.0586
78.0721,33.7987,3.5204,-5.0530,0.1861,-34.2992,-2.0536,2.9476,-0.0654
78.0923,33.8685,3.4186,-5.0653,0.2029,-34.3400,-1.9942,2.9547,-0.0720
78.1120,33.9352,3.3183,-5.0770,0.2190,-34.3789,-1.9357,2.9616,-0.0783
78.1321,34.0009,3.2161,-5.0885,0.2348,-34.4172,-1.8761,2.9683,-0.0844
78.1521,34.0642,3.1142,-5.0996,0.2499,-34.4541,-1.8166,2.9748,-0.0904
78.1721,34.1254,3.0122,-5.1103,0.2645,-34.4898,-1.7571,2.9810,-0.0961
78.1923,34.1850,2.9091,-5.1208,0.2787,-34.5246,-1.6970,2.9871,-0.1016
78.2122,34.2421,2.8068,-5.1308,0.2922,-34.5579,-1.6373,2.9930,-0.1069
78.2321,34.2969,2.7047,-5.1404,0.3051,-34.5898,-1.5777,2.9986,-0.1120
78.2521,34.3500,2.6017,-5.1497,0.3176,-34.6208,-1.5177,3.0040,-0.1169
78.2722,34.4011,2.4983,-5.1587,0.3295,-34.6507,-1.4574,3.0092,-0.1215
78.2922,34.4501,2.3951,-5.1673,0.3409,-34.6792,-1.3971,3.0143,-0.1260
78.3121,34.4967,2.2921,-5.1755,0.3517,-34.7064,-1.3371,3.0190,-0.1302
78.3321,34.5416,2.1885,-5.1834,0.3620,-34.7326,-1.2766,3.0236,-0.1343
78.3522,34.5845,2.0843,-5.1909,0.3717,-34.7576,-1.2158,3.0280,-0.1381
78.3724,34.6255,1.9793,-5.1981,0.3810,-34.7816,-1.1546,3.0322,-0.1417
78.3922,34.6638,1.8762,-5.2048,0.3896,-34.8039,-1.0944,3.0361,-0.1451
78.4120,34.6999,1.7730,-5.2111,0.3976,-34.8249,-1.0342,3.0398,-0.1483
78.4320,34.7342,1.6690,-5.2172,0.4052,-34.8450,-0.9736,3.0433,-0.1512
78.4521,34.7667,1.5643,-5.2228,0.4122,-34.8639,-0.9125,3.0467,-0.1540
78.4726,34.7977,1.4570,-5.2283,0.4188,-34.8820,-0.8499,3.0498,-0.1566
78.4920,34.8250,1.3553,-5.2331,0.4245,-34.8979,-0.7906,3.0526,-0.1589
78.5120,34.8510,1.2509,-5.2376,0.4299,-34.9131,-0.7297,3.0553,-0.1610
78.5321,34.8752,1.1453,-5.2419,0.4347,-34.9272,-0.6681,3.0578,-0.1629
78.5522,34.8971,1.0400,-5.2457,0.4390,-34.9400,-0.6066,3.0600,-0.1646
78.5721,34.9168,0.9354,-5.2492,0.4427,-34.9515,-0.5456,3.0620,-0.1661
78.5922,34.9345,0.8302,-5.2523,0.4459,-34.9618,-0.4843,3.0638,-0.1673
78.6122,34.9500,0.7251,-5.2550,0.4485,-34.9708,-0.4230,3.0654,-0.1684
78.6322,34.9635,0.6196,-5.2574,0.4505,-34.9787,-0.3614,3.0668,-0.1692
78.6522,34.9749,0.5144,-5.2594,0.4520,-34.9853,-0.3001,3.0680,-0.1698
78.6723,34.9841,0.4091,-5.2610,0.4530,-34.9907,-0.2387,3.0689,-0.1703
78.6920,34.9912,0.3051,-5.2622,0.4534,-34.9948,-0.1780,3.0696,-0.1704
78.7122,34.9962,0.1991,-5.2631,0.4532,-34.9978,-0.1161,3.0702,-0.1704
78.7323,34.9992,0.0933,-5.2636,0.4525,-34.9995,-0.0544,3.0705,-0.1702
78.7521,35.0000,-0.0109,-5.2638,0.4513,-35.0000,0.0064,3.0705,-0.1697
78.7722,34.9987,-0.1169,-5.2636,0.4495,-34.9992,0.0682,3.0704,-0.1691
78.7922,34.9953,-0.2220,-5.2630,0.4471,-34.9973,0.1295,3.0701,-0.1682
78.8122,34.9898,-0.3273,-5.2620,0.4442,-34.9941,0.1910,3.0695,-0.1671
78.8323,34.9822,-0.4329,-5.2607,0.4407,-34.9896,0.2525,3.0687,-0.1658
78.8523,34.9725,-0.5382,-5.2590,0.4367,-34.9839,0.3139,3.0677,-0.1642
78.8722,34.9607,-0.6429,-5.2569,0.4322,-34.9771,0.3750,3.0665,-0.1625
78.8921,34.9469,-0.7475,-5.2545,0.4271,-34.9690,0.4361,3.0651,-0.1606
78.9121,34.9309,-0.8526,-5.2517,0.4214,-34.9597,0.4973,3.0635,-0.1584
78.9321,34.9127,-0.9578,-5.2485,0.4152,-34.9491,0.5587,3.0616,-0.1560
78.9522,34.8924,-1.0632,-5.2449,0.4084,-34.9372,0.6202,3.0595,-0.1534
78.9722,34.8701,-1.1681,-5.2410,0.4011,-34.9242,0.6814,3.0572,-0.1506
78.9921,34.8458,-1.2723,-5.2367,0.3933,-34.9101,0.7422,3.0548,-0.1476
79.0120,34.8195,-1.3765,-5.2321,0.3849,-34.8947,0.8030,3.0521,-0.1444
79.0321,34.7907,-1.4817,-5.2271,0.3760,-34.8779,0.8643,3.0491,-0.1409
79.0522,34.7599,-1.5867,-5.2217,0.3664,-34.8599,0.9256,3.0460,-0.1373
79.0723,34.7271,-1.6912,-5.2159,0.3564,-34.8408,0.9865,3.0426,-0.1334
79.0920,34.6927,-1.7941,-5.2099,0.3459,-34.8207,1.0465,3.0391,-0.1294
79.1119,34.6560,-1.8975,-5.2034,0.3349,-34.7993,1.1069,3.0353,-0.1251
79.1318,34.6171,-2.0012,-5.1966,0.3233,-34.7767,1.1674,3.0314,-0.1206
79.1520,34.5756,-2.1063,-5.1893,0.3109,-34.7524,1.2287,3.0271,-0.1159
79.1720,34.5325,-2.2097,-5.1818,0.2982,-34.7273,1.2890,3.0227,-0.1109
79.1921,34.4870,-2.3139,-5.1738,0.2848,-34.7008,1.3498,3.0180,-0.1058
79.2120,34.4399,-2.4170,-5.1655,0.2710,-34.6733,1.4099,3.0132,-0.1005
79.2320,34.3905,-2.5201,-5.1569,0.2567,-34.6445,1.4701,3.0082,-0.0949
79.2522,34.3388,-2.6238,-5.1478,0.2417,-34.6143,1.5306,3.0029,-0.0891
79.2721,34.2853,-2.7265,-5.1384,0.2263,-34.5831,1.5905,2.9974,-0.0831
79.2921,34.2300,-2.8288,-5.1287,0.2103,-34.5508,1.6501,2.9917,-0.0770
79.3119,34.1730,-2.9303,-5.1187,0.1940,-34.5176,1.7093,2.9859,-0.0707
79.3320,34.1128,-3.0335,-5.1081,0.1768,-34.4825,1.7695,2.9797,-0.0640
79.3520,34.0513,-3.1353,-5.0973,0.1593,-34.4466,1.8289,2.9734,-0.0572
79.3719,33.9879,-3.2365,-5.0862,0.1413,-34.4096,1.8880,2.9670,-0.0503
79.3921,33.9213,-3.3395,-5.0745,0.1224,-34.3707,1.9481,2.9601,-0.0430
79.4121,33.8537,-3.4405,-5.0627,0.1033,-34.3313,2.0070,2.9532,-0.0356
79.4321,33.7840,-3.5415,-5.0504,0.0836,-34.2906,2.0659,2.9461,-0.0280
79.4521,33.7119,-3.6427,-5.0378,0.0633,-34.2486,2.1249,2.9387,-0.0201
79.4722,33.6378,-3.7437,-5.0248,0.0425,-34.2054,2.1838,2.9311,-0.0120
79.4920,33.5627,-3.8430,-5.0116,0.0215,-34.1616,2.2418,2.9234,-0.0039
79.5122,33.4840,-3.9442,-4.9978,-0.0005,-34.1156,2.3008,2.9154,0.0046
79.5320,33.4047,-4.0433,-4.9839,-0.0227,-34.0694,2.3586,2.9073,0.0132
79.5519,33.3236,-4.1419,-4.9697,-0.0453,-34.0221,2.4161,2.8990,0.0220
79.5720,33.2391,-4.2419,-4.9548,-0.0688,-33.9728,2.4745,2.8903,0.0311
79.5921,33.1528,-4.3414,-4.9397,-0.0928,-33.9225,2.5325,2.8815,0.0404
79.6121,33.0651,-4.4400,-4.9243,-0.1171,-33.8713,2.5900,2.8725,0.0498
79.6321,32.9751,-4.5385,-4.9085,-0.1420,-33.8188,2.6474,2.8633,0.0595
79.6522,32.8829,-4.6369,-4.8923,-0.1676,-33.7651,2.7049,2.8539,0.0694
79.6722,32.7895,-4.7343,-4.8759,-0.1934,-33.7106,2.7617,2.8443,0.0794
79.6920,32.6945,-4.8310,-4.8593,-0.2196,-33.6551,2.8181,2.8346,0.0895
79.7121,32.5966,-4.9284,-4.8421,-0.2466,-33.5980,2.8749,2.8245,0.1000
79.7321,32.4973,-5.0248,-4.8247,-0.2739,-33.5401,2.9311,2.8144,0.1106
79.7526,32.3933,-5.1235,-4.8064,-0.3026,-33.4794,2.9887,2.8037,0.1217
79.7721,32.2921,-5.2173,-4.7887,-0.3303,-33.4204,3.0434,2.7934,0.1325
79.7921,32.1872,-5.3126,-4.7703,-0.3591,-33.3592,3.0990,2.7826,0.1436
79.8120,32.0801,-5.4077,-4.7515,-0.3885,-33.2967,3.1545,2.7717,0.1550
79.8321,31.9705,-5.5030,-4.7322,-0.4185,-33.2328,3.2101,2.7605,0.1667
79.8521,31.8596,-5.5973,-4.7128,-0.4489,-33.1681,3.2651,2.7491,0.1784
79.8723,31.7458,-5.6922,-4.6928,-0.4800,-33.1017,3.3204,2.7375,0.1905
79.8922,31.6313,-5.7856,-4.6727,-0.5113,-33.0349,3.3749,2.7257,0.2026
79.9122,31.5150,-5.8786,-4.6523,-0.5430,-32.9671,3.4292,2.7138,0.2150
79.9323,31.3959,-5.9719,-4.6314,-0.5755,-32.8976,3.4836,2.7017,0.2275
79.9522,31.2757,-6.0642,-4.6103,-0.6083,-32.8275,3.5374,2.6894,0.2403
79.9721,31.1543,-6.1556,-4.5890,-0.6413,-32.7567,3.5907,2.6769,0.2531
79.9921,31.0300,-6.2473,-4.5672,-0.6751,-32.6842,3.6443,2.6642,0.2662
80.0120,30.9049,-6.3379,-4.5453,-0.7092,-32.6112,3.6971,2.6514,0.2794
80.0321,30.7766,-6.4290,-4.5228,-0.7440,-32.5364,3.7503,2.6383,0.2929
80.0523,30.6461,-6.5200,-4.4998,-0.7795,-32.4602,3.8033,2.6249,0.3067
80.0722,30.5152,-6.6095,-4.4769,-0.8150,-32.3839,3.8555,2.6115,0.3205
80.0924,30.3809,-6.6996,-4.4533,-0.8514,-32.3055,3.9081,2.5978,0.3346
80.1122,30.2471,-6.7877,-4.4298,-0.8877,-32.2275,3.9595,2.5841,0.3487
80.1321,30.1115,-6.8754,-4.4061,-0.9244,-32.1484,4.0106,2.5702,0.3629
80.1520,29.9737,-6.9629,-4.3819,-0.9617,-32.0680,4.0617,2.5561,0.3774
80.1721,29.8328,-7.0507,-4.3572,-0.9998,-31.9858,4.1129,2.5417,0.3922
80.1918,29.6930,-7.1364,-4.3326,-1.0376,-31.9043,4.1629,2.5274,0.4068
80.2118,29.5493,-7.2229,-4.3074,-1.0764,-31.8204,4.2133,2.5127,0.4219
80.2319,29.4034,-7.3091,-4.2818,-1.1158,-31.7353,4.2636,2.4977,0.4372
80.2521,29.2549,-7.3953,-4.2558,-1.1559,-31.6487,4.3139,2.4825,0.4528
80.2720,29.1067,-7.4798,-4.2298,-1.1959,-31.5623,4.3632,2.4674,0.4683
80.2921,28.9556,-7.5646,-4.2032,-1.2366,-31.4741,4.4127,2.4519,0.4841
80.3122,28.8025,-7.6489,-4.1764,-1.2779,-31.3848,4.4618,2.4362,0.5001
80.3322,28.6488,-7.7321,-4.1494,-1.3193,-31.2951,4.5104,2.4205,0.5162
80.3521,28.4941,-7.8144,-4.1223,-1.3609,-31.2049,4.5584,2.4047,0.5324
80.3721,28.3373,-7.8964,-4.0948,-1.4031,-31.1134,4.6062,2.3886,0.5487
80.3922,28.1780,-7.9783,-4.0668,-1.4460,-31.0205,4.6540,2.3723,0.5654
80.4121,28.0184,-8.0590,-4.0388,-1.4889,-30.9274,4.7011,2.3560,0.5820
80.4321,27.8559,-8.1397,-4.0103,-1.5325,-30.8326,4.7482,2.3393,0.5990
80.4519,27.6942,-8.2187,-3.9819,-1.5760,-30.7383,4.7943,2.3228,0.6159
80.4722,27.5266,-8.2992,-3.9525,-1.6210,-30.6405,4.8412,2.3056,0.6333
80.4922,27.3598,-8.3780,-3.9232,-1.6657,-30.5432,4.8872,2.2886,0.6507
80.5122,27.1914,-8.4562,-3.8937,-1.7109,-30.4450,4.9328,2.2713,0.6683
80.5322,27.0212,-8.5339,-3.8638,-1.7566,-30.3457,4.9781,2.2539,0.6860
80.5522,26.8503,-8.6106,-3.8339,-1.8024,-30.2460,5.0229,2.2364,0.7038
80.5722,26.6770,-8.6871,-3.8034,-1.8488,-30.1449,5.0675,2.2187,0.7218
80.5921,26.5036,-8.7624,-3.7730,-1.8953,-30.0438,5.1114,2.2009,0.7398
80.6120,26.3281,-8.8374,-3.7422,-1.9423,-29.9414,5.1551,2.1830,0.7581
80.6319,26.1514,-8.9116,-3.7112,-1.9896,-29.8383,5.1984,2.1649,0.7765
80.6519,25.9725,-8.9855,-3.6798,-2.0374,-29.7339,5.2415,2.1466,0.7951
80.6723,25.7883,-9.0602,-3.6475,-2.0867,-29.6265,5.2851,2.1277,0.8142
80.6922,25.6078,-9.1323,-3.6158,-2.1349,-29.5212,5.3272,2.1092,0.8329
80.7123,25.4233,-9.2048,-3.5835,-2.1843,-29.4136,5.3694,2.0904,0.8521
80.7323,25.2390,-9.2759,-3.5511,-2.2335,-29.3061,5.4109,2.0715,0.8712
80.7524,25.0516,-9.3470,-3.5182,-2.2836,-29.1968,5.4524,2.0523,0.8906
80.7722,24.8654,-9.4166,-3.4856,-2.3333,-29.0881,5.4930,2.0332,0.9100
80.7921,24.6773,-9.4856,-3.4526,-2.3835,-28.9784,5.5333,2.0140,0.9295
80.8122,24.4863,-9.5545,-3.4191,-2.4345,-28.8670,5.5735,1.9944,0.9493
80.8322,24.2943,-9.6227,-3.3854,-2.4857,-28.7550,5.6132,1.9748,0.9692
80.8522,24.1014,-9.6899,-3.3515,-2.5371,-28.6425,5.6525,1.9551,0.9891
80.8722,23.9066,-9.7567,-3.3174,-2.5890,-28.5289,5.6914,1.9351,1.0093
80.8921,23.7119,-9.8224,-3.2832,-2.6409,-28.4153,5.7297,1.9152,1.0295
80.9121,23.5150,-9.8876,-3.2486,-2.6934,-28.3004,5.7678,1.8950,1.0498
80.9322,23.3156,-9.9526,-3.2137,-2.7465,-28.1841,5.8057,1.8746,1.0705
80.9522,23.1158,-10.0165,-3.1786,-2.7997,-28.0676,5.8430,1.8542,1.0911
80.9721,22.9156,-10.0795,-3.1435,-2.8530,-27.9508,5.8797,1.8337,1.1118
80.9922,22.7126,-10.1423,-3.1078,-2.9070,-27.8324,5.9163,1.8129,1.1328
81.0121,22.5101,-10.2038,-3.0723,-2.9609,-27.7142,5.9522,1.7922,1.1538
81.0321,22.3059,-10.2647,-3.0365,-3.0152,-27.5951,5.9878,1.7713,1.1749
81.0521,22.0998,-10.3251,-3.0003,-3.0700,-27.4749,6.0230,1.7502,1.1962
81.0723,21.8909,-10.3853,-2.9637,-3.1255,-27.3530,6.0581,1.7288,1.2177
81.0922,21.6837,-10.4439,-2.9273,-3.1806,-27.2321,6.0923,1.7076,1.2391
81.1122,21.4733,-10.5023,-2.8904,-3.2365,-27.1095,6.1264,1.6861,1.2608
81.1322,21.2629,-10.5597,-2.8535,-3.2924,-26.9867,6.1598,1.6645,1.2826
81.1521,21.0522,-10.6161,-2.8165,-3.3483,-26.8638,6.1928,1.6430,1.3043
81.1721,20.8393,-10.6721,-2.7792,-3.4048,-26.7396,6.2254,1.6212,1.3263
81.1922,20.6240,-10.7276,-2.7414,-3.4620,-26.6140,6.2578,1.5991,1.3485
81.2121,20.4104,-10.7817,-2.7039,-3.5187,-26.4894,6.2893,1.5773,1.3705
81.2323,20.1923,-10.8359,-2.6656,-3.5765,-26.3622,6.3209,1.5550,1.3930
81.2521,19.9772,-10.8883,-2.6279,-3.6336,-26.2367,6.3515,1.5329,1.4151
81.2721,19.7586,-10.9405,-2.5895,-3.6915,-26.1092,6.3820,1.5106,1.4376
81.2921,19.5391,-10.9920,-2.5510,-3.7497,-25.9812,6.4120,1.4881,1.4603
81.3120,19.3202,-11.0423,-2.5126,-3.8077,-25.8535,6.4413,1.4657,1.4828
81.3320,19.0985,-11.0922,-2.4737,-3.8664,-25.7241,6.4705,1.4430,1.5056
81.3523,18.8738,-11.1419,-2.4343,-3.9260,-25.5930,6.4994,1.4200,1.5288
81.3720,18.6534,-11.1895,-2.3956,-3.9843,-25.4645,6.5272,1.3974,1.5514
81.3921,18.4276,-11.2374,-2.3560,-4.0441,-25.3328,6.5551,1.3743,1.5747
81.4119,18.2053,-11.2835,-2.3170,-4.1030,-25.2031,6.5820,1.3516,1.5975
81.4319,17.9786,-11.3295,-2.2772,-4.1629,-25.0709,6.6089,1.3284,1.6208
81.4520,17.7505,-11.3749,-2.2372,-4.2233,-24.9378,6.6354,1.3050,1.6443
81.4721,17.5215,-11.4194,-2.1970,-4.2839,-24.8042,6.6613,1.2816,1.6678
81.4921,17.2930,-11.4629,-2.1569,-4.3443,-24.6709,6.6867,1.2582,1.6913
81.5120,17.0637,-11.5056,-2.1167,-4.4049,-24.5371,6.7116,1.2347,1.7149
81.5321,16.8327,-11.5476,-2.0762,-4.4660,-24.4024,6.7361,1.2111,1.7386
81.5522,16.6000,-11.5890,-2.0353,-4.5275,-24.2667,6.7602,1.1873,1.7625
81.5721,16.3686,-11.6291,-1.9947,-4.5886,-24.1317,6.7837,1.1636,1.7863
81.5922,16.1351,-11.6687,-1.9538,-4.6503,-23.9955,6.8067,1.1397,1.8103
81.6120,15.9028,-11.7071,-1.9130,-4.7117,-23.8600,6.8291,1.1159,1.8341
81.6322,15.6665,-11.7452,-1.8715,-4.7741,-23.7221,6.8514,1.0917,1.8584
81.6522,15.4317,-11.7822,-1.8303,-4.8361,-23.5851,6.8730,1.0677,1.8825
81.6721,15.1963,-11.8183,-1.7890,-4.8982,-23.4479,6.8940,1.0436,1.9066
81.6922,14.9589,-11.8538,-1.7474,-4.9608,-23.3094,6.9147,1.0193,1.9310
81.7122,14.7215,-11.8883,-1.7057,-5.0235,-23.1709,6.9348,0.9950,1.9553
81.7322,14.4826,-11.9221,-1.6638,-5.0865,-23.0315,6.9546,0.9706,1.9798
81.7522,14.2440,-11.9549,-1.6219,-5.1494,-22.8923,6.9737,0.9461,2.0043
81.7723,14.0040,-11.9870,-1.5798,-5.2127,-22.7523,6.9924,0.9216,2.0289
81.7922,13.7653,-12.0180,-1.5379,-5.2756,-22.6131,7.0105,0.8971,2.0533
81.8121,13.5256,-12.0483,-1.4959,-5.3388,-22.4732,7.0281,0.8726,2.0779
81.8323,13.2818,-12.0780,-1.4531,-5.4030,-22.3310,7.0455,0.8477,2.1028
81.8523,13.0400,-12.1067,-1.4107,-5.4667,-22.1900,7.0622,0.8229,2.1276
81.8722,12.7980,-12.1344,-1.3682,-5.5305,-22.0488,7.0784,0.7981,2.1524
81.8920,12.5579,-12.1611,-1.3261,-5.5937,-21.9087,7.0939,0.7736,2.1770
81.9122,12.3119,-12.1874,-1.2829,-5.6585,-21.7653,7.1093,0.7484,2.2021
81.9323,12.0674,-12.2127,-1.2400,-5.7228,-21.6226,7.1241,0.7234,2.2272
81.9521,11.8246,-12.2369,-1.1974,-5.7867,-21.4810,7.1382,0.6985,2.2520
81.9719,11.5822,-12.2602,-1.1549,-5.8505,-21.3396,7.1518,0.6737,2.2768
81.9921,11.3345,-12.2830,-1.1114,-5.9157,-21.1951,7.1651,0.6483,2.3021
82.0120,11.0899,-12.3047,-1.0685,-5.9800,-21.0525,7.1778,0.6233,2.3272
82.0321,10.8424,-12.3258,-1.0251,-6.0451,-20.9081,7.1900,0.5980,2.3525
82.0520,10.5964,-12.3458,-0.9819,-6.1098,-20.7646,7.2017,0.5728,2.3776
82.0722,10.3470,-12.3652,-0.9382,-6.1754,-20.6191,7.2130,0.5473,2.4031
82.0921,10.1011,-12.3834,-0.8950,-6.2400,-20.4756,7.2236,0.5221,2.4282
82.1120,9.8543,-12.4008,-0.8517,-6.3049,-20.3317,7.2338,0.4968,2.4534
82.1321,9.6045,-12.4175,-0.8079,-6.3705,-20.1859,7.2435,0.4713,2.4790
82.1522,9.3548,-12.4333,-0.7641,-6.4361,-20.0403,7.2527,0.4457,2.5045
82.1722,9.1058,-12.4481,-0.7204,-6.5015,-19.8951,7.2614,0.4202,2.5299
82.1921,8.8586,-12.4620,-0.6770,-6.5664,-19.7509,7.2695,0.3949,2.5551
82.2121,8.6086,-12.4751,-0.6332,-6.6320,-19.6050,7.2772,0.3693,2.5807
82.2322,8.3577,-12.4874,-0.5891,-6.6979,-19.4587,7.2843,0.3437,2.6063
82.2523,8.1073,-12.4988,-0.5452,-6.7636,-19.3126,7.2910,0.3180,2.6318
82.2720,7.8609,-12.5091,-0.5020,-6.8282,-19.1689,7.2970,0.2928,2.6569
82.2919,7.6118,-12.5187,-0.4583,-6.8936,-19.0236,7.3025,0.2673,2.6824
82.3122,7.3571,-12.5275,-0.4136,-6.9604,-18.8750,7.3077,0.2413,2.7083
82.3322,7.1066,-12.5354,-0.3696,-7.0261,-18.7289,7.3123,0.2156,2.7339
82.3523,6.8552,-12.5423,-0.3255,-7.0920,-18.5822,7.3164,0.1899,2.7595
82.3722,6.6051,-12.5484,-0.2816,-7.1575,-18.4363,7.3199,0.1643,2.7850
82.3920,6.3562,-12.5535,-0.2380,-7.2228,-18.2911,7.3229,0.1388,2.8104
82.4121,6.1040,-12.5579,-0.1937,-7.2889,-18.1440,7.3254,0.1130,2.8361
82.4322,5.8515,-12.5613,-0.1494,-7.3550,-17.9967,7.3274,0.0872,2.8618
82.4522,5.6006,-12.5639,-0.1054,-7.4207,-17.8504,7.3289,0.0615,2.8873
82.4724,5.3469,-12.5655,-0.0609,-7.4872,-17.7024,7.3299,0.0355,2.9132
82.4920,5.1004,-12.5663,-0.0176,-7.5517,-17.5586,7.3303,0.0103,2.9383
82.5121,4.8476,-12.5662,0.0267,-7.6179,-17.4111,7.3303,-0.0156,2.9640
82.5322,4.5954,-12.5652,0.0710,-7.6839,-17.2640,7.3297,-0.0414,2.9897
82.5524,4.3420,-12.5633,0.1154,-7.7502,-17.1162,7.3286,-0.0673,3.0155
82.5724,4.0908,-12.5606,0.1595,-7.8160,-16.9696,7.3270,-0.0931,3.0410
82.5921,3.8433,-12.5570,0.2030,-7.8807,-16.8252,7.3249,-0.1184,3.0662
82.6120,3.5929,-12.5525,0.2469,-7.9462,-16.6792,7.3223,-0.1440,3.0917
82.6324,3.3371,-12.5470,0.2918,-8.0131,-16.5299,7.3191,-0.1702,3.1177
82.6524,3.0868,-12.5408,0.3357,-8.0785,-16.3839,7.3155,-0.1958,3.1432
82.6723,2.8372,-12.5337,0.3795,-8.1438,-16.2384,7.3113,-0.2214,3.1685
82.6921,2.5881,-12.5257,0.4232,-8.2089,-16.0931,7.3067,-0.2469,3.1939
82.7122,2.3365,-12.5167,0.4673,-8.2746,-15.9463,7.3014,-0.2726,3.2194
82.7322,2.0872,-12.5070,0.5111,-8.3398,-15.8009,7.2957,-0.2981,3.2448
82.7524,1.8342,-12.4962,0.5555,-8.4058,-15.6533,7.2895,-0.3240,3.2705
82.7721,1.5882,-12.4848,0.5986,-8.4701,-15.5098,7.2828,-0.3492,3.2954
82.7922,1.3378,-12.4724,0.6426,-8.5355,-15.3637,7.2756,-0.3748,3.3209
82.8123,1.0861,-12.4590,0.6867,-8.6012,-15.2169,7.2677,-0.4006,3.3464
82.8324,0.8367,-12.4448,0.7305,-8.6663,-15.0714,7.2595,-0.4261,3.3718
82.8520,0.5927,-12.4300,0.7733,-8.7299,-14.9291,7.2508,-0.4511,3.3965
82.8721,0.3425,-12.4140,0.8172,-8.7952,-14.7831,7.2415,-0.4767,3.4219
82.8919,0.0977,-12.3975,0.8602,-8.8591,-14.6403,7.2318,-0.5018,3.4468
82.9121,-0.1534,-12.3796,0.9042,-8.9246,-14.4939,7.2214,-0.5275,3.4722
82.9323,-0.4023,-12.3609,0.9479,-8.9895,-14.3487,7.2106,-0.5529,3.4975
82.9520,-0.6464,-12.3418,0.9907,-9.0531,-14.2063,7.1994,-0.5779,3.5222
82.9721,-0.8942,-12.3214,1.0342,-9.1177,-14.0617,7.1875,-0.6033,3.5474
82.9921,-1.1402,-12.3003,1.0774,-9.1818,-13.9182,7.1752,-0.6285,3.5723
83.0121,-1.3859,-12.2784,1.1205,-9.2458,-13.7749,7.1624,-0.6536,3.5972
83.0323,-1.6337,-12.2553,1.1639,-9.3104,-13.6304,7.1489,-0.6790,3.6223
83.0523,-1.8785,-12.2316,1.2069,-9.3741,-13.4876,7.1351,-0.7040,3.6471
83.0722,-2.1215,-12.2072,1.2495,-9.4374,-13.3458,7.1209,-0.7289,3.6717
83.0922,-2.3651,-12.1818,1.2923,-9.5008,-13.2037,7.1060,-0.7538,3.6964
83.1122,-2.6085,-12.1555,1.3350,-9.5642,-13.0617,7.0907,-0.7787,3.7210
83.1321,-2.8506,-12.1285,1.3775,-9.6272,-12.9205,7.0749,-0.8035,3.7456
83.1521,-3.0930,-12.1005,1.4200,-9.6902,-12.7791,7.0586,-0.8283,3.7701
83.1723,-3.3372,-12.0714,1.4628,-9.7538,-12.6367,7.0416,-0.8533,3.7948
83.1922,-3.5775,-12.0418,1.5050,-9.8163,-12.4965,7.0244,-0.8779,3.8191
83.2122,-3.8179,-12.0113,1.5472,-9.8788,-12.3562,7.0066,-0.9025,3.8434
83.2320,-4.0557,-11.9802,1.5889,-9.9406,-12.2175,6.9884,-0.9269,3.8675
83.2522,-4.2973,-11.9477,1.6313,-10.0034,-12.0766,6.9695,-0.9516,3.8919
83.2722,-4.5359,-11.9146,1.6732,-10.0654,-11.9374,6.9502,-0.9760,3.9160
83.2922,-4.7735,-11.8808,1.7149,-10.1271,-11.7988,6.9305,-1.0003,3.9401
83.3121,-5.0091,-11.8463,1.7562,-10.1883,-11.6614,6.9104,-1.0244,3.9639
83.3321,-5.2455,-11.8108,1.7977,-10.2497,-11.5235,6.8896,-1.0486,3.9878
83.3521,-5.4818,-11.7744,1.8391,-10.3111,-11.3856,6.8684,-1.0728,4.0116
83.3720,-5.7155,-11.7374,1.8801,-10.3718,-11.2493,6.8468,-1.0967,4.0352
83.3921,-5.9512,-11.6992,1.9215,-10.4329,-11.1118,6.8245,-1.1209,4.0590
83.4121,-6.1848,-11.6603,1.9625,-10.4935,-10.9755,6.8019,-1.1448,4.0826
83.4321,-6.4177,-11.6207,2.0033,-10.5540,-10.8397,6.7787,-1.1686,4.1061
83.4522,-6.6504,-11.5801,2.0442,-10.6143,-10.7039,6.7550,-1.1924,4.1296
83.4721,-6.8811,-11.5389,2.0846,-10.6741,-10.5694,6.7310,-1.2160,4.1529
83.4924,-7.1151,-11.4961,2.1257,-10.7348,-10.4328,6.7061,-1.2400,4.1765
83.5121,-7.3408,-11.4539,2.1653,-10.7933,-10.3012,6.6814,-1.2631,4.1993
83.5321,-7.5695,-11.4102,2.2054,-10.8526,-10.1678,6.6559,-1.2865,4.2223
83.5521,-7.7974,-11.3657,2.2454,-10.9116,-10.0349,6.6300,-1.3098,4.2453
83.5723,-8.0264,-11.3199,2.2856,-10.9709,-9.9013,6.6033,-1.3333,4.2684
83.5922,-8.2516,-11.2740,2.3251,-11.0292,-9.7699,6.5765,-1.3563,4.2911
83.6121,-8.4752,-11.2274,2.3644,-11.0871,-9.6395,6.5493,-1.3792,4.3136
83.6321,-8.6991,-11.1797,2.4036,-11.1451,-9.5089,6.5215,-1.4021,4.3362
83.6524,-8.9251,-11.1306,2.4433,-11.2036,-9.3770,6.4929,-1.4253,4.3589
83.6723,-9.1468,-11.0815,2.4822,-11.2609,-9.2477,6.4642,-1.4479,4.3812
83.6920,-9.3648,-11.0321,2.5204,-11.3173,-9.1206,6.4354,-1.4703,4.4032
83.7120,-9.5847,-10.9814,2.5590,-11.3741,-8.9923,6.4058,-1.4928,4.4253
83.7322,-9.8060,-10.9293,2.5978,-11.4313,-8.8632,6.3754,-1.5154,4.4476
83.7522,-10.0243,-10.8769,2.6362,-11.4878,-8.7358,6.3449,-1.5378,4.4695
83.7722,-10.2412,-10.8238,2.6742,-11.5438,-8.6093,6.3139,-1.5600,4.4914
83.7920,-10.4552,-10.7705,2.7118,-11.5991,-8.4845,6.2828,-1.5819,4.5129
83.8121,-10.6707,-10.7157,2.7496,-11.6548,-8.3588,6.2508,-1.6039,4.5345
83.8321,-10.8843,-10.6604,2.7870,-11.7099,-8.2342,6.2185,-1.6258,4.5560
83.8521,-11.0970,-10.6042,2.8244,-11.7648,-8.1101,6.1858,-1.6476,4.5774
83.8721,-11.3087,-10.5473,2.8615,-11.8194,-7.9866,6.1526,-1.6692,4.5986
83.8921,-11.5189,-10.4898,2.8984,-11.8737,-7.8640,6.1190,-1.6907,4.6197
83.9121,-11.7287,-10.4313,2.9352,-11.9278,-7.7416,6.0849,-1.7122,4.6408
83.9322,-11.9372,-10.3721,2.9718,-11.9815,-7.6200,6.0504,-1.7335,4.6617
83.9522,-12.1436,-10.3124,3.0080,-12.0347,-7.4996,6.0156,-1.7547,4.6824
83.9722,-12.3501,-10.2516,3.0442,-12.0879,-7.3791,5.9801,-1.7758,4.7032
83.9921,-12.5530,-10.1908,3.0798,-12.1402,-7.2608,5.9447,-1.7966,4.7235
84.0123,-12.7580,-10.1283,3.1158,-12.1930,-7.1412,5.9082,-1.8176,4.7441
84.0320,-12.9569,-10.0666,3.1507,-12.2442,-7.0251,5.8722,-1.8379,4.7640
84.0521,-13.1589,-10.0028,3.1861,-12.2962,-6.9073,5.8350,-1.8586,4.7842
84.0719,-13.3569,-9.9392,3.2209,-12.3472,-6.7918,5.7979,-1.8789,4.8041
84.0918,-13.5536,-9.8749,3.2554,-12.3978,-6.6771,5.7604,-1.8990,4.8238
84.1118,-13.7506,-9.8094,3.2900,-12.4484,-6.5621,5.7222,-1.9192,4.8435
84.1322,-13.9494,-9.7422,3.3249,-12.4995,-6.4462,5.6829,-1.9395,4.8634
84.1522,-14.1440,-9.6752,3.3590,-12.5495,-6.3326,5.6438,-1.9594,4.8829
84.1722,-14.3372,-9.6075,3.3929,-12.5992,-6.2200,5.6044,-1.9792,4.9022
84.1922,-14.5279,-9.5396,3.4263,-12.6481,-6.1088,5.5648,-1.9987,4.9212
84.2122,-14.7184,-9.4706,3.4598,-12.6971,-5.9976,5.5245,-2.0182,4.9403
84.2321,-14.9061,-9.4015,3.4927,-12.7452,-5.8881,5.4842,-2.0374,4.9591
84.2522,-15.0944,-9.3309,3.5258,-12.7935,-5.7783,5.4430,-2.0567,4.9779
84.2723,-15.2814,-9.2596,3.5586,-12.8415,-5.6692,5.4015,-2.0758,4.9965
84.2921,-15.4640,-9.1889,3.5906,-12.8883,-5.5627,5.3602,-2.0945,5.0148
84.3121,-15.6466,-9.1169,3.6226,-12.9351,-5.4562,5.3182,-2.1132,5.0330
84.3323,-15.8300,-9.0434,3.6548,-12.9821,-5.3492,5.2753,-2.1320,5.0513
84.3521,-16.0091,-8.9704,3.6863,-13.0280,-5.2447,5.2328,-2.1503,5.0692
84.3722,-16.1884,-8.8962,3.7177,-13.0739,-5.1401,5.1894,-2.1687,5.0870
84.3922,-16.3659,-8.8214,3.7488,-13.1193,-5.0366,5.1458,-2.1868,5.1047
84.4121,-16.5407,-8.7464,3.7795,-13.1640,-4.9346,5.1021,-2.2047,5.1221
84.4322,-16.7156,-8.6702,3.8102,-13.2087,-4.8326,5.0576,-2.2226,5.1396
84.4522,-16.8876,-8.5940,3.8404,-13.2527,-4.7322,5.0132,-2.2402,5.1567
84.4722,-17.0592,-8.5167,3.8705,-13.2966,-4.6321,4.9680,-2.2578,5.1738
84.4921,-17.2280,-8.4393,3.9001,-13.3397,-4.5337,4.9229,-2.2751,5.1906
84.5122,-17.3968,-8.3606,3.9297,-13.3828,-4.4352,4.8770,-2.2923,5.2073
84.5322,-17.5629,-8.2819,3.9589,-13.4251,-4.3383,4.8311,-2.3093,5.2238
84.5522,-17.7280,-8.2023,3.9878,-13.4672,-4.2420,4.7847,-2.3262,5.2402
84.5723,-17.8921,-8.1219,4.0166,-13.5091,-4.1463,4.7378,-2.3430,5.2565
84.5922,-18.0529,-8.0416,4.0449,-13.5501,-4.0525,4.6910,-2.3595,5.2725
84.6122,-18.2126,-7.9606,4.0729,-13.5908,-3.9593,4.6437,-2.3758,5.2884
84.6323,-18.3716,-7.8786,4.1008,-13.6312,-3.8666,4.5958,-2.3921,5.3041
84.6522,-18.5283,-7.7963,4.1283,-13.6711,-3.7752,4.5479,-2.4082,5.3197
84.6723,-18.6836,-7.7134,4.1555,-13.7106,-3.6846,4.4995,-2.4240,5.3350
84.6921,-18.8359,-7.6306,4.1822,-13.7493,-3.5957,4.4512,-2.4396,5.3501
84.7123,-18.9889,-7.5460,4.2091,-13.7882,-3.5065,4.4019,-2.4553,5.3653
84.7323,-19.1388,-7.4617,4.2354,-13.8263,-3.4190,4.3526,-2.4706,5.3801
84.7523,-19.2873,-7.3766,4.2614,-13.8640,-3.3324,4.3030,-2.4858,5.3948
84.7722,-19.4335,-7.2914,4.2871,-13.9010,-3.2471,4.2533,-2.5008,5.4093
84.7922,-19.5786,-7.2053,4.3126,-13.9378,-3.1625,4.2031,-2.5157,5.4236
84.8123,-19.7222,-7.1187,4.3377,-13.9742,-3.0787,4.1526,-2.5303,5.4378
84.8322,-19.8632,-7.0319,4.3625,-14.0099,-2.9965,4.1020,-2.5448,5.4517
84.8522,-20.0027,-6.9446,4.3870,-14.0452,-2.9151,4.0510,-2.5591,5.4654
84.8722,-20.1412,-6.8563,4.4113,-14.0802,-2.8343,3.9995,-2.5732,5.4791
84.8922,-20.2774,-6.7679,4.4352,-14.1146,-2.7549,3.9479,-2.5872,5.4925
84.9123,-20.4120,-6.6788,4.4588,-14.1487,-2.6763,3.8960,-2.6010,5.5058
84.9321,-20.5436,-6.5902,4.4819,-14.1819,-2.5996,3.8443,-2.6144,5.5187
84.9522,-20.6753,-6.4997,4.5050,-14.2151,-2.5227,3.7915,-2.6279,5.5317
84.9722,-20.8041,-6.4097,4.5276,-14.2475,-2.4476,3.7390,-2.6411,5.5443
84.9921,-20.9311,-6.3191,4.5499,-14.2795,-2.3735,3.6861,-2.6541,5.5568
85.0121,-21.0564,-6.2280,4.5718,-14.3111,-2.3004,3.6330,-2.6669,5.5691
85.0322,-21.1810,-6.1356,4.5937,-14.3424,-2.2277,3.5791,-2.6797,5.5813
85.0521,-21.3021,-6.0441,4.6150,-14.3728,-2.1571,3.5257,-2.6921,5.5931
85.0721,-21.4217,-5.9518,4.6359,-14.4028,-2.0873,3.4719,-2.7043,5.6049
85.0923,-21.5409,-5.8581,4.6569,-14.4327,-2.0178,3.4172,-2.7165,5.6165
85.1122,-21.6569,-5.7649,4.6772,-14.4618,-1.9502,3.3629,-2.7284,5.6278
85.1322,-21.7713,-5.6711,4.6973,-14.4905,-1.8834,3.3081,-2.7401,5.6390
85.1523,-21.8839,-5.5768,4.7170,-14.5186,-1.8177,3.2532,-2.7516,5.6500
85.1722,-21.9942,-5.4826,4.7364,-14.5462,-1.7534,3.1982,-2.7629,5.6607
85.1922,-22.1027,-5.3878,4.7554,-14.5733,-1.6901,3.1429,-2.7740,5.6713
85.2122,-22.2100,-5.2921,4.7743,-14.6000,-1.6275,3.0871,-2.7850,5.6817
85.2322,-22.3147,-5.1966,4.7926,-14.6261,-1.5664,3.0313,-2.7957,5.6919
85.2522,-22.4174,-5.1008,4.8106,-14.6516,-1.5065,2.9755,-2.8062,5.7019
85.2722,-22.5188,-5.0041,4.8284,-14.6768,-1.4474,2.9191,-2.8166,5.7117
85.2921,-22.6172,-4.9081,4.8457,-14.7012,-1.3900,2.8630,-2.8267,5.7213
85.3122,-22.7151,-4.8102,4.8629,-14.7255,-1.3328,2.8059,-2.8367,5.7307
85.3323,-22.8105,-4.7126,4.8796,-14.7491,-1.2772,2.7490,-2.8464,5.7399
85.3521,-22.9032,-4.6155,4.8959,-14.7720,-1.2231,2.6924,-2.8559,5.7489
85.3722,-22.9948,-4.5172,4.9120,-14.7946,-1.1697,2.6350,-2.8653,5.7577
85.3921,-23.0838,-4.4191,4.9276,-14.8166,-1.1178,2.5778,-2.8744,5.7663
85.4120,-23.1709,-4.3208,4.9429,-14.8380,-1.0670,2.5205,-2.8833,5.7746
85.4321,-23.2567,-4.2213,4.9579,-14.8591,-1.0169,2.4624,-2.8921,5.7829
85.4521,-23.3400,-4.1222,4.9725,-14.8795,-0.9684,2.4046,-2.9006,5.7908
85.4723,-23.4221,-4.0218,4.9869,-14.8996,-0.9205,2.3461,-2.9090,5.7987
85.4919,-23.5001,-3.9237,5.0006,-14.9187,-0.8749,2.2888,-2.9170,5.8061
85.5119,-23.5777,-3.8235,5.0142,-14.9376,-0.8297,2.2304,-2.9250,5.8135
85.5320,-23.6536,-3.7225,5.0275,-14.9560,-0.7854,2.1714,-2.9327,5.8207
85.5519,-23.7265,-3.6224,5.0403,-14.9737,-0.7428,2.1131,-2.9402,5.8277
85.5719,-23.7980,-3.5215,5.0529,-14.9910,-0.7012,2.0542,-2.9475,5.8344
85.5919,-23.8673,-3.4205,5.0650,-15.0078,-0.6607,1.9953,-2.9546,5.8410
85.6119,-23.9349,-3.3188,5.0769,-15.0240,-0.6213,1.9360,-2.9615,5.8473
85.6318,-23.9997,-3.2180,5.0883,-15.0396,-0.5835,1.8772,-2.9682,5.8534
85.6518,-24.0633,-3.1157,5.0994,-15.0548,-0.5464,1.8175,-2.9747,5.8594
85.6719,-24.1247,-3.0134,5.1102,-15.0695,-0.5106,1.7578,-2.9810,5.8651
85.6919,-24.1840,-2.9109,5.1206,-15.0836,-0.4760,1.6980,-2.9870,5.8706
85.7119,-24.2413,-2.8083,5.1307,-15.0971,-0.4426,1.6382,-2.9929,5.8759
85.7319,-24.2963,-2.7058,5.1403,-15.1101,-0.4105,1.5784,-2.9985,5.8810
85.7519,-24.3493,-2.6031,5.1496,-15.1225,-0.3796,1.5185,-3.0039,5.8859
85.7720,-24.4006,-2.4995,5.1586,-15.1345,-0.3497,1.4581,-3.0092,5.8906
85.7919,-24.4494,-2.3965,5.1672,-15.1459,-0.3212,1.3979,-3.0142,5.8950
85.8119,-24.4962,-2.2933,5.1754,-15.1567,-0.2939,1.3378,-3.0190,5.8992
85.8319,-24.5412,-2.1894,5.1833,-15.1670,-0.2677,1.2772,-3.0236,5.9033
85.8519,-24.5838,-2.0860,5.1908,-15.1767,-0.2428,1.2168,-3.0279,5.9071
85.8719,-24.6245,-1.9820,5.1979,-15.1859,-0.2190,1.1561,-3.0321,5.9107
85.8922,-24.6637,-1.8764,5.2048,-15.1947,-0.1962,1.0945,-3.0361,5.9142
85.9121,-24.7001,-1.7725,5.2112,-15.2028,-0.1750,1.0339,-3.0398,5.9174
85.9322,-24.7345,-1.6680,5.2172,-15.2103,-0.1549,0.9730,-3.0434,5.9203
85.9521,-24.7668,-1.5640,5.2229,-15.2173,-0.1361,0.9123,-3.0467,5.9231
85.9721,-24.7970,-1.4596,5.2282,-15.2238,-0.1184,0.8514,-3.0498,5.9256
85.9921,-24.8251,-1.3550,5.2331,-15.2297,-0.1020,0.7904,-3.0526,5.9280
86.0121,-24.8512,-1.2501,5.2377,-15.2350,-0.0868,0.7292,-3.0553,5.9301
86.0321,-24.8752,-1.1451,5.2419,-15.2398,-0.0728,0.6680,-3.0578,5.9320
86.0519,-24.8968,-1.0417,5.2457,-15.2440,-0.0602,0.6076,-3.0600,5.9337
86.0719,-24.9166,-0.9366,5.2491,-15.2478,-0.0487,0.5463,-3.0620,5.9351
86.0919,-24.9343,-0.8314,5.2523,-15.2509,-0.0383,0.4850,-3.0638,5.9364
86.1120,-24.9499,-0.7262,5.2550,-15.2535,-0.0292,0.4236,-3.0654,5.9375
86.1321,-24.9634,-0.6206,5.2574,-15.2556,-0.0214,0.3620,-3.0668,5.9383
86.1521,-24.9748,-0.5151,5.2594,-15.2571,-0.0147,0.3005,-3.0680,5.9389
86.1721,-24.9840,-0.4100,5.2610,-15.2581,-0.0093,0.2392,-3.0689,5.9393
86.1921,-24.9912,-0.3045,5.2622,-15.2585,-0.0051,0.1776,-3.0696,5.9395
86.2121,-24.9962,-0.1992,5.2631,-15.2583,-0.0022,0.1162,-3.0702,5.9395
86.2322,-24.9992,-0.0937,5.2636,-15.2576,-0.0005,0.0546,-3.0705,5.9393
86.2522,-25.0000,0.0115,5.2638,-15.2564,-0.0000,-0.0067,-3.0705,5.9388
86.2722,-24.9987,0.1168,5.2636,-15.2546,-0.0008,-0.0681,-3.0704,5.9381
86.2922,-24.9953,0.2222,5.2630,-15.2522,-0.0027,-0.1296,-3.0701,5.9373
86.3122,-24.9898,0.3274,5.2620,-15.2493,-0.0059,-0.1910,-3.0695,5.9362
86.3321,-24.9823,0.4322,5.2607,-15.2459,-0.0104,-0.2521,-3.0687,5.9349
86.3521,-24.9725,0.5375,5.2590,-15.2418,-0.0160,-0.3136,-3.0677,5.9333
86.3721,-24.9608,0.6425,5.2569,-15.2373,-0.0229,-0.3748,-3.0665,5.9316
86.3922,-24.9468,0.7482,5.2545,-15.2322,-0.0310,-0.4365,-3.0651,5.9296
86.4123,-24.9307,0.8534,5.2516,-15.2265,-0.0404,-0.4978,-3.0635,5.9275
86.4322,-24.9126,0.9583,5.2485,-15.2203,-0.0510,-0.5590,-3.0616,5.9251
86.4522,-24.8925,1.0629,5.2449,-15.2135,-0.0627,-0.6200,-3.0595,5.9225
86.4722,-24.8701,1.1680,5.2410,-15.2062,-0.0758,-0.6813,-3.0573,5.9197
86.4922,-24.8458,1.2726,5.2367,-15.1984,-0.0900,-0.7423,-3.0548,5.9167
86.5122,-24.8192,1.3774,5.2321,-15.1900,-0.1054,-0.8035,-3.0520,5.9134
86.5321,-24.7908,1.4814,5.2271,-15.1811,-0.1220,-0.8642,-3.0491,5.9100
86.5522,-24.7599,1.5866,5.2217,-15.1715,-0.1400,-0.9255,-3.0460,5.9063
86.5722,-24.7273,1.6906,5.2159,-15.1615,-0.1591,-0.9862,-3.0426,5.9025
86.5922,-24.6924,1.7950,5.2098,-15.1509,-0.1795,-1.0471,-3.0391,5.8984
86.6121,-24.6555,1.8989,5.2033,-15.1398,-0.2009,-1.1077,-3.0353,5.8941
86.6321,-24.6165,2.0029,5.1965,-15.1282,-0.2237,-1.1683,-3.0313,5.8896
86.6522,-24.5752,2.1072,5.1893,-15.1159,-0.2478,-1.2292,-3.0271,5.8849
86.6722,-24.5320,2.2111,5.1817,-15.1031,-0.2730,-1.2898,-3.0226,5.8800
86.6922,-24.4868,2.3143,5.1737,-15.0899,-0.2993,-1.3500,-3.0180,5.8748
86.7122,-24.4395,2.4178,5.1654,-15.0760,-0.3270,-1.4104,-3.0132,5.8695
86.7322,-24.3902,2.5209,5.1568,-15.0617,-0.3557,-1.4705,-3.0081,5.8639
86.7523,-24.3385,2.6244,5.1477,-15.0467,-0.3859,-1.5309,-3.0028,5.8582
86.7722,-24.2851,2.7271,5.1383,-15.0313,-0.4170,-1.5908,-2.9974,5.8522
86.7922,-24.2297,2.8294,5.1286,-15.0154,-0.4493,-1.6505,-2.9917,5.8460
86.8122,-24.1719,2.9322,5.1185,-14.9988,-0.4831,-1.7104,-2.9858,5.8396
86.8322,-24.1122,3.0345,5.1080,-14.9817,-0.5179,-1.7701,-2.9797,5.8330
86.8522,-24.0507,3.1362,5.0972,-14.9642,-0.5538,-1.8294,-2.9734,5.8263
86.8722,-23.9869,3.2381,5.0860,-14.9461,-0.5910,-1.8889,-2.9669,5.8192
86.8922,-23.9211,3.3398,5.0745,-14.9274,-0.6294,-1.9482,-2.9601,5.8120
86.9122,-23.8533,3.4411,5.0626,-14.9083,-0.6689,-2.0073,-2.9532,5.8046
86.9321,-23.7837,3.5419,5.0504,-14.8887,-0.7095,-2.0661,-2.9461,5.7970
86.9521,-23.7120,3.6426,5.0378,-14.8685,-0.7513,-2.1249,-2.9387,5.7892
86.9721,-23.6382,3.7431,5.0248,-14.8478,-0.7944,-2.1835,-2.9312,5.7812
86.9919,-23.5629,3.8428,5.0116,-14.8266,-0.8383,-2.2416,-2.9235,5.7730
87.0119,-23.4851,3.9427,4.9980,-14.8049,-0.8837,-2.2999,-2.9155,5.7646
87.0319,-23.4054,4.0424,4.9840,-14.7826,-0.9302,-2.3580,-2.9073,5.7559
87.0519,-23.3235,4.1421,4.9696,-14.7598,-0.9780,-2.4162,-2.8989,5.7471
87.0719,-23.2396,4.2413,4.9549,-14.7364,-1.0269,-2.4741,-2.8904,5.7380
87.0921,-23.1529,4.3413,4.9397,-14.7123,-1.0775,-2.5324,-2.8815,5.7287
87.1122,-23.0647,4.4404,4.9242,-14.6879,-1.1289,-2.5902,-2.8725,5.7192
87.1322,-22.9750,4.5386,4.9085,-14.6630,-1.1813,-2.6475,-2.8633,5.7096
87.1522,-22.8830,4.6369,4.8923,-14.6376,-1.2349,-2.7048,-2.8539,5.6997
87.1722,-22.7896,4.7342,4.8760,-14.6117,-1.2894,-2.7616,-2.8443,5.6897
87.1922,-22.6937,4.8318,4.8591,-14.5853,-1.3453,-2.8185,-2.8345,5.6795
87.2122,-22.5960,4.9290,4.8420,-14.5583,-1.4024,-2.8752,-2.8245,5.6690
87.2322,-22.4965,5.0255,4.8245,-14.5309,-1.4604,-2.9316,-2.8143,5.6584
87.2522,-22.3952,5.1217,4.8068,-14.5031,-1.5195,-2.9876,-2.8039,5.6476
87.2721,-22.2921,5.2174,4.7887,-14.4748,-1.5796,-3.0435,-2.7934,5.6366
87.2922,-22.1862,5.3135,4.7701,-14.4457,-1.6414,-3.0995,-2.7825,5.6253
87.3121,-22.0795,5.4082,4.7514,-14.4164,-1.7036,-3.1548,-2.7716,5.6140
87.3322,-21.9703,5.5031,4.7322,-14.3865,-1.7673,-3.2102,-2.7605,5.6024
87.3521,-21.8595,5.5974,4.7128,-14.3562,-1.8320,-3.2652,-2.7491,5.5906
87.3721,-21.7466,5.6915,4.6930,-14.3253,-1.8978,-3.3200,-2.7376,5.5787
87.3921,-21.6319,5.7851,4.6728,-14.2940,-1.9647,-3.3747,-2.7258,5.5665
87.4121,-21.5151,5.8785,4.6523,-14.2621,-2.0329,-3.4291,-2.7139,5.5541
87.4321,-21.3967,5.9712,4.6316,-14.2298,-2.1019,-3.4832,-2.7017,5.5416
87.4522,-21.2759,6.0640,4.6104,-14.1969,-2.1724,-3.5374,-2.6894,5.5288
87.4723,-21.1529,6.1566,4.5888,-14.1634,-2.2441,-3.5914,-2.6768,5.5158
87.4922,-21.0297,6.2475,4.5672,-14.1299,-2.3160,-3.6444,-2.6642,5.5028
87.5121,-20.9041,6.3385,4.5451,-14.0957,-2.3893,-3.6974,-2.6513,5.4896
87.5323,-20.7755,6.4298,4.5226,-14.0608,-2.4643,-3.7507,-2.6382,5.4760
87.5522,-20.6464,6.5197,4.4999,-14.0257,-2.5396,-3.8032,-2.6249,5.4624
87.5722,-20.5155,6.6093,4.4769,-13.9902,-2.6160,-3.8554,-2.6115,5.4486
87.5922,-20.3820,6.6988,4.4535,-13.9540,-2.6938,-3.9077,-2.5979,5.4346
87.6122,-20.2477,6.7873,4.4300,-13.9176,-2.7722,-3.9593,-2.5841,5.4205
87.6322,-20.1104,6.8761,4.4059,-13.8804,-2.8522,-4.0110,-2.5701,5.4061
87.6522,-19.9720,6.9640,4.3816,-13.8430,-2.9330,-4.0623,-2.5559,5.3915
87.6722,-19.8324,7.0510,4.3571,-13.8052,-3.0144,-4.1131,-2.5416,5.3769
87.6922,-19.6904,7.1380,4.3322,-13.7668,-3.0973,-4.1638,-2.5271,5.3620
87.7123,-19.5463,7.2247,4.3069,-13.7279,-3.1813,-4.2144,-2.5123,5.3468
87.7323,-19.4005,7.3108,4.2813,-13.6885,-3.2664,-4.2646,-2.4974,5.3316
87.7522,-19.2540,7.3958,4.2556,-13.6490,-3.3518,-4.3142,-2.4824,5.3162
87.7722,-19.1053,7.4806,4.2295,-13.6089,-3.4385,-4.3637,-2.4672,5.3006
87.7922,-18.9552,7.5648,4.2032,-13.5684,-3.5261,-4.4128,-2.4519,5.2849
87.8121,-18.8037,7.6482,4.1766,-13.5276,-3.6145,-4.4615,-2.4363,5.2691
87.8322,-18.6495,7.7317,4.1495,-13.4860,-3.7045,-4.5102,-2.4206,5.2530
87.8522,-18.4933,7.8148,4.1221,-13.4440,-3.7956,-4.5587,-2.4046,5.2366
87.8722,-18.3365,7.8968,4.0946,-13.4018,-3.8871,-4.6065,-2.3885,5.2202
87.8920,-18.1790,7.9778,4.0670,-13.3594,-3.9789,-4.6537,-2.3724,5.2038
87.9122,-18.0171,8.0596,4.0386,-13.3159,-4.0734,-4.7014,-2.3558,5.1869
87.9322,-17.8550,8.1401,4.0101,-13.2723,-4.1679,-4.7484,-2.3392,5.1700
87.9523,-17.6910,8.2203,3.9814,-13.2283,-4.2636,-4.7951,-2.3225,5.1529
87.9722,-17.5265,8.2993,3.9525,-13.1841,-4.3596,-4.8412,-2.3056,5.1357
87.9921,-17.3609,8.3775,3.9234,-13.1396,-4.4562,-4.8869,-2.2887,5.1185
88.0122,-17.1911,8.4563,3.8936,-13.0941,-4.5552,-4.9329,-2.2713,5.1008
88.0323,-17.0211,8.5340,3.8638,-13.0485,-4.6544,-4.9781,-2.2539,5.0831
88.0522,-16.8504,8.6106,3.8339,-13.0027,-4.7539,-5.0228,-2.2364,5.0653
88.0722,-16.6773,8.6870,3.8035,-12.9563,-4.8549,-5.0674,-2.2187,5.0473
88.0921,-16.5035,8.7625,3.7730,-12.9098,-4.9563,-5.1115,-2.2009,5.0292
88.1122,-16.3262,8.8382,3.7419,-12.8623,-5.0597,-5.1556,-2.1828,5.0108
88.1322,-16.1490,8.9126,3.7108,-12.8149,-5.1631,-5.1990,-2.1646,4.9924
88.1522,-15.9701,8.9864,3.6794,-12.7670,-5.2674,-5.2421,-2.1463,4.9738
88.1723,-15.7892,9.0599,3.6477,-12.7187,-5.3730,-5.2849,-2.1278,4.9550
88.1922,-15.6075,9.1324,3.6158,-12.6701,-5.4789,-5.3272,-2.1092,4.9361
88.2122,-15.4241,9.2045,3.5836,-12.6210,-5.5860,-5.3693,-2.0904,4.9171
88.2323,-15.2382,9.2762,3.5510,-12.5714,-5.6944,-5.4111,-2.0714,4.8978
88.2523,-15.0525,9.3467,3.5184,-12.5218,-5.8027,-5.4522,-2.0524,4.8785
88.2721,-14.8665,9.4161,3.4858,-12.4721,-5.9112,-5.4927,-2.0334,4.8592
88.2922,-14.6767,9.4858,3.4525,-12.4215,-6.0219,-5.5334,-2.0139,4.8396
88.3124,-14.4845,9.5552,3.4187,-12.3702,-6.1341,-5.5739,-1.9943,4.8196
88.3322,-14.2941,9.6227,3.3853,-12.3194,-6.2451,-5.6133,-1.9748,4.7999
88.3523,-14.1008,9.6901,3.3514,-12.2678,-6.3579,-5.6526,-1.9550,4.7799
88.3723,-13.9063,9.7568,3.3173,-12.2160,-6.4713,-5.6915,-1.9351,4.7597
88.3922,-13.7112,9.8226,3.2831,-12.1640,-6.5851,-5.7298,-1.9151,4.7395
88.4122,-13.5139,9.8880,3.2484,-12.1114,-6.7002,-5.7680,-1.8949,4.7191
88.4322,-13.3154,9.9526,3.2136,-12.0586,-6.8160,-5.8057,-1.8746,4.6986
88.4522,-13.1160,10.0165,3.1786,-12.0055,-6.9323,-5.8429,-1.8542,4.6780
88.4722,-12.9148,10.0798,3.1433,-11.9519,-7.0497,-5.8799,-1.8336,4.6571
88.4922,-12.7131,10.1421,3.1079,-11.8982,-7.1674,-5.9162,-1.8130,4.6363
88.5123,-12.5088,10.2042,3.0721,-11.8439,-7.2865,-5.9524,-1.7920,4.6152
88.5323,-12.3034,10.2655,3.0360,-11.7892,-7.4064,-5.9882,-1.7710,4.5940
88.5526,-12.0951,10.3265,2.9995,-11.7338,-7.5279,-6.0238,-1.7497,4.5724
88.5723,-11.8902,10.3855,2.9636,-11.6794,-7.6474,-6.0582,-1.7287,4.5513
88.5921,-11.6844,10.4437,2.9274,-11.6247,-7.7674,-6.0922,-1.7077,4.5300
88.6123,-11.4728,10.5025,2.8903,-11.5685,-7.8909,-6.1265,-1.6860,4.5082
88.6323,-11.2626,10.5598,2.8534,-11.5126,-8.0135,-6.1599,-1.6645,4.4865
88.6522,-11.0510,10.6165,2.8163,-11.4565,-8.1369,-6.1929,-1.6428,4.4647
88.6722,-10.8386,10.6723,2.7790,-11.4001,-8.2608,-6.2255,-1.6211,4.4428
88.6923,-10.6240,10.7276,2.7414,-11.3431,-8.3860,-6.2578,-1.5991,4.4206
88.7122,-10.4093,10.7820,2.7037,-11.2862,-8.5112,-6.2895,-1.5772,4.3985
88.7323,-10.1927,10.8358,2.6657,-11.2287,-8.6376,-6.3209,-1.5550,4.3762
88.7522,-9.9759,10.8886,2.6277,-11.1712,-8.7640,-6.3517,-1.5328,4.3538
88.7723,-9.7571,10.9409,2.5893,-11.1132,-8.8917,-6.3822,-1.5104,4.3313
88.7922,-9.5381,10.9922,2.5508,-11.0551,-9.0195,-6.4121,-1.4880,4.3087
88.8122,-9.3184,11.0427,2.5123,-10.9969,-9.1476,-6.4416,-1.4655,4.2861
88.8322,-9.0970,11.0926,2.4735,-10.9383,-9.2767,-6.4707,-1.4429,4.2633
88.8523,-8.8730,11.1420,2.4342,-10.8789,-9.4074,-6.4995,-1.4199,4.2402
88.8721,-8.6526,11.1897,2.3955,-10.8206,-9.5360,-6.5273,-1.3974,4.2176
88.8922,-8.4273,11.2374,2.3560,-10.7609,-9.6674,-6.5552,-1.3743,4.1944
88.9122,-8.2021,11.2841,2.3164,-10.7013,-9.7988,-6.5824,-1.3513,4.1712
88.9322,-7.9760,11.3301,2.2768,-10.6415,-9.9307,-6.6092,-1.3281,4.1480
88.9521,-7.7492,11.3752,2.2370,-10.5815,-10.0630,-6.6355,-1.3049,4.1246
88.9722,-7.5210,11.4195,2.1969,-10.5211,-10.1961,-6.6614,-1.2815,4.1012
88.9923,-7.2908,11.4633,2.1565,-10.4602,-10.3303,-6.6869,-1.2580,4.0775
89.0122,-7.0618,11.5059,2.1164,-10.3997,-10.4640,-6.7118,-1.2345,4.0540
89.0322,-6.8308,11.5479,2.0758,-10.3386,-10.5987,-6.7363,-1.2109,4.0303
89.0522,-6.5994,11.5891,2.0352,-10.2775,-10.7337,-6.7603,-1.1872,4.0065
89.0723,-6.3670,11.6294,1.9945,-10.2161,-10.8692,-6.7838,-1.1634,3.9826
89.0922,-6.1349,11.6687,1.9537,-10.1547,-11.0046,-6.8068,-1.1397,3.9588
89.1122,-5.9010,11.7074,1.9127,-10.0930,-11.1411,-6.8293,-1.1157,3.9348
89.1322,-5.6660,11.7453,1.8715,-10.0309,-11.2782,-6.8514,-1.0917,3.9107
89.1523,-5.4306,11.7824,1.8301,-9.9688,-11.4155,-6.8730,-1.0676,3.8865
89.1722,-5.1953,11.8184,1.7889,-9.9067,-11.5527,-6.8941,-1.0435,3.8624
89.1922,-4.9590,11.8537,1.7474,-9.8443,-11.6906,-6.9147,-1.0193,3.8381
89.2122,-4.7210,11.8884,1.7056,-9.7815,-11.8294,-6.9349,-0.9950,3.8137
89.2323,-4.4822,11.9221,1.6637,-9.7185,-11.9687,-6.9546,-0.9705,3.7892
89.2523,-4.2432,11.9550,1.6218,-9.6555,-12.1081,-6.9738,-0.9461,3.7647
89.2722,-4.0046,11.9870,1.5799,-9.5926,-12.2473,-6.9924,-0.9216,3.7403
89.2923,-3.7633,12.0183,1.5376,-9.5290,-12.3881,-7.0107,-0.8969,3.7156
89.3123,-3.5231,12.0486,1.4955,-9.4657,-12.5282,-7.0283,-0.8723,3.6909
89.3322,-3.2826,12.0779,1.4533,-9.4023,-12.6685,-7.0455,-0.8477,3.6663
89.3522,-3.0408,12.1066,1.4108,-9.3386,-12.8095,-7.0622,-0.8230,3.6416
89.3722,-2.7983,12.1344,1.3683,-9.2747,-12.9510,-7.0784,-0.7982,3.6167
89.3922,-2.5552,12.1613,1.3256,-9.2107,-13.0928,-7.0941,-0.7733,3.5918
89.4121,-2.3131,12.1873,1.2831,-9.1469,-13.2340,-7.1093,-0.7485,3.5670
89.4321,-2.0690,12.2125,1.2403,-9.0827,-13.3764,-7.1240,-0.7235,3.5421
89.4522,-1.8230,12.2370,1.1972,-9.0180,-13.5199,-7.1383,-0.6983,3.5169
89.4723,-1.5773,12.2606,1.1541,-8.9533,-13.6632,-7.1520,-0.6732,3.4918
89.4921,-1.3344,12.2831,1.1114,-8.8894,-13.8049,-7.1651,-0.6483,3.4669
89.5122,-1.0874,12.3050,1.0681,-8.8244,-13.9490,-7.1779,-0.6231,3.4417
89.5322,-0.8411,12.3259,1.0249,-8.7597,-14.0927,-7.1901,-0.5978,3.4165
89.5523,-0.5931,12.3460,0.9814,-8.6944,-14.2374,-7.2019,-0.5725,3.3911
89.5723,-0.3456,12.3653,0.9379,-8.6294,-14.3818,-7.2131,-0.5471,3.3658
89.5923,-0.0990,12.3835,0.8947,-8.5646,-14.5256,-7.2237,-0.5219,3.3406
89.6122,0.1487,12.4010,0.8512,-8.4995,-14.6701,-7.2339,-0.4965,3.3153
89.6323,0.3977,12.4176,0.8075,-8.4341,-14.8153,-7.2436,-0.4711,3.2899
89.6522,0.6443,12.4332,0.7642,-8.3693,-14.9592,-7.2527,-0.4458,3.2647
89.6721,0.8928,12.4480,0.7206,-8.3040,-15.1042,-7.2614,-0.4204,3.2393
89.6924,1.1455,12.4622,0.6763,-8.2377,-15.2515,-7.2696,-0.3945,3.2135
89.7123,1.3928,12.4752,0.6329,-8.1727,-15.3958,-7.2772,-0.3692,3.1883
89.7322,1.6421,12.4874,0.5892,-8.1073,-15.5412,-7.2843,-0.3437,3.1628
89.7521,1.8907,12.4987,0.5456,-8.0420,-15.6863,-7.2909,-0.3182,3.1375
89.7722,2.1419,12.5092,0.5015,-7.9761,-15.8328,-7.2970,-0.2925,3.1118
89.7922,2.3915,12.5188,0.4577,-7.9107,-15.9784,-7.3026,-0.2670,3.0864
89.8122,2.6422,12.5275,0.4137,-7.8449,-16.1246,-7.3077,-0.2413,3.0608
89.8322,2.8932,12.5353,0.3697,-7.7791,-16.2710,-7.3123,-0.2156,3.0352
89.8522,3.1444,12.5423,0.3256,-7.7132,-16.4176,-7.3163,-0.1899,3.0096
89.8722,3.3951,12.5484,0.2816,-7.6475,-16.5638,-7.3199,-0.1643,2.9841
89.8922,3.6454,12.5536,0.2377,-7.5819,-16.7098,-7.3229,-0.1386,2.9585
89.9122,3.8972,12.5579,0.1935,-7.5159,-16.8567,-7.3254,-0.1129,2.9329
89.9322,4.1486,12.5613,0.1494,-7.4501,-17.0033,-7.3274,-0.0871,2.9073
89.9523,4.4005,12.5639,0.1052,-7.3841,-17.1503,-7.3289,-0.0614,2.8816
89.9722,4.6512,12.5655,0.0612,-7.3184,-17.2966,-7.3299,-0.0357,2.8561
89.9921,4.9004,12.5663,0.0175,-7.2532,-17.4419,-7.3303,-0.0102,2.8307
90.0119,5.1495,12.5662,-0.0262,-7.1879,-17.5872,-7.3303,0.0153,2.8053
90.0322,5.4045,12.5652,-0.0710,-7.1212,-17.7360,-7.3297,0.0414,2.7794
90.0523,5.6578,12.5633,-0.1154,-7.0549,-17.8837,-7.3286,0.0673,2.7536
90.0722,5.9075,12.5606,-0.1592,-6.9896,-18.0294,-7.3270,0.0929,2.7282
90.0922,6.1584,12.5570,-0.2033,-6.9240,-18.1757,-7.3249,0.1186,2.7027
90.1122,6.4098,12.5525,-0.2474,-6.8582,-18.3224,-7.3223,0.1443,2.6771
90.1322,6.6602,12.5471,-0.2913,-6.7927,-18.4685,-7.3191,0.1699,2.6516
90.1522,6.9116,12.5408,-0.3354,-6.7270,-18.6151,-7.3155,0.1957,2.6261
90.1722,7.1620,12.5337,-0.3793,-6.6615,-18.7611,-7.3113,0.2213,2.6006
90.1922,7.4122,12.5257,-0.4232,-6.5961,-18.9071,-7.3066,0.2469,2.5752
90.2122,7.6631,12.5168,-0.4673,-6.5306,-19.0535,-7.3014,0.2726,2.5497
90.2322,7.9137,12.5070,-0.5112,-6.4651,-19.1996,-7.2957,0.2982,2.5242
90.2523,8.1640,12.4963,-0.5552,-6.3997,-19.3457,-7.2895,0.3238,2.4988
90.2722,8.4133,12.4848,-0.5989,-6.3346,-19.4911,-7.2828,0.3494,2.4735
90.2922,8.6622,12.4724,-0.6426,-6.2696,-19.6363,-7.2756,0.3748,2.4482
90.3122,8.9117,12.4591,-0.6863,-6.2045,-19.7818,-7.2678,0.4004,2.4229
90.3323,9.1617,12.4449,-0.7302,-6.1393,-19.9277,-7.2595,0.4260,2.3975
90.3523,9.4107,12.4298,-0.7739,-6.0743,-20.0729,-7.2507,0.4514,2.3722
90.3722,9.6588,12.4139,-0.8174,-6.0095,-20.2176,-7.2415,0.4768,2.3470
90.3920,9.9042,12.3973,-0.8605,-5.9455,-20.3608,-7.2318,0.5019,2.3221
90.4122,10.1544,12.3795,-0.9044,-5.8803,-20.5067,-7.2214,0.5276,2.2967
90.4322,10.4021,12.3610,-0.9479,-5.8157,-20.6513,-7.2106,0.5529,2.2716
90.4522,10.6480,12.3417,-0.9910,-5.7516,-20.7947,-7.1993,0.5781,2.2467
90.4722,10.8946,12.3214,-1.0343,-5.6873,-20.9385,-7.1875,0.6033,2.2217
90.4922,11.1409,12.3003,-1.0775,-5.6231,-21.0822,-7.1752,0.6285,2.1967
90.5122,11.3875,12.2782,-1.1208,-5.5589,-21.2261,-7.1623,0.6538,2.1717
90.5321,11.6313,12.2555,-1.1635,-5.4954,-21.3682,-7.1491,0.6787,2.1470
90.5521,11.8762,12.2318,-1.2065,-5.4316,-21.5111,-7.1352,0.7038,2.1222
90.5722,12.1224,12.2071,-1.2497,-5.3675,-21.6547,-7.1208,0.7290,2.0973
90.5922,12.3651,12.1818,-1.2923,-5.3043,-21.7963,-7.1060,0.7538,2.0727
90.6122,12.6090,12.1555,-1.3351,-5.2408,-21.9386,-7.0907,0.7788,2.0480
90.6322,12.8517,12.1283,-1.3777,-5.1776,-22.0802,-7.0749,0.8036,2.0234
90.6523,13.0948,12.1003,-1.4203,-5.1144,-22.2220,-7.0585,0.8285,1.9988
90.6723,13.3366,12.0714,-1.4627,-5.0515,-22.3630,-7.0417,0.8533,1.9743
90.6921,13.5757,12.0420,-1.5047,-4.9893,-22.5025,-7.0245,0.8777,1.9501
90.7122,13.8180,12.0113,-1.5472,-4.9263,-22.6439,-7.0066,0.9025,1.9256
90.7323,14.0589,11.9798,-1.5895,-4.8637,-22.7844,-6.9882,0.9272,1.9013
90.7522,14.2972,11.9477,-1.6313,-4.8017,-22.9233,-6.9695,0.9516,1.8772
90.7722,14.5358,11.9146,-1.6732,-4.7397,-23.0626,-6.9502,0.9760,1.8530
90.7920,14.7713,11.8811,-1.7145,-4.6786,-23.1999,-6.9307,1.0001,1.8292
90.8122,15.0110,11.8461,-1.7565,-4.6163,-23.3397,-6.9102,1.0246,1.8050
90.8322,15.2475,11.8105,-1.7980,-4.5549,-23.4777,-6.8895,1.0488,1.7811
90.8522,15.4833,11.7741,-1.8394,-4.4936,-23.6153,-6.8683,1.0730,1.7573
90.8722,15.7181,11.7370,-1.8806,-4.4327,-23.7522,-6.8466,1.0970,1.7336
90.8921,15.9509,11.6992,-1.9214,-4.3723,-23.8880,-6.8246,1.1208,1.7101
90.9122,16.1864,11.6601,-1.9628,-4.3111,-24.0254,-6.8017,1.1449,1.6863
90.9322,16.4190,11.6205,-2.0036,-4.2508,-24.1611,-6.7786,1.1688,1.6628
90.9522,16.6512,11.5799,-2.0443,-4.1906,-24.2965,-6.7550,1.1925,1.6394
90.9721,16.8815,11.5388,-2.0847,-4.1309,-24.4309,-6.7310,1.2161,1.6161
90.9921,17.1114,11.4968,-2.1251,-4.0713,-24.5650,-6.7065,1.2396,1.5929
91.0123,17.3431,11.4535,-2.1657,-4.0112,-24.7001,-6.6812,1.2633,1.5696
91.0323,17.5721,11.4097,-2.2059,-3.9519,-24.8338,-6.6556,1.2868,1.5465
91.0526,17.8024,11.3647,-2.2463,-3.8922,-24.9681,-6.6294,1.3103,1.5233
91.0722,18.0257,11.3201,-2.2855,-3.8344,-25.0983,-6.6034,1.3332,1.5008
91.0920,18.2487,11.2746,-2.3246,-3.7766,-25.2284,-6.5768,1.3560,1.4783
91.1122,18.4765,11.2271,-2.3646,-3.7176,-25.3613,-6.5491,1.3793,1.4553
91.1322,18.7008,11.1793,-2.4039,-3.6596,-25.4921,-6.5213,1.4023,1.4327
91.1523,18.9248,11.1307,-2.4432,-3.6016,-25.6228,-6.4929,1.4252,1.4102
91.1719,19.1421,11.0825,-2.4814,-3.5454,-25.7496,-6.4648,1.4475,1.3883
91.1919,19.3632,11.0325,-2.5202,-3.4882,-25.8785,-6.4356,1.4701,1.3660
91.2121,19.5861,10.9811,-2.5593,-3.4306,-26.0086,-6.4056,1.4929,1.3436
91.2320,19.8036,10.9299,-2.5974,-3.3744,-26.1354,-6.3758,1.5152,1.3217
91.2520,20.0217,10.8776,-2.6357,-3.3180,-26.2626,-6.3452,1.5375,1.2998
91.2719,20.2375,10.8247,-2.6736,-3.2622,-26.3886,-6.3144,1.5596,1.2781
91.2919,20.4539,10.7708,-2.7115,-3.2064,-26.5147,-6.2830,1.5817,1.2563
91.3119,20.6690,10.7161,-2.7493,-3.1508,-26.6403,-6.2511,1.6037,1.2347
91.3320,20.8836,10.6605,-2.7869,-3.0954,-26.7654,-6.2187,1.6257,1.2131
91.3519,21.0950,10.6048,-2.8240,-3.0408,-26.8888,-6.1861,1.6473,1.1919
91.3719,21.3067,10.5479,-2.8612,-2.9862,-27.0122,-6.1529,1.6690,1.1706
91.3921,21.5187,10.4898,-2.8984,-2.9315,-27.1359,-6.1191,1.6907,1.1494
91.4121,21.7286,10.4313,-2.9352,-2.8774,-27.2584,-6.0849,1.7122,1.1283
91.4320,21.9354,10.3726,-2.9715,-2.8240,-27.3790,-6.0507,1.7334,1.1075
91.4520,22.1424,10.3127,-3.0078,-2.7707,-27.4997,-6.0158,1.7545,1.0868
91.4721,22.3486,10.2521,-3.0440,-2.7175,-27.6200,-5.9804,1.7757,1.0661
91.4921,22.5533,10.1907,-3.0799,-2.6648,-27.7394,-5.9446,1.7966,1.0455
91.5122,22.7578,10.1284,-3.1158,-2.6122,-27.8587,-5.9082,1.8175,1.0250
91.5322,22.9598,10.0657,-3.1512,-2.5601,-27.9765,-5.8717,1.8382,1.0048
91.5522,23.1604,10.0023,-3.1864,-2.5085,-28.0936,-5.8347,1.8587,0.9847
91.5722,23.3598,9.9383,-3.2214,-2.4572,-28.2099,-5.7973,1.8792,0.9647
91.5921,23.5563,9.8740,-3.2559,-2.4067,-28.3245,-5.7599,1.8993,0.9450
91.6122,23.7540,9.8083,-3.2906,-2.3558,-28.4398,-5.7215,1.9195,0.9253
91.6322,23.9500,9.7419,-3.3250,-2.3054,-28.5542,-5.6828,1.9396,0.9056
91.6522,24.1436,9.6753,-3.3589,-2.2557,-28.6671,-5.6439,1.9594,0.8863
91.6722,24.3371,9.6076,-3.3929,-2.2060,-28.7800,-5.6044,1.9792,0.8669
91.6921,24.5276,9.5397,-3.4263,-2.1571,-28.8911,-5.5648,1.9987,0.8479
91.7120,24.7170,9.4711,-3.4595,-2.1084,-29.0016,-5.5248,2.0181,0.8289
91.7320,24.9051,9.4018,-3.4925,-2.0601,-29.1113,-5.4844,2.0373,0.8101
91.7519,25.0912,9.3321,-3.5252,-2.0124,-29.2199,-5.4437,2.0564,0.7915
91.7719,25.2777,9.2611,-3.5579,-1.9645,-29.3287,-5.4023,2.0755,0.7729
91.7922,25.4644,9.1887,-3.5907,-1.9167,-29.4376,-5.3601,2.0946,0.7543
91.8122,25.6478,9.1165,-3.6229,-1.8697,-29.5445,-5.3179,2.1133,0.7360
91.8321,25.8287,9.0440,-3.6546,-1.8233,-29.6501,-5.2756,2.1318,0.7179
91.8519,26.0072,8.9712,-3.6859,-1.7776,-29.7542,-5.2332,2.1501,0.7001
91.8722,26.1885,8.8961,-3.7177,-1.7312,-29.8600,-5.1894,2.1687,0.6820
91.8921,26.3649,8.8218,-3.7487,-1.6861,-29.9629,-5.1460,2.1867,0.6644
91.9122,26.5415,8.7461,-3.7797,-1.6409,-30.0659,-5.1019,2.2048,0.6469
91.9322,26.7156,8.6702,-3.8102,-1.5964,-30.1674,-5.0576,2.2226,0.6295
91.9522,26.8884,8.5936,-3.8405,-1.5522,-30.2682,-5.0130,2.2403,0.6123
91.9722,27.0590,8.5167,-3.8705,-1.5086,-30.3678,-4.9681,2.2578,0.5953
91.9922,27.2283,8.4392,-3.9002,-1.4654,-30.4665,-4.9229,2.2751,0.5785
92.0122,27.3967,8.3607,-3.9297,-1.4224,-30.5647,-4.8771,2.2923,0.5618
92.0322,27.5634,8.2817,-3.9590,-1.3798,-30.6620,-4.8310,2.3094,0.5452
92.0522,27.7279,8.2024,-3.9878,-1.3379,-30.7579,-4.7847,2.3262,0.5288
92.0721,27.8901,8.1229,-4.0163,-1.2965,-30.8525,-4.7383,2.3428,0.5127
92.0922,28.0525,8.0418,-4.0448,-1.2551,-30.9473,-4.6911,2.3595,0.4966
92.1122,28.2131,7.9604,-4.0730,-1.2142,-31.0410,-4.6436,2.3759,0.4807
92.1322,28.3712,7.8788,-4.1007,-1.1740,-31.1332,-4.5960,2.3921,0.4650
92.1522,28.5282,7.7964,-4.1283,-1.1340,-31.2248,-4.5479,2.4081,0.4494
92.1722,28.6830,7.7137,-4.1554,-1.0947,-31.3151,-4.4997,2.4240,0.4341
92.1922,28.8363,7.6304,-4.1823,-1.0557,-31.4045,-4.4511,2.4397,0.4189
92.2122,28.9881,7.5465,-4.2089,-1.0171,-31.4931,-4.4021,2.4552,0.4039
92.2322,29.1383,7.4620,-4.2353,-0.9790,-31.5806,-4.3528,2.4706,0.3890
92.2522,29.2867,7.3770,-4.2613,-0.9413,-31.6672,-4.3032,2.4858,0.3743
92.2721,29.4328,7.2918,-4.2870,-0.9042,-31.7525,-4.2536,2.5007,0.3599
92.2920,29.5772,7.2062,-4.3123,-0.8676,-31.8367,-4.2036,2.5155,0.3456
92.3121,29.7210,7.1193,-4.3375,-0.8312,-31.9206,-4.1530,2.5302,0.3314
92.3322,29.8631,7.0320,-4.3625,-0.7952,-32.0035,-4.1020,2.5448,0.3174
92.3522,30.0031,6.9444,-4.3870,-0.7598,-32.0851,-4.0509,2.5591,0.3036
92.3723,30.1417,6.8560,-4.4114,-0.7247,-32.1660,-3.9993,2.5733,0.2899
92.3922,30.2771,6.7681,-4.4351,-0.6905,-32.2450,-3.9480,2.5871,0.2766
92.4122,30.4118,6.6790,-4.4587,-0.6565,-32.3235,-3.8961,2.6009,0.2633
92.4322,30.5447,6.5895,-4.4821,-0.6230,-32.4010,-3.8439,2.6145,0.2503
92.4523,30.6758,6.4994,-4.5051,-0.5899,-32.4776,-3.7913,2.6280,0.2374
92.4722,30.8043,6.4095,-4.5276,-0.5575,-32.5525,-3.7389,2.6411,0.2247
92.4922,30.9315,6.3188,-4.5499,-0.5255,-32.6267,-3.6860,2.6541,0.2123
92.5123,31.0575,6.2272,-4.5720,-0.4938,-32.7002,-3.6325,2.6670,0.1999
92.5322,31.1805,6.1360,-4.5936,-0.4628,-32.7720,-3.5793,2.6796,0.1878
92.5522,31.3025,6.0437,-4.6150,-0.4322,-32.8431,-3.5255,2.6921,0.1759
92.5723,31.4229,5.9509,-4.6361,-0.4020,-32.9133,-3.4714,2.7044,0.1641
92.5922,31.5403,5.8585,-4.6567,-0.3725,-32.9818,-3.4175,2.7164,0.1526
92.6122,31.6566,5.7651,-4.6772,-0.3434,-33.0497,-3.3630,2.7283,0.1413
92.6322,31.7714,5.6710,-4.6973,-0.3146,-33.1167,-3.3081,2.7401,0.1300
92.6522,31.8838,5.5769,-4.7170,-0.2865,-33.1822,-3.2532,2.7516,0.1191
92.6722,31.9942,5.4826,-4.7364,-0.2589,-33.2466,-3.1982,2.7629,0.1083
92.6920,32.1021,5.3884,-4.7553,-0.2320,-33.3095,-3.1432,2.7739,0.0978
92.7122,32.2099,5.2921,-4.7742,-0.2051,-33.3725,-3.0871,2.7850,0.0873
92.7322,32.3146,5.1967,-4.7926,-0.1790,-33.4335,-3.0314,2.7957,0.0772
92.7522,32.4178,5.1005,-4.8107,-0.1534,-33.4937,-2.9753,2.8062,0.0671
92.7722,32.5186,5.0043,-4.8284,-0.1283,-33.5525,-2.9191,2.8166,0.0574
92.7922,32.6176,4.9076,-4.8458,-0.1038,-33.6103,-2.8628,2.8267,0.0478
92.8122,32.7150,4.8103,-4.8629,-0.0796,-33.6671,-2.8060,2.8367,0.0384
92.8322,32.8103,4.7129,-4.8796,-0.0560,-33.7227,-2.7492,2.8464,0.0292
92.8522,32.9035,4.6152,-4.8959,-0.0330,-33.7770,-2.6922,2.8560,0.0202
92.8723,32.9950,4.5169,-4.9120,-0.0104,-33.8304,-2.6348,2.8653,0.0113
92.8921,33.0836,4.4194,-4.9275,0.0114,-33.8821,-2.5780,2.8744,0.0028
92.9122,33.1716,4.3199,-4.9430,0.0331,-33.9334,-2.5200,2.8834,-0.0056
92.9321,33.2567,4.2213,-4.9579,0.0540,-33.9831,-2.4624,2.8921,-0.0138
92.9522,33.3402,4.1220,-4.9726,0.0744,-34.0318,-2.4045,2.9007,-0.0218
92.9722,33.4219,4.0221,-4.9869,0.0944,-34.0794,-2.3462,2.9090,-0.0296
92.9922,33.5013,3.9221,-5.0008,0.1138,-34.1258,-2.2879,2.9172,-0.0372
93.0122,33.5788,3.8219,-5.0144,0.1327,-34.1710,-2.2295,2.9251,-0.0446
93.0322,33.6541,3.7218,-5.0276,0.1510,-34.2149,-2.1710,2.9328,-0.0517
93.0522,33.7276,3.6209,-5.0405,0.1689,-34.2578,-2.1122,2.9403,-0.0587
93.0721,33.7987,3.5204,-5.0530,0.1861,-34.2993,-2.0536,2.9476,-0.0654
93.0921,33.8682,3.4191,-5.0652,0.2029,-34.3398,-1.9945,2.9547,-0.0720
93.1122,33.9357,3.3175,-5.0770,0.2191,-34.3791,-1.9352,2.9616,-0.0783
93.1323,34.0012,3.2155,-5.0885,0.2348,-34.4174,-1.8757,2.9683,-0.0845
93.1522,34.0645,3.1137,-5.0996,0.2500,-34.4543,-1.8163,2.9748,-0.0904
93.1724,34.1262,3.0108,-5.1105,0.2647,-34.4903,-1.7563,2.9811,-0.0962
93.1920,34.1843,2.9105,-5.1207,0.2785,-34.5242,-1.6978,2.9871,-0.1016
93.2122,34.2420,2.8069,-5.1308,0.2922,-34.5578,-1.6374,2.9930,-0.1069
93.2322,34.2972,2.7041,-5.1405,0.3052,-34.5900,-1.5774,2.9986,-0.1120
93.2522,34.3502,2.6012,-5.1498,0.3176,-34.6210,-1.5174,3.0040,-0.1169
93.2720,34.4006,2.4995,-5.1586,0.3294,-34.6503,-1.4580,3.0092,-0.1215
93.2921,34.4498,2.3956,-5.1673,0.3408,-34.6791,-1.3974,3.0142,-0.1260
93.3122,34.4970,2.2915,-5.1755,0.3517,-34.7066,-1.3367,3.0191,-0.1302
93.3322,34.5418,2.1878,-5.1834,0.3620,-34.7327,-1.2762,3.0236,-0.1343
93.3521,34.5843,2.0847,-5.1909,0.3717,-34.7575,-1.2161,3.0280,-0.1381
93.3721,34.6248,1.9811,-5.1980,0.3809,-34.7812,-1.1556,3.0321,-0.1417
93.3921,34.6635,1.8767,-5.2048,0.3896,-34.8037,-1.0948,3.0361,-0.1451
93.4121,34.6999,1.7729,-5.2111,0.3976,-34.8250,-1.0342,3.0398,-0.1483
93.4321,34.7345,1.6683,-5.2172,0.4052,-34.8451,-0.9732,3.0434,-0.1512
93.4522,34.7669,1.5633,-5.2229,0.4122,-34.8640,-0.9119,3.0467,-0.1540
93.4722,34.7972,1.4589,-5.2282,0.4187,-34.8817,-0.8510,3.0498,-0.1566
93.4920,34.8250,1.3552,-5.2331,0.4245,-34.8979,-0.7905,3.0526,-0.1589
93.5120,34.8511,1.2506,-5.2377,0.4299,-34.9131,-0.7295,3.0553,-0.1610
93.5321,34.8752,1.1452,-5.2419,0.4347,-34.9272,-0.6680,3.0578,-0.1629
93.5523,34.8972,1.0396,-5.2457,0.4390,-34.9400,-0.6064,3.0600,-0.1646
93.5723,34.9169,0.9346,-5.2492,0.4427,-34.9515,-0.5452,3.0620,-0.1661
93.5920,34.9343,0.8310,-5.2523,0.4458,-34.9617,-0.4847,3.0638,-0.1673
93.6121,34.9500,0.7254,-5.2550,0.4485,-34.9708,-0.4232,3.0654,-0.1684
93.6320,34.9634,0.6207,-5.2574,0.4505,-34.9786,-0.3621,3.0668,-0.1692
93.6519,34.9747,0.5163,-5.2593,0.4520,-34.9852,-0.3012,3.0680,-0.1698
93.6720,34.9840,0.4105,-5.2610,0.4530,-34.9907,-0.2395,3.0689,-0.1702
93.6920,34.9912,0.3050,-5.2622,0.4534,-34.9948,-0.1779,3.0696,-0.1704
93.7122,34.9962,0.1989,-5.2631,0.4532,-34.9978,-0.1160,3.0702,-0.1704
93.7322,34.9992,0.0936,-5.2636,0.4525,-34.9995,-0.0546,3.0705,-0.1702
93.7522,35.0000,-0.0117,-5.2638,0.4513,-35.0000,0.0068,3.0705,-0.1697
93.7720,34.9987,-0.1159,-5.2636,0.4495,-34.9993,0.0676,3.0704,-0.1691
93.7920,34.9954,-0.2210,-5.2630,0.4471,-34.9973,0.1289,3.0701,-0.1682
93.8121,34.9898,-0.3270,-5.2620,0.4442,-34.9941,0.1907,3.0695,-0.1671
93.8321,34.9823,-0.4321,-5.2607,0.4408,-34.9897,0.2520,3.0687,-0.1658
93.8522,34.9725,-0.5376,-5.2590,0.4367,-34.9840,0.3136,3.0677,-0.1643
93.8721,34.9608,-0.6422,-5.2569,0.4322,-34.9771,0.3746,3.0665,-0.1625
93.8921,34.9468,-0.7478,-5.2545,0.4271,-34.9690,0.4362,3.0651,-0.1606
93.9121,34.9309,-0.8526,-5.2517,0.4214,-34.9597,0.4974,3.0635,-0.1584
93.9321,34.9128,-0.9575,-5.2485,0.4152,-34.9491,0.5586,3.0616,-0.1560
93.9522,34.8925,-1.0629,-5.2449,0.4084,-34.9373,0.6200,3.0595,-0.1534
93.9721,34.8703,-1.1674,-5.2410,0.4012,-34.9243,0.6810,3.0573,-0.1506
93.9922,34.8458,-1.2727,-5.2367,0.3933,-34.9100,0.7424,3.0548,-0.1476
94.0123,34.8192,-1.3777,-5.2321,0.3849,-34.8945,0.8036,3.0520,-0.1444
94.0322,34.7906,-1.4822,-5.2270,0.3759,-34.8778,0.8646,3.0491,-0.1409
94.0522,34.7600,-1.5865,-5.2217,0.3664,-34.8600,0.9255,3.0460,-0.1373
94.0722,34.7271,-1.6910,-5.2159,0.3564,-34.8408,0.9864,3.0426,-0.1334
94.0922,34.6923,-1.7953,-5.2098,0.3458,-34.8205,1.0472,3.0390,-0.1293
94.1123,34.6552,-1.8997,-5.2033,0.3346,-34.7989,1.1081,3.0353,-0.1250
94.1321,34.6166,-2.0025,-5.1965,0.3231,-34.7764,1.1682,3.0313,-0.1206
94.1522,34.5752,-2.1073,-5.1893,0.3108,-34.7522,1.2292,3.0271,-0.1158
94.1721,34.5323,-2.2104,-5.1817,0.2981,-34.7272,1.2894,3.0227,-0.1109
94.1922,34.4869,-2.3143,-5.1738,0.2848,-34.7007,1.3500,3.0180,-0.1058
94.2122,34.4394,-2.4179,-5.1654,0.2709,-34.6730,1.4104,3.0132,-0.1004
94.2322,34.3901,-2.5210,-5.1568,0.2566,-34.6442,1.4706,3.0081,-0.0949
94.2522,34.3386,-2.6241,-5.1477,0.2416,-34.6142,1.5307,3.0028,-0.0891
94.2723,34.2849,-2.7274,-5.1383,0.2261,-34.5828,1.5910,2.9973,-0.0831
94.2922,34.2295,-2.8297,-5.1286,0.2102,-34.5506,1.6506,2.9917,-0.0769
94.3122,34.1720,-2.9320,-5.1185,0.1937,-34.5170,1.7103,2.9858,-0.0706
94.3322,34.1123,-3.0343,-5.1080,0.1767,-34.4822,1.7700,2.9797,-0.0640
94.3522,34.0505,-3.1365,-5.0972,0.1591,-34.4461,1.8296,2.9734,-0.0572
94.3721,33.9872,-3.2377,-5.0861,0.1411,-34.4092,1.8887,2.9669,-0.0502
94.3920,33.9216,-3.3390,-5.0746,0.1225,-34.3709,1.9477,2.9602,-0.0430
94.4121,33.8535,-3.4409,-5.0626,0.1032,-34.3312,2.0072,2.9532,-0.0355
94.4321,33.7837,-3.5419,-5.0504,0.0836,-34.2905,2.0661,2.9461,-0.0279
94.4524,33.7108,-3.6443,-5.0376,0.0630,-34.2480,2.1258,2.9386,-0.0200
94.4721,33.6380,-3.7435,-5.0248,0.0426,-34.2055,2.1837,2.9311,-0.0121
94.4923,33.5616,-3.8445,-5.0114,0.0212,-34.1609,2.2426,2.9233,-0.0038
94.5123,33.4837,-3.9445,-4.9977,-0.0006,-34.1155,2.3010,2.9154,0.0047
94.5322,33.4042,-4.0439,-4.9838,-0.0228,-34.0691,2.3590,2.9072,0.0133
94.5522,33.3221,-4.1437,-4.9694,-0.0457,-34.0212,2.4171,2.8988,0.0221
94.5721,33.2387,-4.2424,-4.9548,-0.0689,-33.9726,2.4747,2.8903,0.0311
94.5922,33.1524,-4.3419,-4.9396,-0.0929,-33.9222,2.5328,2.8814,0.0404
94.6122,33.0646,-4.4405,-4.9242,-0.1173,-33.8710,2.5903,2.8724,0.0499
94.6322,32.9748,-4.5389,-4.9084,-0.1422,-33.8186,2.6477,2.8633,0.0595
94.6522,32.8829,-4.6370,-4.8923,-0.1676,-33.7650,2.7049,2.8539,0.0694
94.6721,32.7900,-4.7338,-4.8760,-0.1932,-33.7108,2.7614,2.8443,0.0793
94.6921,32.6941,-4.8314,-4.8592,-0.2197,-33.6549,2.8183,2.8345,0.0896
94.7123,32.5957,-4.9293,-4.8419,-0.2468,-33.5975,2.8754,2.8245,0.1001
94.7323,32.4962,-5.0258,-4.8245,-0.2742,-33.5395,2.9317,2.8143,0.1107
94.7523,32.3948,-5.1220,-4.8067,-0.3021,-33.4803,2.9879,2.8039,0.1215
94.7723,32.2912,-5.2182,-4.7885,-0.3306,-33.4198,3.0440,2.7933,0.1326
94.7922,32.1866,-5.3131,-4.7702,-0.3593,-33.3588,3.0993,2.7826,0.1437
94.8122,32.0790,-5.4087,-4.7513,-0.3888,-33.2961,3.1551,2.7716,0.1551
94.8319,31.9716,-5.5021,-4.7324,-0.4182,-33.2334,3.2095,2.7606,0.1665
94.8519,31.8608,-5.5964,-4.7130,-0.4486,-33.1688,3.2645,2.7492,0.1783
94.8719,31.7479,-5.6904,-4.6932,-0.4794,-33.1029,3.3194,2.7377,0.1903
94.8920,31.6327,-5.7845,-4.6730,-0.5109,-33.0357,3.3743,2.7259,0.2025
94.9122,31.5145,-5.8790,-4.6522,-0.5432,-32.9668,3.4294,2.7138,0.2150
94.9321,31.3966,-5.9713,-4.6315,-0.5753,-32.8980,3.4833,2.7017,0.2275
94.9521,31.2763,-6.0637,-4.6104,-0.6081,-32.8278,3.5372,2.6894,0.2402
94.9722,31.1538,-6.1559,-4.5889,-0.6414,-32.7564,3.5909,2.6769,0.2531
94.9920,31.0306,-6.2469,-4.5673,-0.6750,-32.6845,3.6440,2.6643,0.2661
95.0122,30.9039,-6.3386,-4.5451,-0.7094,-32.6106,3.6975,2.6513,0.2795
95.0322,30.7758,-6.4296,-4.5226,-0.7442,-32.5359,3.7506,2.6382,0.2930
95.0523,30.6462,-6.5199,-4.4999,-0.7794,-32.4603,3.8033,2.6249,0.3067
95.0721,30.5160,-6.6090,-4.4770,-0.8148,-32.3843,3.8552,2.6116,0.3204
95.0923,30.3819,-6.6989,-4.4535,-0.8511,-32.3061,3.9077,2.5979,0.3345
95.1122,30.2477,-6.7873,-4.4299,-0.8875,-32.2278,3.9593,2.5841,0.3486
95.1321,30.1113,-6.8755,-4.4060,-0.9244,-32.1482,4.0107,2.5702,0.3629
95.1522,29.9722,-6.9639,-4.3816,-0.9621,-32.0671,4.0623,2.5559,0.3776
95.1722,29.8323,-7.0511,-4.3571,-0.9999,-31.9855,4.1131,2.5416,0.3922
95.1922,29.6905,-7.1379,-4.3322,-1.0383,-31.9028,4.1638,2.5271,0.4071
95.2122,29.5468,-7.2243,-4.3070,-1.0771,-31.8190,4.2142,2.5124,0.4222
95.2323,29.4005,-7.3108,-4.2813,-1.1166,-31.7336,4.2646,2.4974,0.4375
95.2522,29.2543,-7.3957,-4.2556,-1.1561,-31.6483,4.3141,2.4825,0.4528
95.2721,29.1064,-7.4800,-4.2297,-1.1960,-31.5620,4.3634,2.4673,0.4683
95.2923,28.9540,-7.5655,-4.2030,-1.2371,-31.4731,4.4132,2.4517,0.4843
95.3123,28.8024,-7.6489,-4.1764,-1.2779,-31.3848,4.4619,2.4362,0.5001
95.3322,28.6488,-7.7321,-4.1494,-1.3193,-31.2951,4.5104,2.4205,0.5162
95.3521,28.4941,-7.8144,-4.1223,-1.3609,-31.2049,4.5584,2.4047,0.5324
95.3722,28.3362,-7.8970,-4.0946,-1.4034,-31.1128,4.6066,2.3885,0.5489
95.3920,28.1793,-7.9776,-4.0670,-1.4456,-31.0212,4.6536,2.3724,0.5652
95.4120,28.0187,-8.0588,-4.0389,-1.4888,-30.9276,4.7010,2.3560,0.5820
95.4320,27.8572,-8.1391,-4.0105,-1.5322,-30.8334,4.7478,2.3395,0.5989
95.4520,27.6934,-8.2191,-3.9818,-1.5762,-30.7378,4.7945,2.3227,0.6159
95.4722,27.5264,-8.2993,-3.9525,-1.6210,-30.6404,4.8413,2.3056,0.6334
95.4921,27.3603,-8.3778,-3.9233,-1.6656,-30.5435,4.8870,2.2886,0.6507
95.5123,27.1907,-8.4565,-3.8936,-1.7111,-30.4446,4.9330,2.2712,0.6683
95.5321,27.0220,-8.5335,-3.8640,-1.7563,-30.3462,4.9779,2.2540,0.6859
95.5524,26.8483,-8.6115,-3.8335,-1.8029,-30.2449,5.0234,2.2362,0.7040
95.5722,26.6774,-8.6870,-3.8035,-1.8487,-30.1452,5.0674,2.2187,0.7218
95.5922,26.5028,-8.7628,-3.7729,-1.8955,-30.0433,5.1116,2.2008,0.7399
95.6122,26.3263,-8.8381,-3.7419,-1.9427,-29.9404,5.1556,2.1828,0.7583
95.6323,26.1487,-8.9127,-3.7107,-1.9903,-29.8367,5.1991,2.1646,0.7767
95.6522,25.9702,-8.9864,-3.6794,-2.0380,-29.7326,5.2421,2.1463,0.7953
95.6722,25.7894,-9.0598,-3.6477,-2.0864,-29.6272,5.2849,2.1278,0.8141
95.6922,25.6079,-9.1323,-3.6159,-2.1349,-29.5213,5.3272,2.1092,0.8329
95.7121,25.4249,-9.2041,-3.5838,-2.1838,-29.4145,5.3691,2.0905,0.8519
95.7322,25.2396,-9.2757,-3.5512,-2.2333,-29.3064,5.4108,2.0716,0.8711
95.7521,25.0542,-9.3461,-3.5187,-2.2829,-29.1983,5.4519,2.0526,0.8904
95.7722,24.8656,-9.4165,-3.4856,-2.3332,-29.0883,5.4929,2.0333,0.9099
95.7922,24.6771,-9.4857,-3.4525,-2.3835,-28.9783,5.5333,2.0140,0.9295
95.8122,24.4867,-9.5544,-3.4191,-2.4344,-28.8672,5.5734,1.9945,0.9492
95.8322,24.2948,-9.6225,-3.3855,-2.4855,-28.7553,5.6131,1.9749,0.9691
95.8522,24.1011,-9.6900,-3.3515,-2.5372,-28.6423,5.6525,1.9550,0.9892
95.8722,23.9065,-9.7568,-3.3173,-2.5891,-28.5288,5.6915,1.9351,1.0093
95.8922,23.7109,-9.8227,-3.2830,-2.6412,-28.4147,5.7299,1.9151,1.0296
95.9122,23.5140,-9.8880,-3.2485,-2.6937,-28.2998,5.7680,1.8949,1.0499
95.9323,23.3151,-9.9527,-3.2136,-2.7466,-28.1838,5.8058,1.8746,1.0705
95.9523,23.1151,-10.0168,-3.1785,-2.7999,-28.0671,5.8431,1.8541,1.0912
95.9723,22.9139,-10.0800,-3.1432,-2.8534,-27.9498,5.8800,1.8335,1.1120
95.9921,22.7133,-10.1421,-3.1080,-2.9068,-27.8328,5.9162,1.8130,1.1328
96.0121,22.5101,-10.2038,-3.0723,-2.9609,-27.7142,5.9522,1.7922,1.1538
96.0322,22.3041,-10.2653,-3.0362,-3.0157,-27.5941,5.9881,1.7711,1.1750
96.0523,22.0981,-10.3256,-3.0000,-3.0704,-27.4739,6.0233,1.7500,1.1963
96.0722,21.8918,-10.3850,-2.9638,-3.1253,-27.3536,6.0579,1.7289,1.2176
96.0922,21.6834,-10.4440,-2.9273,-3.1807,-27.2320,6.0923,1.7076,1.2392
96.1123,21.4731,-10.5024,-2.8904,-3.2365,-27.1093,6.1264,1.6860,1.2609
96.1320,21.2650,-10.5592,-2.8539,-3.2918,-26.9879,6.1595,1.6647,1.2823
96.1523,21.0507,-10.6165,-2.8162,-3.3487,-26.8629,6.1930,1.6428,1.3044
96.1720,20.8411,-10.6716,-2.7795,-3.4044,-26.7407,6.2251,1.6214,1.3261
96.1919,20.6277,-10.7267,-2.7420,-3.4610,-26.6162,6.2572,1.5995,1.3481
96.2121,20.4108,-10.7816,-2.7040,-3.5186,-26.4896,6.2893,1.5773,1.3704
96.2321,20.1942,-10.8354,-2.6660,-3.5760,-26.3633,6.3207,1.5551,1.3928
96.2522,19.9763,-10.8885,-2.6277,-3.6338,-26.2362,6.3516,1.5328,1.4152
96.2722,19.7576,-10.9408,-2.5894,-3.6918,-26.1086,6.3821,1.5105,1.4378
96.2921,19.5400,-10.9918,-2.5512,-3.7495,-25.9816,6.4119,1.4882,1.4602
96.3121,19.3188,-11.0426,-2.5124,-3.8081,-25.8526,6.4415,1.4655,1.4829
96.3323,19.0957,-11.0929,-2.4732,-3.8672,-25.7225,6.4708,1.4427,1.5059
96.3522,18.8741,-11.1418,-2.4343,-3.9259,-25.5932,6.4994,1.4200,1.5287
96.3721,18.6518,-11.1899,-2.3953,-3.9848,-25.4635,6.5274,1.3973,1.5516
96.3920,18.4287,-11.2371,-2.3562,-4.0438,-25.3334,6.5550,1.3744,1.5746
96.4121,18.2026,-11.2840,-2.3165,-4.1037,-25.2015,6.5824,1.3513,1.5978
96.4322,17.9758,-11.3301,-2.2767,-4.1637,-25.0692,6.6092,1.3281,1.6211
96.4521,17.7493,-11.3751,-2.2370,-4.2236,-24.9371,6.6355,1.3049,1.6444
96.4721,17.5217,-11.4194,-2.1971,-4.2838,-24.8044,6.6613,1.2816,1.6678
96.4921,17.2928,-11.4630,-2.1569,-4.3443,-24.6708,6.6867,1.2582,1.6913
96.5122,17.0621,-11.5059,-2.1164,-4.4054,-24.5362,6.7118,1.2346,1.7151
96.5321,16.8324,-11.5477,-2.0761,-4.4661,-24.4022,6.7361,1.2111,1.7387
96.5521,16.6008,-11.5888,-2.0355,-4.5273,-24.2672,6.7601,1.1874,1.7624
96.5721,16.3691,-11.6290,-1.9948,-4.5885,-24.1320,6.7836,1.1636,1.7862
96.5921,16.1363,-11.6685,-1.9540,-4.6500,-23.9962,6.8066,1.1398,1.8101
96.6121,15.9019,-11.7073,-1.9128,-4.7119,-23.8594,6.8292,1.1158,1.8342
96.6321,15.6671,-11.7451,-1.8717,-4.7739,-23.7225,6.8513,1.0918,1.8583
96.6521,15.4321,-11.7821,-1.8304,-4.8360,-23.5854,6.8729,1.0677,1.8824
96.6721,15.1964,-11.8183,-1.7891,-4.8981,-23.4479,6.8940,1.0436,1.9066
96.6921,14.9591,-11.8537,-1.7474,-4.9608,-23.3095,6.9147,1.0193,1.9309
96.7122,14.7206,-11.8884,-1.7056,-5.0237,-23.1704,6.9349,0.9949,1.9554
96.7323,14.4821,-11.9222,-1.6637,-5.0866,-23.0312,6.9546,0.9705,1.9798
96.7523,14.2430,-11.9551,-1.6218,-5.1497,-22.8918,6.9738,0.9460,2.0044
96.7722,14.0048,-11.9869,-1.5800,-5.2125,-22.7528,6.9924,0.9217,2.0288
96.7922,13.7644,-12.0181,-1.5378,-5.2759,-22.6125,7.0106,0.8970,2.0534
96.8123,13.5232,-12.0485,-1.4955,-5.3394,-22.4719,7.0283,0.8724,2.0781
96.8323,13.2820,-12.0780,-1.4532,-5.4030,-22.3312,7.0455,0.8477,2.1028
96.8522,13.0407,-12.1066,-1.4108,-5.4665,-22.1904,7.0622,0.8230,2.1275
96.8722,12.7984,-12.1344,-1.3683,-5.5304,-22.0490,7.0784,0.7982,2.1524
96.8921,12.5566,-12.1612,-1.3259,-5.5940,-21.9080,7.0940,0.7734,2.1771
96.9123,12.3112,-12.1875,-1.2828,-5.6586,-21.7649,7.1094,0.7483,2.2022
96.9322,12.0678,-12.2127,-1.2401,-5.7227,-21.6229,7.1240,0.7234,2.2271
96.9521,11.8242,-12.2369,-1.1974,-5.7868,-21.4808,7.1382,0.6985,2.2520
96.9721,11.5797,-12.2604,-1.1545,-5.8512,-21.3381,7.1519,0.6734,2.2771
96.9921,11.3343,-12.2831,-1.1114,-5.9158,-21.1950,7.1651,0.6483,2.3022
97.0121,11.0884,-12.3049,-1.0683,-5.9804,-21.0515,7.1778,0.6232,2.3273
97.0322,10.8415,-12.3258,-1.0249,-6.0454,-20.9075,7.1901,0.5979,2.3526
97.0523,10.5932,-12.3460,-0.9814,-6.1106,-20.7627,7.2019,0.5725,2.3779
97.0722,10.3467,-12.3652,-0.9381,-6.1754,-20.6189,7.2130,0.5472,2.4031
97.0922,10.0998,-12.3835,-0.8948,-6.2403,-20.4749,7.2237,0.5220,2.4284
97.1123,9.8510,-12.4010,-0.8512,-6.3057,-20.3297,7.2339,0.4965,2.4538
97.1323,9.6030,-12.4176,-0.8076,-6.3709,-20.1851,7.2436,0.4711,2.4791
97.1523,9.3544,-12.4333,-0.7640,-6.4362,-20.0401,7.2528,0.4457,2.5045
97.1722,9.1060,-12.4481,-0.7204,-6.5014,-19.8952,7.2614,0.4203,2.5299
97.1922,8.8571,-12.4621,-0.6768,-6.5668,-19.7500,7.2695,0.3948,2.5553
97.2122,8.6074,-12.4752,-0.6330,-6.6323,-19.6043,7.2772,0.3692,2.5808
97.2323,8.3574,-12.4874,-0.5891,-6.6980,-19.4585,7.2843,0.3436,2.6063
97.2522,8.1083,-12.4987,-0.5454,-6.7633,-19.3132,7.2909,0.3181,2.6317
97.2722,7.8579,-12.5092,-0.5014,-6.8290,-19.1671,7.2970,0.2925,2.6573
97.2922,7.6081,-12.5188,-0.4576,-6.8945,-19.0214,7.3026,0.2669,2.6827
97.3122,7.3571,-12.5275,-0.4136,-6.9604,-18.8750,7.3077,0.2413,2.7083
97.3322,7.1068,-12.5353,-0.3697,-7.0260,-18.7289,7.3123,0.2156,2.7339
97.3522,6.8558,-12.5423,-0.3256,-7.0918,-18.5825,7.3163,0.1899,2.7594
97.3722,6.6047,-12.5484,-0.2816,-7.1576,-18.4361,7.3199,0.1642,2.7850
97.3922,6.3539,-12.5536,-0.2376,-7.2234,-18.2898,7.3229,0.1386,2.8106
97.4122,6.1036,-12.5579,-0.1936,-7.2890,-18.1438,7.3254,0.1130,2.8361
97.4321,5.8527,-12.5613,-0.1496,-7.3547,-17.9974,7.3274,0.0873,2.8617
97.4522,5.6003,-12.5639,-0.1053,-7.4208,-17.8502,7.3289,0.0614,2.8874
97.4722,5.3497,-12.5655,-0.0614,-7.4864,-17.7040,7.3299,0.0358,2.9129
97.4922,5.0981,-12.5663,-0.0172,-7.5523,-17.5572,7.3303,0.0100,2.9385
97.5122,4.8462,-12.5662,0.0270,-7.6183,-17.4103,7.3303,-0.0157,2.9642
97.5323,4.5946,-12.5652,0.0711,-7.6841,-17.2635,7.3297,-0.0415,2.9898
97.5522,4.3440,-12.5634,0.1151,-7.7497,-17.1173,7.3286,-0.0671,3.0153
97.5723,4.0914,-12.5606,0.1594,-7.8158,-16.9700,7.3270,-0.0930,3.0410
97.5922,3.8414,-12.5570,0.2033,-7.8812,-16.8242,7.3249,-0.1186,3.0664
97.6122,3.5904,-12.5525,0.2473,-7.9468,-16.6777,7.3223,-0.1443,3.0919
97.6323,3.3388,-12.5471,0.2915,-8.0126,-16.5310,7.3191,-0.1700,3.1175
97.6522,3.0885,-12.5408,0.3354,-8.0781,-16.3850,7.3155,-0.1956,3.1430
97.6721,2.8387,-12.5337,0.3792,-8.1434,-16.2393,7.3113,-0.2212,3.1684
97.6922,2.5879,-12.5257,0.4232,-8.2089,-16.0929,7.3067,-0.2469,3.1939
97.7123,2.3362,-12.5167,0.4674,-8.2747,-15.9461,7.3014,-0.2726,3.2195
97.7322,2.0868,-12.5070,0.5111,-8.3399,-15.8006,7.2957,-0.2982,3.2448
97.7522,1.8363,-12.4963,0.5551,-8.4053,-15.6545,7.2895,-0.3238,3.2703
97.7721,1.5885,-12.4849,0.5986,-8.4700,-15.5099,7.2828,-0.3492,3.2954
97.7922,1.3368,-12.4723,0.6427,-8.5357,-15.3631,7.2755,-0.3749,3.3210
97.8122,1.0879,-12.4591,0.6864,-8.6007,-15.2179,7.2678,-0.4004,3.3463
97.8322,0.8389,-12.4449,0.7301,-8.6657,-15.0727,7.2595,-0.4259,3.3715
97.8522,0.5896,-12.4298,0.7738,-8.7307,-14.9273,7.2507,-0.4514,3.3968
97.8722,0.3416,-12.4139,0.8174,-8.7954,-14.7826,7.2415,-0.4768,3.4220
97.8922,0.0938,-12.3972,0.8608,-8.8601,-14.6380,7.2317,-0.5022,3.4472
97.9123,-0.1551,-12.3795,0.9045,-8.9250,-14.4929,7.2213,-0.5276,3.4724
97.9323,-0.4023,-12.3609,0.9479,-8.9895,-14.3486,7.2105,-0.5529,3.4975
97.9522,-0.6491,-12.3416,0.9912,-9.0538,-14.2047,7.1992,-0.5782,3.5225
97.9721,-0.8942,-12.3214,1.0342,-9.1177,-14.0617,7.1875,-0.6033,3.5474
97.9922,-1.1415,-12.3002,1.0776,-9.1821,-13.9174,7.1751,-0.6286,3.5724
98.0121,-1.3863,-12.2783,1.1205,-9.2459,-13.7747,7.1624,-0.6536,3.5972
98.0323,-1.6332,-12.2554,1.1639,-9.3102,-13.6306,7.1490,-0.6789,3.6223
98.0522,-1.8780,-12.2316,1.2068,-9.3740,-13.4878,7.1351,-0.7040,3.6471
98.0721,-2.1206,-12.2073,1.2494,-9.4372,-13.3463,7.1209,-0.7288,3.6716
98.0923,-2.3664,-12.1816,1.2925,-9.5012,-13.2029,7.1060,-0.7540,3.6965
98.1122,-2.6093,-12.1554,1.3351,-9.5644,-13.0612,7.0907,-0.7788,3.7211
98.1322,-2.8519,-12.1283,1.3777,-9.6275,-12.9197,7.0749,-0.8037,3.7457
98.1522,-3.0948,-12.1003,1.4203,-9.6907,-12.7780,7.0585,-0.8285,3.7703
98.1722,-3.3356,-12.0716,1.4626,-9.7534,-12.6376,7.0417,-0.8532,3.7946
98.1921,-3.5761,-12.0420,1.5048,-9.8159,-12.4973,7.0245,-0.8778,3.8190
98.2122,-3.8173,-12.0114,1.5471,-9.8786,-12.3566,7.0066,-0.9025,3.8434
98.2323,-4.0586,-11.9798,1.5894,-9.9413,-12.2158,6.9882,-0.9272,3.8678
98.2523,-4.2983,-11.9475,1.6315,-10.0037,-12.0760,6.9694,-0.9517,3.8920
98.2722,-4.5359,-11.9146,1.6732,-10.0654,-11.9374,6.9502,-0.9760,3.9160
98.2922,-4.7735,-11.8808,1.7149,-10.1271,-11.7988,6.9305,-1.0003,3.9401
98.3122,-5.0108,-11.8461,1.7565,-10.1888,-11.6604,6.9102,-1.0246,3.9640
98.3322,-5.2477,-11.8105,1.7980,-10.2503,-11.5222,6.8895,-1.0489,3.9880
98.3523,-5.4840,-11.7741,1.8395,-10.3116,-11.3844,6.8682,-1.0730,4.0119
98.3722,-5.7185,-11.7369,1.8807,-10.3725,-11.2476,6.8466,-1.0971,4.0355
98.3922,-5.9523,-11.6990,1.9217,-10.4332,-11.1112,6.8244,-1.1210,4.0592
98.4122,-6.1857,-11.6602,1.9626,-10.4938,-10.9750,6.8018,-1.1449,4.0827
98.4322,-6.4193,-11.6204,2.0036,-10.5544,-10.8387,6.7786,-1.1688,4.1063
98.4522,-6.6511,-11.5800,2.0443,-10.6145,-10.7035,6.7550,-1.1925,4.1297
98.4722,-6.8824,-11.5386,2.0849,-10.6745,-10.5686,6.7309,-1.2162,4.1530
98.4922,-7.1120,-11.4967,2.1252,-10.7340,-10.4347,6.7064,-1.2397,4.1762
98.5122,-7.3424,-11.4536,2.1656,-10.7937,-10.3003,6.6813,-1.2633,4.1994
98.5323,-7.5713,-11.4098,2.2058,-10.8530,-10.1667,6.6557,-1.2867,4.2225
98.5522,-7.7980,-11.3655,2.2455,-10.9117,-10.0345,6.6299,-1.3099,4.2454
98.5721,-8.0246,-11.3203,2.2853,-10.9704,-9.9023,6.6035,-1.3331,4.2682
98.5922,-8.2514,-11.2740,2.3251,-11.0292,-9.7700,6.5765,-1.3563,4.2911
98.6122,-8.4759,-11.2272,2.3645,-11.0873,-9.6390,6.5492,-1.3793,4.3137
98.6322,-8.7003,-11.1795,2.4038,-11.1454,-9.5082,6.5214,-1.4022,4.3363
98.6522,-8.9235,-11.1310,2.4430,-11.2031,-9.3779,6.4931,-1.4251,4.3588
98.6722,-9.1457,-11.0817,2.4820,-11.2606,-9.2484,6.4643,-1.4478,4.3811
98.6925,-9.3704,-11.0309,2.5214,-11.3187,-9.1173,6.4347,-1.4708,4.4038
98.7121,-9.5859,-10.9811,2.5592,-11.3745,-8.9915,6.4056,-1.4929,4.4254
98.7320,-9.8038,-10.9298,2.5975,-11.4308,-8.8644,6.3757,-1.5152,4.4474
98.7519,-10.0204,-10.8779,2.6355,-11.4868,-8.7381,6.3454,-1.5374,4.4692
98.7720,-10.2389,-10.8244,2.6738,-11.5432,-8.6107,6.3142,-1.5597,4.4911
98.7921,-10.4556,-10.7704,2.7118,-11.5992,-8.4842,6.2827,-1.5819,4.5129
98.8123,-10.6731,-10.7151,2.7500,-11.6554,-8.3573,6.2505,-1.6042,4.5348
98.8321,-10.8841,-10.6604,2.7870,-11.7098,-8.2343,6.2186,-1.6258,4.5560
98.8521,-11.0967,-10.6043,2.8243,-11.7647,-8.1103,6.1858,-1.6475,4.5773
98.8719,-11.3065,-10.5479,2.8611,-11.8189,-7.9879,6.1529,-1.6690,4.5984
98.8919,-11.5172,-10.4902,2.8981,-11.8732,-7.8650,6.1193,-1.6906,4.6196
98.9119,-11.7263,-10.4320,2.9348,-11.9271,-7.7430,6.0853,-1.7120,4.6406
98.9319,-11.9341,-10.3730,2.9713,-11.9807,-7.6218,6.0509,-1.7332,4.6614
98.9518,-12.1404,-10.3133,3.0075,-12.0339,-7.5014,6.0161,-1.7543,4.6821
98.9719,-12.3465,-10.2527,3.0436,-12.0870,-7.3812,5.9807,-1.7754,4.7028
98.9919,-12.5508,-10.1915,3.0795,-12.1396,-7.2620,5.9450,-1.7964,4.7233
99.0119,-12.7540,-10.1296,3.1151,-12.1920,-7.1435,5.9089,-1.8171,4.7437
99.0319,-12.9564,-10.0668,3.1506,-12.2441,-7.0254,5.8723,-1.8379,4.7639
99.0522,-13.1598,-10.0026,3.1863,-12.2964,-6.9068,5.8348,-1.8587,4.7843
99.0722,-13.3597,-9.9383,3.2214,-12.3479,-6.7902,5.7974,-1.8791,4.8043
99.0923,-13.5583,-9.8734,3.2562,-12.3990,-6.6743,5.7595,-1.8995,4.8242
99.1122,-13.7546,-9.8081,3.2907,-12.4494,-6.5598,5.7214,-1.9196,4.8439
99.1323,-13.9505,-9.7418,3.3250,-12.4998,-6.4455,5.6827,-1.9396,4.8635
99.1523,-14.1446,-9.6750,3.3591,-12.5497,-6.3323,5.6437,-1.9595,4.8829
99.1720,-14.3353,-9.6082,3.3926,-12.5987,-6.2211,5.6048,-1.9790,4.9020
99.1921,-14.5273,-9.5398,3.4262,-12.6480,-6.1091,5.5649,-1.9986,4.9212
99.2121,-14.7177,-9.4709,3.4597,-12.6969,-5.9980,5.5247,-2.0181,4.9402
99.2322,-14.9070,-9.4011,3.4929,-12.7455,-5.8876,5.4840,-2.0375,4.9591
99.2520,-15.0927,-9.3315,3.5255,-12.7931,-5.7792,5.4434,-2.0565,4.9777
99.2722,-15.2806,-9.2600,3.5584,-12.8413,-5.6697,5.4016,-2.0757,4.9965
99.2923,-15.4662,-9.1880,3.5910,-12.8889,-5.5614,5.3597,-2.0947,5.0150
99.3123,-15.6484,-9.1162,3.6230,-12.9356,-5.4551,5.3178,-2.1134,5.0332
99.3322,-15.8292,-9.0437,3.6547,-12.9819,-5.3496,5.2755,-2.1319,5.0512
99.3521,-16.0086,-8.9706,3.6862,-13.0278,-5.2450,5.2329,-2.1503,5.0691
99.3720,-16.1870,-8.8967,3.7175,-13.0735,-5.1409,5.1898,-2.1685,5.0869
99.3920,-16.3640,-8.8221,3.7485,-13.1188,-5.0376,5.1462,-2.1866,5.1045
99.4121,-16.5406,-8.7465,3.7795,-13.1640,-4.9347,5.1021,-2.2047,5.1221
99.4321,-16.7141,-8.6709,3.8099,-13.2083,-4.8335,5.0580,-2.2225,5.1394
99.4521,-16.8870,-8.5942,3.8403,-13.2526,-4.7326,5.0133,-2.2402,5.1566
99.4721,-17.0586,-8.5170,3.8704,-13.2964,-4.6325,4.9682,-2.2577,5.1737
99.4921,-17.2280,-8.4393,3.9001,-13.3397,-4.5336,4.9229,-2.2751,5.1906
99.5121,-17.3962,-8.3609,3.9296,-13.3826,-4.4355,4.8772,-2.2923,5.2073
99.5321,-17.5623,-8.2822,3.9588,-13.4250,-4.3387,4.8313,-2.3093,5.2238
99.5522,-17.7275,-8.2025,3.9878,-13.4671,-4.2423,4.7848,-2.3262,5.2402
99.5720,-17.8895,-8.1231,4.0162,-13.5084,-4.1478,4.7385,-2.3428,5.2563
99.5921,-18.0520,-8.0421,4.0447,-13.5498,-4.0530,4.6912,-2.3594,5.2724
99.6121,-18.2124,-7.9607,4.0728,-13.5907,-3.9594,4.6438,-2.3758,5.2883
99.6324,-18.3725,-7.8781,4.1009,-13.6314,-3.8661,4.5956,-2.3922,5.3042
99.6521,-18.5274,-7.7968,4.1281,-13.6709,-3.7757,4.5481,-2.4081,5.3196
99.6721,-18.6820,-7.7142,4.1552,-13.7102,-3.6855,4.5000,-2.4239,5.3349
99.6922,-18.8367,-7.6302,4.1824,-13.7495,-3.5953,4.4509,-2.4397,5.3502
99.7122,-18.9880,-7.5465,4.2089,-13.7880,-3.5070,4.4021,-2.4552,5.3652
99.7325,-19.1409,-7.4605,4.2357,-13.8268,-3.4178,4.3520,-2.4709,5.3803
99.7522,-19.2866,-7.3771,4.2613,-13.8638,-3.3328,4.3033,-2.4858,5.3947
99.7721,-19.4330,-7.2917,4.2870,-13.9009,-3.2474,4.2535,-2.5008,5.4092
99.7922,-19.5786,-7.2054,4.3125,-13.9378,-3.1625,4.2031,-2.5157,5.4236
99.8121,-19.7210,-7.1194,4.3375,-13.9739,-3.0794,4.1530,-2.5302,5.4376
99.8322,-19.8631,-7.0320,4.3625,-14.0099,-2.9966,4.1020,-2.5448,5.4517
99.8522,-20.0030,-6.9444,4.3870,-14.0453,-2.9149,4.0509,-2.5591,5.4655
99.8722,-20.1408,-6.8566,4.4112,-14.0801,-2.8345,3.9997,-2.5732,5.4790
99.8923,-20.2779,-6.7676,4.4353,-14.1148,-2.7546,3.9477,-2.5872,5.4926
99.9120,-20.4104,-6.6799,4.4585,-14.1483,-2.6773,3.8966,-2.6008,5.5056
99.9319,-20.5425,-6.5909,4.4817,-14.1816,-2.6002,3.8447,-2.6143,5.5186
99.9523,-20.6756,-6.4995,4.5050,-14.2152,-2.5226,3.7914,-2.6279,5.5317
99.9720,-20.8033,-6.4102,4.5274,-14.2473,-2.4481,3.7393,-2.6410,5.5442
99.9922,-20.9313,-6.3189,4.5499,-14.2796,-2.3734,3.6860,-2.6541,5.5568
100.0122,-21.0571,-6.2275,4.5720,-14.3112,-2.3000,3.6327,-2.6670,5.5691
100.0323,-21.1810,-6.1356,4.5937,-14.3424,-2.2277,3.5791,-2.6797,5.5813
100.0522,-21.3024,-6.0438,4.6150,-14.3729,-2.1569,3.5256,-2.6921,5.5932
100.0722,-21.4223,-5.9513,4.6361,-14.4030,-2.0870,3.4716,-2.7044,5.6049
100.0922,-21.5406,-5.8583,4.6568,-14.4327,-2.0180,3.4173,-2.7165,5.6165
100.1122,-21.6566,-5.7651,4.6772,-14.4617,-1.9503,3.3630,-2.7283,5.6278
100.1320,-21.7699,-5.6723,4.6970,-14.4901,-1.8842,3.3088,-2.7399,5.6389
100.1521,-21.8830,-5.5776,4.7169,-14.5184,-1.8182,3.2536,-2.7515,5.6499
100.1723,-21.9945,-5.4823,4.7364,-14.5462,-1.7532,3.1980,-2.7629,5.6608
100.1923,-22.1034,-5.3872,4.7555,-14.5734,-1.6897,3.1426,-2.7741,5.6714
100.2122,-22.2096,-5.2925,4.7742,-14.5999,-1.6277,3.0873,-2.7849,5.6817
100.2323,-22.3150,-5.1963,4.7927,-14.6262,-1.5663,3.0312,-2.7957,5.6920
100.2523,-22.4179,-5.1003,4.8107,-14.6518,-1.5062,2.9752,-2.8063,5.7019
100.2723,-22.5190,-5.0039,4.8285,-14.6769,-1.4472,2.9189,-2.8166,5.7117
100.2923,-22.6180,-4.9072,4.8459,-14.7015,-1.3895,2.8625,-2.8267,5.7213
100.3121,-22.7146,-4.8108,4.8628,-14.7254,-1.3332,2.8063,-2.8366,5.7307
100.3322,-22.8103,-4.7129,4.8796,-14.7491,-1.2773,2.7492,-2.8464,5.7399
100.3523,-22.9039,-4.6148,4.8960,-14.7722,-1.2227,2.6920,-2.8560,5.7489
100.3722,-22.9949,-4.5170,4.9120,-14.7947,-1.1696,2.6349,-2.8653,5.7577
100.3922,-23.0842,-4.4187,4.9276,-14.8167,-1.1176,2.5776,-2.8745,5.7663
100.4122,-23.1716,-4.3200,4.9430,-14.8382,-1.0666,2.5200,-2.8834,5.7747
100.4323,-23.2574,-4.2205,4.9580,-14.8592,-1.0165,2.4620,-2.8922,5.7829
100.4522,-23.3404,-4.1217,4.9726,-14.8796,-0.9681,2.4044,-2.9007,5.7909
100.4722,-23.4218,-4.0222,4.9869,-14.8995,-0.9206,2.3463,-2.9090,5.7987
100.4923,-23.5015,-3.9219,5.0009,-14.9190,-0.8741,2.2878,-2.9172,5.8063
100.5123,-23.5790,-3.8217,5.0145,-14.9379,-0.8289,2.2293,-2.9251,5.8136
100.5322,-23.6541,-3.7217,5.0276,-14.9561,-0.7851,2.1710,-2.9328,5.8208
100.5522,-23.7276,-3.6210,5.0405,-14.9740,-0.7423,2.1122,-2.9403,5.8277
100.5722,-23.7990,-3.5200,5.0531,-14.9913,-0.7006,2.0533,-2.9476,5.8345
100.5923,-23.8686,-3.4185,5.0653,-15.0081,-0.6600,1.9941,-2.9547,5.8411
100.6122,-23.9358,-3.3173,5.0771,-15.0243,-0.6208,1.9351,-2.9616,5.8474
100.6322,-24.0012,-3.2156,5.0885,-15.0399,-0.5826,1.8758,-2.9683,5.8535
100.6522,-24.0644,-3.1138,5.0996,-15.0551,-0.5458,1.8164,-2.9748,5.8595
100.6721,-24.1252,-3.0126,5.1103,-15.0696,-0.5103,1.7573,-2.9810,5.8651
100.6921,-24.1845,-2.9100,5.1207,-15.0837,-0.4757,1.6975,-2.9871,5.8707
100.7122,-24.2420,-2.8069,5.1308,-15.0973,-0.4421,1.6374,-2.9930,5.8760
100.7322,-24.2971,-2.7043,5.1405,-15.1103,-0.4100,1.5775,-2.9986,5.8811
100.7523,-24.3503,-2.6011,5.1498,-15.1228,-0.3790,1.5173,-3.0040,5.8860
100.7721,-24.4009,-2.4989,5.1587,-15.1346,-0.3495,1.4577,-3.0092,5.8906
100.7921,-24.4499,-2.3955,5.1673,-15.1460,-0.3209,1.3974,-3.0142,5.8950
100.8123,-24.4973,-2.2908,5.1756,-15.1569,-0.2932,1.3363,-3.0191,5.8993
100.8323,-24.5419,-2.1877,5.1834,-15.1671,-0.2672,1.2762,-3.0237,5.9034
100.8521,-24.5844,-2.0846,5.1909,-15.1768,-0.2425,1.2160,-3.0280,5.9072
100.8721,-24.6250,-1.9807,5.1980,-15.1860,-0.2187,1.1554,-3.0322,5.9108
100.8922,-24.6637,-1.8762,5.2048,-15.1947,-0.1962,1.0945,-3.0361,5.9142
100.9121,-24.7000,-1.7726,5.2112,-15.2028,-0.1750,1.0340,-3.0398,5.9173
100.9320,-24.7343,-1.6688,5.2172,-15.2103,-0.1550,0.9734,-3.0433,5.9203
100.9522,-24.7669,-1.5634,5.2229,-15.2173,-0.1360,0.9120,-3.0467,5.9231
100.9723,-24.7973,-1.4584,5.2282,-15.2238,-0.1182,0.8507,-3.0498,5.9257
100.9923,-24.8253,-1.3540,5.2331,-15.2297,-0.1019,0.7898,-3.0527,5.9280
101.0122,-24.8513,-1.2496,5.2377,-15.2351,-0.0867,0.7289,-3.0553,5.9301
101.0322,-24.8753,-1.1448,5.2419,-15.2399,-0.0728,0.6678,-3.0578,5.9320
101.0520,-24.8969,-1.0408,5.2457,-15.2441,-0.0601,0.6071,-3.0600,5.9337
101.0721,-24.9167,-0.9357,5.2492,-15.2478,-0.0486,0.5458,-3.0620,5.9351
101.0922,-24.9345,-0.8298,5.2523,-15.2510,-0.0382,0.4840,-3.0638,5.9364
101.1122,-24.9501,-0.7248,5.2550,-15.2536,-0.0291,0.4228,-3.0654,5.9375
101.1322,-24.9635,-0.6196,5.2574,-15.2556,-0.0213,0.3614,-3.0668,5.9383
101.1522,-24.9748,-0.5146,5.2594,-15.2571,-0.0147,0.3002,-3.0680,5.9389
101.1720,-24.9840,-0.4104,5.2610,-15.2581,-0.0093,0.2394,-3.0689,5.9393
101.1921,-24.9912,-0.3047,5.2622,-15.2585,-0.0051,0.1777,-3.0696,5.9395
101.2121,-24.9962,-0.1994,5.2631,-15.2583,-0.0022,0.1163,-3.0702,5.9395
101.2321,-24.9992,-0.0940,5.2636,-15.2576,-0.0005,0.0548,-3.0705,5.9393
101.2522,-25.0000,0.0116,5.2638,-15.2564,-0.0000,-0.0068,-3.0705,5.9388
101.2725,-24.9987,0.1184,5.2636,-15.2545,-0.0008,-0.0691,-3.0704,5.9381
101.2921,-24.9953,0.2218,5.2630,-15.2522,-0.0027,-0.1294,-3.0701,5.9373
101.3121,-24.9898,0.3271,5.2620,-15.2493,-0.0059,-0.1908,-3.0695,5.9362
101.3321,-24.9823,0.4320,5.2607,-15.2459,-0.0103,-0.2520,-3.0687,5.9349
101.3519,-24.9727,0.5363,5.2590,-15.2419,-0.0159,-0.3128,-3.0677,5.9334
101.3721,-24.9608,0.6424,5.2569,-15.2373,-0.0229,-0.3748,-3.0665,5.9316
101.3921,-24.9469,0.7473,5.2545,-15.2322,-0.0310,-0.4359,-3.0651,5.9297
101.4120,-24.9309,0.8522,5.2517,-15.2266,-0.0403,-0.4971,-3.0635,5.9275
101.4320,-24.9128,0.9573,5.2485,-15.2203,-0.0509,-0.5584,-3.0616,5.9251
101.4519,-24.8928,1.0616,5.2450,-15.2136,-0.0626,-0.6193,-3.0596,5.9225
101.4719,-24.8705,1.1663,5.2411,-15.2063,-0.0755,-0.6804,-3.0573,5.9197
101.4919,-24.8461,1.2712,5.2368,-15.1985,-0.0898,-0.7415,-3.0548,5.9167
101.5119,-24.8197,1.3756,5.2322,-15.1901,-0.1052,-0.8024,-3.0521,5.9135
101.5319,-24.7911,1.4804,5.2271,-15.1812,-0.1219,-0.8636,-3.0492,5.9101
101.5519,-24.7605,1.5849,5.2218,-15.1717,-0.1397,-0.9245,-3.0460,5.9064
101.5719,-24.7277,1.6892,5.2160,-15.1617,-0.1588,-0.9854,-3.0427,5.9025
101.5919,-24.6928,1.7937,5.2099,-15.1511,-0.1792,-1.0463,-3.0391,5.8985
101.6119,-24.6560,1.8976,5.2034,-15.1400,-0.2007,-1.1070,-3.0353,5.8942
101.6319,-24.6170,2.0016,5.1966,-15.1283,-0.2234,-1.1676,-3.0313,5.8897
101.6521,-24.5755,2.1065,5.1893,-15.1160,-0.2476,-1.2288,-3.0271,5.8849
101.6722,-24.5320,2.2109,5.1817,-15.1031,-0.2730,-1.2897,-3.0226,5.8800
101.6922,-24.4869,2.3143,5.1738,-15.0899,-0.2993,-1.3500,-3.0180,5.8748
101.7122,-24.4394,2.4180,5.1654,-15.0760,-0.3270,-1.4105,-3.0132,5.8695
101.7321,-24.3903,2.5207,5.1568,-15.0617,-0.3557,-1.4704,-3.0081,5.8640
101.7522,-24.3387,2.6239,5.1478,-15.0468,-0.3857,-1.5306,-3.0029,5.8582
101.7722,-24.2851,2.7270,5.1384,-15.0313,-0.4170,-1.5907,-2.9974,5.8522
101.7922,-24.2295,2.8297,5.1286,-15.0153,-0.4495,-1.6507,-2.9917,5.8460
101.8122,-24.1719,2.9322,5.1185,-14.9988,-0.4831,-1.7105,-2.9858,5.8396
101.8320,-24.1129,3.0334,5.1081,-14.9819,-0.5175,-1.7695,-2.9797,5.8331
101.8522,-24.0507,3.1362,5.0972,-14.9642,-0.5538,-1.8295,-2.9734,5.8262
101.8722,-23.9869,3.2381,5.0860,-14.9461,-0.5910,-1.8889,-2.9669,5.8192
101.8923,-23.9209,3.3400,5.0745,-14.9274,-0.6295,-1.9484,-2.9601,5.8120
101.9122,-23.8532,3.4412,5.0626,-14.9083,-0.6690,-2.0074,-2.9532,5.8046
101.9322,-23.7833,3.5424,5.0503,-14.8886,-0.7097,-2.0664,-2.9460,5.7970
101.9523,-23.7112,3.6438,5.0376,-14.8682,-0.7518,-2.1255,-2.9386,5.7891
101.9722,-23.6378,3.7437,5.0248,-14.8476,-0.7946,-2.1838,-2.9311,5.7811
101.9921,-23.5621,3.8438,5.0115,-14.8264,-0.8388,-2.2422,-2.9234,5.7729
102.0123,-23.4837,3.9446,4.9977,-14.8045,-0.8845,-2.3010,-2.9153,5.7644
102.0321,-23.4043,4.0437,4.9838,-14.7823,-0.9308,-2.3588,-2.9072,5.7558
102.0522,-23.3220,4.1438,4.9694,-14.7594,-0.9788,-2.4172,-2.8988,5.7469
102.0722,-23.2383,4.2429,4.9547,-14.7361,-1.0277,-2.4750,-2.8902,5.7379
102.0922,-23.1526,4.3416,4.9397,-14.7123,-1.0776,-2.5326,-2.8815,5.7287
102.1122,-23.0645,4.4406,4.9242,-14.6878,-1.1291,-2.5904,-2.8724,5.7192
102.1321,-22.9753,4.5383,4.9085,-14.6631,-1.1811,-2.6473,-2.8633,5.7096
102.1522,-22.8829,4.6369,4.8923,-14.6375,-1.2350,-2.7049,-2.8539,5.6997
102.1723,-22.7891,4.7348,4.8759,-14.6116,-1.2897,-2.7620,-2.8443,5.6897
102.1923,-22.6934,4.8321,4.8591,-14.5852,-1.3455,-2.8187,-2.8345,5.6794
102.2122,-22.5963,4.9286,4.8420,-14.5584,-1.4022,-2.8750,-2.8245,5.6691
102.2323,-22.4963,5.0258,4.8245,-14.5309,-1.4605,-2.9317,-2.8143,5.6584
102.2522,-22.3952,5.1217,4.8068,-14.5031,-1.5194,-2.9876,-2.8039,5.6476
102.2722,-22.2918,5.2177,4.7886,-14.4747,-1.5798,-3.0437,-2.7934,5.6366
102.2922,-22.1866,5.3131,4.7702,-14.4458,-1.6411,-3.0993,-2.7826,5.6254
102.3121,-22.0796,5.4082,4.7514,-14.4165,-1.7036,-3.1548,-2.7716,5.6140
102.3322,-21.9702,5.5032,4.7322,-14.3865,-1.7674,-3.2102,-2.7604,5.6024
102.3522,-21.8590,5.5979,4.7127,-14.3560,-1.8323,-3.2654,-2.7491,5.5906
102.3723,-21.7456,5.6923,4.6928,-14.3251,-1.8984,-3.3205,-2.7374,5.5786
102.3920,-21.6327,5.7845,4.6730,-14.2942,-1.9643,-3.3743,-2.7259,5.5666
102.4120,-21.5160,5.8778,4.6525,-14.2624,-2.0323,-3.4287,-2.7140,5.5542
102.4320,-21.3973,5.9708,4.6317,-14.2300,-2.1016,-3.4830,-2.7018,5.5417
102.4524,-21.2749,6.0648,4.6102,-14.1966,-2.1730,-3.5378,-2.6893,5.5287
102.4721,-21.1545,6.1554,4.5891,-14.1638,-2.2432,-3.5907,-2.6769,5.5160
102.4922,-21.0296,6.2476,4.5671,-14.1298,-2.3161,-3.6445,-2.6642,5.5028
102.5121,-20.9043,6.3383,4.5452,-14.0958,-2.3891,-3.6974,-2.6513,5.4896
102.5320,-20.7775,6.4284,4.5229,-14.0613,-2.4631,-3.7499,-2.6384,5.4762
102.5525,-20.6446,6.5210,4.4996,-14.0252,-2.5407,-3.8039,-2.6248,5.4622
102.5721,-20.5157,6.6091,4.4770,-13.9903,-2.6158,-3.8553,-2.6116,5.4487
102.5922,-20.3819,6.6989,4.4535,-13.9540,-2.6939,-3.9077,-2.5979,5.4346
102.6120,-20.2484,6.7869,4.4301,-13.9178,-2.7718,-3.9590,-2.5842,5.4205
102.6320,-20.1119,6.8751,4.4061,-13.8808,-2.8514,-4.0105,-2.5702,5.4062
102.6523,-19.9719,6.9640,4.3816,-13.8430,-2.9330,-4.0623,-2.5559,5.3915
102.6720,-19.8334,7.0504,4.3573,-13.8055,-3.0138,-4.1127,-2.5417,5.3770
102.6920,-19.6915,7.1373,4.3324,-13.7671,-3.0966,-4.1634,-2.5272,5.3621
102.7119,-19.5486,7.2233,4.3073,-13.7285,-3.1800,-4.2136,-2.5126,5.3471
102.7323,-19.4009,7.3106,4.2814,-13.6886,-3.2662,-4.2645,-2.4975,5.3316
102.7522,-19.2540,7.3958,4.2556,-13.6490,-3.3518,-4.3142,-2.4824,5.3162
102.7720,-19.1067,7.4799,4.2297,-13.6092,-3.4378,-4.3633,-2.4674,5.3008
102.7921,-18.9556,7.5646,4.2032,-13.5685,-3.5259,-4.4127,-2.4519,5.2850
102.8122,-18.8031,7.6485,4.1765,-13.5274,-3.6148,-4.4616,-2.4363,5.2690
102.8320,-18.6503,7.7313,4.1497,-13.4862,-3.7040,-4.5099,-2.4206,5.2530
102.8521,-18.4945,7.8142,4.1223,-13.4443,-3.7949,-4.5583,-2.4047,5.2368
102.8721,-18.3370,7.8966,4.0947,-13.4019,-3.8868,-4.6063,-2.3886,5.2203
102.8921,-18.1782,7.9782,4.0668,-13.3592,-3.9794,-4.6539,-2.3723,5.2037
102.9124,-18.0157,8.0603,4.0383,-13.3155,-4.0742,-4.7018,-2.3557,5.1868
102.9322,-17.8557,8.1398,4.0103,-13.2725,-4.1675,-4.7482,-2.3393,5.1701
102.9521,-17.6925,8.2195,3.9816,-13.2287,-4.2627,-4.7947,-2.3226,5.1530
102.9722,-17.5262,8.2994,3.9524,-13.1840,-4.3597,-4.8413,-2.3056,5.1357
102.9922,-17.3601,8.3779,3.9233,-13.1394,-4.4566,-4.8871,-2.2886,5.1184
103.0123,-17.1907,8.4565,3.8936,-13.0940,-4.5554,-4.9330,-2.2713,5.1007
103.0322,-17.0215,8.5338,3.8639,-13.0486,-4.6541,-4.9780,-2.2539,5.0831
103.0521,-16.8506,8.6105,3.8339,-13.0028,-4.7538,-5.0228,-2.2364,5.0653
103.0723,-16.6761,8.6876,3.8033,-12.9560,-4.8556,-5.0677,-2.2186,5.0472
103.0922,-16.5029,8.7627,3.7729,-12.9097,-4.9566,-5.1116,-2.2009,5.0292
103.1123,-16.3261,8.8382,3.7419,-12.8623,-5.0597,-5.1556,-2.1828,5.0108
103.1321,-16.1497,8.9123,3.7109,-12.8151,-5.1627,-5.1988,-2.1647,4.9924
103.1523,-15.9692,8.9868,3.6792,-12.7668,-5.2680,-5.2423,-2.1462,4.9737
103.1721,-15.7903,9.0595,3.6479,-12.7189,-5.3723,-5.2847,-2.1279,4.9551
103.1923,-15.6071,9.1326,3.6157,-12.6700,-5.4792,-5.3273,-2.1092,4.9361
103.2123,-15.4239,9.2045,3.5836,-12.6210,-5.5861,-5.3693,-2.0904,4.9171
103.2322,-15.2392,9.2758,3.5512,-12.5716,-5.6938,-5.4109,-2.0715,4.8979
103.2523,-15.0528,9.3466,3.5185,-12.5219,-5.8025,-5.4522,-2.0524,4.8786
103.2722,-14.8656,9.4165,3.4856,-12.4719,-5.9117,-5.4929,-2.0333,4.8591
103.2922,-14.6763,9.4859,3.4524,-12.4214,-6.0221,-5.5335,-2.0139,4.8395
103.3123,-14.4855,9.5548,3.4189,-12.3704,-6.1335,-5.5736,-1.9944,4.8197
103.3321,-14.2954,9.6222,3.3856,-12.3197,-6.2443,-5.6130,-1.9749,4.8000
103.3522,-14.1015,9.6899,3.3515,-12.2680,-6.3574,-5.6524,-1.9551,4.7800
103.3723,-13.9063,9.7568,3.3173,-12.2160,-6.4713,-5.6915,-1.9351,4.7597
103.3922,-13.7107,9.8228,3.2830,-12.1639,-6.5854,-5.7299,-1.9151,4.7395
103.4122,-13.5138,9.8880,3.2484,-12.1114,-6.7003,-5.7680,-1.8949,4.7191
103.4323,-13.3145,9.9529,3.2135,-12.0583,-6.8166,-5.8059,-1.8745,4.6985
103.4521,-13.1167,10.0162,3.1788,-12.0056,-6.9319,-5.8428,-1.8543,4.6780
103.4722,-12.9147,10.0798,3.1433,-11.9519,-7.0497,-5.8799,-1.8336,4.6571
103.4922,-12.7127,10.1422,3.1079,-11.8981,-7.1676,-5.9163,-1.8129,4.6363
103.5122,-12.5089,10.2041,3.0721,-11.8439,-7.2865,-5.9524,-1.7921,4.6152
103.5323,-12.3040,10.2653,3.0362,-11.7894,-7.4060,-5.9881,-1.7711,4.5940
103.5522,-12.0983,10.3256,3.0001,-11.7347,-7.5260,-6.0233,-1.7500,4.5728
103.5722,-11.8912,10.3852,2.9637,-11.6797,-7.6468,-6.0580,-1.7288,4.5514
103.5922,-11.6833,10.4440,2.9272,-11.6244,-7.7681,-6.0924,-1.7076,4.5299
103.6122,-11.4734,10.5023,2.8904,-11.5686,-7.8905,-6.1264,-1.6861,4.5082
103.6323,-11.2626,10.5598,2.8534,-11.5127,-8.0135,-6.1599,-1.6645,4.4865
103.6522,-11.0512,10.6164,2.8163,-11.4565,-8.1368,-6.1929,-1.6429,4.4647
103.6722,-10.8387,10.6723,2.7790,-11.4001,-8.2608,-6.2255,-1.6211,4.4428
103.6923,-10.6239,10.7277,2.7414,-11.3431,-8.3860,-6.2578,-1.5991,4.4206
103.7122,-10.4091,10.7820,2.7037,-11.2861,-8.5113,-6.2895,-1.5771,4.3985
103.7321,-10.1940,10.8355,2.6659,-11.2290,-8.6368,-6.3207,-1.5551,4.3763
103.7522,-9.9758,10.8886,2.6277,-11.1712,-8.7641,-6.3517,-1.5328,4.3538
103.7722,-9.7581,10.9407,2.5895,-11.1135,-8.8911,-6.3821,-1.5105,4.3314
103.7923,-9.5376,10.9923,2.5508,-11.0550,-9.0197,-6.4122,-1.4879,4.3087
103.8125,-9.3152,11.0434,2.5117,-10.9961,-9.1495,-6.4420,-1.4652,4.2858
103.8322,-9.0964,11.0927,2.4734,-10.9381,-9.2771,-6.4707,-1.4428,4.2632
103.8522,-8.8749,11.1416,2.4345,-10.8794,-9.4063,-6.4993,-1.4201,4.2404
103.8722,-8.6505,11.1901,2.3951,-10.8200,-9.5372,-6.5276,-1.3972,4.2173
103.8922,-8.4269,11.2375,2.3559,-10.7608,-9.6677,-6.5552,-1.3743,4.1943
103.9121,-8.2024,11.2841,2.3165,-10.7014,-9.7986,-6.5824,-1.3513,4.1712
103.9322,-7.9759,11.3301,2.2768,-10.6414,-9.9307,-6.6092,-1.3281,4.1480
103.9520,-7.7503,11.3749,2.2372,-10.5818,-10.0623,-6.6354,-1.3050,4.1248
103.9722,-7.5202,11.4197,2.1968,-10.5209,-10.1966,-6.6615,-1.2815,4.1011
103.9922,-7.2913,11.4632,2.1566,-10.4603,-10.3301,-6.6869,-1.2580,4.0776
104.0121,-7.0632,11.5057,2.1166,-10.4000,-10.4631,-6.7116,-1.2347,4.0541
104.0322,-6.8308,11.5479,2.0758,-10.3386,-10.5987,-6.7363,-1.2109,4.0303
104.0521,-6.6013,11.5887,2.0356,-10.2780,-10.7326,-6.7601,-1.1874,4.0067
104.0722,-6.3682,11.6292,1.9947,-10.2164,-10.8686,-6.7837,-1.1635,3.9827
104.0923,-6.1341,11.6689,1.9536,-10.1545,-11.0051,-6.8068,-1.1396,3.9587
104.1122,-5.9005,11.7075,1.9126,-10.0928,-11.1414,-6.8294,-1.1157,3.9347
104.1322,-5.6662,11.7453,1.8715,-10.0310,-11.2780,-6.8514,-1.0917,3.9107
104.1521,-5.4328,11.7820,1.8305,-9.9693,-11.4142,-6.8728,-1.0678,3.8867
104.1721,-5.1962,11.8183,1.7890,-9.9069,-11.5522,-6.8940,-1.0436,3.8625
104.1923,-4.9577,11.8539,1.7472,-9.8440,-11.6913,-6.9148,-1.0192,3.8380
104.2122,-4.7213,11.8883,1.7057,-9.7816,-11.8292,-6.9348,-0.9950,3.8138
104.2322,-4.4834,11.9220,1.6640,-9.7188,-11.9680,-6.9545,-0.9706,3.7894
104.2521,-4.2452,11.9548,1.6222,-9.6560,-12.1070,-6.9736,-0.9463,3.7649
104.2721,-4.0059,11.9868,1.5802,-9.5929,-12.2465,-6.9923,-0.9218,3.7404
104.2923,-3.7635,12.0183,1.5376,-9.5290,-12.3879,-7.0106,-0.8970,3.7156
104.3121,-3.5257,12.0482,1.4959,-9.4663,-12.5267,-7.0281,-0.8726,3.6912
104.3322,-3.2829,12.0779,1.4533,-9.4024,-12.6683,-7.0455,-0.8478,3.6663
104.3521,-3.0420,12.1064,1.4110,-9.3389,-12.8088,-7.0621,-0.8231,3.6417
104.3725,-2.7951,12.1347,1.3677,-9.2739,-12.9529,-7.0786,-0.7978,3.6164
104.3922,-2.5559,12.1613,1.3258,-9.2109,-13.0924,-7.0941,-0.7734,3.5919
104.4121,-2.3133,12.1873,1.2832,-9.1470,-13.2339,-7.1092,-0.7485,3.5671
104.4322,-2.0686,12.2126,1.2403,-9.0826,-13.3766,-7.1240,-0.7235,3.5420
104.4522,-1.8235,12.2370,1.1972,-9.0181,-13.5196,-7.1383,-0.6984,3.5170
104.4729,-1.5699,12.2613,1.1528,-8.9513,-13.6676,-7.1524,-0.6724,3.4910
104.4922,-1.3330,12.2832,1.1112,-8.8890,-13.8058,-7.1652,-0.6482,3.4668
104.5122,-1.0869,12.3050,1.0680,-8.8243,-13.9493,-7.1779,-0.6230,3.4416
104.5322,-0.8409,12.3259,1.0248,-8.7596,-14.0928,-7.1901,-0.5978,3.4165
104.5524,-0.5921,12.3461,0.9812,-8.6942,-14.2380,-7.2019,-0.5724,3.3910
104.5721,-0.3482,12.3651,0.9384,-8.6301,-14.3802,-7.2130,-0.5474,3.3661
104.5921,-0.1008,12.3834,0.8950,-8.5650,-14.5245,-7.2236,-0.5221,3.3408
104.6122,0.1479,12.4009,0.8513,-8.4997,-14.6696,-7.2339,-0.4966,3.3154
104.6322,0.3965,12.4175,0.8077,-8.4344,-14.8146,-7.2436,-0.4712,3.2900
104.6523,0.6464,12.4333,0.7639,-8.3687,-14.9604,-7.2528,-0.4456,3.2645
104.6722,0.8936,12.4481,0.7205,-8.3038,-15.1046,-7.2614,-0.4203,3.2392
104.6921,1.1418,12.4620,0.6770,-8.2386,-15.2494,-7.2695,-0.3949,3.2139
104.7121,1.3910,12.4751,0.6332,-8.1732,-15.3947,-7.2771,-0.3694,3.1885
104.7321,1.6411,12.4874,0.5894,-8.1076,-15.5406,-7.2843,-0.3438,3.1629
104.7522,1.8915,12.4987,0.5454,-8.0418,-15.6867,-7.2909,-0.3182,3.1374
104.7722,2.1419,12.5092,0.5015,-7.9761,-15.8328,-7.2970,-0.2925,3.1118
104.7922,2.3920,12.5188,0.4576,-7.9105,-15.9787,-7.3026,-0.2669,3.0863
104.8122,2.6427,12.5275,0.4136,-7.8448,-16.1249,-7.3077,-0.2413,3.0608
104.8327,2.8995,12.5355,0.3686,-7.7774,-16.2747,-7.3124,-0.2150,3.0346
104.8524,3.1462,12.5424,0.3253,-7.7127,-16.4186,-7.3164,-0.1897,3.0094
104.8722,3.3949,12.5484,0.2816,-7.6475,-16.5637,-7.3199,-0.1643,2.9841
104.8922,3.6460,12.5536,0.2376,-7.5818,-16.7101,-7.3229,-0.1386,2.9585
104.9122,3.8975,12.5579,0.1934,-7.5158,-16.8569,-7.3254,-0.1128,2.9329
104.9324,4.1505,12.5613,0.1491,-7.4496,-17.0045,-7.3274,-0.0869,2.9071
104.9523,4.4010,12.5639,0.1051,-7.3839,-17.1506,-7.3289,-0.0613,2.8816
104.9722,4.6504,12.5655,0.0613,-7.3186,-17.2961,-7.3299,-0.0358,2.8562
104.9923,4.9026,12.5663,0.0171,-7.2526,-17.4432,-7.3303,-0.0100,2.8305
105.0123,5.1547,12.5662,-0.0271,-7.1866,-17.5902,-7.3303,0.0158,2.8048
105.0323,5.4053,12.5652,-0.0711,-7.1210,-17.7364,-7.3297,0.0415,2.7793
105.0522,5.6564,12.5634,-0.1152,-7.0553,-17.8829,-7.3286,0.0672,2.7538
105.0721,5.9056,12.5606,-0.1589,-6.9901,-18.0282,-7.3270,0.0927,2.7284
105.0921,6.1565,12.5570,-0.2029,-6.9245,-18.1746,-7.3249,0.1184,2.7029
105.1122,6.4099,12.5525,-0.2474,-6.8582,-18.3225,-7.3223,0.1443,2.6771
105.1322,6.6604,12.5471,-0.2913,-6.7927,-18.4686,-7.3191,0.1699,2.6516
105.1522,6.9112,12.5408,-0.3353,-6.7271,-18.6148,-7.3155,0.1956,2.6261
105.1721,7.1610,12.5337,-0.3792,-6.6618,-18.7606,-7.3113,0.2212,2.6007
105.1921,7.4114,12.5257,-0.4231,-6.5964,-18.9066,-7.3067,0.2468,2.5753
105.2121,7.6618,12.5168,-0.4670,-6.5309,-19.0527,-7.3015,0.2724,2.5498
105.2321,7.9118,12.5070,-0.5109,-6.4656,-19.1986,-7.2958,0.2980,2.5244
105.2523,8.1650,12.4962,-0.5553,-6.3995,-19.3463,-7.2895,0.3239,2.4987
105.2721,8.4120,12.4848,-0.5987,-6.3350,-19.4903,-7.2828,0.3492,2.4736
105.2923,8.6636,12.4723,-0.6428,-6.2693,-19.6371,-7.2755,0.3750,2.4481
105.3122,8.9120,12.4591,-0.6864,-6.2044,-19.7820,-7.2678,0.4004,2.4228
105.3323,9.1618,12.4449,-0.7302,-6.1392,-19.9277,-7.2595,0.4260,2.3975
105.3521,9.4088,12.4299,-0.7736,-6.0748,-20.0718,-7.2508,0.4512,2.3724
105.3721,9.6567,12.4141,-0.8171,-6.0101,-20.2164,-7.2415,0.4766,2.3472
105.3923,9.9078,12.3971,-0.8611,-5.9446,-20.3629,-7.2316,0.5023,2.3218
105.4121,10.1532,12.3796,-0.9042,-5.8806,-20.5060,-7.2214,0.5274,2.2969
105.4323,10.4026,12.3609,-0.9479,-5.8156,-20.6515,-7.2105,0.5530,2.2716
105.4521,10.6473,12.3417,-0.9909,-5.7518,-20.7943,-7.1993,0.5780,2.2468
105.4720,10.8926,12.3216,-1.0339,-5.6878,-20.9373,-7.1876,0.6031,2.2219
105.4922,11.1414,12.3002,-1.0776,-5.6230,-21.0825,-7.1751,0.6286,2.1967
105.5123,11.3883,12.2782,-1.1209,-5.5587,-21.2265,-7.1623,0.6538,2.1716
105.5321,11.6313,12.2555,-1.1635,-5.4954,-21.3683,-7.1491,0.6787,2.1470
105.5521,11.8766,12.2318,-1.2066,-5.4315,-21.5113,-7.1352,0.7038,2.1222
105.5720,12.1189,12.2074,-1.2491,-5.3684,-21.6527,-7.1210,0.7286,2.0976
105.5922,12.3652,12.1818,-1.2923,-5.3042,-21.7964,-7.1060,0.7538,2.0727
105.6122,12.6096,12.1554,-1.3352,-5.2407,-21.9389,-7.0906,0.7788,2.0479
105.6322,12.8525,12.1283,-1.3778,-5.1774,-22.0806,-7.0748,0.8037,2.0233
105.6521,13.0932,12.1005,-1.4200,-5.1148,-22.2211,-7.0586,0.8284,1.9990
105.6722,13.3354,12.0716,-1.4625,-5.0518,-22.3623,-7.0418,0.8531,1.9745
105.6922,13.5776,12.0418,-1.5050,-4.9888,-22.5036,-7.0244,0.8779,1.9499
105.7122,13.8180,12.0113,-1.5472,-4.9263,-22.6438,-7.0066,0.9025,1.9256
105.7321,14.0566,11.9801,-1.5891,-4.8643,-22.7830,-6.9884,0.9270,1.9015
105.7522,14.2969,11.9477,-1.6312,-4.8018,-22.9232,-6.9695,0.9516,1.8772
105.7722,14.5349,11.9148,-1.6730,-4.7400,-23.0620,-6.9503,0.9759,1.8531
105.7922,14.7739,11.8808,-1.7149,-4.6779,-23.2014,-6.9304,1.0004,1.8290
105.8121,15.0095,11.8463,-1.7563,-4.6167,-23.3389,-6.9103,1.0245,1.8052
105.8323,15.2480,11.8105,-1.7981,-4.5547,-23.4780,-6.8894,1.0489,1.7811
105.8522,15.4830,11.7742,-1.8393,-4.4937,-23.6151,-6.8683,1.0730,1.7573
105.8722,15.7178,11.7370,-1.8805,-4.4328,-23.7521,-6.8466,1.0970,1.7336
105.8922,15.9524,11.6990,-1.9217,-4.3719,-23.8889,-6.8244,1.1210,1.7099
105.9122,16.1865,11.6601,-1.9628,-4.3111,-24.0255,-6.8017,1.1450,1.6863
105.9322,16.4195,11.6204,-2.0037,-4.2507,-24.1614,-6.7785,1.1688,1.6628
105.9520,16.6489,11.5803,-2.0439,-4.1912,-24.2952,-6.7552,1.1923,1.6396
105.9721,16.8805,11.5390,-2.0845,-4.1311,-24.4303,-6.7311,1.2160,1.6162
105.9922,17.1129,11.4965,-2.1253,-4.0709,-24.5658,-6.7063,1.2398,1.5928
106.0122,17.3416,11.4537,-2.1655,-4.0116,-24.6993,-6.6814,1.2632,1.5697
106.0321,17.5696,11.4102,-2.2055,-3.9525,-24.8322,-6.6559,1.2865,1.5467
106.0521,17.7975,11.3656,-2.2454,-3.8935,-24.9652,-6.6300,1.3098,1.5238
106.0723,18.0264,11.3199,-2.2856,-3.8342,-25.0987,-6.6033,1.3333,1.5007
106.0922,18.2513,11.2740,-2.3251,-3.7760,-25.2299,-6.5765,1.3563,1.4780
106.1124,18.4789,11.2266,-2.3650,-3.7170,-25.3627,-6.5488,1.3796,1.4551
106.1321,18.6986,11.1798,-2.4036,-3.6602,-25.4909,-6.5216,1.4021,1.4330
106.1521,18.9226,11.1312,-2.4429,-3.6022,-25.6215,-6.4932,1.4250,1.4104
106.1722,19.1456,11.0817,-2.4820,-3.5445,-25.7516,-6.4643,1.4478,1.3879
106.1923,19.3682,11.0314,-2.5210,-3.4869,-25.8814,-6.4350,1.4706,1.3655
106.2121,19.5862,10.9810,-2.5593,-3.4306,-26.0086,-6.4056,1.4929,1.3436
106.2322,19.8054,10.9294,-2.5978,-3.3739,-26.1365,-6.3755,1.5154,1.3215
106.2522,20.0237,10.8771,-2.6361,-3.3175,-26.2638,-6.3450,1.5377,1.2996
106.2722,20.2413,10.8238,-2.6742,-3.2613,-26.3908,-6.3139,1.5600,1.2777
106.2923,20.4580,10.7698,-2.7123,-3.2053,-26.5172,-6.2824,1.5821,1.2559
106.3123,20.6733,10.7150,-2.7500,-3.1497,-26.6427,-6.2504,1.6042,1.2343
106.3322,20.8852,10.6601,-2.7872,-3.0950,-26.7664,-6.2184,1.6259,1.2130
106.3523,21.0992,10.6036,-2.8248,-3.0397,-26.8912,-6.1855,1.6478,1.1915
106.3720,21.3080,10.5475,-2.8614,-2.9859,-27.0130,-6.1527,1.6691,1.1705
106.3923,21.5206,10.4893,-2.8987,-2.9310,-27.1370,-6.1188,1.6909,1.1492
106.4122,21.7297,10.4310,-2.9354,-2.8771,-27.2590,-6.0847,1.7123,1.1282
106.4323,21.9382,10.3718,-2.9720,-2.8233,-27.3806,-6.0502,1.7337,1.1072
106.4523,22.1456,10.3118,-3.0084,-2.7699,-27.5016,-6.0152,1.7549,1.0864
106.4723,22.3512,10.2513,-3.0444,-2.7169,-27.6216,-5.9799,1.7759,1.0658
106.4922,22.5547,10.1903,-3.0801,-2.6645,-27.7402,-5.9444,1.7967,1.0454
106.5122,22.7577,10.1284,-3.1158,-2.6122,-27.8587,-5.9082,1.8175,1.0250
106.5322,22.9594,10.0658,-3.1511,-2.5603,-27.9763,-5.8717,1.8382,1.0048
106.5523,23.1605,10.0023,-3.1864,-2.5085,-28.0936,-5.8347,1.8588,0.9847
106.5722,23.3591,9.9385,-3.2213,-2.4574,-28.2095,-5.7975,1.8791,0.9648
106.5922,23.5580,9.8735,-3.2562,-2.4062,-28.3255,-5.7595,1.8994,0.9449
106.6121,23.7534,9.8085,-3.2905,-2.3560,-28.4395,-5.7216,1.9194,0.9253
106.6321,23.9486,9.7424,-3.3247,-2.3058,-28.5534,-5.6831,1.9394,0.9058
106.6522,24.1444,9.6750,-3.3591,-2.2555,-28.6675,-5.6438,1.9595,0.8862
106.6722,24.3365,9.6078,-3.3928,-2.2061,-28.7796,-5.6045,1.9791,0.8670
106.6923,24.5288,9.5393,-3.4265,-2.1567,-28.8918,-5.5646,1.9988,0.8477
106.7123,24.7190,9.4704,-3.4599,-2.1079,-29.0028,-5.5244,2.0183,0.8287
106.7323,24.9083,9.4006,-3.4931,-2.0593,-29.1132,-5.4837,2.0376,0.8098
106.7522,25.0946,9.3308,-3.5258,-2.0115,-29.2218,-5.4430,2.0567,0.7912
106.7721,25.2797,9.2603,-3.5583,-1.9640,-29.3299,-5.4018,2.0757,0.7727
106.7922,25.4651,9.1885,-3.5908,-1.9165,-29.4380,-5.3599,2.0946,0.7542
106.8123,25.6491,9.1159,-3.6231,-1.8694,-29.5453,-5.3176,2.1135,0.7358
106.8322,25.8294,9.0437,-3.6547,-1.8232,-29.6505,-5.2755,2.1319,0.7178
106.8523,26.0109,8.9697,-3.6866,-1.7767,-29.7563,-5.2323,2.1505,0.6997
106.8719,26.1854,8.8974,-3.7172,-1.7320,-29.8581,-5.1902,2.1684,0.6823
106.8919,26.3630,8.8226,-3.7483,-1.6865,-29.9617,-5.1465,2.1865,0.6646
106.9119,26.5387,8.7473,-3.7792,-1.6416,-30.0642,-5.1026,2.2045,0.6471
106.9320,26.7133,8.6712,-3.8098,-1.5969,-30.1661,-5.0582,2.2224,0.6297
106.9521,26.8868,8.5943,-3.8403,-1.5526,-30.2673,-5.0134,2.2401,0.6125
106.9720,27.0574,8.5175,-3.8702,-1.5090,-30.3668,-4.9685,2.2576,0.5955
106.9921,27.2276,8.4395,-3.9000,-1.4655,-30.4661,-4.9230,2.2750,0.5786
107.0120,27.3953,8.3613,-3.9295,-1.4227,-30.5639,-4.8774,2.2922,0.5619
107.0319,27.5605,8.2830,-3.9585,-1.3806,-30.6603,-4.8318,2.3091,0.5455
107.0519,27.7251,8.2037,-3.9873,-1.3386,-30.7563,-4.7855,2.3259,0.5291
107.0719,27.8884,8.1237,-4.0160,-1.2970,-30.8515,-4.7388,2.3427,0.5129
107.0919,28.0503,8.0430,-4.0444,-1.2557,-30.9460,-4.6917,2.3592,0.4968
107.1119,28.2104,7.9618,-4.0725,-1.2149,-31.0394,-4.6444,2.3756,0.4809
107.1319,28.3690,7.8799,-4.1003,-1.1745,-31.1319,-4.5966,2.3919,0.4652
107.1520,28.5267,7.7972,-4.1280,-1.1344,-31.2239,-4.5483,2.4080,0.4496
107.1722,28.6828,7.7138,-4.1554,-1.0947,-31.3150,-4.4997,2.4240,0.4341
