timestamp,sim_time_s,hip_angle_rad,knee_angle_rad,ekf_angle_rad,iq_ref,hip_torque_Nm,knee_torque_Nm
2026-07-27T16:44:44.017631,0.0000,-0.436332,0.000000,0.000000,-2.181662,-2.290745,-1.374447
2026-07-27T16:44:44.017659,0.0005,-0.434824,-0.000822,0.000000,-2.174122,-2.282828,-1.369697
2026-07-27T16:44:44.017671,0.0010,-0.433317,-0.001645,0.000000,-2.166583,-2.274912,-1.364947
2026-07-27T16:44:44.017685,0.0015,-0.431809,-0.002467,0.000000,-2.159044,-2.266996,-1.360198
2026-07-27T16:44:44.017695,0.0020,-0.430301,-0.003290,0.000000,-2.151505,-2.259080,-1.355448
2026-07-27T16:44:44.017704,0.0025,-0.436332,0.000000,0.000000,-2.181662,-2.290745,-1.374447
2026-07-27T16:44:44.017714,0.0030,-0.434824,-0.000822,0.000000,-2.174122,-2.282828,-1.369697
2026-07-27T16:44:44.017724,0.0035,-0.433317,-0.001645,0.000000,-2.166583,-2.274912,-1.364947
2026-07-27T16:44:44.017733,0.0040,-0.431809,-0.002467,0.000000,-2.159044,-2.266996,-1.360198
2026-07-27T16:44:44.017743,0.0045,-0.430301,-0.003290,0.000000,-2.151505,-2.259080,-1.355448
2026-07-27T16:44:44.017753,0.0050,-0.436332,0.000000,0.000000,-2.181662,-2.290745,-1.374447
2026-07-27T16:44:44.017763,0.0055,-0.434824,-0.000822,0.000000,-2.174122,-2.282828,-1.369697
2026-07-27T16:44:44.017773,0.0060,-0.433317,-0.001645,0.000000,-2.166583,-2.274912,-1.364947
2026-07-27T16:44:44.017782,0.0065,-0.431809,-0.002467,0.000000,-2.159044,-2.266996,-1.360198
2026-07-27T16:44:44.017791,0.0070,-0.430301,-0.003290,0.000000,-2.151505,-2.259080,-1.355448
2026-07-27T16:44:44.017801,0.0075,-0.436332,0.000000,0.000000,-2.181662,-2.290745,-1.374447
2026-07-27T16:44:44.017811,0.0080,-0.434824,-0.000822,0.000000,-2.174122,-2.282828,-1.369697
2026-07-27T16:44:44.017820,0.0085,-0.433317,-0.001645,0.000000,-2.166583,-2.274912,-1.364947
2026-07-27T16:44:44.017830,0.0090,-0.431809,-0.002467,0.000000,-2.159044,-2.266996,-1.360198
2026-07-27T16:44:44.017839,0.0095,-0.430301,-0.003290,0.000000,-2.151505,-2.259080,-1.355448
2026-07-27T16:44:44.017849,0.0100,-0.436332,0.000000,0.000000,-2.181662,-2.290745,-1.374447
2026-07-27T16:44:44.017859,0.0105,-0.434824,-0.000822,0.000000,-2.174122,-2.282828,-1.369697
2026-07-27T16:44:44.017868,0.0110,-0.433317,-0.001645,0.000000,-2.166583,-2.274912,-1.364947
2026-07-27T16:44:44.017880,0.0115,-0.431809,-0.002467,0.000000,-2.159044,-2.266996,-1.360198
2026-07-27T16:44:44.017894,0.0120,-0.430301,-0.003290,0.000000,-2.151505,-2.259080,-1.355448
2026-07-27T16:44:44.017909,0.0125,-0.436332,0.000000,0.000000,-2.181662,-2.290745,-1.374447
2026-07-27T16:44:44.017924,0.0130,-0.434824,-0.000822,0.000000,-2.174122,-2.282828,-1.369697
2026-07-27T16:44:44.017939,0.0135,-0.433317,-0.001645,0.000000,-2.166583,-2.274912,-1.364947
2026-07-27T16:44:44.017956,0.0140,-0.431809,-0.002467,0.000000,-2.159044,-2.266996,-1.360198
2026-07-27T16:44:44.017969,0.0145,-0.430301,-0.003290,0.000000,-2.151505,-2.259080,-1.355448
2026-07-27T16:44:44.017983,0.0150,-0.436332,0.000000,0.000000,-2.181662,-2.290745,-1.374447
2026-07-27T16:44:44.017997,0.0155,-0.434824,-0.000822,0.000000,-2.174122,-2.282828,-1.369697
2026-07-27T16:44:44.018008,0.0160,-0.433317,-0.001645,0.000000,-2.166583,-2.274912,-1.364947
2026-07-27T16:44:44.018019,0.0165,-0.431809,-0.002467,0.000000,-2.159044,-2.266996,-1.360198
2026-07-27T16:44:44.018030,0.0170,-0.430301,-0.003290,0.000000,-2.151505,-2.259080,-1.355448
2026-07-27T16:44:44.018041,0.0175,-0.436332,0.000000,0.000000,-2.181662,-2.290745,-1.374447
2026-07-27T16:44:44.018051,0.0180,-0.434824,-0.000822,0.000000,-2.174122,-2.282828,-1.369697
2026-07-27T16:44:44.018061,0.0185,-0.433317,-0.001645,0.000000,-2.166583,-2.274912,-1.364947
2026-07-27T16:44:44.018070,0.0190,-0.431809,-0.002467,0.000000,-2.159044,-2.266996,-1.360198
2026-07-27T16:44:44.018080,0.0195,-0.430301,-0.003290,0.000000,-2.151505,-2.259080,-1.355448
2026-07-27T16:44:44.018090,0.0200,-0.436332,0.000000,0.000000,-2.181662,-2.290745,-1.374447
2026-07-27T16:44:44.018099,0.0205,-0.434824,-0.000822,0.000000,-2.174122,-2.282828,-1.369697
2026-07-27T16:44:44.018109,0.0210,-0.433317,-0.001645,0.000000,-2.166583,-2.274912,-1.364947
2026-07-27T16:44:44.018118,0.0215,-0.431809,-0.002467,0.000000,-2.159044,-2.266996,-1.360198
2026-07-27T16:44:44.018128,0.0220,-0.430301,-0.003290,0.000000,-2.151505,-2.259080,-1.355448
2026-07-27T16:44:44.018138,0.0225,-0.436332,0.000000,0.000000,-2.181662,-2.290745,-1.374447
2026-07-27T16:44:44.018147,0.0230,-0.434824,-0.000822,0.000000,-2.174122,-2.282828,-1.369697
2026-07-27T16:44:44.018157,0.0235,-0.433317,-0.001645,0.000000,-2.166583,-2.274912,-1.364947
2026-07-27T16:44:44.018167,0.0240,-0.431809,-0.002467,0.000000,-2.159044,-2.266996,-1.360198
2026-07-27T16:44:44.018176,0.0245,-0.430301,-0.003290,0.000000,-2.151505,-2.259080,-1.355448
2026-07-27T16:44:44.018186,0.0250,-0.436332,0.000000,0.000000,-2.181662,-2.290745,-1.374447
2026-07-27T16:44:44.018196,0.0255,-0.434824,-0.000822,0.000000,-2.174122,-2.282828,-1.369697
2026-07-27T16:44:44.018206,0.0260,-0.433317,-0.001645,0.000000,-2.166583,-2.274912,-1.364947
2026-07-27T16:44:44.018216,0.0265,-0.431809,-0.002467,0.000000,-2.159044,-2.266996,-1.360198
2026-07-27T16:44:44.018225,0.0270,-0.430301,-0.003290,0.000000,-2.151505,-2.259080,-1.355448
2026-07-27T16:44:44.018235,0.0275,-0.436332,0.000000,0.000000,-2.181662,-2.290745,-1.374447
2026-07-27T16:44:44.018247,0.0280,-0.434824,-0.000822,0.000000,-2.174122,-2.282828,-1.369697
2026-07-27T16:44:44.018256,0.0285,-0.433317,-0.001645,0.000000,-2.166583,-2.274912,-1.364947
2026-07-27T16:44:44.018272,0.0290,-0.431809,-0.002467,0.000000,-2.159044,-2.266996,-1.360198
2026-07-27T16:44:44.018281,0.0295,-0.430301,-0.003290,0.000000,-2.151505,-2.259080,-1.355448
2026-07-27T16:44:44.018291,0.0300,-0.436332,0.000000,0.000000,-2.181662,-2.290745,-1.374447
2026-07-27T16:44:44.018300,0.0305,-0.434824,-0.000822,0.000000,-2.174122,-2.282828,-1.369697
2026-07-27T16:44:44.018310,0.0310,-0.433317,-0.001645,0.000000,-2.166583,-2.274912,-1.364947
2026-07-27T16:44:44.018320,0.0315,-0.431809,-0.002467,0.000000,-2.159044,-2.266996,-1.360198
2026-07-27T16:44:44.018329,0.0320,-0.430301,-0.003290,0.000000,-2.151505,-2.259080,-1.355448
2026-07-27T16:44:44.018339,0.0325,-0.436332,0.000000,0.000000,-2.181662,-2.290745,-1.374447
2026-07-27T16:44:44.018351,0.0330,-0.434824,-0.000822,0.000000,-2.174122,-2.282828,-1.369697
2026-07-27T16:44:44.018362,0.0335,-0.433317,-0.001645,0.000000,-2.166583,-2.274912,-1.364947
2026-07-27T16:44:44.018373,0.0340,-0.431809,-0.002467,0.000000,-2.159044,-2.266996,-1.360198
2026-07-27T16:44:44.018385,0.0345,-0.430301,-0.003290,0.000000,-2.151505,-2.259080,-1.355448
2026-07-27T16:44:44.018396,0.0350,-0.436332,0.000000,0.000000,-2.181662,-2.290745,-1.374447
2026-07-27T16:44:44.018408,0.0355,-0.434824,-0.000822,0.000000,-2.174122,-2.282828,-1.369697
2026-07-27T16:44:44.018419,0.0360,-0.433317,-0.001645,0.000000,-2.166583,-2.274912,-1.364947
2026-07-27T16:44:44.018431,0.0365,-0.431809,-0.002467,0.000000,-2.159044,-2.266996,-1.360198
2026-07-27T16:44:44.018443,0.0370,-0.430301,-0.003290,0.000000,-2.151505,-2.259080,-1.355448
2026-07-27T16:44:44.018455,0.0375,-0.436332,0.000000,0.000000,-2.181662,-2.290745,-1.374447
2026-07-27T16:44:44.018467,0.0380,-0.434824,-0.000822,0.000000,-2.174122,-2.282828,-1.369697
2026-07-27T16:44:44.018478,0.0385,-0.433317,-0.001645,0.000000,-2.166583,-2.274912,-1.364947
2026-07-27T16:44:44.018490,0.0390,-0.431809,-0.002467,0.000000,-2.159044,-2.266996,-1.360198
2026-07-27T16:44:44.018501,0.0395,-0.430301,-0.003290,0.000000,-2.151505,-2.259080,-1.355448
2026-07-27T16:44:44.018513,0.0400,-0.436332,0.000000,0.000000,-2.181662,-2.290745,-1.374447
2026-07-27T16:44:44.018524,0.0405,-0.434824,-0.000822,0.000000,-2.174122,-2.282828,-1.369697
2026-07-27T16:44:44.018536,0.0410,-0.433317,-0.001645,0.000000,-2.166583,-2.274912,-1.364947
2026-07-27T16:44:44.018549,0.0415,-0.431809,-0.002467,0.000000,-2.159044,-2.266996,-1.360198
2026-07-27T16:44:44.018565,0.0420,-0.430301,-0.003290,0.000000,-2.151505,-2.259080,-1.355448
2026-07-27T16:44:44.018581,0.0425,-0.436332,0.000000,0.000000,-2.181662,-2.290745,-1.374447
2026-07-27T16:44:44.018596,0.0430,-0.434824,-0.000822,0.000000,-2.174122,-2.282828,-1.369697
2026-07-27T16:44:44.018642,0.0435,-0.433317,-0.001645,0.000000,-2.166583,-2.274912,-1.364947
2026-07-27T16:44:44.018655,0.0440,-0.431809,-0.002467,0.000000,-2.159044,-2.266996,-1.360198
2026-07-27T16:44:44.018668,0.0445,-0.430301,-0.003290,0.000000,-2.151505,-2.259080,-1.355448
2026-07-27T16:44:44.018682,0.0450,-0.436332,0.000000,0.000000,-2.181662,-2.290745,-1.374447
2026-07-27T16:44:44.018692,0.0455,-0.434824,-0.000822,0.000000,-2.174122,-2.282828,-1.369697
2026-07-27T16:44:44.018702,0.0460,-0.433317,-0.001645,0.000000,-2.166583,-2.274912,-1.364947
2026-07-27T16:44:44.018712,0.0465,-0.431809,-0.002467,0.000000,-2.159044,-2.266996,-1.360198
2026-07-27T16:44:44.018721,0.0470,-0.430301,-0.003290,0.000000,-2.151505,-2.259080,-1.355448
2026-07-27T16:44:44.018731,0.0475,-0.436332,0.000000,0.000000,-2.181662,-2.290745,-1.374447
2026-07-27T16:44:44.018741,0.0480,-0.434824,-0.000822,0.000000,-2.174122,-2.282828,-1.369697
2026-07-27T16:44:44.018751,0.0485,-0.433317,-0.001645,0.000000,-2.166583,-2.274912,-1.364947
2026-07-27T16:44:44.018761,0.0490,-0.431809,-0.002467,0.000000,-2.159044,-2.266996,-1.360198
2026-07-27T16:44:44.018771,0.0495,-0.430301,-0.003290,0.000000,-2.151505,-2.259080,-1.355448
2026-07-27T16:44:44.018780,0.0500,-0.436332,0.000000,0.000000,-2.181662,-2.290745,-1.374447
2026-07-27T16:44:44.018790,0.0505,-0.434824,-0.000822,0.000000,-2.174122,-2.282828,-1.369697
2026-07-27T16:44:44.018800,0.0510,-0.433317,-0.001645,0.000000,-2.166583,-2.274912,-1.364947
2026-07-27T16:44:44.018810,0.0515,-0.431809,-0.002467,0.000000,-2.159044,-2.266996,-1.360198
2026-07-27T16:44:44.018819,0.0520,-0.430301,-0.003290,0.000000,-2.151505,-2.259080,-1.355448
2026-07-27T16:44:44.018829,0.0525,-0.436332,0.000000,0.000000,-2.181662,-2.290745,-1.374447
2026-07-27T16:44:44.018840,0.0530,-0.434824,-0.000822,0.000000,-2.174122,-2.282828,-1.369697
2026-07-27T16:44:44.018850,0.0535,-0.433317,-0.001645,0.000000,-2.166583,-2.274912,-1.364947
2026-07-27T16:44:44.018860,0.0540,-0.431809,-0.002467,0.000000,-2.159044,-2.266996,-1.360198
2026-07-27T16:44:44.018869,0.0545,-0.430301,-0.003290,0.000000,-2.151505,-2.259080,-1.355448
2026-07-27T16:44:44.018879,0.0550,-0.436332,0.000000,0.000000,-2.181662,-2.290745,-1.374447
2026-07-27T16:44:44.018889,0.0555,-0.434824,-0.000822,0.000000,-2.174122,-2.282828,-1.369697
2026-07-27T16:44:44.018899,0.0560,-0.433317,-0.001645,0.000000,-2.166583,-2.274912,-1.364947
2026-07-27T16:44:44.018909,0.0565,-0.431809,-0.002467,0.000000,-2.159044,-2.266996,-1.360198
2026-07-27T16:44:44.018919,0.0570,-0.430301,-0.003290,0.000000,-2.151505,-2.259080,-1.355448
2026-07-27T16:44:44.018928,0.0575,-0.436332,0.000000,0.000000,-2.181662,-2.290745,-1.374447
2026-07-27T16:44:44.018938,0.0580,-0.434824,-0.000822,0.000000,-2.174122,-2.282828,-1.369697
2026-07-27T16:44:44.018948,0.0585,-0.433317,-0.001645,0.000000,-2.166583,-2.274912,-1.364947
2026-07-27T16:44:44.018958,0.0590,-0.431809,-0.002467,0.000000,-2.159044,-2.266996,-1.360198
2026-07-27T16:44:44.018968,0.0595,-0.430301,-0.003290,0.000000,-2.151505,-2.259080,-1.355448
2026-07-27T16:44:44.018977,0.0600,-0.436332,0.000000,0.000000,-2.181662,-2.290745,-1.374447
2026-07-27T16:44:44.018987,0.0605,-0.434824,-0.000822,0.000000,-2.174122,-2.282828,-1.369697
2026-07-27T16:44:44.018997,0.0610,-0.433317,-0.001645,0.000000,-2.166583,-2.274912,-1.364947
2026-07-27T16:44:44.019007,0.0615,-0.431809,-0.002467,0.000000,-2.159044,-2.266996,-1.360198
2026-07-27T16:44:44.019017,0.0620,-0.430301,-0.003290,0.000000,-2.151505,-2.259080,-1.355448
2026-07-27T16:44:44.019027,0.0625,-0.436332,0.000000,0.000000,-2.181662,-2.290745,-1.374447
2026-07-27T16:44:44.019037,0.0630,-0.434824,-0.000822,0.000000,-2.174122,-2.282828,-1.369697
2026-07-27T16:44:44.019047,0.0635,-0.433317,-0.001645,0.000000,-2.166583,-2.274912,-1.364947
2026-07-27T16:44:44.019056,0.0640,-0.431809,-0.002467,0.000000,-2.159044,-2.266996,-1.360198
2026-07-27T16:44:44.019066,0.0645,-0.430301,-0.003290,0.000000,-2.151505,-2.259080,-1.355448
2026-07-27T16:44:44.019076,0.0650,-0.436332,0.000000,0.000000,-2.181662,-2.290745,-1.374447
2026-07-27T16:44:44.019085,0.0655,-0.434824,-0.000822,0.000000,-2.174122,-2.282828,-1.369697
2026-07-27T16:44:44.019095,0.0660,-0.433317,-0.001645,0.000000,-2.166583,-2.274912,-1.364947
2026-07-27T16:44:44.019105,0.0665,-0.431809,-0.002467,0.000000,-2.159044,-2.266996,-1.360198
2026-07-27T16:44:44.019115,0.0670,-0.430301,-0.003290,0.000000,-2.151505,-2.259080,-1.355448
2026-07-27T16:44:44.019124,0.0675,-0.436332,0.000000,0.000000,-2.181662,-2.290745,-1.374447
2026-07-27T16:44:44.019134,0.0680,-0.434824,-0.000822,0.000000,-2.174122,-2.282828,-1.369697
2026-07-27T16:44:44.019145,0.0685,-0.433317,-0.001645,0.000000,-2.166583,-2.274912,-1.364947
2026-07-27T16:44:44.019155,0.0690,-0.431809,-0.002467,0.000000,-2.159044,-2.266996,-1.360198
2026-07-27T16:44:44.019164,0.0695,-0.430301,-0.003290,0.000000,-2.151505,-2.259080,-1.355448
2026-07-27T16:44:44.019174,0.0700,-0.436332,0.000000,0.000000,-2.181662,-2.290745,-1.374447
2026-07-27T16:44:44.019184,0.0705,-0.434824,-0.000822,0.000000,-2.174122,-2.282828,-1.369697
2026-07-27T16:44:44.019194,0.0710,-0.433317,-0.001645,0.000000,-2.166583,-2.274912,-1.364947
2026-07-27T16:44:44.019203,0.0715,-0.431809,-0.002467,0.000000,-2.159044,-2.266996,-1.360198
2026-07-27T16:44:44.019213,0.0720,-0.430301,-0.003290,0.000000,-2.151505,-2.259080,-1.355448
2026-07-27T16:44:44.019223,0.0725,-0.436332,0.000000,0.000000,-2.181662,-2.290745,-1.374447
2026-07-27T16:44:44.019233,0.0730,-0.434824,-0.000822,0.000000,-2.174122,-2.282828,-1.369697
2026-07-27T16:44:44.019243,0.0735,-0.433317,-0.001645,0.000000,-2.166583,-2.274912,-1.364947
2026-07-27T16:44:44.019253,0.0740,-0.431809,-0.002467,0.000000,-2.159044,-2.266996,-1.360198
2026-07-27T16:44:44.019268,0.0745,-0.430301,-0.003290,0.000000,-2.151505,-2.259080,-1.355448
2026-07-27T16:44:44.019278,0.0750,-0.436332,0.000000,0.000000,-2.181662,-2.290745,-1.374447
2026-07-27T16:44:44.019288,0.0755,-0.434824,-0.000822,0.000000,-2.174122,-2.282828,-1.369697
2026-07-27T16:44:44.019298,0.0760,-0.433317,-0.001645,0.000000,-2.166583,-2.274912,-1.364947
2026-07-27T16:44:44.019308,0.0765,-0.431809,-0.002467,0.000000,-2.159044,-2.266996,-1.360198
2026-07-27T16:44:44.019317,0.0770,-0.430301,-0.003290,0.000000,-2.151505,-2.259080,-1.355448
2026-07-27T16:44:44.019328,0.0775,-0.436332,0.000000,0.000000,-2.181662,-2.290745,-1.374447
2026-07-27T16:44:44.019344,0.0780,-0.434824,-0.000822,0.000000,-2.174122,-2.282828,-1.369697
2026-07-27T16:44:44.019359,0.0785,-0.433317,-0.001645,0.000000,-2.166583,-2.274912,-1.364947
2026-07-27T16:44:44.019375,0.0790,-0.431809,-0.002467,0.000000,-2.159044,-2.266996,-1.360198
2026-07-27T16:44:44.019390,0.0795,-0.430301,-0.003290,0.000000,-2.151505,-2.259080,-1.355448
2026-07-27T16:44:44.019406,0.0800,-0.436332,0.000000,0.000000,-2.181662,-2.290745,-1.374447
2026-07-27T16:44:44.019421,0.0805,-0.434824,-0.000822,0.000000,-2.174122,-2.282828,-1.369697
2026-07-27T16:44:44.019436,0.0810,-0.433317,-0.001645,0.000000,-2.166583,-2.274912,-1.364947
2026-07-27T16:44:44.019452,0.0815,-0.431809,-0.002467,0.000000,-2.159044,-2.266996,-1.360198
2026-07-27T16:44:44.019468,0.0820,-0.430301,-0.003290,0.000000,-2.151505,-2.259080,-1.355448
2026-07-27T16:44:44.019483,0.0825,-0.436332,0.000000,0.000000,-2.181662,-2.290745,-1.374447
2026-07-27T16:44:44.019498,0.0830,-0.434824,-0.000822,0.000000,-2.174122,-2.282828,-1.369697
2026-07-27T16:44:44.019514,0.0835,-0.433317,-0.001645,0.000000,-2.166583,-2.274912,-1.364947
2026-07-27T16:44:44.019529,0.0840,-0.431809,-0.002467,0.000000,-2.159044,-2.266996,-1.360198
2026-07-27T16:44:44.019546,0.0845,-0.430301,-0.003290,0.000000,-2.151505,-2.259080,-1.355448
2026-07-27T16:44:44.019561,0.0850,-0.436332,0.000000,0.000000,-2.181662,-2.290745,-1.374447
2026-07-27T16:44:44.019577,0.0855,-0.434824,-0.000822,0.000000,-2.174122,-2.282828,-1.369697
2026-07-27T16:44:44.019593,0.0860,-0.433317,-0.001645,0.000000,-2.166583,-2.274912,-1.364947
2026-07-27T16:44:44.019608,0.0865,-0.431809,-0.002467,0.000000,-2.159044,-2.266996,-1.360198
2026-07-27T16:44:44.019632,0.0870,-0.430301,-0.003290,0.000000,-2.151505,-2.259080,-1.355448
2026-07-27T16:44:44.019646,0.0875,-0.436332,0.000000,0.000000,-2.181662,-2.290745,-1.374447
2026-07-27T16:44:44.019657,0.0880,-0.434824,-0.000822,0.000000,-2.174122,-2.282828,-1.369697
2026-07-27T16:44:44.019669,0.0885,-0.433317,-0.001645,0.000000,-2.166583,-2.274912,-1.364947
2026-07-27T16:44:44.019679,0.0890,-0.431809,-0.002467,0.000000,-2.159044,-2.266996,-1.360198
2026-07-27T16:44:44.019688,0.0895,-0.430301,-0.003290,0.000000,-2.151505,-2.259080,-1.355448
2026-07-27T16:44:44.019698,0.0900,-0.436332,0.000000,0.000000,-2.181662,-2.290745,-1.374447
2026-07-27T16:44:44.019708,0.0905,-0.434824,-0.000822,0.000000,-2.174122,-2.282828,-1.369697
2026-07-27T16:44:44.019718,0.0910,-0.433317,-0.001645,0.000000,-2.166583,-2.274912,-1.364947
2026-07-27T16:44:44.019728,0.0915,-0.431809,-0.002467,0.000000,-2.159044,-2.266996,-1.360198
2026-07-27T16:44:44.019738,0.0920,-0.430301,-0.003290,0.000000,-2.151505,-2.259080,-1.355448
2026-07-27T16:44:44.019748,0.0925,-0.436332,0.000000,0.000000,-2.181662,-2.290745,-1.374447
2026-07-27T16:44:44.019758,0.0930,-0.434824,-0.000822,0.000000,-2.174122,-2.282828,-1.369697
2026-07-27T16:44:44.019768,0.0935,-0.433317,-0.001645,0.000000,-2.166583,-2.274912,-1.364947
2026-07-27T16:44:44.019778,0.0940,-0.431809,-0.002467,0.000000,-2.159044,-2.266996,-1.360198
2026-07-27T16:44:44.019788,0.0945,-0.430301,-0.003290,0.000000,-2.151505,-2.259080,-1.355448
2026-07-27T16:44:44.019797,0.0950,-0.436332,0.000000,0.000000,-2.181662,-2.290745,-1.374447
2026-07-27T16:44:44.019807,0.0955,-0.434824,-0.000822,0.000000,-2.174122,-2.282828,-1.369697
2026-07-27T16:44:44.019817,0.0960,-0.433317,-0.001645,0.000000,-2.166583,-2.274912,-1.364947
2026-07-27T16:44:44.019826,0.0965,-0.431809,-0.002467,0.000000,-2.159044,-2.266996,-1.360198
2026-07-27T16:44:44.019837,0.0970,-0.430301,-0.003290,0.000000,-2.151505,-2.259080,-1.355448
2026-07-27T16:44:44.019846,0.0975,-0.436332,0.000000,0.000000,-2.181662,-2.290745,-1.374447
2026-07-27T16:44:44.019856,0.0980,-0.434824,-0.000822,0.000000,-2.174122,-2.282828,-1.369697
2026-07-27T16:44:44.019867,0.0985,-0.433317,-0.001645,0.000000,-2.166583,-2.274912,-1.364947
2026-07-27T16:44:44.019877,0.0990,-0.431809,-0.002467,0.000000,-2.159044,-2.266996,-1.360198
2026-07-27T16:44:44.019887,0.0995,-0.430301,-0.003290,0.000000,-2.151505,-2.259080,-1.355448
2026-07-27T16:44:44.117438,0.1000,-0.428793,-0.004112,0.000000,-2.143966,-2.251164,-1.350698
2026-07-27T16:44:44.117468,0.1005,-0.427285,-0.004935,0.000000,-2.136427,-2.243248,-1.345949
2026-07-27T16:44:44.117480,0.1010,-0.425778,-0.005757,0.000000,-2.128888,-2.235332,-1.341199
2026-07-27T16:44:44.117490,0.1015,-0.424270,-0.006580,0.000000,-2.121349,-2.227416,-1.336450
2026-07-27T16:44:44.117500,0.1020,-0.422762,-0.007402,0.000000,-2.113810,-2.219501,-1.331700
2026-07-27T16:44:44.117510,0.1025,-0.428793,-0.004112,0.000000,-2.143966,-2.251164,-1.350698
2026-07-27T16:44:44.117520,0.1030,-0.427285,-0.004935,0.000000,-2.136427,-2.243248,-1.345949
2026-07-27T16:44:44.117530,0.1035,-0.425778,-0.005757,0.000000,-2.128888,-2.235332,-1.341199
2026-07-27T16:44:44.117540,0.1040,-0.424270,-0.006580,0.000000,-2.121349,-2.227416,-1.336450
2026-07-27T16:44:44.117550,0.1045,-0.422762,-0.007402,0.000000,-2.113810,-2.219501,-1.331700
2026-07-27T16:44:44.117560,0.1050,-0.428793,-0.004112,0.000000,-2.143966,-2.251164,-1.350698
2026-07-27T16:44:44.117570,0.1055,-0.427285,-0.004935,0.000000,-2.136427,-2.243248,-1.345949
2026-07-27T16:44:44.117580,0.1060,-0.425778,-0.005757,0.000000,-2.128888,-2.235332,-1.341199
2026-07-27T16:44:44.117589,0.1065,-0.424270,-0.006580,0.000000,-2.121349,-2.227416,-1.336450
2026-07-27T16:44:44.117599,0.1070,-0.422762,-0.007402,0.000000,-2.113810,-2.219501,-1.331700
2026-07-27T16:44:44.117609,0.1075,-0.428793,-0.004112,0.000000,-2.143966,-2.251164,-1.350698
2026-07-27T16:44:44.117619,0.1080,-0.427285,-0.004935,0.000000,-2.136427,-2.243248,-1.345949
2026-07-27T16:44:44.117629,0.1085,-0.425778,-0.005757,0.000000,-2.128888,-2.235332,-1.341199
2026-07-27T16:44:44.117639,0.1090,-0.424270,-0.006580,0.000000,-2.121349,-2.227416,-1.336450
2026-07-27T16:44:44.117649,0.1095,-0.422762,-0.007402,0.000000,-2.113810,-2.219501,-1.331700
2026-07-27T16:44:44.117658,0.1100,-0.428793,-0.004112,0.000000,-2.143966,-2.251164,-1.350698
2026-07-27T16:44:44.117667,0.1105,-0.427285,-0.004935,0.000000,-2.136427,-2.243248,-1.345949
2026-07-27T16:44:44.117677,0.1110,-0.425778,-0.005757,0.000000,-2.128888,-2.235332,-1.341199
2026-07-27T16:44:44.117686,0.1115,-0.424270,-0.006580,0.000000,-2.121349,-2.227416,-1.336450
2026-07-27T16:44:44.117696,0.1120,-0.422762,-0.007402,0.000000,-2.113810,-2.219501,-1.331700
2026-07-27T16:44:44.117705,0.1125,-0.428793,-0.004112,0.000000,-2.143966,-2.251164,-1.350698
2026-07-27T16:44:44.117715,0.1130,-0.427285,-0.004935,0.000000,-2.136427,-2.243248,-1.345949
2026-07-27T16:44:44.117724,0.1135,-0.425778,-0.005757,0.000000,-2.128888,-2.235332,-1.341199
2026-07-27T16:44:44.117740,0.1140,-0.424270,-0.006580,0.000000,-2.121349,-2.227416,-1.336450
2026-07-27T16:44:44.117750,0.1145,-0.422762,-0.007402,0.000000,-2.113810,-2.219501,-1.331700
2026-07-27T16:44:44.117759,0.1150,-0.428793,-0.004112,0.000000,-2.143966,-2.251164,-1.350698
2026-07-27T16:44:44.117768,0.1155,-0.427285,-0.004935,0.000000,-2.136427,-2.243248,-1.345949
2026-07-27T16:44:44.117778,0.1160,-0.425778,-0.005757,0.000000,-2.128888,-2.235332,-1.341199
2026-07-27T16:44:44.117787,0.1165,-0.424270,-0.006580,0.000000,-2.121349,-2.227416,-1.336450
2026-07-27T16:44:44.117797,0.1170,-0.422762,-0.007402,0.000000,-2.113810,-2.219501,-1.331700
2026-07-27T16:44:44.117806,0.1175,-0.428793,-0.004112,0.000000,-2.143966,-2.251164,-1.350698
2026-07-27T16:44:44.117815,0.1180,-0.427285,-0.004935,0.000000,-2.136427,-2.243248,-1.345949
2026-07-27T16:44:44.117825,0.1185,-0.425778,-0.005757,0.000000,-2.128888,-2.235332,-1.341199
2026-07-27T16:44:44.117834,0.1190,-0.424270,-0.006580,0.000000,-2.121349,-2.227416,-1.336450
2026-07-27T16:44:44.117843,0.1195,-0.422762,-0.007402,0.000000,-2.113810,-2.219501,-1.331700
2026-07-27T16:44:44.117853,0.1200,-0.428793,-0.004112,0.000000,-2.143966,-2.251164,-1.350698
2026-07-27T16:44:44.117862,0.1205,-0.427285,-0.004935,0.000000,-2.136427,-2.243248,-1.345949
2026-07-27T16:44:44.117872,0.1210,-0.425778,-0.005757,0.000000,-2.128888,-2.235332,-1.341199
2026-07-27T16:44:44.117885,0.1215,-0.424270,-0.006580,0.000000,-2.121349,-2.227416,-1.336450
2026-07-27T16:44:44.117900,0.1220,-0.422762,-0.007402,0.000000,-2.113810,-2.219501,-1.331700
2026-07-27T16:44:44.117915,0.1225,-0.428793,-0.004112,0.000000,-2.143966,-2.251164,-1.350698
2026-07-27T16:44:44.117930,0.1230,-0.427285,-0.004935,0.000000,-2.136427,-2.243248,-1.345949
2026-07-27T16:44:44.117945,0.1235,-0.425778,-0.005757,0.000000,-2.128888,-2.235332,-1.341199
2026-07-27T16:44:44.117958,0.1240,-0.424270,-0.006580,0.000000,-2.121349,-2.227416,-1.336450
2026-07-27T16:44:44.117972,0.1245,-0.422762,-0.007402,0.000000,-2.113810,-2.219501,-1.331700
2026-07-27T16:44:44.117986,0.1250,-0.428793,-0.004112,0.000000,-2.143966,-2.251164,-1.350698
2026-07-27T16:44:44.117996,0.1255,-0.427285,-0.004935,0.000000,-2.136427,-2.243248,-1.345949
2026-07-27T16:44:44.118006,0.1260,-0.425778,-0.005757,0.000000,-2.128888,-2.235332,-1.341199
2026-07-27T16:44:44.118016,0.1265,-0.424270,-0.006580,0.000000,-2.121349,-2.227416,-1.336450
2026-07-27T16:44:44.118026,0.1270,-0.422762,-0.007402,0.000000,-2.113810,-2.219501,-1.331700
2026-07-27T16:44:44.118035,0.1275,-0.428793,-0.004112,0.000000,-2.143966,-2.251164,-1.350698
2026-07-27T16:44:44.118048,0.1280,-0.427285,-0.004935,0.000000,-2.136427,-2.243248,-1.345949
2026-07-27T16:44:44.118057,0.1285,-0.425778,-0.005757,0.000000,-2.128888,-2.235332,-1.341199
2026-07-27T16:44:44.118067,0.1290,-0.424270,-0.006580,0.000000,-2.121349,-2.227416,-1.336450
2026-07-27T16:44:44.118076,0.1295,-0.422762,-0.007402,0.000000,-2.113810,-2.219501,-1.331700
2026-07-27T16:44:44.118086,0.1300,-0.428793,-0.004112,0.000000,-2.143966,-2.251164,-1.350698
2026-07-27T16:44:44.118096,0.1305,-0.427285,-0.004935,0.000000,-2.136427,-2.243248,-1.345949
2026-07-27T16:44:44.118106,0.1310,-0.425778,-0.005757,0.000000,-2.128888,-2.235332,-1.341199
2026-07-27T16:44:44.118115,0.1315,-0.424270,-0.006580,0.000000,-2.121349,-2.227416,-1.336450
2026-07-27T16:44:44.118125,0.1320,-0.422762,-0.007402,0.000000,-2.113810,-2.219501,-1.331700
2026-07-27T16:44:44.118135,0.1325,-0.428793,-0.004112,0.000000,-2.143966,-2.251164,-1.350698
2026-07-27T16:44:44.118144,0.1330,-0.427285,-0.004935,0.000000,-2.136427,-2.243248,-1.345949
2026-07-27T16:44:44.118154,0.1335,-0.425778,-0.005757,0.000000,-2.128888,-2.235332,-1.341199
2026-07-27T16:44:44.118164,0.1340,-0.424270,-0.006580,0.000000,-2.121349,-2.227416,-1.336450
2026-07-27T16:44:44.118173,0.1345,-0.422762,-0.007402,0.000000,-2.113810,-2.219501,-1.331700
2026-07-27T16:44:44.118183,0.1350,-0.428793,-0.004112,0.000000,-2.143966,-2.251164,-1.350698
2026-07-27T16:44:44.118192,0.1355,-0.427285,-0.004935,0.000000,-2.136427,-2.243248,-1.345949
2026-07-27T16:44:44.118201,0.1360,-0.425778,-0.005757,0.000000,-2.128888,-2.235332,-1.341199
2026-07-27T16:44:44.118211,0.1365,-0.424270,-0.006580,0.000000,-2.121349,-2.227416,-1.336450
2026-07-27T16:44:44.118220,0.1370,-0.422762,-0.007402,0.000000,-2.113810,-2.219501,-1.331700
2026-07-27T16:44:44.118229,0.1375,-0.428793,-0.004112,0.000000,-2.143966,-2.251164,-1.350698
2026-07-27T16:44:44.118239,0.1380,-0.427285,-0.004935,0.000000,-2.136427,-2.243248,-1.345949
2026-07-27T16:44:44.118250,0.1385,-0.425778,-0.005757,0.000000,-2.128888,-2.235332,-1.341199
2026-07-27T16:44:44.118259,0.1390,-0.424270,-0.006580,0.000000,-2.121349,-2.227416,-1.336450
2026-07-27T16:44:44.118273,0.1395,-0.422762,-0.007402,0.000000,-2.113810,-2.219501,-1.331700
2026-07-27T16:44:44.118283,0.1400,-0.428793,-0.004112,0.000000,-2.143966,-2.251164,-1.350698
2026-07-27T16:44:44.118293,0.1405,-0.427285,-0.004935,0.000000,-2.136427,-2.243248,-1.345949
2026-07-27T16:44:44.118302,0.1410,-0.425778,-0.005757,0.000000,-2.128888,-2.235332,-1.341199
2026-07-27T16:44:44.118311,0.1415,-0.424270,-0.006580,0.000000,-2.121349,-2.227416,-1.336450
2026-07-27T16:44:44.118327,0.1420,-0.422762,-0.007402,0.000000,-2.113810,-2.219501,-1.331700
2026-07-27T16:44:44.118336,0.1425,-0.428793,-0.004112,0.000000,-2.143966,-2.251164,-1.350698
2026-07-27T16:44:44.118346,0.1430,-0.427285,-0.004935,0.000000,-2.136427,-2.243248,-1.345949
2026-07-27T16:44:44.118356,0.1435,-0.425778,-0.005757,0.000000,-2.128888,-2.235332,-1.341199
2026-07-27T16:44:44.118394,0.1440,-0.424270,-0.006580,0.000000,-2.121349,-2.227416,-1.336450
2026-07-27T16:44:44.118404,0.1445,-0.422762,-0.007402,0.000000,-2.113810,-2.219501,-1.331700
2026-07-27T16:44:44.118414,0.1450,-0.428793,-0.004112,0.000000,-2.143966,-2.251164,-1.350698
2026-07-27T16:44:44.118424,0.1455,-0.427285,-0.004935,0.000000,-2.136427,-2.243248,-1.345949
2026-07-27T16:44:44.118434,0.1460,-0.425778,-0.005757,0.000000,-2.128888,-2.235332,-1.341199
2026-07-27T16:44:44.118444,0.1465,-0.424270,-0.006580,0.000000,-2.121349,-2.227416,-1.336450
2026-07-27T16:44:44.118455,0.1470,-0.422762,-0.007402,0.000000,-2.113810,-2.219501,-1.331700
2026-07-27T16:44:44.118466,0.1475,-0.428793,-0.004112,0.000000,-2.143966,-2.251164,-1.350698
2026-07-27T16:44:44.118476,0.1480,-0.427285,-0.004935,0.000000,-2.136427,-2.243248,-1.345949
2026-07-27T16:44:44.118486,0.1485,-0.425778,-0.005757,0.000000,-2.128888,-2.235332,-1.341199
2026-07-27T16:44:44.118496,0.1490,-0.424270,-0.006580,0.000000,-2.121349,-2.227416,-1.336450
2026-07-27T16:44:44.118506,0.1495,-0.422762,-0.007402,0.000000,-2.113810,-2.219501,-1.331700
2026-07-27T16:44:44.118516,0.1500,-0.428793,-0.004112,0.000000,-2.143966,-2.251164,-1.350698
2026-07-27T16:44:44.118526,0.1505,-0.427285,-0.004935,0.000000,-2.136427,-2.243248,-1.345949
2026-07-27T16:44:44.118536,0.1510,-0.425778,-0.005757,0.000000,-2.128888,-2.235332,-1.341199
2026-07-27T16:44:44.118546,0.1515,-0.424270,-0.006580,0.000000,-2.121349,-2.227416,-1.336450
2026-07-27T16:44:44.118556,0.1520,-0.422762,-0.007402,0.000000,-2.113810,-2.219501,-1.331700
2026-07-27T16:44:44.118566,0.1525,-0.428793,-0.004112,0.000000,-2.143966,-2.251164,-1.350698
2026-07-27T16:44:44.118575,0.1530,-0.427285,-0.004935,0.000000,-2.136427,-2.243248,-1.345949
2026-07-27T16:44:44.118585,0.1535,-0.425778,-0.005757,0.000000,-2.128888,-2.235332,-1.341199
2026-07-27T16:44:44.118595,0.1540,-0.424270,-0.006580,0.000000,-2.121349,-2.227416,-1.336450
2026-07-27T16:44:44.118605,0.1545,-0.422762,-0.007402,0.000000,-2.113810,-2.219501,-1.331700
2026-07-27T16:44:44.118617,0.1550,-0.428793,-0.004112,0.000000,-2.143966,-2.251164,-1.350698
2026-07-27T16:44:44.118627,0.1555,-0.427285,-0.004935,0.000000,-2.136427,-2.243248,-1.345949
2026-07-27T16:44:44.118636,0.1560,-0.425778,-0.005757,0.000000,-2.128888,-2.235332,-1.341199
2026-07-27T16:44:44.118646,0.1565,-0.424270,-0.006580,0.000000,-2.121349,-2.227416,-1.336450
2026-07-27T16:44:44.118656,0.1570,-0.422762,-0.007402,0.000000,-2.113810,-2.219501,-1.331700
2026-07-27T16:44:44.118665,0.1575,-0.428793,-0.004112,0.000000,-2.143966,-2.251164,-1.350698
2026-07-27T16:44:44.118674,0.1580,-0.427285,-0.004935,0.000000,-2.136427,-2.243248,-1.345949
2026-07-27T16:44:44.118684,0.1585,-0.425778,-0.005757,0.000000,-2.128888,-2.235332,-1.341199
2026-07-27T16:44:44.118693,0.1590,-0.424270,-0.006580,0.000000,-2.121349,-2.227416,-1.336450
2026-07-27T16:44:44.118703,0.1595,-0.422762,-0.007402,0.000000,-2.113810,-2.219501,-1.331700
2026-07-27T16:44:44.118712,0.1600,-0.428793,-0.004112,0.000000,-2.143966,-2.251164,-1.350698
2026-07-27T16:44:44.118722,0.1605,-0.427285,-0.004935,0.000000,-2.136427,-2.243248,-1.345949
2026-07-27T16:44:44.118731,0.1610,-0.425778,-0.005757,0.000000,-2.128888,-2.235332,-1.341199
2026-07-27T16:44:44.118740,0.1615,-0.424270,-0.006580,0.000000,-2.121349,-2.227416,-1.336450
2026-07-27T16:44:44.118750,0.1620,-0.422762,-0.007402,0.000000,-2.113810,-2.219501,-1.331700
2026-07-27T16:44:44.118759,0.1625,-0.428793,-0.004112,0.000000,-2.143966,-2.251164,-1.350698
2026-07-27T16:44:44.118769,0.1630,-0.427285,-0.004935,0.000000,-2.136427,-2.243248,-1.345949
2026-07-27T16:44:44.118778,0.1635,-0.425778,-0.005757,0.000000,-2.128888,-2.235332,-1.341199
2026-07-27T16:44:44.118788,0.1640,-0.424270,-0.006580,0.000000,-2.121349,-2.227416,-1.336450
2026-07-27T16:44:44.118797,0.1645,-0.422762,-0.007402,0.000000,-2.113810,-2.219501,-1.331700
2026-07-27T16:44:44.118806,0.1650,-0.428793,-0.004112,0.000000,-2.143966,-2.251164,-1.350698
2026-07-27T16:44:44.118816,0.1655,-0.427285,-0.004935,0.000000,-2.136427,-2.243248,-1.345949
2026-07-27T16:44:44.118825,0.1660,-0.425778,-0.005757,0.000000,-2.128888,-2.235332,-1.341199
2026-07-27T16:44:44.118834,0.1665,-0.424270,-0.006580,0.000000,-2.121349,-2.227416,-1.336450
2026-07-27T16:44:44.118844,0.1670,-0.422762,-0.007402,0.000000,-2.113810,-2.219501,-1.331700
2026-07-27T16:44:44.118853,0.1675,-0.428793,-0.004112,0.000000,-2.143966,-2.251164,-1.350698
2026-07-27T16:44:44.118863,0.1680,-0.427285,-0.004935,0.000000,-2.136427,-2.243248,-1.345949
2026-07-27T16:44:44.118872,0.1685,-0.425778,-0.005757,0.000000,-2.128888,-2.235332,-1.341199
2026-07-27T16:44:44.118881,0.1690,-0.424270,-0.006580,0.000000,-2.121349,-2.227416,-1.336450
2026-07-27T16:44:44.118890,0.1695,-0.422762,-0.007402,0.000000,-2.113810,-2.219501,-1.331700
2026-07-27T16:44:44.118899,0.1700,-0.428793,-0.004112,0.000000,-2.143966,-2.251164,-1.350698
2026-07-27T16:44:44.118909,0.1705,-0.427285,-0.004935,0.000000,-2.136427,-2.243248,-1.345949
2026-07-27T16:44:44.118918,0.1710,-0.425778,-0.005757,0.000000,-2.128888,-2.235332,-1.341199
2026-07-27T16:44:44.118927,0.1715,-0.424270,-0.006580,0.000000,-2.121349,-2.227416,-1.336450
2026-07-27T16:44:44.118936,0.1720,-0.422762,-0.007402,0.000000,-2.113810,-2.219501,-1.331700
2026-07-27T16:44:44.118945,0.1725,-0.428793,-0.004112,0.000000,-2.143966,-2.251164,-1.350698
2026-07-27T16:44:44.118954,0.1730,-0.427285,-0.004935,0.000000,-2.136427,-2.243248,-1.345949
2026-07-27T16:44:44.118964,0.1735,-0.425778,-0.005757,0.000000,-2.128888,-2.235332,-1.341199
2026-07-27T16:44:44.118973,0.1740,-0.424270,-0.006580,0.000000,-2.121349,-2.227416,-1.336450
2026-07-27T16:44:44.118982,0.1745,-0.422762,-0.007402,0.000000,-2.113810,-2.219501,-1.331700
2026-07-27T16:44:44.118992,0.1750,-0.428793,-0.004112,0.000000,-2.143966,-2.251164,-1.350698
2026-07-27T16:44:44.119001,0.1755,-0.427285,-0.004935,0.000000,-2.136427,-2.243248,-1.345949
2026-07-27T16:44:44.119010,0.1760,-0.425778,-0.005757,0.000000,-2.128888,-2.235332,-1.341199
2026-07-27T16:44:44.119019,0.1765,-0.424270,-0.006580,0.000000,-2.121349,-2.227416,-1.336450
2026-07-27T16:44:44.119029,0.1770,-0.422762,-0.007402,0.000000,-2.113810,-2.219501,-1.331700
2026-07-27T16:44:44.119038,0.1775,-0.428793,-0.004112,0.000000,-2.143966,-2.251164,-1.350698
2026-07-27T16:44:44.119048,0.1780,-0.427285,-0.004935,0.000000,-2.136427,-2.243248,-1.345949
2026-07-27T16:44:44.119057,0.1785,-0.425778,-0.005757,0.000000,-2.128888,-2.235332,-1.341199
2026-07-27T16:44:44.119066,0.1790,-0.424270,-0.006580,0.000000,-2.121349,-2.227416,-1.336450
2026-07-27T16:44:44.119076,0.1795,-0.422762,-0.007402,0.000000,-2.113810,-2.219501,-1.331700
2026-07-27T16:44:44.119085,0.1800,-0.428793,-0.004112,0.000000,-2.143966,-2.251164,-1.350698
2026-07-27T16:44:44.119095,0.1805,-0.427285,-0.004935,0.000000,-2.136427,-2.243248,-1.345949
2026-07-27T16:44:44.119104,0.1810,-0.425778,-0.005757,0.000000,-2.128888,-2.235332,-1.341199
2026-07-27T16:44:44.119113,0.1815,-0.424270,-0.006580,0.000000,-2.121349,-2.227416,-1.336450
2026-07-27T16:44:44.119123,0.1820,-0.422762,-0.007402,0.000000,-2.113810,-2.219501,-1.331700
2026-07-27T16:44:44.119133,0.1825,-0.428793,-0.004112,0.000000,-2.143966,-2.251164,-1.350698
2026-07-27T16:44:44.119142,0.1830,-0.427285,-0.004935,0.000000,-2.136427,-2.243248,-1.345949
2026-07-27T16:44:44.119152,0.1835,-0.425778,-0.005757,0.000000,-2.128888,-2.235332,-1.341199
2026-07-27T16:44:44.119161,0.1840,-0.424270,-0.006580,0.000000,-2.121349,-2.227416,-1.336450
2026-07-27T16:44:44.119170,0.1845,-0.422762,-0.007402,0.000000,-2.113810,-2.219501,-1.331700
2026-07-27T16:44:44.119179,0.1850,-0.428793,-0.004112,0.000000,-2.143966,-2.251164,-1.350698
2026-07-27T16:44:44.119189,0.1855,-0.427285,-0.004935,0.000000,-2.136427,-2.243248,-1.345949
2026-07-27T16:44:44.119198,0.1860,-0.425778,-0.005757,0.000000,-2.128888,-2.235332,-1.341199
2026-07-27T16:44:44.119207,0.1865,-0.424270,-0.006580,0.000000,-2.121349,-2.227416,-1.336450
2026-07-27T16:44:44.119217,0.1870,-0.422762,-0.007402,0.000000,-2.113810,-2.219501,-1.331700
2026-07-27T16:44:44.119231,0.1875,-0.428793,-0.004112,0.000000,-2.143966,-2.251164,-1.350698
2026-07-27T16:44:44.119241,0.1880,-0.427285,-0.004935,0.000000,-2.136427,-2.243248,-1.345949
2026-07-27T16:44:44.119250,0.1885,-0.425778,-0.005757,0.000000,-2.128888,-2.235332,-1.341199
2026-07-27T16:44:44.119260,0.1890,-0.424270,-0.006580,0.000000,-2.121349,-2.227416,-1.336450
2026-07-27T16:44:44.119273,0.1895,-0.422762,-0.007402,0.000000,-2.113810,-2.219501,-1.331700
2026-07-27T16:44:44.119282,0.1900,-0.428793,-0.004112,0.000000,-2.143966,-2.251164,-1.350698
2026-07-27T16:44:44.119291,0.1905,-0.427285,-0.004935,0.000000,-2.136427,-2.243248,-1.345949
2026-07-27T16:44:44.119301,0.1910,-0.425778,-0.005757,0.000000,-2.128888,-2.235332,-1.341199
2026-07-27T16:44:44.119310,0.1915,-0.424270,-0.006580,0.000000,-2.121349,-2.227416,-1.336450
2026-07-27T16:44:44.119320,0.1920,-0.422762,-0.007402,0.000000,-2.113810,-2.219501,-1.331700
2026-07-27T16:44:44.119330,0.1925,-0.428793,-0.004112,0.000000,-2.143966,-2.251164,-1.350698
2026-07-27T16:44:44.119340,0.1930,-0.427285,-0.004935,0.000000,-2.136427,-2.243248,-1.345949
2026-07-27T16:44:44.119349,0.1935,-0.425778,-0.005757,0.000000,-2.128888,-2.235332,-1.341199
2026-07-27T16:44:44.119359,0.1940,-0.424270,-0.006580,0.000000,-2.121349,-2.227416,-1.336450
2026-07-27T16:44:44.119369,0.1945,-0.422762,-0.007402,0.000000,-2.113810,-2.219501,-1.331700
2026-07-27T16:44:44.119378,0.1950,-0.428793,-0.004112,0.000000,-2.143966,-2.251164,-1.350698
2026-07-27T16:44:44.119388,0.1955,-0.427285,-0.004935,0.000000,-2.136427,-2.243248,-1.345949
2026-07-27T16:44:44.119398,0.1960,-0.425778,-0.005757,0.000000,-2.128888,-2.235332,-1.341199
2026-07-27T16:44:44.119408,0.1965,-0.424270,-0.006580,0.000000,-2.121349,-2.227416,-1.336450
2026-07-27T16:44:44.119418,0.1970,-0.422762,-0.007402,0.000000,-2.113810,-2.219501,-1.331700
2026-07-27T16:44:44.119428,0.1975,-0.428793,-0.004112,0.000000,-2.143966,-2.251164,-1.350698
2026-07-27T16:44:44.119438,0.1980,-0.427285,-0.004935,0.000000,-2.136427,-2.243248,-1.345949
2026-07-27T16:44:44.119448,0.1985,-0.425778,-0.005757,0.000000,-2.128888,-2.235332,-1.341199
2026-07-27T16:44:44.119459,0.1990,-0.424270,-0.006580,0.000000,-2.121349,-2.227416,-1.336450
2026-07-27T16:44:44.119469,0.1995,-0.422762,-0.007402,0.000000,-2.113810,-2.219501,-1.331700
2026-07-27T16:44:44.218217,0.2000,-0.421254,-0.008224,0.000000,-2.106272,-2.211585,-1.326951
2026-07-27T16:44:44.218331,0.2005,-0.419747,-0.009047,0.000000,-2.098734,-2.203670,-1.322202
2026-07-27T16:44:44.218380,0.2010,-0.418239,-0.009869,0.000000,-2.091196,-2.195755,-1.317453
2026-07-27T16:44:44.218421,0.2015,-0.416732,-0.010691,0.000000,-2.083658,-2.187841,-1.312704
2026-07-27T16:44:44.218461,0.2020,-0.415224,-0.011514,0.000000,-2.076120,-2.179926,-1.307956
2026-07-27T16:44:44.218501,0.2025,-0.421254,-0.008224,0.000000,-2.106272,-2.211585,-1.326951
2026-07-27T16:44:44.218539,0.2030,-0.419747,-0.009047,0.000000,-2.098734,-2.203670,-1.322202
2026-07-27T16:44:44.218578,0.2035,-0.418239,-0.009869,0.000000,-2.091196,-2.195755,-1.317453
2026-07-27T16:44:44.218617,0.2040,-0.416732,-0.010691,0.000000,-2.083658,-2.187841,-1.312704
2026-07-27T16:44:44.219204,0.2045,-0.415224,-0.011514,0.000000,-2.076120,-2.179926,-1.307956
2026-07-27T16:44:44.219240,0.2050,-0.421254,-0.008224,0.000000,-2.106272,-2.211585,-1.326951
2026-07-27T16:44:44.219288,0.2055,-0.419747,-0.009047,0.000000,-2.098734,-2.203670,-1.322202
2026-07-27T16:44:44.219325,0.2060,-0.418239,-0.009869,0.000000,-2.091196,-2.195755,-1.317453
2026-07-27T16:44:44.219360,0.2065,-0.416732,-0.010691,0.000000,-2.083658,-2.187841,-1.312704
2026-07-27T16:44:44.219396,0.2070,-0.415224,-0.011514,0.000000,-2.076120,-2.179926,-1.307956
2026-07-27T16:44:44.219431,0.2075,-0.421254,-0.008224,0.000000,-2.106272,-2.211585,-1.326951
2026-07-27T16:44:44.219468,0.2080,-0.419747,-0.009047,0.000000,-2.098734,-2.203670,-1.322202
2026-07-27T16:44:44.219506,0.2085,-0.418239,-0.009869,0.000000,-2.091196,-2.195755,-1.317453
2026-07-27T16:44:44.219541,0.2090,-0.416732,-0.010691,0.000000,-2.083658,-2.187841,-1.312704
2026-07-27T16:44:44.219577,0.2095,-0.415224,-0.011514,0.000000,-2.076120,-2.179926,-1.307956
2026-07-27T16:44:44.219612,0.2100,-0.421254,-0.008224,0.000000,-2.106272,-2.211585,-1.326951
2026-07-27T16:44:44.219648,0.2105,-0.419747,-0.009047,0.000000,-2.098734,-2.203670,-1.322202
2026-07-27T16:44:44.219685,0.2110,-0.418239,-0.009869,0.000000,-2.091196,-2.195755,-1.317453
2026-07-27T16:44:44.219720,0.2115,-0.416732,-0.010691,0.000000,-2.083658,-2.187841,-1.312704
2026-07-27T16:44:44.219756,0.2120,-0.415224,-0.011514,0.000000,-2.076120,-2.179926,-1.307956
2026-07-27T16:44:44.219792,0.2125,-0.421254,-0.008224,0.000000,-2.106272,-2.211585,-1.326951
2026-07-27T16:44:44.219828,0.2130,-0.419747,-0.009047,0.000000,-2.098734,-2.203670,-1.322202
2026-07-27T16:44:44.219863,0.2135,-0.418239,-0.009869,0.000000,-2.091196,-2.195755,-1.317453
2026-07-27T16:44:44.219901,0.2140,-0.416732,-0.010691,0.000000,-2.083658,-2.187841,-1.312704
2026-07-27T16:44:44.219936,0.2145,-0.415224,-0.011514,0.000000,-2.076120,-2.179926,-1.307956
2026-07-27T16:44:44.219971,0.2150,-0.421254,-0.008224,0.000000,-2.106272,-2.211585,-1.326951
2026-07-27T16:44:44.220007,0.2155,-0.419747,-0.009047,0.000000,-2.098734,-2.203670,-1.322202
2026-07-27T16:44:44.220043,0.2160,-0.418239,-0.009869,0.000000,-2.091196,-2.195755,-1.317453
2026-07-27T16:44:44.220083,0.2165,-0.416732,-0.010691,0.000000,-2.083658,-2.187841,-1.312704
2026-07-27T16:44:44.220123,0.2170,-0.415224,-0.011514,0.000000,-2.076120,-2.179926,-1.307956
2026-07-27T16:44:44.220161,0.2175,-0.421254,-0.008224,0.000000,-2.106272,-2.211585,-1.326951
2026-07-27T16:44:44.220201,0.2180,-0.419747,-0.009047,0.000000,-2.098734,-2.203670,-1.322202
2026-07-27T16:44:44.220239,0.2185,-0.418239,-0.009869,0.000000,-2.091196,-2.195755,-1.317453
2026-07-27T16:44:44.220300,0.2190,-0.416732,-0.010691,0.000000,-2.083658,-2.187841,-1.312704
2026-07-27T16:44:44.220340,0.2195,-0.415224,-0.011514,0.000000,-2.076120,-2.179926,-1.307956
2026-07-27T16:44:44.220379,0.2200,-0.421254,-0.008224,0.000000,-2.106272,-2.211585,-1.326951
2026-07-27T16:44:44.220418,0.2205,-0.419747,-0.009047,0.000000,-2.098734,-2.203670,-1.322202
2026-07-27T16:44:44.220455,0.2210,-0.418239,-0.009869,0.000000,-2.091196,-2.195755,-1.317453
2026-07-27T16:44:44.220495,0.2215,-0.416732,-0.010691,0.000000,-2.083658,-2.187841,-1.312704
2026-07-27T16:44:44.220534,0.2220,-0.415224,-0.011514,0.000000,-2.076120,-2.179926,-1.307956
2026-07-27T16:44:44.220573,0.2225,-0.421254,-0.008224,0.000000,-2.106272,-2.211585,-1.326951
2026-07-27T16:44:44.220612,0.2230,-0.419747,-0.009047,0.000000,-2.098734,-2.203670,-1.322202
2026-07-27T16:44:44.220651,0.2235,-0.418239,-0.009869,0.000000,-2.091196,-2.195755,-1.317453
2026-07-27T16:44:44.220688,0.2240,-0.416732,-0.010691,0.000000,-2.083658,-2.187841,-1.312704
2026-07-27T16:44:44.220728,0.2245,-0.415224,-0.011514,0.000000,-2.076120,-2.179926,-1.307956
2026-07-27T16:44:44.220766,0.2250,-0.421254,-0.008224,0.000000,-2.106272,-2.211585,-1.326951
2026-07-27T16:44:44.220805,0.2255,-0.419747,-0.009047,0.000000,-2.098734,-2.203670,-1.322202
2026-07-27T16:44:44.220843,0.2260,-0.418239,-0.009869,0.000000,-2.091196,-2.195755,-1.317453
2026-07-27T16:44:44.220883,0.2265,-0.416732,-0.010691,0.000000,-2.083658,-2.187841,-1.312704
2026-07-27T16:44:44.220922,0.2270,-0.415224,-0.011514,0.000000,-2.076120,-2.179926,-1.307956
2026-07-27T16:44:44.220961,0.2275,-0.421254,-0.008224,0.000000,-2.106272,-2.211585,-1.326951
2026-07-27T16:44:44.221001,0.2280,-0.419747,-0.009047,0.000000,-2.098734,-2.203670,-1.322202
2026-07-27T16:44:44.221039,0.2285,-0.418239,-0.009869,0.000000,-2.091196,-2.195755,-1.317453
2026-07-27T16:44:44.221096,0.2290,-0.416732,-0.010691,0.000000,-2.083658,-2.187841,-1.312704
2026-07-27T16:44:44.221131,0.2295,-0.415224,-0.011514,0.000000,-2.076120,-2.179926,-1.307956
2026-07-27T16:44:44.221166,0.2300,-0.421254,-0.008224,0.000000,-2.106272,-2.211585,-1.326951
2026-07-27T16:44:44.221203,0.2305,-0.419747,-0.009047,0.000000,-2.098734,-2.203670,-1.322202
2026-07-27T16:44:44.221239,0.2310,-0.418239,-0.009869,0.000000,-2.091196,-2.195755,-1.317453
2026-07-27T16:44:44.221286,0.2315,-0.416732,-0.010691,0.000000,-2.083658,-2.187841,-1.312704
2026-07-27T16:44:44.221323,0.2320,-0.415224,-0.011514,0.000000,-2.076120,-2.179926,-1.307956
2026-07-27T16:44:44.221361,0.2325,-0.421254,-0.008224,0.000000,-2.106272,-2.211585,-1.326951
2026-07-27T16:44:44.221398,0.2330,-0.419747,-0.009047,0.000000,-2.098734,-2.203670,-1.322202
2026-07-27T16:44:44.221435,0.2335,-0.418239,-0.009869,0.000000,-2.091196,-2.195755,-1.317453
2026-07-27T16:44:44.221472,0.2340,-0.416732,-0.010691,0.000000,-2.083658,-2.187841,-1.312704
2026-07-27T16:44:44.221507,0.2345,-0.415224,-0.011514,0.000000,-2.076120,-2.179926,-1.307956
2026-07-27T16:44:44.221542,0.2350,-0.421254,-0.008224,0.000000,-2.106272,-2.211585,-1.326951
2026-07-27T16:44:44.221578,0.2355,-0.419747,-0.009047,0.000000,-2.098734,-2.203670,-1.322202
2026-07-27T16:44:44.221615,0.2360,-0.418239,-0.009869,0.000000,-2.091196,-2.195755,-1.317453
2026-07-27T16:44:44.221648,0.2365,-0.416732,-0.010691,0.000000,-2.083658,-2.187841,-1.312704
2026-07-27T16:44:44.221681,0.2370,-0.415224,-0.011514,0.000000,-2.076120,-2.179926,-1.307956
2026-07-27T16:44:44.221714,0.2375,-0.421254,-0.008224,0.000000,-2.106272,-2.211585,-1.326951
2026-07-27T16:44:44.221747,0.2380,-0.419747,-0.009047,0.000000,-2.098734,-2.203670,-1.322202
2026-07-27T16:44:44.221783,0.2385,-0.418239,-0.009869,0.000000,-2.091196,-2.195755,-1.317453
2026-07-27T16:44:44.221816,0.2390,-0.416732,-0.010691,0.000000,-2.083658,-2.187841,-1.312704
2026-07-27T16:44:44.221848,0.2395,-0.415224,-0.011514,0.000000,-2.076120,-2.179926,-1.307956
2026-07-27T16:44:44.221881,0.2400,-0.421254,-0.008224,0.000000,-2.106272,-2.211585,-1.326951
2026-07-27T16:44:44.221914,0.2405,-0.419747,-0.009047,0.000000,-2.098734,-2.203670,-1.322202
2026-07-27T16:44:44.221948,0.2410,-0.418239,-0.009869,0.000000,-2.091196,-2.195755,-1.317453
2026-07-27T16:44:44.221981,0.2415,-0.416732,-0.010691,0.000000,-2.083658,-2.187841,-1.312704
2026-07-27T16:44:44.222013,0.2420,-0.415224,-0.011514,0.000000,-2.076120,-2.179926,-1.307956
2026-07-27T16:44:44.222057,0.2425,-0.421254,-0.008224,0.000000,-2.106272,-2.211585,-1.326951
2026-07-27T16:44:44.222109,0.2430,-0.419747,-0.009047,0.000000,-2.098734,-2.203670,-1.322202
2026-07-27T16:44:44.222161,0.2435,-0.418239,-0.009869,0.000000,-2.091196,-2.195755,-1.317453
2026-07-27T16:44:44.222282,0.2440,-0.416732,-0.010691,0.000000,-2.083658,-2.187841,-1.312704
2026-07-27T16:44:44.222317,0.2445,-0.415224,-0.011514,0.000000,-2.076120,-2.179926,-1.307956
2026-07-27T16:44:44.222352,0.2450,-0.421254,-0.008224,0.000000,-2.106272,-2.211585,-1.326951
2026-07-27T16:44:44.222385,0.2455,-0.419747,-0.009047,0.000000,-2.098734,-2.203670,-1.322202
2026-07-27T16:44:44.222418,0.2460,-0.418239,-0.009869,0.000000,-2.091196,-2.195755,-1.317453
2026-07-27T16:44:44.222451,0.2465,-0.416732,-0.010691,0.000000,-2.083658,-2.187841,-1.312704
2026-07-27T16:44:44.222484,0.2470,-0.415224,-0.011514,0.000000,-2.076120,-2.179926,-1.307956
2026-07-27T16:44:44.222516,0.2475,-0.421254,-0.008224,0.000000,-2.106272,-2.211585,-1.326951
2026-07-27T16:44:44.222550,0.2480,-0.419747,-0.009047,0.000000,-2.098734,-2.203670,-1.322202
2026-07-27T16:44:44.222583,0.2485,-0.418239,-0.009869,0.000000,-2.091196,-2.195755,-1.317453
2026-07-27T16:44:44.222616,0.2490,-0.416732,-0.010691,0.000000,-2.083658,-2.187841,-1.312704
2026-07-27T16:44:44.222650,0.2495,-0.415224,-0.011514,0.000000,-2.076120,-2.179926,-1.307956
2026-07-27T16:44:44.222682,0.2500,-0.421254,-0.008224,0.000000,-2.106272,-2.211585,-1.326951
2026-07-27T16:44:44.222714,0.2505,-0.419747,-0.009047,0.000000,-2.098734,-2.203670,-1.322202
2026-07-27T16:44:44.222751,0.2510,-0.418239,-0.009869,0.000000,-2.091196,-2.195755,-1.317453
2026-07-27T16:44:44.222783,0.2515,-0.416732,-0.010691,0.000000,-2.083658,-2.187841,-1.312704
2026-07-27T16:44:44.222814,0.2520,-0.415224,-0.011514,0.000000,-2.076120,-2.179926,-1.307956
2026-07-27T16:44:44.222844,0.2525,-0.421254,-0.008224,0.000000,-2.106272,-2.211585,-1.326951
2026-07-27T16:44:44.222875,0.2530,-0.419747,-0.009047,0.000000,-2.098734,-2.203670,-1.322202
2026-07-27T16:44:44.222905,0.2535,-0.418239,-0.009869,0.000000,-2.091196,-2.195755,-1.317453
2026-07-27T16:44:44.222943,0.2540,-0.416732,-0.010691,0.000000,-2.083658,-2.187841,-1.312704
2026-07-27T16:44:44.222977,0.2545,-0.415224,-0.011514,0.000000,-2.076120,-2.179926,-1.307956
2026-07-27T16:44:44.223009,0.2550,-0.421254,-0.008224,0.000000,-2.106272,-2.211585,-1.326951
2026-07-27T16:44:44.223040,0.2555,-0.419747,-0.009047,0.000000,-2.098734,-2.203670,-1.322202
2026-07-27T16:44:44.223073,0.2560,-0.418239,-0.009869,0.000000,-2.091196,-2.195755,-1.317453
2026-07-27T16:44:44.223103,0.2565,-0.416732,-0.010691,0.000000,-2.083658,-2.187841,-1.312704
2026-07-27T16:44:44.223134,0.2570,-0.415224,-0.011514,0.000000,-2.076120,-2.179926,-1.307956
2026-07-27T16:44:44.223165,0.2575,-0.421254,-0.008224,0.000000,-2.106272,-2.211585,-1.326951
2026-07-27T16:44:44.223195,0.2580,-0.419747,-0.009047,0.000000,-2.098734,-2.203670,-1.322202
2026-07-27T16:44:44.223226,0.2585,-0.418239,-0.009869,0.000000,-2.091196,-2.195755,-1.317453
2026-07-27T16:44:44.223257,0.2590,-0.416732,-0.010691,0.000000,-2.083658,-2.187841,-1.312704
2026-07-27T16:44:44.223299,0.2595,-0.415224,-0.011514,0.000000,-2.076120,-2.179926,-1.307956
2026-07-27T16:44:44.223331,0.2600,-0.421254,-0.008224,0.000000,-2.106272,-2.211585,-1.326951
2026-07-27T16:44:44.223361,0.2605,-0.419747,-0.009047,0.000000,-2.098734,-2.203670,-1.322202
2026-07-27T16:44:44.223391,0.2610,-0.418239,-0.009869,0.000000,-2.091196,-2.195755,-1.317453
2026-07-27T16:44:44.223421,0.2615,-0.416732,-0.010691,0.000000,-2.083658,-2.187841,-1.312704
2026-07-27T16:44:44.223452,0.2620,-0.415224,-0.011514,0.000000,-2.076120,-2.179926,-1.307956
2026-07-27T16:44:44.223482,0.2625,-0.421254,-0.008224,0.000000,-2.106272,-2.211585,-1.326951
2026-07-27T16:44:44.223513,0.2630,-0.419747,-0.009047,0.000000,-2.098734,-2.203670,-1.322202
2026-07-27T16:44:44.223544,0.2635,-0.418239,-0.009869,0.000000,-2.091196,-2.195755,-1.317453
2026-07-27T16:44:44.223574,0.2640,-0.416732,-0.010691,0.000000,-2.083658,-2.187841,-1.312704
2026-07-27T16:44:44.223604,0.2645,-0.415224,-0.011514,0.000000,-2.076120,-2.179926,-1.307956
2026-07-27T16:44:44.223634,0.2650,-0.421254,-0.008224,0.000000,-2.106272,-2.211585,-1.326951
2026-07-27T16:44:44.223665,0.2655,-0.419747,-0.009047,0.000000,-2.098734,-2.203670,-1.322202
2026-07-27T16:44:44.223696,0.2660,-0.418239,-0.009869,0.000000,-2.091196,-2.195755,-1.317453
2026-07-27T16:44:44.223724,0.2665,-0.416732,-0.010691,0.000000,-2.083658,-2.187841,-1.312704
2026-07-27T16:44:44.223753,0.2670,-0.415224,-0.011514,0.000000,-2.076120,-2.179926,-1.307956
2026-07-27T16:44:44.223782,0.2675,-0.421254,-0.008224,0.000000,-2.106272,-2.211585,-1.326951
2026-07-27T16:44:44.223810,0.2680,-0.419747,-0.009047,0.000000,-2.098734,-2.203670,-1.322202
2026-07-27T16:44:44.223838,0.2685,-0.418239,-0.009869,0.000000,-2.091196,-2.195755,-1.317453
2026-07-27T16:44:44.223868,0.2690,-0.416732,-0.010691,0.000000,-2.083658,-2.187841,-1.312704
2026-07-27T16:44:44.223898,0.2695,-0.415224,-0.011514,0.000000,-2.076120,-2.179926,-1.307956
2026-07-27T16:44:44.223927,0.2700,-0.421254,-0.008224,0.000000,-2.106272,-2.211585,-1.326951
2026-07-27T16:44:44.223955,0.2705,-0.419747,-0.009047,0.000000,-2.098734,-2.203670,-1.322202
2026-07-27T16:44:44.223983,0.2710,-0.418239,-0.009869,0.000000,-2.091196,-2.195755,-1.317453
2026-07-27T16:44:44.224009,0.2715,-0.416732,-0.010691,0.000000,-2.083658,-2.187841,-1.312704
2026-07-27T16:44:44.224036,0.2720,-0.415224,-0.011514,0.000000,-2.076120,-2.179926,-1.307956
2026-07-27T16:44:44.224062,0.2725,-0.421254,-0.008224,0.000000,-2.106272,-2.211585,-1.326951
2026-07-27T16:44:44.224089,0.2730,-0.419747,-0.009047,0.000000,-2.098734,-2.203670,-1.322202
2026-07-27T16:44:44.224115,0.2735,-0.418239,-0.009869,0.000000,-2.091196,-2.195755,-1.317453
2026-07-27T16:44:44.224142,0.2740,-0.416732,-0.010691,0.000000,-2.083658,-2.187841,-1.312704
2026-07-27T16:44:44.224170,0.2745,-0.415224,-0.011514,0.000000,-2.076120,-2.179926,-1.307956
2026-07-27T16:44:44.224197,0.2750,-0.421254,-0.008224,0.000000,-2.106272,-2.211585,-1.326951
2026-07-27T16:44:44.224224,0.2755,-0.419747,-0.009047,0.000000,-2.098734,-2.203670,-1.322202
2026-07-27T16:44:44.224251,0.2760,-0.418239,-0.009869,0.000000,-2.091196,-2.195755,-1.317453
2026-07-27T16:44:44.224288,0.2765,-0.416732,-0.010691,0.000000,-2.083658,-2.187841,-1.312704
2026-07-27T16:44:44.224316,0.2770,-0.415224,-0.011514,0.000000,-2.076120,-2.179926,-1.307956
2026-07-27T16:44:44.224342,0.2775,-0.421254,-0.008224,0.000000,-2.106272,-2.211585,-1.326951
2026-07-27T16:44:44.224368,0.2780,-0.419747,-0.009047,0.000000,-2.098734,-2.203670,-1.322202
2026-07-27T16:44:44.224397,0.2785,-0.418239,-0.009869,0.000000,-2.091196,-2.195755,-1.317453
2026-07-27T16:44:44.224423,0.2790,-0.416732,-0.010691,0.000000,-2.083658,-2.187841,-1.312704
2026-07-27T16:44:44.224457,0.2795,-0.415224,-0.011514,0.000000,-2.076120,-2.179926,-1.307956
2026-07-27T16:44:44.224484,0.2800,-0.421254,-0.008224,0.000000,-2.106272,-2.211585,-1.326951
2026-07-27T16:44:44.224512,0.2805,-0.419747,-0.009047,0.000000,-2.098734,-2.203670,-1.322202
2026-07-27T16:44:44.224539,0.2810,-0.418239,-0.009869,0.000000,-2.091196,-2.195755,-1.317453
2026-07-27T16:44:44.224565,0.2815,-0.416732,-0.010691,0.000000,-2.083658,-2.187841,-1.312704
2026-07-27T16:44:44.224593,0.2820,-0.415224,-0.011514,0.000000,-2.076120,-2.179926,-1.307956
2026-07-27T16:44:44.224621,0.2825,-0.421254,-0.008224,0.000000,-2.106272,-2.211585,-1.326951
2026-07-27T16:44:44.224647,0.2830,-0.419747,-0.009047,0.000000,-2.098734,-2.203670,-1.322202
2026-07-27T16:44:44.224673,0.2835,-0.418239,-0.009869,0.000000,-2.091196,-2.195755,-1.317453
2026-07-27T16:44:44.224699,0.2840,-0.416732,-0.010691,0.000000,-2.083658,-2.187841,-1.312704
2026-07-27T16:44:44.224726,0.2845,-0.415224,-0.011514,0.000000,-2.076120,-2.179926,-1.307956
2026-07-27T16:44:44.224754,0.2850,-0.421254,-0.008224,0.000000,-2.106272,-2.211585,-1.326951
2026-07-27T16:44:44.224781,0.2855,-0.419747,-0.009047,0.000000,-2.098734,-2.203670,-1.322202
2026-07-27T16:44:44.224807,0.2860,-0.418239,-0.009869,0.000000,-2.091196,-2.195755,-1.317453
2026-07-27T16:44:44.224834,0.2865,-0.416732,-0.010691,0.000000,-2.083658,-2.187841,-1.312704
2026-07-27T16:44:44.224860,0.2870,-0.415224,-0.011514,0.000000,-2.076120,-2.179926,-1.307956
2026-07-27T16:44:44.224904,0.2875,-0.421254,-0.008224,0.000000,-2.106272,-2.211585,-1.326951
2026-07-27T16:44:44.224930,0.2880,-0.419747,-0.009047,0.000000,-2.098734,-2.203670,-1.322202
2026-07-27T16:44:44.224955,0.2885,-0.418239,-0.009869,0.000000,-2.091196,-2.195755,-1.317453
2026-07-27T16:44:44.224981,0.2890,-0.416732,-0.010691,0.000000,-2.083658,-2.187841,-1.312704
2026-07-27T16:44:44.225006,0.2895,-0.415224,-0.011514,0.000000,-2.076120,-2.179926,-1.307956
2026-07-27T16:44:44.225031,0.2900,-0.421254,-0.008224,0.000000,-2.106272,-2.211585,-1.326951
2026-07-27T16:44:44.225056,0.2905,-0.419747,-0.009047,0.000000,-2.098734,-2.203670,-1.322202
2026-07-27T16:44:44.225081,0.2910,-0.418239,-0.009869,0.000000,-2.091196,-2.195755,-1.317453
2026-07-27T16:44:44.225107,0.2915,-0.416732,-0.010691,0.000000,-2.083658,-2.187841,-1.312704
2026-07-27T16:44:44.225132,0.2920,-0.415224,-0.011514,0.000000,-2.076120,-2.179926,-1.307956
2026-07-27T16:44:44.225157,0.2925,-0.421254,-0.008224,0.000000,-2.106272,-2.211585,-1.326951
2026-07-27T16:44:44.225184,0.2930,-0.419747,-0.009047,0.000000,-2.098734,-2.203670,-1.322202
2026-07-27T16:44:44.225209,0.2935,-0.418239,-0.009869,0.000000,-2.091196,-2.195755,-1.317453
2026-07-27T16:44:44.225234,0.2940,-0.416732,-0.010691,0.000000,-2.083658,-2.187841,-1.312704
2026-07-27T16:44:44.225259,0.2945,-0.415224,-0.011514,0.000000,-2.076120,-2.179926,-1.307956
2026-07-27T16:44:44.225289,0.2950,-0.421254,-0.008224,0.000000,-2.106272,-2.211585,-1.326951
2026-07-27T16:44:44.225313,0.2955,-0.419747,-0.009047,0.000000,-2.098734,-2.203670,-1.322202
2026-07-27T16:44:44.225338,0.2960,-0.418239,-0.009869,0.000000,-2.091196,-2.195755,-1.317453
2026-07-27T16:44:44.225363,0.2965,-0.416732,-0.010691,0.000000,-2.083658,-2.187841,-1.312704
2026-07-27T16:44:44.225388,0.2970,-0.415224,-0.011514,0.000000,-2.076120,-2.179926,-1.307956
2026-07-27T16:44:44.225412,0.2975,-0.421254,-0.008224,0.000000,-2.106272,-2.211585,-1.326951
2026-07-27T16:44:44.225437,0.2980,-0.419747,-0.009047,0.000000,-2.098734,-2.203670,-1.322202
2026-07-27T16:44:44.225463,0.2985,-0.418239,-0.009869,0.000000,-2.091196,-2.195755,-1.317453
2026-07-27T16:44:44.225488,0.2990,-0.416732,-0.010691,0.000000,-2.083658,-2.187841,-1.312704
2026-07-27T16:44:44.225513,0.2995,-0.415224,-0.011514,0.000000,-2.076120,-2.179926,-1.307956
2026-07-27T16:44:44.318228,0.3000,-0.413717,-0.012336,0.000000,-2.068583,-2.172012,-1.303207
2026-07-27T16:44:44.318342,0.3005,-0.412209,-0.013158,0.000000,-2.061046,-2.164098,-1.298459
2026-07-27T16:44:44.318395,0.3010,-0.410702,-0.013980,0.000000,-2.053509,-2.156184,-1.293711
2026-07-27T16:44:44.318444,0.3015,-0.409195,-0.014802,0.000000,-2.045973,-2.148271,-1.288963
2026-07-27T16:44:44.318489,0.3020,-0.407687,-0.015625,0.000000,-2.038436,-2.140358,-1.284215
2026-07-27T16:44:44.318533,0.3025,-0.413717,-0.012336,0.000000,-2.068583,-2.172012,-1.303207
2026-07-27T16:44:44.318580,0.3030,-0.412209,-0.013158,0.000000,-2.061046,-2.164098,-1.298459
2026-07-27T16:44:44.318625,0.3035,-0.410702,-0.013980,0.000000,-2.053509,-2.156184,-1.293711
2026-07-27T16:44:44.318668,0.3040,-0.409195,-0.014802,0.000000,-2.045973,-2.148271,-1.288963
2026-07-27T16:44:44.318711,0.3045,-0.407687,-0.015625,0.000000,-2.038436,-2.140358,-1.284215
2026-07-27T16:44:44.318755,0.3050,-0.413717,-0.012336,0.000000,-2.068583,-2.172012,-1.303207
2026-07-27T16:44:44.318801,0.3055,-0.412209,-0.013158,0.000000,-2.061046,-2.164098,-1.298459
2026-07-27T16:44:44.318844,0.3060,-0.410702,-0.013980,0.000000,-2.053509,-2.156184,-1.293711
2026-07-27T16:44:44.318888,0.3065,-0.409195,-0.014802,0.000000,-2.045973,-2.148271,-1.288963
2026-07-27T16:44:44.318930,0.3070,-0.407687,-0.015625,0.000000,-2.038436,-2.140358,-1.284215
2026-07-27T16:44:44.318975,0.3075,-0.413717,-0.012336,0.000000,-2.068583,-2.172012,-1.303207
2026-07-27T16:44:44.319027,0.3080,-0.412209,-0.013158,0.000000,-2.061046,-2.164098,-1.298459
2026-07-27T16:44:44.319076,0.3085,-0.410702,-0.013980,0.000000,-2.053509,-2.156184,-1.293711
2026-07-27T16:44:44.319125,0.3090,-0.409195,-0.014802,0.000000,-2.045973,-2.148271,-1.288963
2026-07-27T16:44:44.319173,0.3095,-0.407687,-0.015625,0.000000,-2.038436,-2.140358,-1.284215
2026-07-27T16:44:44.319223,0.3100,-0.413717,-0.012336,0.000000,-2.068583,-2.172012,-1.303207
2026-07-27T16:44:44.319285,0.3105,-0.412209,-0.013158,0.000000,-2.061046,-2.164098,-1.298459
2026-07-27T16:44:44.319343,0.3110,-0.410702,-0.013980,0.000000,-2.053509,-2.156184,-1.293711
2026-07-27T16:44:44.319834,0.3115,-0.409195,-0.014802,0.000000,-2.045973,-2.148271,-1.288963
2026-07-27T16:44:44.319883,0.3120,-0.407687,-0.015625,0.000000,-2.038436,-2.140358,-1.284215
2026-07-27T16:44:44.319930,0.3125,-0.413717,-0.012336,0.000000,-2.068583,-2.172012,-1.303207
2026-07-27T16:44:44.319969,0.3130,-0.412209,-0.013158,0.000000,-2.061046,-2.164098,-1.298459
2026-07-27T16:44:44.320010,0.3135,-0.410702,-0.013980,0.000000,-2.053509,-2.156184,-1.293711
2026-07-27T16:44:44.320069,0.3140,-0.409195,-0.014802,0.000000,-2.045973,-2.148271,-1.288963
2026-07-27T16:44:44.320108,0.3145,-0.407687,-0.015625,0.000000,-2.038436,-2.140358,-1.284215
2026-07-27T16:44:44.320148,0.3150,-0.413717,-0.012336,0.000000,-2.068583,-2.172012,-1.303207
2026-07-27T16:44:44.320187,0.3155,-0.412209,-0.013158,0.000000,-2.061046,-2.164098,-1.298459
2026-07-27T16:44:44.320227,0.3160,-0.410702,-0.013980,0.000000,-2.053509,-2.156184,-1.293711
2026-07-27T16:44:44.320277,0.3165,-0.409195,-0.014802,0.000000,-2.045973,-2.148271,-1.288963
2026-07-27T16:44:44.320314,0.3170,-0.407687,-0.015625,0.000000,-2.038436,-2.140358,-1.284215
2026-07-27T16:44:44.320351,0.3175,-0.413717,-0.012336,0.000000,-2.068583,-2.172012,-1.303207
2026-07-27T16:44:44.320387,0.3180,-0.412209,-0.013158,0.000000,-2.061046,-2.164098,-1.298459
2026-07-27T16:44:44.320425,0.3185,-0.410702,-0.013980,0.000000,-2.053509,-2.156184,-1.293711
2026-07-27T16:44:44.320460,0.3190,-0.409195,-0.014802,0.000000,-2.045973,-2.148271,-1.288963
2026-07-27T16:44:44.320495,0.3195,-0.407687,-0.015625,0.000000,-2.038436,-2.140358,-1.284215
2026-07-27T16:44:44.320531,0.3200,-0.413717,-0.012336,0.000000,-2.068583,-2.172012,-1.303207
2026-07-27T16:44:44.320568,0.3205,-0.412209,-0.013158,0.000000,-2.061046,-2.164098,-1.298459
2026-07-27T16:44:44.320604,0.3210,-0.410702,-0.013980,0.000000,-2.053509,-2.156184,-1.293711
2026-07-27T16:44:44.320639,0.3215,-0.409195,-0.014802,0.000000,-2.045973,-2.148271,-1.288963
2026-07-27T16:44:44.320675,0.3220,-0.407687,-0.015625,0.000000,-2.038436,-2.140358,-1.284215
2026-07-27T16:44:44.320710,0.3225,-0.413717,-0.012336,0.000000,-2.068583,-2.172012,-1.303207
2026-07-27T16:44:44.320745,0.3230,-0.412209,-0.013158,0.000000,-2.061046,-2.164098,-1.298459
2026-07-27T16:44:44.320780,0.3235,-0.410702,-0.013980,0.000000,-2.053509,-2.156184,-1.293711
2026-07-27T16:44:44.320815,0.3240,-0.409195,-0.014802,0.000000,-2.045973,-2.148271,-1.288963
2026-07-27T16:44:44.320850,0.3245,-0.407687,-0.015625,0.000000,-2.038436,-2.140358,-1.284215
2026-07-27T16:44:44.320885,0.3250,-0.413717,-0.012336,0.000000,-2.068583,-2.172012,-1.303207
2026-07-27T16:44:44.320920,0.3255,-0.412209,-0.013158,0.000000,-2.061046,-2.164098,-1.298459
2026-07-27T16:44:44.320956,0.3260,-0.410702,-0.013980,0.000000,-2.053509,-2.156184,-1.293711
2026-07-27T16:44:44.320993,0.3265,-0.409195,-0.014802,0.000000,-2.045973,-2.148271,-1.288963
2026-07-27T16:44:44.321029,0.3270,-0.407687,-0.015625,0.000000,-2.038436,-2.140358,-1.284215
2026-07-27T16:44:44.321062,0.3275,-0.413717,-0.012336,0.000000,-2.068583,-2.172012,-1.303207
2026-07-27T16:44:44.321100,0.3280,-0.412209,-0.013158,0.000000,-2.061046,-2.164098,-1.298459
2026-07-27T16:44:44.321132,0.3285,-0.410702,-0.013980,0.000000,-2.053509,-2.156184,-1.293711
2026-07-27T16:44:44.321165,0.3290,-0.409195,-0.014802,0.000000,-2.045973,-2.148271,-1.288963
2026-07-27T16:44:44.321198,0.3295,-0.407687,-0.015625,0.000000,-2.038436,-2.140358,-1.284215
2026-07-27T16:44:44.321230,0.3300,-0.413717,-0.012336,0.000000,-2.068583,-2.172012,-1.303207
2026-07-27T16:44:44.321272,0.3305,-0.412209,-0.013158,0.000000,-2.061046,-2.164098,-1.298459
2026-07-27T16:44:44.321305,0.3310,-0.410702,-0.013980,0.000000,-2.053509,-2.156184,-1.293711
2026-07-27T16:44:44.321338,0.3315,-0.409195,-0.014802,0.000000,-2.045973,-2.148271,-1.288963
2026-07-27T16:44:44.321371,0.3320,-0.407687,-0.015625,0.000000,-2.038436,-2.140358,-1.284215
2026-07-27T16:44:44.321405,0.3325,-0.413717,-0.012336,0.000000,-2.068583,-2.172012,-1.303207
2026-07-27T16:44:44.321438,0.3330,-0.412209,-0.013158,0.000000,-2.061046,-2.164098,-1.298459
2026-07-27T16:44:44.321471,0.3335,-0.410702,-0.013980,0.000000,-2.053509,-2.156184,-1.293711
2026-07-27T16:44:44.321504,0.3340,-0.409195,-0.014802,0.000000,-2.045973,-2.148271,-1.288963
2026-07-27T16:44:44.321536,0.3345,-0.407687,-0.015625,0.000000,-2.038436,-2.140358,-1.284215
2026-07-27T16:44:44.321569,0.3350,-0.413717,-0.012336,0.000000,-2.068583,-2.172012,-1.303207
2026-07-27T16:44:44.321603,0.3355,-0.412209,-0.013158,0.000000,-2.061046,-2.164098,-1.298459
2026-07-27T16:44:44.321636,0.3360,-0.410702,-0.013980,0.000000,-2.053509,-2.156184,-1.293711
2026-07-27T16:44:44.321671,0.3365,-0.409195,-0.014802,0.000000,-2.045973,-2.148271,-1.288963
2026-07-27T16:44:44.321706,0.3370,-0.407687,-0.015625,0.000000,-2.038436,-2.140358,-1.284215
2026-07-27T16:44:44.321740,0.3375,-0.413717,-0.012336,0.000000,-2.068583,-2.172012,-1.303207
2026-07-27T16:44:44.321773,0.3380,-0.412209,-0.013158,0.000000,-2.061046,-2.164098,-1.298459
2026-07-27T16:44:44.321808,0.3385,-0.410702,-0.013980,0.000000,-2.053509,-2.156184,-1.293711
2026-07-27T16:44:44.321839,0.3390,-0.409195,-0.014802,0.000000,-2.045973,-2.148271,-1.288963
2026-07-27T16:44:44.321870,0.3395,-0.407687,-0.015625,0.000000,-2.038436,-2.140358,-1.284215
2026-07-27T16:44:44.321900,0.3400,-0.413717,-0.012336,0.000000,-2.068583,-2.172012,-1.303207
2026-07-27T16:44:44.321930,0.3405,-0.412209,-0.013158,0.000000,-2.061046,-2.164098,-1.298459
2026-07-27T16:44:44.321961,0.3410,-0.410702,-0.013980,0.000000,-2.053509,-2.156184,-1.293711
2026-07-27T16:44:44.321992,0.3415,-0.409195,-0.014802,0.000000,-2.045973,-2.148271,-1.288963
2026-07-27T16:44:44.322028,0.3420,-0.407687,-0.015625,0.000000,-2.038436,-2.140358,-1.284215
2026-07-27T16:44:44.322058,0.3425,-0.413717,-0.012336,0.000000,-2.068583,-2.172012,-1.303207
2026-07-27T16:44:44.322089,0.3430,-0.412209,-0.013158,0.000000,-2.061046,-2.164098,-1.298459
2026-07-27T16:44:44.322119,0.3435,-0.410702,-0.013980,0.000000,-2.053509,-2.156184,-1.293711
2026-07-27T16:44:44.322205,0.3440,-0.409195,-0.014802,0.000000,-2.045973,-2.148271,-1.288963
2026-07-27T16:44:44.322237,0.3445,-0.407687,-0.015625,0.000000,-2.038436,-2.140358,-1.284215
2026-07-27T16:44:44.322273,0.3450,-0.413717,-0.012336,0.000000,-2.068583,-2.172012,-1.303207
2026-07-27T16:44:44.322306,0.3455,-0.412209,-0.013158,0.000000,-2.061046,-2.164098,-1.298459
2026-07-27T16:44:44.322336,0.3460,-0.410702,-0.013980,0.000000,-2.053509,-2.156184,-1.293711
2026-07-27T16:44:44.322367,0.3465,-0.409195,-0.014802,0.000000,-2.045973,-2.148271,-1.288963
2026-07-27T16:44:44.322398,0.3470,-0.407687,-0.015625,0.000000,-2.038436,-2.140358,-1.284215
2026-07-27T16:44:44.322427,0.3475,-0.413717,-0.012336,0.000000,-2.068583,-2.172012,-1.303207
2026-07-27T16:44:44.322458,0.3480,-0.412209,-0.013158,0.000000,-2.061046,-2.164098,-1.298459
2026-07-27T16:44:44.322489,0.3485,-0.410702,-0.013980,0.000000,-2.053509,-2.156184,-1.293711
2026-07-27T16:44:44.322519,0.3490,-0.409195,-0.014802,0.000000,-2.045973,-2.148271,-1.288963
2026-07-27T16:44:44.322550,0.3495,-0.407687,-0.015625,0.000000,-2.038436,-2.140358,-1.284215
2026-07-27T16:44:44.322582,0.3500,-0.413717,-0.012336,0.000000,-2.068583,-2.172012,-1.303207
2026-07-27T16:44:44.322612,0.3505,-0.412209,-0.013158,0.000000,-2.061046,-2.164098,-1.298459
2026-07-27T16:44:44.322643,0.3510,-0.410702,-0.013980,0.000000,-2.053509,-2.156184,-1.293711
2026-07-27T16:44:44.322671,0.3515,-0.409195,-0.014802,0.000000,-2.045973,-2.148271,-1.288963
2026-07-27T16:44:44.322699,0.3520,-0.407687,-0.015625,0.000000,-2.038436,-2.140358,-1.284215
2026-07-27T16:44:44.322728,0.3525,-0.413717,-0.012336,0.000000,-2.068583,-2.172012,-1.303207
2026-07-27T16:44:44.322756,0.3530,-0.412209,-0.013158,0.000000,-2.061046,-2.164098,-1.298459
2026-07-27T16:44:44.322785,0.3535,-0.410702,-0.013980,0.000000,-2.053509,-2.156184,-1.293711
2026-07-27T16:44:44.322814,0.3540,-0.409195,-0.014802,0.000000,-2.045973,-2.148271,-1.288963
2026-07-27T16:44:44.322842,0.3545,-0.407687,-0.015625,0.000000,-2.038436,-2.140358,-1.284215
2026-07-27T16:44:44.322870,0.3550,-0.413717,-0.012336,0.000000,-2.068583,-2.172012,-1.303207
2026-07-27T16:44:44.322899,0.3555,-0.412209,-0.013158,0.000000,-2.061046,-2.164098,-1.298459
2026-07-27T16:44:44.322929,0.3560,-0.410702,-0.013980,0.000000,-2.053509,-2.156184,-1.293711
2026-07-27T16:44:44.322958,0.3565,-0.409195,-0.014802,0.000000,-2.045973,-2.148271,-1.288963
2026-07-27T16:44:44.322985,0.3570,-0.407687,-0.015625,0.000000,-2.038436,-2.140358,-1.284215
2026-07-27T16:44:44.323012,0.3575,-0.413717,-0.012336,0.000000,-2.068583,-2.172012,-1.303207
2026-07-27T16:44:44.323038,0.3580,-0.412209,-0.013158,0.000000,-2.061046,-2.164098,-1.298459
2026-07-27T16:44:44.323065,0.3585,-0.410702,-0.013980,0.000000,-2.053509,-2.156184,-1.293711
2026-07-27T16:44:44.323092,0.3590,-0.409195,-0.014802,0.000000,-2.045973,-2.148271,-1.288963
2026-07-27T16:44:44.323118,0.3595,-0.407687,-0.015625,0.000000,-2.038436,-2.140358,-1.284215
2026-07-27T16:44:44.323145,0.3600,-0.413717,-0.012336,0.000000,-2.068583,-2.172012,-1.303207
2026-07-27T16:44:44.323171,0.3605,-0.412209,-0.013158,0.000000,-2.061046,-2.164098,-1.298459
2026-07-27T16:44:44.323198,0.3610,-0.410702,-0.013980,0.000000,-2.053509,-2.156184,-1.293711
2026-07-27T16:44:44.323225,0.3615,-0.409195,-0.014802,0.000000,-2.045973,-2.148271,-1.288963
2026-07-27T16:44:44.323252,0.3620,-0.407687,-0.015625,0.000000,-2.038436,-2.140358,-1.284215
2026-07-27T16:44:44.323285,0.3625,-0.413717,-0.012336,0.000000,-2.068583,-2.172012,-1.303207
2026-07-27T16:44:44.323312,0.3630,-0.412209,-0.013158,0.000000,-2.061046,-2.164098,-1.298459
2026-07-27T16:44:44.323338,0.3635,-0.410702,-0.013980,0.000000,-2.053509,-2.156184,-1.293711
2026-07-27T16:44:44.323366,0.3640,-0.409195,-0.014802,0.000000,-2.045973,-2.148271,-1.288963
2026-07-27T16:44:44.323392,0.3645,-0.407687,-0.015625,0.000000,-2.038436,-2.140358,-1.284215
2026-07-27T16:44:44.323418,0.3650,-0.413717,-0.012336,0.000000,-2.068583,-2.172012,-1.303207
2026-07-27T16:44:44.323444,0.3655,-0.412209,-0.013158,0.000000,-2.061046,-2.164098,-1.298459
2026-07-27T16:44:44.323471,0.3660,-0.410702,-0.013980,0.000000,-2.053509,-2.156184,-1.293711
2026-07-27T16:44:44.323497,0.3665,-0.409195,-0.014802,0.000000,-2.045973,-2.148271,-1.288963
2026-07-27T16:44:44.323524,0.3670,-0.407687,-0.015625,0.000000,-2.038436,-2.140358,-1.284215
2026-07-27T16:44:44.323550,0.3675,-0.413717,-0.012336,0.000000,-2.068583,-2.172012,-1.303207
2026-07-27T16:44:44.323577,0.3680,-0.412209,-0.013158,0.000000,-2.061046,-2.164098,-1.298459
2026-07-27T16:44:44.323604,0.3685,-0.410702,-0.013980,0.000000,-2.053509,-2.156184,-1.293711
2026-07-27T16:44:44.323630,0.3690,-0.409195,-0.014802,0.000000,-2.045973,-2.148271,-1.288963
2026-07-27T16:44:44.323656,0.3695,-0.407687,-0.015625,0.000000,-2.038436,-2.140358,-1.284215
2026-07-27T16:44:44.323683,0.3700,-0.413717,-0.012336,0.000000,-2.068583,-2.172012,-1.303207
2026-07-27T16:44:44.323710,0.3705,-0.412209,-0.013158,0.000000,-2.061046,-2.164098,-1.298459
2026-07-27T16:44:44.323738,0.3710,-0.410702,-0.013980,0.000000,-2.053509,-2.156184,-1.293711
2026-07-27T16:44:44.323762,0.3715,-0.409195,-0.014802,0.000000,-2.045973,-2.148271,-1.288963
2026-07-27T16:44:44.323787,0.3720,-0.407687,-0.015625,0.000000,-2.038436,-2.140358,-1.284215
2026-07-27T16:44:44.323812,0.3725,-0.413717,-0.012336,0.000000,-2.068583,-2.172012,-1.303207
2026-07-27T16:44:44.323837,0.3730,-0.412209,-0.013158,0.000000,-2.061046,-2.164098,-1.298459
2026-07-27T16:44:44.323862,0.3735,-0.410702,-0.013980,0.000000,-2.053509,-2.156184,-1.293711
2026-07-27T16:44:44.323888,0.3740,-0.409195,-0.014802,0.000000,-2.045973,-2.148271,-1.288963
2026-07-27T16:44:44.323912,0.3745,-0.407687,-0.015625,0.000000,-2.038436,-2.140358,-1.284215
2026-07-27T16:44:44.323938,0.3750,-0.413717,-0.012336,0.000000,-2.068583,-2.172012,-1.303207
2026-07-27T16:44:44.323963,0.3755,-0.412209,-0.013158,0.000000,-2.061046,-2.164098,-1.298459
2026-07-27T16:44:44.323988,0.3760,-0.410702,-0.013980,0.000000,-2.053509,-2.156184,-1.293711
2026-07-27T16:44:44.324013,0.3765,-0.409195,-0.014802,0.000000,-2.045973,-2.148271,-1.288963
2026-07-27T16:44:44.324038,0.3770,-0.407687,-0.015625,0.000000,-2.038436,-2.140358,-1.284215
2026-07-27T16:44:44.324061,0.3775,-0.413717,-0.012336,0.000000,-2.068583,-2.172012,-1.303207
2026-07-27T16:44:44.324086,0.3780,-0.412209,-0.013158,0.000000,-2.061046,-2.164098,-1.298459
2026-07-27T16:44:44.324109,0.3785,-0.410702,-0.013980,0.000000,-2.053509,-2.156184,-1.293711
2026-07-27T16:44:44.324133,0.3790,-0.409195,-0.014802,0.000000,-2.045973,-2.148271,-1.288963
2026-07-27T16:44:44.324158,0.3795,-0.407687,-0.015625,0.000000,-2.038436,-2.140358,-1.284215
2026-07-27T16:44:44.324181,0.3800,-0.413717,-0.012336,0.000000,-2.068583,-2.172012,-1.303207
2026-07-27T16:44:44.324205,0.3805,-0.412209,-0.013158,0.000000,-2.061046,-2.164098,-1.298459
2026-07-27T16:44:44.324229,0.3810,-0.410702,-0.013980,0.000000,-2.053509,-2.156184,-1.293711
2026-07-27T16:44:44.324252,0.3815,-0.409195,-0.014802,0.000000,-2.045973,-2.148271,-1.288963
2026-07-27T16:44:44.324281,0.3820,-0.407687,-0.015625,0.000000,-2.038436,-2.140358,-1.284215
2026-07-27T16:44:44.324305,0.3825,-0.413717,-0.012336,0.000000,-2.068583,-2.172012,-1.303207
2026-07-27T16:44:44.324330,0.3830,-0.412209,-0.013158,0.000000,-2.061046,-2.164098,-1.298459
2026-07-27T16:44:44.324353,0.3835,-0.410702,-0.013980,0.000000,-2.053509,-2.156184,-1.293711
2026-07-27T16:44:44.324377,0.3840,-0.409195,-0.014802,0.000000,-2.045973,-2.148271,-1.288963
2026-07-27T16:44:44.324401,0.3845,-0.407687,-0.015625,0.000000,-2.038436,-2.140358,-1.284215
2026-07-27T16:44:44.324424,0.3850,-0.413717,-0.012336,0.000000,-2.068583,-2.172012,-1.303207
2026-07-27T16:44:44.324448,0.3855,-0.412209,-0.013158,0.000000,-2.061046,-2.164098,-1.298459
2026-07-27T16:44:44.324471,0.3860,-0.410702,-0.013980,0.000000,-2.053509,-2.156184,-1.293711
2026-07-27T16:44:44.324496,0.3865,-0.409195,-0.014802,0.000000,-2.045973,-2.148271,-1.288963
2026-07-27T16:44:44.324520,0.3870,-0.407687,-0.015625,0.000000,-2.038436,-2.140358,-1.284215
2026-07-27T16:44:44.324559,0.3875,-0.413717,-0.012336,0.000000,-2.068583,-2.172012,-1.303207
2026-07-27T16:44:44.324583,0.3880,-0.412209,-0.013158,0.000000,-2.061046,-2.164098,-1.298459
2026-07-27T16:44:44.324613,0.3885,-0.410702,-0.013980,0.000000,-2.053509,-2.156184,-1.293711
2026-07-27T16:44:44.324650,0.3890,-0.409195,-0.014802,0.000000,-2.045973,-2.148271,-1.288963
2026-07-27T16:44:44.324690,0.3895,-0.407687,-0.015625,0.000000,-2.038436,-2.140358,-1.284215
2026-07-27T16:44:44.324727,0.3900,-0.413717,-0.012336,0.000000,-2.068583,-2.172012,-1.303207
2026-07-27T16:44:44.324756,0.3905,-0.412209,-0.013158,0.000000,-2.061046,-2.164098,-1.298459
2026-07-27T16:44:44.324791,0.3910,-0.410702,-0.013980,0.000000,-2.053509,-2.156184,-1.293711
2026-07-27T16:44:44.324828,0.3915,-0.409195,-0.014802,0.000000,-2.045973,-2.148271,-1.288963
2026-07-27T16:44:44.324860,0.3920,-0.407687,-0.015625,0.000000,-2.038436,-2.140358,-1.284215
2026-07-27T16:44:44.324883,0.3925,-0.413717,-0.012336,0.000000,-2.068583,-2.172012,-1.303207
2026-07-27T16:44:44.324906,0.3930,-0.412209,-0.013158,0.000000,-2.061046,-2.164098,-1.298459
2026-07-27T16:44:44.324929,0.3935,-0.410702,-0.013980,0.000000,-2.053509,-2.156184,-1.293711
2026-07-27T16:44:44.324952,0.3940,-0.409195,-0.014802,0.000000,-2.045973,-2.148271,-1.288963
2026-07-27T16:44:44.324974,0.3945,-0.407687,-0.015625,0.000000,-2.038436,-2.140358,-1.284215
2026-07-27T16:44:44.324996,0.3950,-0.413717,-0.012336,0.000000,-2.068583,-2.172012,-1.303207
2026-07-27T16:44:44.325019,0.3955,-0.412209,-0.013158,0.000000,-2.061046,-2.164098,-1.298459
2026-07-27T16:44:44.325042,0.3960,-0.410702,-0.013980,0.000000,-2.053509,-2.156184,-1.293711
2026-07-27T16:44:44.325065,0.3965,-0.409195,-0.014802,0.000000,-2.045973,-2.148271,-1.288963
2026-07-27T16:44:44.325087,0.3970,-0.407687,-0.015625,0.000000,-2.038436,-2.140358,-1.284215
2026-07-27T16:44:44.325108,0.3975,-0.413717,-0.012336,0.000000,-2.068583,-2.172012,-1.303207
2026-07-27T16:44:44.325129,0.3980,-0.412209,-0.013158,0.000000,-2.061046,-2.164098,-1.298459
2026-07-27T16:44:44.325150,0.3985,-0.410702,-0.013980,0.000000,-2.053509,-2.156184,-1.293711
2026-07-27T16:44:44.325171,0.3990,-0.409195,-0.014802,0.000000,-2.045973,-2.148271,-1.288963
2026-07-27T16:44:44.325193,0.3995,-0.407687,-0.015625,0.000000,-2.038436,-2.140358,-1.284215
2026-07-27T16:44:44.417539,0.4000,-0.406180,-0.016447,0.000000,-2.030901,-2.132446,-1.279467
2026-07-27T16:44:44.417577,0.4005,-0.404673,-0.017269,0.000000,-2.023365,-2.124534,-1.274720
2026-07-27T16:44:44.417595,0.4010,-0.403166,-0.018091,0.000000,-2.015830,-2.116622,-1.269973
2026-07-27T16:44:44.417610,0.4015,-0.401659,-0.018913,0.000000,-2.008296,-2.108711,-1.265226
2026-07-27T16:44:44.417628,0.4020,-0.400152,-0.019735,0.000000,-2.000762,-2.100800,-1.260480
2026-07-27T16:44:44.417643,0.4025,-0.406180,-0.016447,0.000000,-2.030901,-2.132446,-1.279467
2026-07-27T16:44:44.417656,0.4030,-0.404673,-0.017269,0.000000,-2.023365,-2.124534,-1.274720
2026-07-27T16:44:44.417672,0.4035,-0.403166,-0.018091,0.000000,-2.015830,-2.116622,-1.269973
2026-07-27T16:44:44.417685,0.4040,-0.401659,-0.018913,0.000000,-2.008296,-2.108711,-1.265226
2026-07-27T16:44:44.417698,0.4045,-0.400152,-0.019735,0.000000,-2.000762,-2.100800,-1.260480
2026-07-27T16:44:44.417711,0.4050,-0.406180,-0.016447,0.000000,-2.030901,-2.132446,-1.279467
2026-07-27T16:44:44.417724,0.4055,-0.404673,-0.017269,0.000000,-2.023365,-2.124534,-1.274720
2026-07-27T16:44:44.417745,0.4060,-0.403166,-0.018091,0.000000,-2.015830,-2.116622,-1.269973
2026-07-27T16:44:44.417758,0.4065,-0.401659,-0.018913,0.000000,-2.008296,-2.108711,-1.265226
2026-07-27T16:44:44.417771,0.4070,-0.400152,-0.019735,0.000000,-2.000762,-2.100800,-1.260480
2026-07-27T16:44:44.417784,0.4075,-0.406180,-0.016447,0.000000,-2.030901,-2.132446,-1.279467
2026-07-27T16:44:44.417800,0.4080,-0.404673,-0.017269,0.000000,-2.023365,-2.124534,-1.274720
2026-07-27T16:44:44.417812,0.4085,-0.403166,-0.018091,0.000000,-2.015830,-2.116622,-1.269973
2026-07-27T16:44:44.417824,0.4090,-0.401659,-0.018913,0.000000,-2.008296,-2.108711,-1.265226
2026-07-27T16:44:44.417836,0.4095,-0.400152,-0.019735,0.000000,-2.000762,-2.100800,-1.260480
2026-07-27T16:44:44.417849,0.4100,-0.406180,-0.016447,0.000000,-2.030901,-2.132446,-1.279467
2026-07-27T16:44:44.417860,0.4105,-0.404673,-0.017269,0.000000,-2.023365,-2.124534,-1.274720
2026-07-27T16:44:44.417871,0.4110,-0.403166,-0.018091,0.000000,-2.015830,-2.116622,-1.269973
2026-07-27T16:44:44.417889,0.4115,-0.401659,-0.018913,0.000000,-2.008296,-2.108711,-1.265226
2026-07-27T16:44:44.417905,0.4120,-0.400152,-0.019735,0.000000,-2.000762,-2.100800,-1.260480
2026-07-27T16:44:44.417923,0.4125,-0.406180,-0.016447,0.000000,-2.030901,-2.132446,-1.279467
2026-07-27T16:44:44.417938,0.4130,-0.404673,-0.017269,0.000000,-2.023365,-2.124534,-1.274720
2026-07-27T16:44:44.417955,0.4135,-0.403166,-0.018091,0.000000,-2.015830,-2.116622,-1.269973
2026-07-27T16:44:44.417970,0.4140,-0.401659,-0.018913,0.000000,-2.008296,-2.108711,-1.265226
2026-07-27T16:44:44.417981,0.4145,-0.400152,-0.019735,0.000000,-2.000762,-2.100800,-1.260480
2026-07-27T16:44:44.417991,0.4150,-0.406180,-0.016447,0.000000,-2.030901,-2.132446,-1.279467
2026-07-27T16:44:44.418001,0.4155,-0.404673,-0.017269,0.000000,-2.023365,-2.124534,-1.274720
2026-07-27T16:44:44.418012,0.4160,-0.403166,-0.018091,0.000000,-2.015830,-2.116622,-1.269973
2026-07-27T16:44:44.418023,0.4165,-0.401659,-0.018913,0.000000,-2.008296,-2.108711,-1.265226
2026-07-27T16:44:44.418033,0.4170,-0.400152,-0.019735,0.000000,-2.000762,-2.100800,-1.260480
2026-07-27T16:44:44.418043,0.4175,-0.406180,-0.016447,0.000000,-2.030901,-2.132446,-1.279467
2026-07-27T16:44:44.418053,0.4180,-0.404673,-0.017269,0.000000,-2.023365,-2.124534,-1.274720
2026-07-27T16:44:44.418065,0.4185,-0.403166,-0.018091,0.000000,-2.015830,-2.116622,-1.269973
2026-07-27T16:44:44.418075,0.4190,-0.401659,-0.018913,0.000000,-2.008296,-2.108711,-1.265226
2026-07-27T16:44:44.418085,0.4195,-0.400152,-0.019735,0.000000,-2.000762,-2.100800,-1.260480
2026-07-27T16:44:44.418095,0.4200,-0.406180,-0.016447,0.000000,-2.030901,-2.132446,-1.279467
2026-07-27T16:44:44.418105,0.4205,-0.404673,-0.017269,0.000000,-2.023365,-2.124534,-1.274720
2026-07-27T16:44:44.418116,0.4210,-0.403166,-0.018091,0.000000,-2.015830,-2.116622,-1.269973
2026-07-27T16:44:44.418126,0.4215,-0.401659,-0.018913,0.000000,-2.008296,-2.108711,-1.265226
2026-07-27T16:44:44.418137,0.4220,-0.400152,-0.019735,0.000000,-2.000762,-2.100800,-1.260480
2026-07-27T16:44:44.418147,0.4225,-0.406180,-0.016447,0.000000,-2.030901,-2.132446,-1.279467
2026-07-27T16:44:44.418157,0.4230,-0.404673,-0.017269,0.000000,-2.023365,-2.124534,-1.274720
2026-07-27T16:44:44.418168,0.4235,-0.403166,-0.018091,0.000000,-2.015830,-2.116622,-1.269973
2026-07-27T16:44:44.418178,0.4240,-0.401659,-0.018913,0.000000,-2.008296,-2.108711,-1.265226
2026-07-27T16:44:44.418188,0.4245,-0.400152,-0.019735,0.000000,-2.000762,-2.100800,-1.260480
2026-07-27T16:44:44.418199,0.4250,-0.406180,-0.016447,0.000000,-2.030901,-2.132446,-1.279467
2026-07-27T16:44:44.418210,0.4255,-0.404673,-0.017269,0.000000,-2.023365,-2.124534,-1.274720
2026-07-27T16:44:44.418221,0.4260,-0.403166,-0.018091,0.000000,-2.015830,-2.116622,-1.269973
2026-07-27T16:44:44.418232,0.4265,-0.401659,-0.018913,0.000000,-2.008296,-2.108711,-1.265226
2026-07-27T16:44:44.418243,0.4270,-0.400152,-0.019735,0.000000,-2.000762,-2.100800,-1.260480
2026-07-27T16:44:44.418254,0.4275,-0.406180,-0.016447,0.000000,-2.030901,-2.132446,-1.279467
2026-07-27T16:44:44.418274,0.4280,-0.404673,-0.017269,0.000000,-2.023365,-2.124534,-1.274720
2026-07-27T16:44:44.418285,0.4285,-0.403166,-0.018091,0.000000,-2.015830,-2.116622,-1.269973
2026-07-27T16:44:44.418295,0.4290,-0.401659,-0.018913,0.000000,-2.008296,-2.108711,-1.265226
2026-07-27T16:44:44.418306,0.4295,-0.400152,-0.019735,0.000000,-2.000762,-2.100800,-1.260480
2026-07-27T16:44:44.418317,0.4300,-0.406180,-0.016447,0.000000,-2.030901,-2.132446,-1.279467
2026-07-27T16:44:44.418328,0.4305,-0.404673,-0.017269,0.000000,-2.023365,-2.124534,-1.274720
2026-07-27T16:44:44.418341,0.4310,-0.403166,-0.018091,0.000000,-2.015830,-2.116622,-1.269973
2026-07-27T16:44:44.418355,0.4315,-0.401659,-0.018913,0.000000,-2.008296,-2.108711,-1.265226
2026-07-27T16:44:44.418369,0.4320,-0.400152,-0.019735,0.000000,-2.000762,-2.100800,-1.260480
2026-07-27T16:44:44.418384,0.4325,-0.406180,-0.016447,0.000000,-2.030901,-2.132446,-1.279467
2026-07-27T16:44:44.418398,0.4330,-0.404673,-0.017269,0.000000,-2.023365,-2.124534,-1.274720
2026-07-27T16:44:44.418413,0.4335,-0.403166,-0.018091,0.000000,-2.015830,-2.116622,-1.269973
2026-07-27T16:44:44.418426,0.4340,-0.401659,-0.018913,0.000000,-2.008296,-2.108711,-1.265226
2026-07-27T16:44:44.418436,0.4345,-0.400152,-0.019735,0.000000,-2.000762,-2.100800,-1.260480
2026-07-27T16:44:44.418447,0.4350,-0.406180,-0.016447,0.000000,-2.030901,-2.132446,-1.279467
2026-07-27T16:44:44.418458,0.4355,-0.404673,-0.017269,0.000000,-2.023365,-2.124534,-1.274720
2026-07-27T16:44:44.418469,0.4360,-0.403166,-0.018091,0.000000,-2.015830,-2.116622,-1.269973
2026-07-27T16:44:44.418479,0.4365,-0.401659,-0.018913,0.000000,-2.008296,-2.108711,-1.265226
2026-07-27T16:44:44.418490,0.4370,-0.400152,-0.019735,0.000000,-2.000762,-2.100800,-1.260480
2026-07-27T16:44:44.418501,0.4375,-0.406180,-0.016447,0.000000,-2.030901,-2.132446,-1.279467
2026-07-27T16:44:44.418512,0.4380,-0.404673,-0.017269,0.000000,-2.023365,-2.124534,-1.274720
2026-07-27T16:44:44.418524,0.4385,-0.403166,-0.018091,0.000000,-2.015830,-2.116622,-1.269973
2026-07-27T16:44:44.418534,0.4390,-0.401659,-0.018913,0.000000,-2.008296,-2.108711,-1.265226
2026-07-27T16:44:44.418548,0.4395,-0.400152,-0.019735,0.000000,-2.000762,-2.100800,-1.260480
2026-07-27T16:44:44.418559,0.4400,-0.406180,-0.016447,0.000000,-2.030901,-2.132446,-1.279467
2026-07-27T16:44:44.418571,0.4405,-0.404673,-0.017269,0.000000,-2.023365,-2.124534,-1.274720
2026-07-27T16:44:44.418582,0.4410,-0.403166,-0.018091,0.000000,-2.015830,-2.116622,-1.269973
2026-07-27T16:44:44.418593,0.4415,-0.401659,-0.018913,0.000000,-2.008296,-2.108711,-1.265226
2026-07-27T16:44:44.418604,0.4420,-0.400152,-0.019735,0.000000,-2.000762,-2.100800,-1.260480
2026-07-27T16:44:44.418615,0.4425,-0.406180,-0.016447,0.000000,-2.030901,-2.132446,-1.279467
2026-07-27T16:44:44.418626,0.4430,-0.404673,-0.017269,0.000000,-2.023365,-2.124534,-1.274720
2026-07-27T16:44:44.418637,0.4435,-0.403166,-0.018091,0.000000,-2.015830,-2.116622,-1.269973
2026-07-27T16:44:44.418673,0.4440,-0.401659,-0.018913,0.000000,-2.008296,-2.108711,-1.265226
2026-07-27T16:44:44.418685,0.4445,-0.400152,-0.019735,0.000000,-2.000762,-2.100800,-1.260480
2026-07-27T16:44:44.418696,0.4450,-0.406180,-0.016447,0.000000,-2.030901,-2.132446,-1.279467
2026-07-27T16:44:44.418707,0.4455,-0.404673,-0.017269,0.000000,-2.023365,-2.124534,-1.274720
2026-07-27T16:44:44.418719,0.4460,-0.403166,-0.018091,0.000000,-2.015830,-2.116622,-1.269973
2026-07-27T16:44:44.418730,0.4465,-0.401659,-0.018913,0.000000,-2.008296,-2.108711,-1.265226
2026-07-27T16:44:44.418741,0.4470,-0.400152,-0.019735,0.000000,-2.000762,-2.100800,-1.260480
2026-07-27T16:44:44.418752,0.4475,-0.406180,-0.016447,0.000000,-2.030901,-2.132446,-1.279467
2026-07-27T16:44:44.418762,0.4480,-0.404673,-0.017269,0.000000,-2.023365,-2.124534,-1.274720
2026-07-27T16:44:44.418773,0.4485,-0.403166,-0.018091,0.000000,-2.015830,-2.116622,-1.269973
2026-07-27T16:44:44.418785,0.4490,-0.401659,-0.018913,0.000000,-2.008296,-2.108711,-1.265226
2026-07-27T16:44:44.418795,0.4495,-0.400152,-0.019735,0.000000,-2.000762,-2.100800,-1.260480
2026-07-27T16:44:44.418807,0.4500,-0.406180,-0.016447,0.000000,-2.030901,-2.132446,-1.279467
2026-07-27T16:44:44.418818,0.4505,-0.404673,-0.017269,0.000000,-2.023365,-2.124534,-1.274720
2026-07-27T16:44:44.418829,0.4510,-0.403166,-0.018091,0.000000,-2.015830,-2.116622,-1.269973
2026-07-27T16:44:44.418840,0.4515,-0.401659,-0.018913,0.000000,-2.008296,-2.108711,-1.265226
2026-07-27T16:44:44.418850,0.4520,-0.400152,-0.019735,0.000000,-2.000762,-2.100800,-1.260480
2026-07-27T16:44:44.418861,0.4525,-0.406180,-0.016447,0.000000,-2.030901,-2.132446,-1.279467
2026-07-27T16:44:44.418872,0.4530,-0.404673,-0.017269,0.000000,-2.023365,-2.124534,-1.274720
2026-07-27T16:44:44.418883,0.4535,-0.403166,-0.018091,0.000000,-2.015830,-2.116622,-1.269973
2026-07-27T16:44:44.418894,0.4540,-0.401659,-0.018913,0.000000,-2.008296,-2.108711,-1.265226
2026-07-27T16:44:44.418905,0.4545,-0.400152,-0.019735,0.000000,-2.000762,-2.100800,-1.260480
2026-07-27T16:44:44.418917,0.4550,-0.406180,-0.016447,0.000000,-2.030901,-2.132446,-1.279467
2026-07-27T16:44:44.418929,0.4555,-0.404673,-0.017269,0.000000,-2.023365,-2.124534,-1.274720
2026-07-27T16:44:44.418941,0.4560,-0.403166,-0.018091,0.000000,-2.015830,-2.116622,-1.269973
2026-07-27T16:44:44.418952,0.4565,-0.401659,-0.018913,0.000000,-2.008296,-2.108711,-1.265226
2026-07-27T16:44:44.418964,0.4570,-0.400152,-0.019735,0.000000,-2.000762,-2.100800,-1.260480
2026-07-27T16:44:44.418976,0.4575,-0.406180,-0.016447,0.000000,-2.030901,-2.132446,-1.279467
2026-07-27T16:44:44.418987,0.4580,-0.404673,-0.017269,0.000000,-2.023365,-2.124534,-1.274720
2026-07-27T16:44:44.418999,0.4585,-0.403166,-0.018091,0.000000,-2.015830,-2.116622,-1.269973
2026-07-27T16:44:44.419010,0.4590,-0.401659,-0.018913,0.000000,-2.008296,-2.108711,-1.265226
2026-07-27T16:44:44.419021,0.4595,-0.400152,-0.019735,0.000000,-2.000762,-2.100800,-1.260480
2026-07-27T16:44:44.419033,0.4600,-0.406180,-0.016447,0.000000,-2.030901,-2.132446,-1.279467
2026-07-27T16:44:44.419044,0.4605,-0.404673,-0.017269,0.000000,-2.023365,-2.124534,-1.274720
2026-07-27T16:44:44.419056,0.4610,-0.403166,-0.018091,0.000000,-2.015830,-2.116622,-1.269973
2026-07-27T16:44:44.419067,0.4615,-0.401659,-0.018913,0.000000,-2.008296,-2.108711,-1.265226
2026-07-27T16:44:44.419079,0.4620,-0.400152,-0.019735,0.000000,-2.000762,-2.100800,-1.260480
2026-07-27T16:44:44.419091,0.4625,-0.406180,-0.016447,0.000000,-2.030901,-2.132446,-1.279467
2026-07-27T16:44:44.419102,0.4630,-0.404673,-0.017269,0.000000,-2.023365,-2.124534,-1.274720
2026-07-27T16:44:44.419114,0.4635,-0.403166,-0.018091,0.000000,-2.015830,-2.116622,-1.269973
2026-07-27T16:44:44.419125,0.4640,-0.401659,-0.018913,0.000000,-2.008296,-2.108711,-1.265226
2026-07-27T16:44:44.419136,0.4645,-0.400152,-0.019735,0.000000,-2.000762,-2.100800,-1.260480
2026-07-27T16:44:44.419148,0.4650,-0.406180,-0.016447,0.000000,-2.030901,-2.132446,-1.279467
2026-07-27T16:44:44.419160,0.4655,-0.404673,-0.017269,0.000000,-2.023365,-2.124534,-1.274720
2026-07-27T16:44:44.419171,0.4660,-0.403166,-0.018091,0.000000,-2.015830,-2.116622,-1.269973
2026-07-27T16:44:44.419183,0.4665,-0.401659,-0.018913,0.000000,-2.008296,-2.108711,-1.265226
2026-07-27T16:44:44.419194,0.4670,-0.400152,-0.019735,0.000000,-2.000762,-2.100800,-1.260480
2026-07-27T16:44:44.419206,0.4675,-0.406180,-0.016447,0.000000,-2.030901,-2.132446,-1.279467
2026-07-27T16:44:44.419217,0.4680,-0.404673,-0.017269,0.000000,-2.023365,-2.124534,-1.274720
2026-07-27T16:44:44.419229,0.4685,-0.403166,-0.018091,0.000000,-2.015830,-2.116622,-1.269973
2026-07-27T16:44:44.419241,0.4690,-0.401659,-0.018913,0.000000,-2.008296,-2.108711,-1.265226
2026-07-27T16:44:44.419253,0.4695,-0.400152,-0.019735,0.000000,-2.000762,-2.100800,-1.260480
2026-07-27T16:44:44.419270,0.4700,-0.406180,-0.016447,0.000000,-2.030901,-2.132446,-1.279467
2026-07-27T16:44:44.419282,0.4705,-0.404673,-0.017269,0.000000,-2.023365,-2.124534,-1.274720
2026-07-27T16:44:44.419294,0.4710,-0.403166,-0.018091,0.000000,-2.015830,-2.116622,-1.269973
2026-07-27T16:44:44.419306,0.4715,-0.401659,-0.018913,0.000000,-2.008296,-2.108711,-1.265226
2026-07-27T16:44:44.419318,0.4720,-0.400152,-0.019735,0.000000,-2.000762,-2.100800,-1.260480
2026-07-27T16:44:44.419330,0.4725,-0.406180,-0.016447,0.000000,-2.030901,-2.132446,-1.279467
2026-07-27T16:44:44.419342,0.4730,-0.404673,-0.017269,0.000000,-2.023365,-2.124534,-1.274720
2026-07-27T16:44:44.419353,0.4735,-0.403166,-0.018091,0.000000,-2.015830,-2.116622,-1.269973
2026-07-27T16:44:44.419365,0.4740,-0.401659,-0.018913,0.000000,-2.008296,-2.108711,-1.265226
2026-07-27T16:44:44.419377,0.4745,-0.400152,-0.019735,0.000000,-2.000762,-2.100800,-1.260480
2026-07-27T16:44:44.419388,0.4750,-0.406180,-0.016447,0.000000,-2.030901,-2.132446,-1.279467
2026-07-27T16:44:44.419400,0.4755,-0.404673,-0.017269,0.000000,-2.023365,-2.124534,-1.274720
2026-07-27T16:44:44.419412,0.4760,-0.403166,-0.018091,0.000000,-2.015830,-2.116622,-1.269973
2026-07-27T16:44:44.419423,0.4765,-0.401659,-0.018913,0.000000,-2.008296,-2.108711,-1.265226
2026-07-27T16:44:44.419435,0.4770,-0.400152,-0.019735,0.000000,-2.000762,-2.100800,-1.260480
2026-07-27T16:44:44.419447,0.4775,-0.406180,-0.016447,0.000000,-2.030901,-2.132446,-1.279467
2026-07-27T16:44:44.419459,0.4780,-0.404673,-0.017269,0.000000,-2.023365,-2.124534,-1.274720
2026-07-27T16:44:44.419471,0.4785,-0.403166,-0.018091,0.000000,-2.015830,-2.116622,-1.269973
2026-07-27T16:44:44.419483,0.4790,-0.401659,-0.018913,0.000000,-2.008296,-2.108711,-1.265226
2026-07-27T16:44:44.419495,0.4795,-0.400152,-0.019735,0.000000,-2.000762,-2.100800,-1.260480
2026-07-27T16:44:44.419507,0.4800,-0.406180,-0.016447,0.000000,-2.030901,-2.132446,-1.279467
2026-07-27T16:44:44.419518,0.4805,-0.404673,-0.017269,0.000000,-2.023365,-2.124534,-1.274720
2026-07-27T16:44:44.419530,0.4810,-0.403166,-0.018091,0.000000,-2.015830,-2.116622,-1.269973
2026-07-27T16:44:44.419542,0.4815,-0.401659,-0.018913,0.000000,-2.008296,-2.108711,-1.265226
2026-07-27T16:44:44.419554,0.4820,-0.400152,-0.019735,0.000000,-2.000762,-2.100800,-1.260480
2026-07-27T16:44:44.419567,0.4825,-0.406180,-0.016447,0.000000,-2.030901,-2.132446,-1.279467
2026-07-27T16:44:44.419579,0.4830,-0.404673,-0.017269,0.000000,-2.023365,-2.124534,-1.274720
2026-07-27T16:44:44.419590,0.4835,-0.403166,-0.018091,0.000000,-2.015830,-2.116622,-1.269973
2026-07-27T16:44:44.419602,0.4840,-0.401659,-0.018913,0.000000,-2.008296,-2.108711,-1.265226
2026-07-27T16:44:44.419614,0.4845,-0.400152,-0.019735,0.000000,-2.000762,-2.100800,-1.260480
2026-07-27T16:44:44.419626,0.4850,-0.406180,-0.016447,0.000000,-2.030901,-2.132446,-1.279467
2026-07-27T16:44:44.419638,0.4855,-0.404673,-0.017269,0.000000,-2.023365,-2.124534,-1.274720
2026-07-27T16:44:44.419650,0.4860,-0.403166,-0.018091,0.000000,-2.015830,-2.116622,-1.269973
2026-07-27T16:44:44.419662,0.4865,-0.401659,-0.018913,0.000000,-2.008296,-2.108711,-1.265226
2026-07-27T16:44:44.419673,0.4870,-0.400152,-0.019735,0.000000,-2.000762,-2.100800,-1.260480
2026-07-27T16:44:44.419691,0.4875,-0.406180,-0.016447,0.000000,-2.030901,-2.132446,-1.279467
2026-07-27T16:44:44.419703,0.4880,-0.404673,-0.017269,0.000000,-2.023365,-2.124534,-1.274720
2026-07-27T16:44:44.419715,0.4885,-0.403166,-0.018091,0.000000,-2.015830,-2.116622,-1.269973
2026-07-27T16:44:44.419727,0.4890,-0.401659,-0.018913,0.000000,-2.008296,-2.108711,-1.265226
2026-07-27T16:44:44.419739,0.4895,-0.400152,-0.019735,0.000000,-2.000762,-2.100800,-1.260480
2026-07-27T16:44:44.419751,0.4900,-0.406180,-0.016447,0.000000,-2.030901,-2.132446,-1.279467
2026-07-27T16:44:44.419763,0.4905,-0.404673,-0.017269,0.000000,-2.023365,-2.124534,-1.274720
2026-07-27T16:44:44.419774,0.4910,-0.403166,-0.018091,0.000000,-2.015830,-2.116622,-1.269973
2026-07-27T16:44:44.419786,0.4915,-0.401659,-0.018913,0.000000,-2.008296,-2.108711,-1.265226
2026-07-27T16:44:44.419799,0.4920,-0.400152,-0.019735,0.000000,-2.000762,-2.100800,-1.260480
2026-07-27T16:44:44.419812,0.4925,-0.406180,-0.016447,0.000000,-2.030901,-2.132446,-1.279467
2026-07-27T16:44:44.419824,0.4930,-0.404673,-0.017269,0.000000,-2.023365,-2.124534,-1.274720
2026-07-27T16:44:44.419837,0.4935,-0.403166,-0.018091,0.000000,-2.015830,-2.116622,-1.269973
2026-07-27T16:44:44.419849,0.4940,-0.401659,-0.018913,0.000000,-2.008296,-2.108711,-1.265226
2026-07-27T16:44:44.419861,0.4945,-0.400152,-0.019735,0.000000,-2.000762,-2.100800,-1.260480
2026-07-27T16:44:44.419874,0.4950,-0.406180,-0.016447,0.000000,-2.030901,-2.132446,-1.279467
2026-07-27T16:44:44.419886,0.4955,-0.404673,-0.017269,0.000000,-2.023365,-2.124534,-1.274720
2026-07-27T16:44:44.419899,0.4960,-0.403166,-0.018091,0.000000,-2.015830,-2.116622,-1.269973
2026-07-27T16:44:44.419912,0.4965,-0.401659,-0.018913,0.000000,-2.008296,-2.108711,-1.265226
2026-07-27T16:44:44.419924,0.4970,-0.400152,-0.019735,0.000000,-2.000762,-2.100800,-1.260480
2026-07-27T16:44:44.419937,0.4975,-0.406180,-0.016447,0.000000,-2.030901,-2.132446,-1.279467
2026-07-27T16:44:44.419949,0.4980,-0.404673,-0.017269,0.000000,-2.023365,-2.124534,-1.274720
2026-07-27T16:44:44.419961,0.4985,-0.403166,-0.018091,0.000000,-2.015830,-2.116622,-1.269973
2026-07-27T16:44:44.419974,0.4990,-0.401659,-0.018913,0.000000,-2.008296,-2.108711,-1.265226
2026-07-27T16:44:44.419986,0.4995,-0.400152,-0.019735,0.000000,-2.000762,-2.100800,-1.260480
2026-07-27T16:44:44.517839,0.5000,-0.398646,-0.020556,0.000000,-1.993228,-2.092889,-1.255734
2026-07-27T16:44:44.517923,0.5005,-0.397139,-0.021378,0.000000,-1.985695,-2.084979,-1.250988
2026-07-27T16:44:44.517968,0.5010,-0.395632,-0.022200,0.000000,-1.978162,-2.077070,-1.246242
2026-07-27T16:44:44.518000,0.5015,-0.394126,-0.023022,0.000000,-1.970630,-2.069161,-1.241497
2026-07-27T16:44:44.518030,0.5020,-0.392620,-0.023843,0.000000,-1.963098,-2.061253,-1.236752
2026-07-27T16:44:44.518060,0.5025,-0.398646,-0.020556,0.000000,-1.993228,-2.092889,-1.255734
2026-07-27T16:44:44.518087,0.5030,-0.397139,-0.021378,0.000000,-1.985695,-2.084979,-1.250988
2026-07-27T16:44:44.518115,0.5035,-0.395632,-0.022200,0.000000,-1.978162,-2.077070,-1.246242
2026-07-27T16:44:44.518145,0.5040,-0.394126,-0.023022,0.000000,-1.970630,-2.069161,-1.241497
2026-07-27T16:44:44.518172,0.5045,-0.392620,-0.023843,0.000000,-1.963098,-2.061253,-1.236752
2026-07-27T16:44:44.518198,0.5050,-0.398646,-0.020556,0.000000,-1.993228,-2.092889,-1.255734
2026-07-27T16:44:44.518225,0.5055,-0.397139,-0.021378,0.000000,-1.985695,-2.084979,-1.250988
2026-07-27T16:44:44.518252,0.5060,-0.395632,-0.022200,0.000000,-1.978162,-2.077070,-1.246242
2026-07-27T16:44:44.518300,0.5065,-0.394126,-0.023022,0.000000,-1.970630,-2.069161,-1.241497
2026-07-27T16:44:44.518328,0.5070,-0.392620,-0.023843,0.000000,-1.963098,-2.061253,-1.236752
2026-07-27T16:44:44.518357,0.5075,-0.398646,-0.020556,0.000000,-1.993228,-2.092889,-1.255734
2026-07-27T16:44:44.518383,0.5080,-0.397139,-0.021378,0.000000,-1.985695,-2.084979,-1.250988
2026-07-27T16:44:44.518418,0.5085,-0.395632,-0.022200,0.000000,-1.978162,-2.077070,-1.246242
2026-07-27T16:44:44.518449,0.5090,-0.394126,-0.023022,0.000000,-1.970630,-2.069161,-1.241497
2026-07-27T16:44:44.518477,0.5095,-0.392620,-0.023843,0.000000,-1.963098,-2.061253,-1.236752
2026-07-27T16:44:44.518503,0.5100,-0.398646,-0.020556,0.000000,-1.993228,-2.092889,-1.255734
2026-07-27T16:44:44.518530,0.5105,-0.397139,-0.021378,0.000000,-1.985695,-2.084979,-1.250988
2026-07-27T16:44:44.518557,0.5110,-0.395632,-0.022200,0.000000,-1.978162,-2.077070,-1.246242
2026-07-27T16:44:44.518584,0.5115,-0.394126,-0.023022,0.000000,-1.970630,-2.069161,-1.241497
2026-07-27T16:44:44.518611,0.5120,-0.392620,-0.023843,0.000000,-1.963098,-2.061253,-1.236752
2026-07-27T16:44:44.518638,0.5125,-0.398646,-0.020556,0.000000,-1.993228,-2.092889,-1.255734
2026-07-27T16:44:44.518665,0.5130,-0.397139,-0.021378,0.000000,-1.985695,-2.084979,-1.250988
2026-07-27T16:44:44.518691,0.5135,-0.395632,-0.022200,0.000000,-1.978162,-2.077070,-1.246242
2026-07-27T16:44:44.518733,0.5140,-0.394126,-0.023022,0.000000,-1.970630,-2.069161,-1.241497
2026-07-27T16:44:44.518762,0.5145,-0.392620,-0.023843,0.000000,-1.963098,-2.061253,-1.236752
2026-07-27T16:44:44.518787,0.5150,-0.398646,-0.020556,0.000000,-1.993228,-2.092889,-1.255734
2026-07-27T16:44:44.518812,0.5155,-0.397139,-0.021378,0.000000,-1.985695,-2.084979,-1.250988
2026-07-27T16:44:44.518837,0.5160,-0.395632,-0.022200,0.000000,-1.978162,-2.077070,-1.246242
2026-07-27T16:44:44.518862,0.5165,-0.394126,-0.023022,0.000000,-1.970630,-2.069161,-1.241497
2026-07-27T16:44:44.518887,0.5170,-0.392620,-0.023843,0.000000,-1.963098,-2.061253,-1.236752
2026-07-27T16:44:44.518912,0.5175,-0.398646,-0.020556,0.000000,-1.993228,-2.092889,-1.255734
2026-07-27T16:44:44.518938,0.5180,-0.397139,-0.021378,0.000000,-1.985695,-2.084979,-1.250988
2026-07-27T16:44:44.518963,0.5185,-0.395632,-0.022200,0.000000,-1.978162,-2.077070,-1.246242
2026-07-27T16:44:44.518990,0.5190,-0.394126,-0.023022,0.000000,-1.970630,-2.069161,-1.241497
2026-07-27T16:44:44.519016,0.5195,-0.392620,-0.023843,0.000000,-1.963098,-2.061253,-1.236752
2026-07-27T16:44:44.519042,0.5200,-0.398646,-0.020556,0.000000,-1.993228,-2.092889,-1.255734
2026-07-27T16:44:44.519067,0.5205,-0.397139,-0.021378,0.000000,-1.985695,-2.084979,-1.250988
2026-07-27T16:44:44.519093,0.5210,-0.395632,-0.022200,0.000000,-1.978162,-2.077070,-1.246242
2026-07-27T16:44:44.519118,0.5215,-0.394126,-0.023022,0.000000,-1.970630,-2.069161,-1.241497
2026-07-27T16:44:44.519143,0.5220,-0.392620,-0.023843,0.000000,-1.963098,-2.061253,-1.236752
2026-07-27T16:44:44.519168,0.5225,-0.398646,-0.020556,0.000000,-1.993228,-2.092889,-1.255734
2026-07-27T16:44:44.519193,0.5230,-0.397139,-0.021378,0.000000,-1.985695,-2.084979,-1.250988
2026-07-27T16:44:44.519218,0.5235,-0.395632,-0.022200,0.000000,-1.978162,-2.077070,-1.246242
2026-07-27T16:44:44.519244,0.5240,-0.394126,-0.023022,0.000000,-1.970630,-2.069161,-1.241497
2026-07-27T16:44:44.519273,0.5245,-0.392620,-0.023843,0.000000,-1.963098,-2.061253,-1.236752
2026-07-27T16:44:44.519298,0.5250,-0.398646,-0.020556,0.000000,-1.993228,-2.092889,-1.255734
2026-07-27T16:44:44.519323,0.5255,-0.397139,-0.021378,0.000000,-1.985695,-2.084979,-1.250988
2026-07-27T16:44:44.519348,0.5260,-0.395632,-0.022200,0.000000,-1.978162,-2.077070,-1.246242
2026-07-27T16:44:44.519373,0.5265,-0.394126,-0.023022,0.000000,-1.970630,-2.069161,-1.241497
2026-07-27T16:44:44.519399,0.5270,-0.392620,-0.023843,0.000000,-1.963098,-2.061253,-1.236752
2026-07-27T16:44:44.519424,0.5275,-0.398646,-0.020556,0.000000,-1.993228,-2.092889,-1.255734
2026-07-27T16:44:44.519454,0.5280,-0.397139,-0.021378,0.000000,-1.985695,-2.084979,-1.250988
2026-07-27T16:44:44.519478,0.5285,-0.395632,-0.022200,0.000000,-1.978162,-2.077070,-1.246242
2026-07-27T16:44:44.519504,0.5290,-0.394126,-0.023022,0.000000,-1.970630,-2.069161,-1.241497
2026-07-27T16:44:44.519528,0.5295,-0.392620,-0.023843,0.000000,-1.963098,-2.061253,-1.236752
2026-07-27T16:44:44.519552,0.5300,-0.398646,-0.020556,0.000000,-1.993228,-2.092889,-1.255734
2026-07-27T16:44:44.519576,0.5305,-0.397139,-0.021378,0.000000,-1.985695,-2.084979,-1.250988
2026-07-27T16:44:44.519599,0.5310,-0.395632,-0.022200,0.000000,-1.978162,-2.077070,-1.246242
2026-07-27T16:44:44.519623,0.5315,-0.394126,-0.023022,0.000000,-1.970630,-2.069161,-1.241497
2026-07-27T16:44:44.519646,0.5320,-0.392620,-0.023843,0.000000,-1.963098,-2.061253,-1.236752
2026-07-27T16:44:44.519670,0.5325,-0.398646,-0.020556,0.000000,-1.993228,-2.092889,-1.255734
2026-07-27T16:44:44.519694,0.5330,-0.397139,-0.021378,0.000000,-1.985695,-2.084979,-1.250988
2026-07-27T16:44:44.519716,0.5335,-0.395632,-0.022200,0.000000,-1.978162,-2.077070,-1.246242
2026-07-27T16:44:44.519740,0.5340,-0.394126,-0.023022,0.000000,-1.970630,-2.069161,-1.241497
2026-07-27T16:44:44.519764,0.5345,-0.392620,-0.023843,0.000000,-1.963098,-2.061253,-1.236752
2026-07-27T16:44:44.519788,0.5350,-0.398646,-0.020556,0.000000,-1.993228,-2.092889,-1.255734
2026-07-27T16:44:44.519812,0.5355,-0.397139,-0.021378,0.000000,-1.985695,-2.084979,-1.250988
2026-07-27T16:44:44.519834,0.5360,-0.395632,-0.022200,0.000000,-1.978162,-2.077070,-1.246242
2026-07-27T16:44:44.519857,0.5365,-0.394126,-0.023022,0.000000,-1.970630,-2.069161,-1.241497
2026-07-27T16:44:44.519879,0.5370,-0.392620,-0.023843,0.000000,-1.963098,-2.061253,-1.236752
2026-07-27T16:44:44.519902,0.5375,-0.398646,-0.020556,0.000000,-1.993228,-2.092889,-1.255734
2026-07-27T16:44:44.519925,0.5380,-0.397139,-0.021378,0.000000,-1.985695,-2.084979,-1.250988
2026-07-27T16:44:44.519948,0.5385,-0.395632,-0.022200,0.000000,-1.978162,-2.077070,-1.246242
2026-07-27T16:44:44.519971,0.5390,-0.394126,-0.023022,0.000000,-1.970630,-2.069161,-1.241497
2026-07-27T16:44:44.519993,0.5395,-0.392620,-0.023843,0.000000,-1.963098,-2.061253,-1.236752
2026-07-27T16:44:44.520015,0.5400,-0.398646,-0.020556,0.000000,-1.993228,-2.092889,-1.255734
2026-07-27T16:44:44.520038,0.5405,-0.397139,-0.021378,0.000000,-1.985695,-2.084979,-1.250988
2026-07-27T16:44:44.520060,0.5410,-0.395632,-0.022200,0.000000,-1.978162,-2.077070,-1.246242
2026-07-27T16:44:44.520083,0.5415,-0.394126,-0.023022,0.000000,-1.970630,-2.069161,-1.241497
2026-07-27T16:44:44.520107,0.5420,-0.392620,-0.023843,0.000000,-1.963098,-2.061253,-1.236752
2026-07-27T16:44:44.520129,0.5425,-0.398646,-0.020556,0.000000,-1.993228,-2.092889,-1.255734
2026-07-27T16:44:44.520152,0.5430,-0.397139,-0.021378,0.000000,-1.985695,-2.084979,-1.250988
2026-07-27T16:44:44.520175,0.5435,-0.395632,-0.022200,0.000000,-1.978162,-2.077070,-1.246242
2026-07-27T16:44:44.520250,0.5440,-0.394126,-0.023022,0.000000,-1.970630,-2.069161,-1.241497
2026-07-27T16:44:44.520280,0.5445,-0.392620,-0.023843,0.000000,-1.963098,-2.061253,-1.236752
2026-07-27T16:44:44.520303,0.5450,-0.398646,-0.020556,0.000000,-1.993228,-2.092889,-1.255734
2026-07-27T16:44:44.520326,0.5455,-0.397139,-0.021378,0.000000,-1.985695,-2.084979,-1.250988
2026-07-27T16:44:44.520348,0.5460,-0.395632,-0.022200,0.000000,-1.978162,-2.077070,-1.246242
2026-07-27T16:44:44.520370,0.5465,-0.394126,-0.023022,0.000000,-1.970630,-2.069161,-1.241497
2026-07-27T16:44:44.520393,0.5470,-0.392620,-0.023843,0.000000,-1.963098,-2.061253,-1.236752
2026-07-27T16:44:44.520415,0.5475,-0.398646,-0.020556,0.000000,-1.993228,-2.092889,-1.255734
2026-07-27T16:44:44.520438,0.5480,-0.397139,-0.021378,0.000000,-1.985695,-2.084979,-1.250988
2026-07-27T16:44:44.520461,0.5485,-0.395632,-0.022200,0.000000,-1.978162,-2.077070,-1.246242
2026-07-27T16:44:44.520483,0.5490,-0.394126,-0.023022,0.000000,-1.970630,-2.069161,-1.241497
2026-07-27T16:44:44.520505,0.5495,-0.392620,-0.023843,0.000000,-1.963098,-2.061253,-1.236752
2026-07-27T16:44:44.520528,0.5500,-0.398646,-0.020556,0.000000,-1.993228,-2.092889,-1.255734
2026-07-27T16:44:44.520550,0.5505,-0.397139,-0.021378,0.000000,-1.985695,-2.084979,-1.250988
2026-07-27T16:44:44.520573,0.5510,-0.395632,-0.022200,0.000000,-1.978162,-2.077070,-1.246242
2026-07-27T16:44:44.520595,0.5515,-0.394126,-0.023022,0.000000,-1.970630,-2.069161,-1.241497
2026-07-27T16:44:44.520616,0.5520,-0.392620,-0.023843,0.000000,-1.963098,-2.061253,-1.236752
2026-07-27T16:44:44.520638,0.5525,-0.398646,-0.020556,0.000000,-1.993228,-2.092889,-1.255734
2026-07-27T16:44:44.520659,0.5530,-0.397139,-0.021378,0.000000,-1.985695,-2.084979,-1.250988
2026-07-27T16:44:44.520680,0.5535,-0.395632,-0.022200,0.000000,-1.978162,-2.077070,-1.246242
2026-07-27T16:44:44.520701,0.5540,-0.394126,-0.023022,0.000000,-1.970630,-2.069161,-1.241497
2026-07-27T16:44:44.520722,0.5545,-0.392620,-0.023843,0.000000,-1.963098,-2.061253,-1.236752
2026-07-27T16:44:44.520744,0.5550,-0.398646,-0.020556,0.000000,-1.993228,-2.092889,-1.255734
2026-07-27T16:44:44.520765,0.5555,-0.397139,-0.021378,0.000000,-1.985695,-2.084979,-1.250988
2026-07-27T16:44:44.520786,0.5560,-0.395632,-0.022200,0.000000,-1.978162,-2.077070,-1.246242
2026-07-27T16:44:44.520808,0.5565,-0.394126,-0.023022,0.000000,-1.970630,-2.069161,-1.241497
2026-07-27T16:44:44.520829,0.5570,-0.392620,-0.023843,0.000000,-1.963098,-2.061253,-1.236752
2026-07-27T16:44:44.521293,0.5575,-0.398646,-0.020556,0.000000,-1.993228,-2.092889,-1.255734
2026-07-27T16:44:44.521312,0.5580,-0.397139,-0.021378,0.000000,-1.985695,-2.084979,-1.250988
2026-07-27T16:44:44.521331,0.5585,-0.395632,-0.022200,0.000000,-1.978162,-2.077070,-1.246242
2026-07-27T16:44:44.521351,0.5590,-0.394126,-0.023022,0.000000,-1.970630,-2.069161,-1.241497
2026-07-27T16:44:44.521370,0.5595,-0.392620,-0.023843,0.000000,-1.963098,-2.061253,-1.236752
2026-07-27T16:44:44.521389,0.5600,-0.398646,-0.020556,0.000000,-1.993228,-2.092889,-1.255734
2026-07-27T16:44:44.521408,0.5605,-0.397139,-0.021378,0.000000,-1.985695,-2.084979,-1.250988
2026-07-27T16:44:44.521427,0.5610,-0.395632,-0.022200,0.000000,-1.978162,-2.077070,-1.246242
2026-07-27T16:44:44.521447,0.5615,-0.394126,-0.023022,0.000000,-1.970630,-2.069161,-1.241497
2026-07-27T16:44:44.521466,0.5620,-0.392620,-0.023843,0.000000,-1.963098,-2.061253,-1.236752
2026-07-27T16:44:44.521485,0.5625,-0.398646,-0.020556,0.000000,-1.993228,-2.092889,-1.255734
2026-07-27T16:44:44.521504,0.5630,-0.397139,-0.021378,0.000000,-1.985695,-2.084979,-1.250988
2026-07-27T16:44:44.521523,0.5635,-0.395632,-0.022200,0.000000,-1.978162,-2.077070,-1.246242
2026-07-27T16:44:44.521543,0.5640,-0.394126,-0.023022,0.000000,-1.970630,-2.069161,-1.241497
2026-07-27T16:44:44.521562,0.5645,-0.392620,-0.023843,0.000000,-1.963098,-2.061253,-1.236752
2026-07-27T16:44:44.521582,0.5650,-0.398646,-0.020556,0.000000,-1.993228,-2.092889,-1.255734
2026-07-27T16:44:44.521601,0.5655,-0.397139,-0.021378,0.000000,-1.985695,-2.084979,-1.250988
2026-07-27T16:44:44.521621,0.5660,-0.395632,-0.022200,0.000000,-1.978162,-2.077070,-1.246242
2026-07-27T16:44:44.521641,0.5665,-0.394126,-0.023022,0.000000,-1.970630,-2.069161,-1.241497
2026-07-27T16:44:44.521660,0.5670,-0.392620,-0.023843,0.000000,-1.963098,-2.061253,-1.236752
2026-07-27T16:44:44.521680,0.5675,-0.398646,-0.020556,0.000000,-1.993228,-2.092889,-1.255734
2026-07-27T16:44:44.521698,0.5680,-0.397139,-0.021378,0.000000,-1.985695,-2.084979,-1.250988
2026-07-27T16:44:44.521717,0.5685,-0.395632,-0.022200,0.000000,-1.978162,-2.077070,-1.246242
2026-07-27T16:44:44.521736,0.5690,-0.394126,-0.023022,0.000000,-1.970630,-2.069161,-1.241497
2026-07-27T16:44:44.521754,0.5695,-0.392620,-0.023843,0.000000,-1.963098,-2.061253,-1.236752
2026-07-27T16:44:44.521773,0.5700,-0.398646,-0.020556,0.000000,-1.993228,-2.092889,-1.255734
2026-07-27T16:44:44.521792,0.5705,-0.397139,-0.021378,0.000000,-1.985695,-2.084979,-1.250988
2026-07-27T16:44:44.521810,0.5710,-0.395632,-0.022200,0.000000,-1.978162,-2.077070,-1.246242
2026-07-27T16:44:44.521829,0.5715,-0.394126,-0.023022,0.000000,-1.970630,-2.069161,-1.241497
2026-07-27T16:44:44.521847,0.5720,-0.392620,-0.023843,0.000000,-1.963098,-2.061253,-1.236752
2026-07-27T16:44:44.521866,0.5725,-0.398646,-0.020556,0.000000,-1.993228,-2.092889,-1.255734
2026-07-27T16:44:44.521884,0.5730,-0.397139,-0.021378,0.000000,-1.985695,-2.084979,-1.250988
2026-07-27T16:44:44.521903,0.5735,-0.395632,-0.022200,0.000000,-1.978162,-2.077070,-1.246242
2026-07-27T16:44:44.521921,0.5740,-0.394126,-0.023022,0.000000,-1.970630,-2.069161,-1.241497
2026-07-27T16:44:44.521940,0.5745,-0.392620,-0.023843,0.000000,-1.963098,-2.061253,-1.236752
2026-07-27T16:44:44.521958,0.5750,-0.398646,-0.020556,0.000000,-1.993228,-2.092889,-1.255734
2026-07-27T16:44:44.521977,0.5755,-0.397139,-0.021378,0.000000,-1.985695,-2.084979,-1.250988
2026-07-27T16:44:44.521995,0.5760,-0.395632,-0.022200,0.000000,-1.978162,-2.077070,-1.246242
2026-07-27T16:44:44.522013,0.5765,-0.394126,-0.023022,0.000000,-1.970630,-2.069161,-1.241497
2026-07-27T16:44:44.522031,0.5770,-0.392620,-0.023843,0.000000,-1.963098,-2.061253,-1.236752
2026-07-27T16:44:44.522049,0.5775,-0.398646,-0.020556,0.000000,-1.993228,-2.092889,-1.255734
2026-07-27T16:44:44.522067,0.5780,-0.397139,-0.021378,0.000000,-1.985695,-2.084979,-1.250988
2026-07-27T16:44:44.522084,0.5785,-0.395632,-0.022200,0.000000,-1.978162,-2.077070,-1.246242
2026-07-27T16:44:44.522101,0.5790,-0.394126,-0.023022,0.000000,-1.970630,-2.069161,-1.241497
2026-07-27T16:44:44.522119,0.5795,-0.392620,-0.023843,0.000000,-1.963098,-2.061253,-1.236752
2026-07-27T16:44:44.522137,0.5800,-0.398646,-0.020556,0.000000,-1.993228,-2.092889,-1.255734
2026-07-27T16:44:44.522156,0.5805,-0.397139,-0.021378,0.000000,-1.985695,-2.084979,-1.250988
2026-07-27T16:44:44.522173,0.5810,-0.395632,-0.022200,0.000000,-1.978162,-2.077070,-1.246242
2026-07-27T16:44:44.522191,0.5815,-0.394126,-0.023022,0.000000,-1.970630,-2.069161,-1.241497
2026-07-27T16:44:44.522210,0.5820,-0.392620,-0.023843,0.000000,-1.963098,-2.061253,-1.236752
2026-07-27T16:44:44.522227,0.5825,-0.398646,-0.020556,0.000000,-1.993228,-2.092889,-1.255734
2026-07-27T16:44:44.522246,0.5830,-0.397139,-0.021378,0.000000,-1.985695,-2.084979,-1.250988
2026-07-27T16:44:44.522266,0.5835,-0.395632,-0.022200,0.000000,-1.978162,-2.077070,-1.246242
2026-07-27T16:44:44.522284,0.5840,-0.394126,-0.023022,0.000000,-1.970630,-2.069161,-1.241497
2026-07-27T16:44:44.522301,0.5845,-0.392620,-0.023843,0.000000,-1.963098,-2.061253,-1.236752
2026-07-27T16:44:44.522319,0.5850,-0.398646,-0.020556,0.000000,-1.993228,-2.092889,-1.255734
2026-07-27T16:44:44.522336,0.5855,-0.397139,-0.021378,0.000000,-1.985695,-2.084979,-1.250988
2026-07-27T16:44:44.522354,0.5860,-0.395632,-0.022200,0.000000,-1.978162,-2.077070,-1.246242
2026-07-27T16:44:44.522371,0.5865,-0.394126,-0.023022,0.000000,-1.970630,-2.069161,-1.241497
2026-07-27T16:44:44.522390,0.5870,-0.392620,-0.023843,0.000000,-1.963098,-2.061253,-1.236752
2026-07-27T16:44:44.522423,0.5875,-0.398646,-0.020556,0.000000,-1.993228,-2.092889,-1.255734
2026-07-27T16:44:44.522441,0.5880,-0.397139,-0.021378,0.000000,-1.985695,-2.084979,-1.250988
2026-07-27T16:44:44.522458,0.5885,-0.395632,-0.022200,0.000000,-1.978162,-2.077070,-1.246242
2026-07-27T16:44:44.522476,0.5890,-0.394126,-0.023022,0.000000,-1.970630,-2.069161,-1.241497
2026-07-27T16:44:44.522500,0.5895,-0.392620,-0.023843,0.000000,-1.963098,-2.061253,-1.236752
2026-07-27T16:44:44.522518,0.5900,-0.398646,-0.020556,0.000000,-1.993228,-2.092889,-1.255734
2026-07-27T16:44:44.522536,0.5905,-0.397139,-0.021378,0.000000,-1.985695,-2.084979,-1.250988
2026-07-27T16:44:44.522554,0.5910,-0.395632,-0.022200,0.000000,-1.978162,-2.077070,-1.246242
2026-07-27T16:44:44.522573,0.5915,-0.394126,-0.023022,0.000000,-1.970630,-2.069161,-1.241497
2026-07-27T16:44:44.522591,0.5920,-0.392620,-0.023843,0.000000,-1.963098,-2.061253,-1.236752
2026-07-27T16:44:44.522610,0.5925,-0.398646,-0.020556,0.000000,-1.993228,-2.092889,-1.255734
2026-07-27T16:44:44.522628,0.5930,-0.397139,-0.021378,0.000000,-1.985695,-2.084979,-1.250988
2026-07-27T16:44:44.522646,0.5935,-0.395632,-0.022200,0.000000,-1.978162,-2.077070,-1.246242
2026-07-27T16:44:44.522664,0.5940,-0.394126,-0.023022,0.000000,-1.970630,-2.069161,-1.241497
2026-07-27T16:44:44.522682,0.5945,-0.392620,-0.023843,0.000000,-1.963098,-2.061253,-1.236752
2026-07-27T16:44:44.522699,0.5950,-0.398646,-0.020556,0.000000,-1.993228,-2.092889,-1.255734
2026-07-27T16:44:44.522717,0.5955,-0.397139,-0.021378,0.000000,-1.985695,-2.084979,-1.250988
2026-07-27T16:44:44.522735,0.5960,-0.395632,-0.022200,0.000000,-1.978162,-2.077070,-1.246242
2026-07-27T16:44:44.522753,0.5965,-0.394126,-0.023022,0.000000,-1.970630,-2.069161,-1.241497
2026-07-27T16:44:44.522771,0.5970,-0.392620,-0.023843,0.000000,-1.963098,-2.061253,-1.236752
2026-07-27T16:44:44.522790,0.5975,-0.398646,-0.020556,0.000000,-1.993228,-2.092889,-1.255734
2026-07-27T16:44:44.522807,0.5980,-0.397139,-0.021378,0.000000,-1.985695,-2.084979,-1.250988
2026-07-27T16:44:44.522824,0.5985,-0.395632,-0.022200,0.000000,-1.978162,-2.077070,-1.246242
2026-07-27T16:44:44.522840,0.5990,-0.394126,-0.023022,0.000000,-1.970630,-2.069161,-1.241497
2026-07-27T16:44:44.522857,0.5995,-0.392620,-0.023843,0.000000,-1.963098,-2.061253,-1.236752
2026-07-27T16:44:44.617861,0.6000,-0.391113,-0.024665,0.000000,-1.955567,-2.053345,-1.232007
2026-07-27T16:44:44.617940,0.6005,-0.389607,-0.025486,0.000000,-1.948036,-2.045438,-1.227263
2026-07-27T16:44:44.617974,0.6010,-0.388101,-0.026308,0.000000,-1.940506,-2.037531,-1.222519
2026-07-27T16:44:44.618004,0.6015,-0.386595,-0.027129,0.000000,-1.932977,-2.029626,-1.217775
2026-07-27T16:44:44.618031,0.6020,-0.385090,-0.027951,0.000000,-1.925448,-2.021720,-1.213032
2026-07-27T16:44:44.618059,0.6025,-0.391113,-0.024665,0.000000,-1.955567,-2.053345,-1.232007
2026-07-27T16:44:44.618086,0.6030,-0.389607,-0.025486,0.000000,-1.948036,-2.045438,-1.227263
2026-07-27T16:44:44.618113,0.6035,-0.388101,-0.026308,0.000000,-1.940506,-2.037531,-1.222519
2026-07-27T16:44:44.618140,0.6040,-0.386595,-0.027129,0.000000,-1.932977,-2.029626,-1.217775
2026-07-27T16:44:44.618167,0.6045,-0.385090,-0.027951,0.000000,-1.925448,-2.021720,-1.213032
2026-07-27T16:44:44.618194,0.6050,-0.391113,-0.024665,0.000000,-1.955567,-2.053345,-1.232007
2026-07-27T16:44:44.618221,0.6055,-0.389607,-0.025486,0.000000,-1.948036,-2.045438,-1.227263
2026-07-27T16:44:44.618248,0.6060,-0.388101,-0.026308,0.000000,-1.940506,-2.037531,-1.222519
2026-07-27T16:44:44.618288,0.6065,-0.386595,-0.027129,0.000000,-1.932977,-2.029626,-1.217775
2026-07-27T16:44:44.618315,0.6070,-0.385090,-0.027951,0.000000,-1.925448,-2.021720,-1.213032
2026-07-27T16:44:44.618342,0.6075,-0.391113,-0.024665,0.000000,-1.955567,-2.053345,-1.232007
2026-07-27T16:44:44.618368,0.6080,-0.389607,-0.025486,0.000000,-1.948036,-2.045438,-1.227263
2026-07-27T16:44:44.618395,0.6085,-0.388101,-0.026308,0.000000,-1.940506,-2.037531,-1.222519
2026-07-27T16:44:44.618423,0.6090,-0.386595,-0.027129,0.000000,-1.932977,-2.029626,-1.217775
2026-07-27T16:44:44.618450,0.6095,-0.385090,-0.027951,0.000000,-1.925448,-2.021720,-1.213032
2026-07-27T16:44:44.618477,0.6100,-0.391113,-0.024665,0.000000,-1.955567,-2.053345,-1.232007
2026-07-27T16:44:44.618504,0.6105,-0.389607,-0.025486,0.000000,-1.948036,-2.045438,-1.227263
2026-07-27T16:44:44.618531,0.6110,-0.388101,-0.026308,0.000000,-1.940506,-2.037531,-1.222519
2026-07-27T16:44:44.618557,0.6115,-0.386595,-0.027129,0.000000,-1.932977,-2.029626,-1.217775
2026-07-27T16:44:44.618583,0.6120,-0.385090,-0.027951,0.000000,-1.925448,-2.021720,-1.213032
2026-07-27T16:44:44.618611,0.6125,-0.391113,-0.024665,0.000000,-1.955567,-2.053345,-1.232007
2026-07-27T16:44:44.618638,0.6130,-0.389607,-0.025486,0.000000,-1.948036,-2.045438,-1.227263
2026-07-27T16:44:44.618666,0.6135,-0.388101,-0.026308,0.000000,-1.940506,-2.037531,-1.222519
2026-07-27T16:44:44.618693,0.6140,-0.386595,-0.027129,0.000000,-1.932977,-2.029626,-1.217775
2026-07-27T16:44:44.618721,0.6145,-0.385090,-0.027951,0.000000,-1.925448,-2.021720,-1.213032
2026-07-27T16:44:44.618748,0.6150,-0.391113,-0.024665,0.000000,-1.955567,-2.053345,-1.232007
2026-07-27T16:44:44.618774,0.6155,-0.389607,-0.025486,0.000000,-1.948036,-2.045438,-1.227263
2026-07-27T16:44:44.618800,0.6160,-0.388101,-0.026308,0.000000,-1.940506,-2.037531,-1.222519
2026-07-27T16:44:44.618827,0.6165,-0.386595,-0.027129,0.000000,-1.932977,-2.029626,-1.217775
2026-07-27T16:44:44.618854,0.6170,-0.385090,-0.027951,0.000000,-1.925448,-2.021720,-1.213032
2026-07-27T16:44:44.618880,0.6175,-0.391113,-0.024665,0.000000,-1.955567,-2.053345,-1.232007
2026-07-27T16:44:44.618907,0.6180,-0.389607,-0.025486,0.000000,-1.948036,-2.045438,-1.227263
2026-07-27T16:44:44.618933,0.6185,-0.388101,-0.026308,0.000000,-1.940506,-2.037531,-1.222519
2026-07-27T16:44:44.618960,0.6190,-0.386595,-0.027129,0.000000,-1.932977,-2.029626,-1.217775
2026-07-27T16:44:44.618987,0.6195,-0.385090,-0.027951,0.000000,-1.925448,-2.021720,-1.213032
2026-07-27T16:44:44.619013,0.6200,-0.391113,-0.024665,0.000000,-1.955567,-2.053345,-1.232007
2026-07-27T16:44:44.619040,0.6205,-0.389607,-0.025486,0.000000,-1.948036,-2.045438,-1.227263
2026-07-27T16:44:44.619067,0.6210,-0.388101,-0.026308,0.000000,-1.940506,-2.037531,-1.222519
2026-07-27T16:44:44.619093,0.6215,-0.386595,-0.027129,0.000000,-1.932977,-2.029626,-1.217775
2026-07-27T16:44:44.619121,0.6220,-0.385090,-0.027951,0.000000,-1.925448,-2.021720,-1.213032
2026-07-27T16:44:44.619147,0.6225,-0.391113,-0.024665,0.000000,-1.955567,-2.053345,-1.232007
2026-07-27T16:44:44.619173,0.6230,-0.389607,-0.025486,0.000000,-1.948036,-2.045438,-1.227263
2026-07-27T16:44:44.619200,0.6235,-0.388101,-0.026308,0.000000,-1.940506,-2.037531,-1.222519
2026-07-27T16:44:44.619226,0.6240,-0.386595,-0.027129,0.000000,-1.932977,-2.029626,-1.217775
2026-07-27T16:44:44.619252,0.6245,-0.385090,-0.027951,0.000000,-1.925448,-2.021720,-1.213032
2026-07-27T16:44:44.619291,0.6250,-0.391113,-0.024665,0.000000,-1.955567,-2.053345,-1.232007
2026-07-27T16:44:44.619317,0.6255,-0.389607,-0.025486,0.000000,-1.948036,-2.045438,-1.227263
2026-07-27T16:44:44.619344,0.6260,-0.388101,-0.026308,0.000000,-1.940506,-2.037531,-1.222519
2026-07-27T16:44:44.619371,0.6265,-0.386595,-0.027129,0.000000,-1.932977,-2.029626,-1.217775
2026-07-27T16:44:44.619398,0.6270,-0.385090,-0.027951,0.000000,-1.925448,-2.021720,-1.213032
2026-07-27T16:44:44.619425,0.6275,-0.391113,-0.024665,0.000000,-1.955567,-2.053345,-1.232007
2026-07-27T16:44:44.619452,0.6280,-0.389607,-0.025486,0.000000,-1.948036,-2.045438,-1.227263
2026-07-27T16:44:44.619479,0.6285,-0.388101,-0.026308,0.000000,-1.940506,-2.037531,-1.222519
2026-07-27T16:44:44.619505,0.6290,-0.386595,-0.027129,0.000000,-1.932977,-2.029626,-1.217775
2026-07-27T16:44:44.619531,0.6295,-0.385090,-0.027951,0.000000,-1.925448,-2.021720,-1.213032
2026-07-27T16:44:44.619557,0.6300,-0.391113,-0.024665,0.000000,-1.955567,-2.053345,-1.232007
2026-07-27T16:44:44.619584,0.6305,-0.389607,-0.025486,0.000000,-1.948036,-2.045438,-1.227263
2026-07-27T16:44:44.619610,0.6310,-0.388101,-0.026308,0.000000,-1.940506,-2.037531,-1.222519
2026-07-27T16:44:44.619637,0.6315,-0.386595,-0.027129,0.000000,-1.932977,-2.029626,-1.217775
2026-07-27T16:44:44.619664,0.6320,-0.385090,-0.027951,0.000000,-1.925448,-2.021720,-1.213032
2026-07-27T16:44:44.619692,0.6325,-0.391113,-0.024665,0.000000,-1.955567,-2.053345,-1.232007
2026-07-27T16:44:44.619718,0.6330,-0.389607,-0.025486,0.000000,-1.948036,-2.045438,-1.227263
2026-07-27T16:44:44.619744,0.6335,-0.388101,-0.026308,0.000000,-1.940506,-2.037531,-1.222519
2026-07-27T16:44:44.619771,0.6340,-0.386595,-0.027129,0.000000,-1.932977,-2.029626,-1.217775
2026-07-27T16:44:44.619797,0.6345,-0.385090,-0.027951,0.000000,-1.925448,-2.021720,-1.213032
2026-07-27T16:44:44.619827,0.6350,-0.391113,-0.024665,0.000000,-1.955567,-2.053345,-1.232007
2026-07-27T16:44:44.619854,0.6355,-0.389607,-0.025486,0.000000,-1.948036,-2.045438,-1.227263
2026-07-27T16:44:44.619879,0.6360,-0.388101,-0.026308,0.000000,-1.940506,-2.037531,-1.222519
2026-07-27T16:44:44.619907,0.6365,-0.386595,-0.027129,0.000000,-1.932977,-2.029626,-1.217775
2026-07-27T16:44:44.619936,0.6370,-0.385090,-0.027951,0.000000,-1.925448,-2.021720,-1.213032
2026-07-27T16:44:44.619965,0.6375,-0.391113,-0.024665,0.000000,-1.955567,-2.053345,-1.232007
2026-07-27T16:44:44.619992,0.6380,-0.389607,-0.025486,0.000000,-1.948036,-2.045438,-1.227263
2026-07-27T16:44:44.620023,0.6385,-0.388101,-0.026308,0.000000,-1.940506,-2.037531,-1.222519
2026-07-27T16:44:44.620051,0.6390,-0.386595,-0.027129,0.000000,-1.932977,-2.029626,-1.217775
2026-07-27T16:44:44.620081,0.6395,-0.385090,-0.027951,0.000000,-1.925448,-2.021720,-1.213032
2026-07-27T16:44:44.620109,0.6400,-0.391113,-0.024665,0.000000,-1.955567,-2.053345,-1.232007
2026-07-27T16:44:44.620138,0.6405,-0.389607,-0.025486,0.000000,-1.948036,-2.045438,-1.227263
2026-07-27T16:44:44.620167,0.6410,-0.388101,-0.026308,0.000000,-1.940506,-2.037531,-1.222519
2026-07-27T16:44:44.620195,0.6415,-0.386595,-0.027129,0.000000,-1.932977,-2.029626,-1.217775
2026-07-27T16:44:44.620223,0.6420,-0.385090,-0.027951,0.000000,-1.925448,-2.021720,-1.213032
2026-07-27T16:44:44.620251,0.6425,-0.391113,-0.024665,0.000000,-1.955567,-2.053345,-1.232007
2026-07-27T16:44:44.620287,0.6430,-0.389607,-0.025486,0.000000,-1.948036,-2.045438,-1.227263
2026-07-27T16:44:44.620316,0.6435,-0.388101,-0.026308,0.000000,-1.940506,-2.037531,-1.222519
2026-07-27T16:44:44.620405,0.6440,-0.386595,-0.027129,0.000000,-1.932977,-2.029626,-1.217775
2026-07-27T16:44:44.620436,0.6445,-0.385090,-0.027951,0.000000,-1.925448,-2.021720,-1.213032
2026-07-27T16:44:44.620464,0.6450,-0.391113,-0.024665,0.000000,-1.955567,-2.053345,-1.232007
2026-07-27T16:44:44.620492,0.6455,-0.389607,-0.025486,0.000000,-1.948036,-2.045438,-1.227263
2026-07-27T16:44:44.620520,0.6460,-0.388101,-0.026308,0.000000,-1.940506,-2.037531,-1.222519
2026-07-27T16:44:44.620549,0.6465,-0.386595,-0.027129,0.000000,-1.932977,-2.029626,-1.217775
2026-07-27T16:44:44.620577,0.6470,-0.385090,-0.027951,0.000000,-1.925448,-2.021720,-1.213032
2026-07-27T16:44:44.620605,0.6475,-0.391113,-0.024665,0.000000,-1.955567,-2.053345,-1.232007
2026-07-27T16:44:44.620634,0.6480,-0.389607,-0.025486,0.000000,-1.948036,-2.045438,-1.227263
2026-07-27T16:44:44.620662,0.6485,-0.388101,-0.026308,0.000000,-1.940506,-2.037531,-1.222519
2026-07-27T16:44:44.620690,0.6490,-0.386595,-0.027129,0.000000,-1.932977,-2.029626,-1.217775
2026-07-27T16:44:44.620719,0.6495,-0.385090,-0.027951,0.000000,-1.925448,-2.021720,-1.213032
2026-07-27T16:44:44.620748,0.6500,-0.391113,-0.024665,0.000000,-1.955567,-2.053345,-1.232007
2026-07-27T16:44:44.620776,0.6505,-0.389607,-0.025486,0.000000,-1.948036,-2.045438,-1.227263
2026-07-27T16:44:44.620807,0.6510,-0.388101,-0.026308,0.000000,-1.940506,-2.037531,-1.222519
2026-07-27T16:44:44.620837,0.6515,-0.386595,-0.027129,0.000000,-1.932977,-2.029626,-1.217775
2026-07-27T16:44:44.620868,0.6520,-0.385090,-0.027951,0.000000,-1.925448,-2.021720,-1.213032
2026-07-27T16:44:44.620899,0.6525,-0.391113,-0.024665,0.000000,-1.955567,-2.053345,-1.232007
2026-07-27T16:44:44.620928,0.6530,-0.389607,-0.025486,0.000000,-1.948036,-2.045438,-1.227263
2026-07-27T16:44:44.620959,0.6535,-0.388101,-0.026308,0.000000,-1.940506,-2.037531,-1.222519
2026-07-27T16:44:44.620990,0.6540,-0.386595,-0.027129,0.000000,-1.932977,-2.029626,-1.217775
2026-07-27T16:44:44.621020,0.6545,-0.385090,-0.027951,0.000000,-1.925448,-2.021720,-1.213032
2026-07-27T16:44:44.621051,0.6550,-0.391113,-0.024665,0.000000,-1.955567,-2.053345,-1.232007
2026-07-27T16:44:44.621082,0.6555,-0.389607,-0.025486,0.000000,-1.948036,-2.045438,-1.227263
2026-07-27T16:44:44.621112,0.6560,-0.388101,-0.026308,0.000000,-1.940506,-2.037531,-1.222519
2026-07-27T16:44:44.621144,0.6565,-0.386595,-0.027129,0.000000,-1.932977,-2.029626,-1.217775
2026-07-27T16:44:44.621176,0.6570,-0.385090,-0.027951,0.000000,-1.925448,-2.021720,-1.213032
2026-07-27T16:44:44.621206,0.6575,-0.391113,-0.024665,0.000000,-1.955567,-2.053345,-1.232007
2026-07-27T16:44:44.621237,0.6580,-0.389607,-0.025486,0.000000,-1.948036,-2.045438,-1.227263
2026-07-27T16:44:44.621272,0.6585,-0.388101,-0.026308,0.000000,-1.940506,-2.037531,-1.222519
2026-07-27T16:44:44.621303,0.6590,-0.386595,-0.027129,0.000000,-1.932977,-2.029626,-1.217775
2026-07-27T16:44:44.621335,0.6595,-0.385090,-0.027951,0.000000,-1.925448,-2.021720,-1.213032
2026-07-27T16:44:44.621367,0.6600,-0.391113,-0.024665,0.000000,-1.955567,-2.053345,-1.232007
2026-07-27T16:44:44.621398,0.6605,-0.389607,-0.025486,0.000000,-1.948036,-2.045438,-1.227263
2026-07-27T16:44:44.621429,0.6610,-0.388101,-0.026308,0.000000,-1.940506,-2.037531,-1.222519
2026-07-27T16:44:44.621459,0.6615,-0.386595,-0.027129,0.000000,-1.932977,-2.029626,-1.217775
2026-07-27T16:44:44.621489,0.6620,-0.385090,-0.027951,0.000000,-1.925448,-2.021720,-1.213032
2026-07-27T16:44:44.621520,0.6625,-0.391113,-0.024665,0.000000,-1.955567,-2.053345,-1.232007
2026-07-27T16:44:44.621551,0.6630,-0.389607,-0.025486,0.000000,-1.948036,-2.045438,-1.227263
2026-07-27T16:44:44.621582,0.6635,-0.388101,-0.026308,0.000000,-1.940506,-2.037531,-1.222519
2026-07-27T16:44:44.621613,0.6640,-0.386595,-0.027129,0.000000,-1.932977,-2.029626,-1.217775
2026-07-27T16:44:44.621644,0.6645,-0.385090,-0.027951,0.000000,-1.925448,-2.021720,-1.213032
2026-07-27T16:44:44.621675,0.6650,-0.391113,-0.024665,0.000000,-1.955567,-2.053345,-1.232007
2026-07-27T16:44:44.621706,0.6655,-0.389607,-0.025486,0.000000,-1.948036,-2.045438,-1.227263
2026-07-27T16:44:44.621735,0.6660,-0.388101,-0.026308,0.000000,-1.940506,-2.037531,-1.222519
2026-07-27T16:44:44.621766,0.6665,-0.386595,-0.027129,0.000000,-1.932977,-2.029626,-1.217775
2026-07-27T16:44:44.621796,0.6670,-0.385090,-0.027951,0.000000,-1.925448,-2.021720,-1.213032
2026-07-27T16:44:44.621826,0.6675,-0.391113,-0.024665,0.000000,-1.955567,-2.053345,-1.232007
2026-07-27T16:44:44.621858,0.6680,-0.389607,-0.025486,0.000000,-1.948036,-2.045438,-1.227263
2026-07-27T16:44:44.621890,0.6685,-0.388101,-0.026308,0.000000,-1.940506,-2.037531,-1.222519
2026-07-27T16:44:44.621921,0.6690,-0.386595,-0.027129,0.000000,-1.932977,-2.029626,-1.217775
2026-07-27T16:44:44.621951,0.6695,-0.385090,-0.027951,0.000000,-1.925448,-2.021720,-1.213032
2026-07-27T16:44:44.621982,0.6700,-0.391113,-0.024665,0.000000,-1.955567,-2.053345,-1.232007
2026-07-27T16:44:44.622012,0.6705,-0.389607,-0.025486,0.000000,-1.948036,-2.045438,-1.227263
2026-07-27T16:44:44.622042,0.6710,-0.388101,-0.026308,0.000000,-1.940506,-2.037531,-1.222519
2026-07-27T16:44:44.622072,0.6715,-0.386595,-0.027129,0.000000,-1.932977,-2.029626,-1.217775
2026-07-27T16:44:44.622103,0.6720,-0.385090,-0.027951,0.000000,-1.925448,-2.021720,-1.213032
2026-07-27T16:44:44.622134,0.6725,-0.391113,-0.024665,0.000000,-1.955567,-2.053345,-1.232007
2026-07-27T16:44:44.622164,0.6730,-0.389607,-0.025486,0.000000,-1.948036,-2.045438,-1.227263
2026-07-27T16:44:44.622195,0.6735,-0.388101,-0.026308,0.000000,-1.940506,-2.037531,-1.222519
2026-07-27T16:44:44.622226,0.6740,-0.386595,-0.027129,0.000000,-1.932977,-2.029626,-1.217775
2026-07-27T16:44:44.622257,0.6745,-0.385090,-0.027951,0.000000,-1.925448,-2.021720,-1.213032
2026-07-27T16:44:44.622295,0.6750,-0.391113,-0.024665,0.000000,-1.955567,-2.053345,-1.232007
2026-07-27T16:44:44.622326,0.6755,-0.389607,-0.025486,0.000000,-1.948036,-2.045438,-1.227263
2026-07-27T16:44:44.622357,0.6760,-0.388101,-0.026308,0.000000,-1.940506,-2.037531,-1.222519
2026-07-27T16:44:44.622388,0.6765,-0.386595,-0.027129,0.000000,-1.932977,-2.029626,-1.217775
2026-07-27T16:44:44.622418,0.6770,-0.385090,-0.027951,0.000000,-1.925448,-2.021720,-1.213032
2026-07-27T16:44:44.622448,0.6775,-0.391113,-0.024665,0.000000,-1.955567,-2.053345,-1.232007
2026-07-27T16:44:44.622477,0.6780,-0.389607,-0.025486,0.000000,-1.948036,-2.045438,-1.227263
2026-07-27T16:44:44.622508,0.6785,-0.388101,-0.026308,0.000000,-1.940506,-2.037531,-1.222519
2026-07-27T16:44:44.622539,0.6790,-0.386595,-0.027129,0.000000,-1.932977,-2.029626,-1.217775
2026-07-27T16:44:44.622569,0.6795,-0.385090,-0.027951,0.000000,-1.925448,-2.021720,-1.213032
2026-07-27T16:44:44.622601,0.6800,-0.391113,-0.024665,0.000000,-1.955567,-2.053345,-1.232007
2026-07-27T16:44:44.622631,0.6805,-0.389607,-0.025486,0.000000,-1.948036,-2.045438,-1.227263
2026-07-27T16:44:44.622661,0.6810,-0.388101,-0.026308,0.000000,-1.940506,-2.037531,-1.222519
2026-07-27T16:44:44.622693,0.6815,-0.386595,-0.027129,0.000000,-1.932977,-2.029626,-1.217775
2026-07-27T16:44:44.622725,0.6820,-0.385090,-0.027951,0.000000,-1.925448,-2.021720,-1.213032
2026-07-27T16:44:44.622756,0.6825,-0.391113,-0.024665,0.000000,-1.955567,-2.053345,-1.232007
2026-07-27T16:44:44.622786,0.6830,-0.389607,-0.025486,0.000000,-1.948036,-2.045438,-1.227263
2026-07-27T16:44:44.622816,0.6835,-0.388101,-0.026308,0.000000,-1.940506,-2.037531,-1.222519
2026-07-27T16:44:44.622846,0.6840,-0.386595,-0.027129,0.000000,-1.932977,-2.029626,-1.217775
2026-07-27T16:44:44.622877,0.6845,-0.385090,-0.027951,0.000000,-1.925448,-2.021720,-1.213032
2026-07-27T16:44:44.622907,0.6850,-0.391113,-0.024665,0.000000,-1.955567,-2.053345,-1.232007
2026-07-27T16:44:44.622937,0.6855,-0.389607,-0.025486,0.000000,-1.948036,-2.045438,-1.227263
2026-07-27T16:44:44.622968,0.6860,-0.388101,-0.026308,0.000000,-1.940506,-2.037531,-1.222519
2026-07-27T16:44:44.622998,0.6865,-0.386595,-0.027129,0.000000,-1.932977,-2.029626,-1.217775
2026-07-27T16:44:44.623029,0.6870,-0.385090,-0.027951,0.000000,-1.925448,-2.021720,-1.213032
2026-07-27T16:44:44.623111,0.6875,-0.391113,-0.024665,0.000000,-1.955567,-2.053345,-1.232007
2026-07-27T16:44:44.623144,0.6880,-0.389607,-0.025486,0.000000,-1.948036,-2.045438,-1.227263
2026-07-27T16:44:44.623175,0.6885,-0.388101,-0.026308,0.000000,-1.940506,-2.037531,-1.222519
2026-07-27T16:44:44.623206,0.6890,-0.386595,-0.027129,0.000000,-1.932977,-2.029626,-1.217775
2026-07-27T16:44:44.623236,0.6895,-0.385090,-0.027951,0.000000,-1.925448,-2.021720,-1.213032
2026-07-27T16:44:44.623274,0.6900,-0.391113,-0.024665,0.000000,-1.955567,-2.053345,-1.232007
2026-07-27T16:44:44.623305,0.6905,-0.389607,-0.025486,0.000000,-1.948036,-2.045438,-1.227263
2026-07-27T16:44:44.623336,0.6910,-0.388101,-0.026308,0.000000,-1.940506,-2.037531,-1.222519
2026-07-27T16:44:44.623366,0.6915,-0.386595,-0.027129,0.000000,-1.932977,-2.029626,-1.217775
2026-07-27T16:44:44.623396,0.6920,-0.385090,-0.027951,0.000000,-1.925448,-2.021720,-1.213032
2026-07-27T16:44:44.623427,0.6925,-0.391113,-0.024665,0.000000,-1.955567,-2.053345,-1.232007
2026-07-27T16:44:44.623458,0.6930,-0.389607,-0.025486,0.000000,-1.948036,-2.045438,-1.227263
2026-07-27T16:44:44.623489,0.6935,-0.388101,-0.026308,0.000000,-1.940506,-2.037531,-1.222519
2026-07-27T16:44:44.623519,0.6940,-0.386595,-0.027129,0.000000,-1.932977,-2.029626,-1.217775
2026-07-27T16:44:44.623549,0.6945,-0.385090,-0.027951,0.000000,-1.925448,-2.021720,-1.213032
2026-07-27T16:44:44.623581,0.6950,-0.391113,-0.024665,0.000000,-1.955567,-2.053345,-1.232007
2026-07-27T16:44:44.623612,0.6955,-0.389607,-0.025486,0.000000,-1.948036,-2.045438,-1.227263
2026-07-27T16:44:44.623642,0.6960,-0.388101,-0.026308,0.000000,-1.940506,-2.037531,-1.222519
2026-07-27T16:44:44.623672,0.6965,-0.386595,-0.027129,0.000000,-1.932977,-2.029626,-1.217775
2026-07-27T16:44:44.623703,0.6970,-0.385090,-0.027951,0.000000,-1.925448,-2.021720,-1.213032
2026-07-27T16:44:44.623734,0.6975,-0.391113,-0.024665,0.000000,-1.955567,-2.053345,-1.232007
2026-07-27T16:44:44.623763,0.6980,-0.389607,-0.025486,0.000000,-1.948036,-2.045438,-1.227263
2026-07-27T16:44:44.623793,0.6985,-0.388101,-0.026308,0.000000,-1.940506,-2.037531,-1.222519
2026-07-27T16:44:44.623824,0.6990,-0.386595,-0.027129,0.000000,-1.932977,-2.029626,-1.217775
2026-07-27T16:44:44.623854,0.6995,-0.385090,-0.027951,0.000000,-1.925448,-2.021720,-1.213032
2026-07-27T16:44:44.718008,0.7000,-0.383584,-0.028772,0.000000,-1.917920,-2.013816,-1.208289
2026-07-27T16:44:44.718093,0.7005,-0.382078,-0.029593,0.000000,-1.910392,-2.005912,-1.203547
2026-07-27T16:44:44.718134,0.7010,-0.380573,-0.030414,0.000000,-1.902865,-1.998008,-1.198805
2026-07-27T16:44:44.718169,0.7015,-0.379068,-0.031235,0.000000,-1.895339,-1.990106,-1.194064
2026-07-27T16:44:44.718203,0.7020,-0.377563,-0.032056,0.000000,-1.887813,-1.982204,-1.189322
2026-07-27T16:44:44.718239,0.7025,-0.383584,-0.028772,0.000000,-1.917920,-2.013816,-1.208289
2026-07-27T16:44:44.718306,0.7030,-0.382078,-0.029593,0.000000,-1.910392,-2.005912,-1.203547
2026-07-27T16:44:44.718340,0.7035,-0.380573,-0.030414,0.000000,-1.902865,-1.998008,-1.198805
2026-07-27T16:44:44.718374,0.7040,-0.379068,-0.031235,0.000000,-1.895339,-1.990106,-1.194064
2026-07-27T16:44:44.718407,0.7045,-0.377563,-0.032056,0.000000,-1.887813,-1.982204,-1.189322
2026-07-27T16:44:44.718441,0.7050,-0.383584,-0.028772,0.000000,-1.917920,-2.013816,-1.208289
2026-07-27T16:44:44.718475,0.7055,-0.382078,-0.029593,0.000000,-1.910392,-2.005912,-1.203547
2026-07-27T16:44:44.718508,0.7060,-0.380573,-0.030414,0.000000,-1.902865,-1.998008,-1.198805
2026-07-27T16:44:44.718541,0.7065,-0.379068,-0.031235,0.000000,-1.895339,-1.990106,-1.194064
2026-07-27T16:44:44.718574,0.7070,-0.377563,-0.032056,0.000000,-1.887813,-1.982204,-1.189322
2026-07-27T16:44:44.718607,0.7075,-0.383584,-0.028772,0.000000,-1.917920,-2.013816,-1.208289
2026-07-27T16:44:44.718640,0.7080,-0.382078,-0.029593,0.000000,-1.910392,-2.005912,-1.203547
2026-07-27T16:44:44.718672,0.7085,-0.380573,-0.030414,0.000000,-1.902865,-1.998008,-1.198805
2026-07-27T16:44:44.718705,0.7090,-0.379068,-0.031235,0.000000,-1.895339,-1.990106,-1.194064
2026-07-27T16:44:44.718738,0.7095,-0.377563,-0.032056,0.000000,-1.887813,-1.982204,-1.189322
2026-07-27T16:44:44.718771,0.7100,-0.383584,-0.028772,0.000000,-1.917920,-2.013816,-1.208289
2026-07-27T16:44:44.718803,0.7105,-0.382078,-0.029593,0.000000,-1.910392,-2.005912,-1.203547
2026-07-27T16:44:44.718837,0.7110,-0.380573,-0.030414,0.000000,-1.902865,-1.998008,-1.198805
2026-07-27T16:44:44.718873,0.7115,-0.379068,-0.031235,0.000000,-1.895339,-1.990106,-1.194064
2026-07-27T16:44:44.718909,0.7120,-0.377563,-0.032056,0.000000,-1.887813,-1.982204,-1.189322
2026-07-27T16:44:44.718947,0.7125,-0.383584,-0.028772,0.000000,-1.917920,-2.013816,-1.208289
2026-07-27T16:44:44.718982,0.7130,-0.382078,-0.029593,0.000000,-1.910392,-2.005912,-1.203547
2026-07-27T16:44:44.719018,0.7135,-0.380573,-0.030414,0.000000,-1.902865,-1.998008,-1.198805
2026-07-27T16:44:44.719055,0.7140,-0.379068,-0.031235,0.000000,-1.895339,-1.990106,-1.194064
2026-07-27T16:44:44.719091,0.7145,-0.377563,-0.032056,0.000000,-1.887813,-1.982204,-1.189322
2026-07-27T16:44:44.719126,0.7150,-0.383584,-0.028772,0.000000,-1.917920,-2.013816,-1.208289
2026-07-27T16:44:44.719161,0.7155,-0.382078,-0.029593,0.000000,-1.910392,-2.005912,-1.203547
2026-07-27T16:44:44.719199,0.7160,-0.380573,-0.030414,0.000000,-1.902865,-1.998008,-1.198805
2026-07-27T16:44:44.719236,0.7165,-0.379068,-0.031235,0.000000,-1.895339,-1.990106,-1.194064
2026-07-27T16:44:44.719279,0.7170,-0.377563,-0.032056,0.000000,-1.887813,-1.982204,-1.189322
2026-07-27T16:44:44.719316,0.7175,-0.383584,-0.028772,0.000000,-1.917920,-2.013816,-1.208289
2026-07-27T16:44:44.719351,0.7180,-0.382078,-0.029593,0.000000,-1.910392,-2.005912,-1.203547
2026-07-27T16:44:44.719387,0.7185,-0.380573,-0.030414,0.000000,-1.902865,-1.998008,-1.198805
2026-07-27T16:44:44.719422,0.7190,-0.379068,-0.031235,0.000000,-1.895339,-1.990106,-1.194064
2026-07-27T16:44:44.719458,0.7195,-0.377563,-0.032056,0.000000,-1.887813,-1.982204,-1.189322
2026-07-27T16:44:44.719493,0.7200,-0.383584,-0.028772,0.000000,-1.917920,-2.013816,-1.208289
2026-07-27T16:44:44.719529,0.7205,-0.382078,-0.029593,0.000000,-1.910392,-2.005912,-1.203547
2026-07-27T16:44:44.719564,0.7210,-0.380573,-0.030414,0.000000,-1.902865,-1.998008,-1.198805
2026-07-27T16:44:44.719599,0.7215,-0.379068,-0.031235,0.000000,-1.895339,-1.990106,-1.194064
2026-07-27T16:44:44.719634,0.7220,-0.377563,-0.032056,0.000000,-1.887813,-1.982204,-1.189322
2026-07-27T16:44:44.719669,0.7225,-0.383584,-0.028772,0.000000,-1.917920,-2.013816,-1.208289
2026-07-27T16:44:44.719705,0.7230,-0.382078,-0.029593,0.000000,-1.910392,-2.005912,-1.203547
2026-07-27T16:44:44.719743,0.7235,-0.380573,-0.030414,0.000000,-1.902865,-1.998008,-1.198805
2026-07-27T16:44:44.719783,0.7240,-0.379068,-0.031235,0.000000,-1.895339,-1.990106,-1.194064
2026-07-27T16:44:44.719821,0.7245,-0.377563,-0.032056,0.000000,-1.887813,-1.982204,-1.189322
2026-07-27T16:44:44.719860,0.7250,-0.383584,-0.028772,0.000000,-1.917920,-2.013816,-1.208289
2026-07-27T16:44:44.719899,0.7255,-0.382078,-0.029593,0.000000,-1.910392,-2.005912,-1.203547
2026-07-27T16:44:44.719937,0.7260,-0.380573,-0.030414,0.000000,-1.902865,-1.998008,-1.198805
2026-07-27T16:44:44.719976,0.7265,-0.379068,-0.031235,0.000000,-1.895339,-1.990106,-1.194064
2026-07-27T16:44:44.720015,0.7270,-0.377563,-0.032056,0.000000,-1.887813,-1.982204,-1.189322
2026-07-27T16:44:44.720053,0.7275,-0.383584,-0.028772,0.000000,-1.917920,-2.013816,-1.208289
2026-07-27T16:44:44.720094,0.7280,-0.382078,-0.029593,0.000000,-1.910392,-2.005912,-1.203547
2026-07-27T16:44:44.720133,0.7285,-0.380573,-0.030414,0.000000,-1.902865,-1.998008,-1.198805
2026-07-27T16:44:44.720173,0.7290,-0.379068,-0.031235,0.000000,-1.895339,-1.990106,-1.194064
2026-07-27T16:44:44.720212,0.7295,-0.377563,-0.032056,0.000000,-1.887813,-1.982204,-1.189322
2026-07-27T16:44:44.720251,0.7300,-0.383584,-0.028772,0.000000,-1.917920,-2.013816,-1.208289
2026-07-27T16:44:44.720304,0.7305,-0.382078,-0.029593,0.000000,-1.910392,-2.005912,-1.203547
2026-07-27T16:44:44.720343,0.7310,-0.380573,-0.030414,0.000000,-1.902865,-1.998008,-1.198805
2026-07-27T16:44:44.720382,0.7315,-0.379068,-0.031235,0.000000,-1.895339,-1.990106,-1.194064
2026-07-27T16:44:44.720420,0.7320,-0.377563,-0.032056,0.000000,-1.887813,-1.982204,-1.189322
2026-07-27T16:44:44.720459,0.7325,-0.383584,-0.028772,0.000000,-1.917920,-2.013816,-1.208289
2026-07-27T16:44:44.720498,0.7330,-0.382078,-0.029593,0.000000,-1.910392,-2.005912,-1.203547
2026-07-27T16:44:44.720537,0.7335,-0.380573,-0.030414,0.000000,-1.902865,-1.998008,-1.198805
2026-07-27T16:44:44.720577,0.7340,-0.379068,-0.031235,0.000000,-1.895339,-1.990106,-1.194064
2026-07-27T16:44:44.720616,0.7345,-0.377563,-0.032056,0.000000,-1.887813,-1.982204,-1.189322
2026-07-27T16:44:44.720655,0.7350,-0.383584,-0.028772,0.000000,-1.917920,-2.013816,-1.208289
2026-07-27T16:44:44.720695,0.7355,-0.382078,-0.029593,0.000000,-1.910392,-2.005912,-1.203547
2026-07-27T16:44:44.720735,0.7360,-0.380573,-0.030414,0.000000,-1.902865,-1.998008,-1.198805
2026-07-27T16:44:44.720775,0.7365,-0.379068,-0.031235,0.000000,-1.895339,-1.990106,-1.194064
2026-07-27T16:44:44.720814,0.7370,-0.377563,-0.032056,0.000000,-1.887813,-1.982204,-1.189322
2026-07-27T16:44:44.720853,0.7375,-0.383584,-0.028772,0.000000,-1.917920,-2.013816,-1.208289
2026-07-27T16:44:44.720892,0.7380,-0.382078,-0.029593,0.000000,-1.910392,-2.005912,-1.203547
2026-07-27T16:44:44.720933,0.7385,-0.380573,-0.030414,0.000000,-1.902865,-1.998008,-1.198805
2026-07-27T16:44:44.720972,0.7390,-0.379068,-0.031235,0.000000,-1.895339,-1.990106,-1.194064
2026-07-27T16:44:44.721010,0.7395,-0.377563,-0.032056,0.000000,-1.887813,-1.982204,-1.189322
2026-07-27T16:44:44.721049,0.7400,-0.383584,-0.028772,0.000000,-1.917920,-2.013816,-1.208289
2026-07-27T16:44:44.721088,0.7405,-0.382078,-0.029593,0.000000,-1.910392,-2.005912,-1.203547
2026-07-27T16:44:44.721126,0.7410,-0.380573,-0.030414,0.000000,-1.902865,-1.998008,-1.198805
2026-07-27T16:44:44.721164,0.7415,-0.379068,-0.031235,0.000000,-1.895339,-1.990106,-1.194064
2026-07-27T16:44:44.721203,0.7420,-0.377563,-0.032056,0.000000,-1.887813,-1.982204,-1.189322
2026-07-27T16:44:44.721241,0.7425,-0.383584,-0.028772,0.000000,-1.917920,-2.013816,-1.208289
2026-07-27T16:44:44.721291,0.7430,-0.382078,-0.029593,0.000000,-1.910392,-2.005912,-1.203547
2026-07-27T16:44:44.721330,0.7435,-0.380573,-0.030414,0.000000,-1.902865,-1.998008,-1.198805
2026-07-27T16:44:44.721449,0.7440,-0.379068,-0.031235,0.000000,-1.895339,-1.990106,-1.194064
2026-07-27T16:44:44.721497,0.7445,-0.377563,-0.032056,0.000000,-1.887813,-1.982204,-1.189322
2026-07-27T16:44:44.721536,0.7450,-0.383584,-0.028772,0.000000,-1.917920,-2.013816,-1.208289
2026-07-27T16:44:44.721575,0.7455,-0.382078,-0.029593,0.000000,-1.910392,-2.005912,-1.203547
2026-07-27T16:44:44.721613,0.7460,-0.380573,-0.030414,0.000000,-1.902865,-1.998008,-1.198805
2026-07-27T16:44:44.721652,0.7465,-0.379068,-0.031235,0.000000,-1.895339,-1.990106,-1.194064
2026-07-27T16:44:44.721690,0.7470,-0.377563,-0.032056,0.000000,-1.887813,-1.982204,-1.189322
2026-07-27T16:44:44.721728,0.7475,-0.383584,-0.028772,0.000000,-1.917920,-2.013816,-1.208289
2026-07-27T16:44:44.721767,0.7480,-0.382078,-0.029593,0.000000,-1.910392,-2.005912,-1.203547
2026-07-27T16:44:44.721806,0.7485,-0.380573,-0.030414,0.000000,-1.902865,-1.998008,-1.198805
2026-07-27T16:44:44.721843,0.7490,-0.379068,-0.031235,0.000000,-1.895339,-1.990106,-1.194064
2026-07-27T16:44:44.721878,0.7495,-0.377563,-0.032056,0.000000,-1.887813,-1.982204,-1.189322
2026-07-27T16:44:44.721914,0.7500,-0.383584,-0.028772,0.000000,-1.917920,-2.013816,-1.208289
2026-07-27T16:44:44.721956,0.7505,-0.382078,-0.029593,0.000000,-1.910392,-2.005912,-1.203547
2026-07-27T16:44:44.721991,0.7510,-0.380573,-0.030414,0.000000,-1.902865,-1.998008,-1.198805
2026-07-27T16:44:44.722027,0.7515,-0.379068,-0.031235,0.000000,-1.895339,-1.990106,-1.194064
2026-07-27T16:44:44.722063,0.7520,-0.377563,-0.032056,0.000000,-1.887813,-1.982204,-1.189322
2026-07-27T16:44:44.722099,0.7525,-0.383584,-0.028772,0.000000,-1.917920,-2.013816,-1.208289
2026-07-27T16:44:44.722134,0.7530,-0.382078,-0.029593,0.000000,-1.910392,-2.005912,-1.203547
2026-07-27T16:44:44.722170,0.7535,-0.380573,-0.030414,0.000000,-1.902865,-1.998008,-1.198805
2026-07-27T16:44:44.722206,0.7540,-0.379068,-0.031235,0.000000,-1.895339,-1.990106,-1.194064
2026-07-27T16:44:44.722243,0.7545,-0.377563,-0.032056,0.000000,-1.887813,-1.982204,-1.189322
2026-07-27T16:44:44.722286,0.7550,-0.383584,-0.028772,0.000000,-1.917920,-2.013816,-1.208289
2026-07-27T16:44:44.722323,0.7555,-0.382078,-0.029593,0.000000,-1.910392,-2.005912,-1.203547
2026-07-27T16:44:44.722359,0.7560,-0.380573,-0.030414,0.000000,-1.902865,-1.998008,-1.198805
2026-07-27T16:44:44.722394,0.7565,-0.379068,-0.031235,0.000000,-1.895339,-1.990106,-1.194064
2026-07-27T16:44:44.722430,0.7570,-0.377563,-0.032056,0.000000,-1.887813,-1.982204,-1.189322
2026-07-27T16:44:44.722467,0.7575,-0.383584,-0.028772,0.000000,-1.917920,-2.013816,-1.208289
2026-07-27T16:44:44.722502,0.7580,-0.382078,-0.029593,0.000000,-1.910392,-2.005912,-1.203547
2026-07-27T16:44:44.722538,0.7585,-0.380573,-0.030414,0.000000,-1.902865,-1.998008,-1.198805
2026-07-27T16:44:44.722574,0.7590,-0.379068,-0.031235,0.000000,-1.895339,-1.990106,-1.194064
2026-07-27T16:44:44.722608,0.7595,-0.377563,-0.032056,0.000000,-1.887813,-1.982204,-1.189322
2026-07-27T16:44:44.722647,0.7600,-0.383584,-0.028772,0.000000,-1.917920,-2.013816,-1.208289
2026-07-27T16:44:44.722681,0.7605,-0.382078,-0.029593,0.000000,-1.910392,-2.005912,-1.203547
2026-07-27T16:44:44.722714,0.7610,-0.380573,-0.030414,0.000000,-1.902865,-1.998008,-1.198805
2026-07-27T16:44:44.722747,0.7615,-0.379068,-0.031235,0.000000,-1.895339,-1.990106,-1.194064
2026-07-27T16:44:44.722779,0.7620,-0.377563,-0.032056,0.000000,-1.887813,-1.982204,-1.189322
2026-07-27T16:44:44.722812,0.7625,-0.383584,-0.028772,0.000000,-1.917920,-2.013816,-1.208289
2026-07-27T16:44:44.722844,0.7630,-0.382078,-0.029593,0.000000,-1.910392,-2.005912,-1.203547
2026-07-27T16:44:44.722876,0.7635,-0.380573,-0.030414,0.000000,-1.902865,-1.998008,-1.198805
2026-07-27T16:44:44.722910,0.7640,-0.379068,-0.031235,0.000000,-1.895339,-1.990106,-1.194064
2026-07-27T16:44:44.722944,0.7645,-0.377563,-0.032056,0.000000,-1.887813,-1.982204,-1.189322
2026-07-27T16:44:44.722977,0.7650,-0.383584,-0.028772,0.000000,-1.917920,-2.013816,-1.208289
2026-07-27T16:44:44.723009,0.7655,-0.382078,-0.029593,0.000000,-1.910392,-2.005912,-1.203547
2026-07-27T16:44:44.723041,0.7660,-0.380573,-0.030414,0.000000,-1.902865,-1.998008,-1.198805
2026-07-27T16:44:44.723075,0.7665,-0.379068,-0.031235,0.000000,-1.895339,-1.990106,-1.194064
2026-07-27T16:44:44.723107,0.7670,-0.377563,-0.032056,0.000000,-1.887813,-1.982204,-1.189322
2026-07-27T16:44:44.723141,0.7675,-0.383584,-0.028772,0.000000,-1.917920,-2.013816,-1.208289
2026-07-27T16:44:44.723174,0.7680,-0.382078,-0.029593,0.000000,-1.910392,-2.005912,-1.203547
2026-07-27T16:44:44.723207,0.7685,-0.380573,-0.030414,0.000000,-1.902865,-1.998008,-1.198805
2026-07-27T16:44:44.723239,0.7690,-0.379068,-0.031235,0.000000,-1.895339,-1.990106,-1.194064
2026-07-27T16:44:44.723279,0.7695,-0.377563,-0.032056,0.000000,-1.887813,-1.982204,-1.189322
2026-07-27T16:44:44.723314,0.7700,-0.383584,-0.028772,0.000000,-1.917920,-2.013816,-1.208289
2026-07-27T16:44:44.723348,0.7705,-0.382078,-0.029593,0.000000,-1.910392,-2.005912,-1.203547
2026-07-27T16:44:44.723380,0.7710,-0.380573,-0.030414,0.000000,-1.902865,-1.998008,-1.198805
2026-07-27T16:44:44.723412,0.7715,-0.379068,-0.031235,0.000000,-1.895339,-1.990106,-1.194064
2026-07-27T16:44:44.723446,0.7720,-0.377563,-0.032056,0.000000,-1.887813,-1.982204,-1.189322
2026-07-27T16:44:44.723478,0.7725,-0.383584,-0.028772,0.000000,-1.917920,-2.013816,-1.208289
2026-07-27T16:44:44.723510,0.7730,-0.382078,-0.029593,0.000000,-1.910392,-2.005912,-1.203547
2026-07-27T16:44:44.723543,0.7735,-0.380573,-0.030414,0.000000,-1.902865,-1.998008,-1.198805
2026-07-27T16:44:44.723575,0.7740,-0.379068,-0.031235,0.000000,-1.895339,-1.990106,-1.194064
2026-07-27T16:44:44.723607,0.7745,-0.377563,-0.032056,0.000000,-1.887813,-1.982204,-1.189322
2026-07-27T16:44:44.723642,0.7750,-0.383584,-0.028772,0.000000,-1.917920,-2.013816,-1.208289
2026-07-27T16:44:44.723676,0.7755,-0.382078,-0.029593,0.000000,-1.910392,-2.005912,-1.203547
2026-07-27T16:44:44.723709,0.7760,-0.380573,-0.030414,0.000000,-1.902865,-1.998008,-1.198805
2026-07-27T16:44:44.723743,0.7765,-0.379068,-0.031235,0.000000,-1.895339,-1.990106,-1.194064
2026-07-27T16:44:44.723777,0.7770,-0.377563,-0.032056,0.000000,-1.887813,-1.982204,-1.189322
2026-07-27T16:44:44.723810,0.7775,-0.383584,-0.028772,0.000000,-1.917920,-2.013816,-1.208289
2026-07-27T16:44:44.723842,0.7780,-0.382078,-0.029593,0.000000,-1.910392,-2.005912,-1.203547
2026-07-27T16:44:44.723875,0.7785,-0.380573,-0.030414,0.000000,-1.902865,-1.998008,-1.198805
2026-07-27T16:44:44.723909,0.7790,-0.379068,-0.031235,0.000000,-1.895339,-1.990106,-1.194064
2026-07-27T16:44:44.723941,0.7795,-0.377563,-0.032056,0.000000,-1.887813,-1.982204,-1.189322
2026-07-27T16:44:44.723975,0.7800,-0.383584,-0.028772,0.000000,-1.917920,-2.013816,-1.208289
2026-07-27T16:44:44.724007,0.7805,-0.382078,-0.029593,0.000000,-1.910392,-2.005912,-1.203547
2026-07-27T16:44:44.724040,0.7810,-0.380573,-0.030414,0.000000,-1.902865,-1.998008,-1.198805
2026-07-27T16:44:44.724074,0.7815,-0.379068,-0.031235,0.000000,-1.895339,-1.990106,-1.194064
2026-07-27T16:44:44.724108,0.7820,-0.377563,-0.032056,0.000000,-1.887813,-1.982204,-1.189322
2026-07-27T16:44:44.724141,0.7825,-0.383584,-0.028772,0.000000,-1.917920,-2.013816,-1.208289
2026-07-27T16:44:44.724172,0.7830,-0.382078,-0.029593,0.000000,-1.910392,-2.005912,-1.203547
2026-07-27T16:44:44.724205,0.7835,-0.380573,-0.030414,0.000000,-1.902865,-1.998008,-1.198805
2026-07-27T16:44:44.724235,0.7840,-0.379068,-0.031235,0.000000,-1.895339,-1.990106,-1.194064
2026-07-27T16:44:44.724273,0.7845,-0.377563,-0.032056,0.000000,-1.887813,-1.982204,-1.189322
2026-07-27T16:44:44.724304,0.7850,-0.383584,-0.028772,0.000000,-1.917920,-2.013816,-1.208289
2026-07-27T16:44:44.724335,0.7855,-0.382078,-0.029593,0.000000,-1.910392,-2.005912,-1.203547
2026-07-27T16:44:44.724366,0.7860,-0.380573,-0.030414,0.000000,-1.902865,-1.998008,-1.198805
2026-07-27T16:44:44.724397,0.7865,-0.379068,-0.031235,0.000000,-1.895339,-1.990106,-1.194064
2026-07-27T16:44:44.724428,0.7870,-0.377563,-0.032056,0.000000,-1.887813,-1.982204,-1.189322
2026-07-27T16:44:44.724475,0.7875,-0.383584,-0.028772,0.000000,-1.917920,-2.013816,-1.208289
2026-07-27T16:44:44.724506,0.7880,-0.382078,-0.029593,0.000000,-1.910392,-2.005912,-1.203547
2026-07-27T16:44:44.724537,0.7885,-0.380573,-0.030414,0.000000,-1.902865,-1.998008,-1.198805
2026-07-27T16:44:44.724568,0.7890,-0.379068,-0.031235,0.000000,-1.895339,-1.990106,-1.194064
2026-07-27T16:44:44.724598,0.7895,-0.377563,-0.032056,0.000000,-1.887813,-1.982204,-1.189322
2026-07-27T16:44:44.724628,0.7900,-0.383584,-0.028772,0.000000,-1.917920,-2.013816,-1.208289
2026-07-27T16:44:44.724658,0.7905,-0.382078,-0.029593,0.000000,-1.910392,-2.005912,-1.203547
2026-07-27T16:44:44.724688,0.7910,-0.380573,-0.030414,0.000000,-1.902865,-1.998008,-1.198805
2026-07-27T16:44:44.724718,0.7915,-0.379068,-0.031235,0.000000,-1.895339,-1.990106,-1.194064
2026-07-27T16:44:44.724748,0.7920,-0.377563,-0.032056,0.000000,-1.887813,-1.982204,-1.189322
2026-07-27T16:44:44.724778,0.7925,-0.383584,-0.028772,0.000000,-1.917920,-2.013816,-1.208289
2026-07-27T16:44:44.724808,0.7930,-0.382078,-0.029593,0.000000,-1.910392,-2.005912,-1.203547
2026-07-27T16:44:44.724838,0.7935,-0.380573,-0.030414,0.000000,-1.902865,-1.998008,-1.198805
2026-07-27T16:44:44.724869,0.7940,-0.379068,-0.031235,0.000000,-1.895339,-1.990106,-1.194064
2026-07-27T16:44:44.724898,0.7945,-0.377563,-0.032056,0.000000,-1.887813,-1.982204,-1.189322
2026-07-27T16:44:44.724928,0.7950,-0.383584,-0.028772,0.000000,-1.917920,-2.013816,-1.208289
2026-07-27T16:44:44.724960,0.7955,-0.382078,-0.029593,0.000000,-1.910392,-2.005912,-1.203547
2026-07-27T16:44:44.724991,0.7960,-0.380573,-0.030414,0.000000,-1.902865,-1.998008,-1.198805
2026-07-27T16:44:44.725022,0.7965,-0.379068,-0.031235,0.000000,-1.895339,-1.990106,-1.194064
2026-07-27T16:44:44.725051,0.7970,-0.377563,-0.032056,0.000000,-1.887813,-1.982204,-1.189322
2026-07-27T16:44:44.725082,0.7975,-0.383584,-0.028772,0.000000,-1.917920,-2.013816,-1.208289
2026-07-27T16:44:44.725112,0.7980,-0.382078,-0.029593,0.000000,-1.910392,-2.005912,-1.203547
2026-07-27T16:44:44.725143,0.7985,-0.380573,-0.030414,0.000000,-1.902865,-1.998008,-1.198805
2026-07-27T16:44:44.725175,0.7990,-0.379068,-0.031235,0.000000,-1.895339,-1.990106,-1.194064
2026-07-27T16:44:44.725205,0.7995,-0.377563,-0.032056,0.000000,-1.887813,-1.982204,-1.189322
2026-07-27T16:44:44.817909,0.8000,-0.376058,-0.032877,0.000000,-1.880289,-1.974303,-1.184582
2026-07-27T16:44:44.817992,0.8005,-0.374553,-0.033698,0.000000,-1.872765,-1.966403,-1.179842
2026-07-27T16:44:44.818032,0.8010,-0.373048,-0.034519,0.000000,-1.865241,-1.958503,-1.175102
2026-07-27T16:44:44.818069,0.8015,-0.371544,-0.035339,0.000000,-1.857719,-1.950605,-1.170363
2026-07-27T16:44:44.818102,0.8020,-0.370039,-0.036160,0.000000,-1.850197,-1.942707,-1.165624
2026-07-27T16:44:44.818137,0.8025,-0.376058,-0.032877,0.000000,-1.880289,-1.974303,-1.184582
2026-07-27T16:44:44.818170,0.8030,-0.374553,-0.033698,0.000000,-1.872765,-1.966403,-1.179842
2026-07-27T16:44:44.818204,0.8035,-0.373048,-0.034519,0.000000,-1.865241,-1.958503,-1.175102
2026-07-27T16:44:44.818238,0.8040,-0.371544,-0.035339,0.000000,-1.857719,-1.950605,-1.170363
2026-07-27T16:44:44.818284,0.8045,-0.370039,-0.036160,0.000000,-1.850197,-1.942707,-1.165624
2026-07-27T16:44:44.818318,0.8050,-0.376058,-0.032877,0.000000,-1.880289,-1.974303,-1.184582
2026-07-27T16:44:44.818352,0.8055,-0.374553,-0.033698,0.000000,-1.872765,-1.966403,-1.179842
2026-07-27T16:44:44.818386,0.8060,-0.373048,-0.034519,0.000000,-1.865241,-1.958503,-1.175102
2026-07-27T16:44:44.818420,0.8065,-0.371544,-0.035339,0.000000,-1.857719,-1.950605,-1.170363
2026-07-27T16:44:44.818453,0.8070,-0.370039,-0.036160,0.000000,-1.850197,-1.942707,-1.165624
2026-07-27T16:44:44.818486,0.8075,-0.376058,-0.032877,0.000000,-1.880289,-1.974303,-1.184582
2026-07-27T16:44:44.818518,0.8080,-0.374553,-0.033698,0.000000,-1.872765,-1.966403,-1.179842
2026-07-27T16:44:44.818551,0.8085,-0.373048,-0.034519,0.000000,-1.865241,-1.958503,-1.175102
2026-07-27T16:44:44.818584,0.8090,-0.371544,-0.035339,0.000000,-1.857719,-1.950605,-1.170363
2026-07-27T16:44:44.818617,0.8095,-0.370039,-0.036160,0.000000,-1.850197,-1.942707,-1.165624
2026-07-27T16:44:44.818650,0.8100,-0.376058,-0.032877,0.000000,-1.880289,-1.974303,-1.184582
2026-07-27T16:44:44.818683,0.8105,-0.374553,-0.033698,0.000000,-1.872765,-1.966403,-1.179842
2026-07-27T16:44:44.818716,0.8110,-0.373048,-0.034519,0.000000,-1.865241,-1.958503,-1.175102
2026-07-27T16:44:44.818750,0.8115,-0.371544,-0.035339,0.000000,-1.857719,-1.950605,-1.170363
2026-07-27T16:44:44.818782,0.8120,-0.370039,-0.036160,0.000000,-1.850197,-1.942707,-1.165624
2026-07-27T16:44:44.818815,0.8125,-0.376058,-0.032877,0.000000,-1.880289,-1.974303,-1.184582
2026-07-27T16:44:44.818848,0.8130,-0.374553,-0.033698,0.000000,-1.872765,-1.966403,-1.179842
2026-07-27T16:44:44.818883,0.8135,-0.373048,-0.034519,0.000000,-1.865241,-1.958503,-1.175102
2026-07-27T16:44:44.818917,0.8140,-0.371544,-0.035339,0.000000,-1.857719,-1.950605,-1.170363
2026-07-27T16:44:44.818950,0.8145,-0.370039,-0.036160,0.000000,-1.850197,-1.942707,-1.165624
2026-07-27T16:44:44.818980,0.8150,-0.376058,-0.032877,0.000000,-1.880289,-1.974303,-1.184582
2026-07-27T16:44:44.819012,0.8155,-0.374553,-0.033698,0.000000,-1.872765,-1.966403,-1.179842
2026-07-27T16:44:44.819042,0.8160,-0.373048,-0.034519,0.000000,-1.865241,-1.958503,-1.175102
2026-07-27T16:44:44.819074,0.8165,-0.371544,-0.035339,0.000000,-1.857719,-1.950605,-1.170363
2026-07-27T16:44:44.819104,0.8170,-0.370039,-0.036160,0.000000,-1.850197,-1.942707,-1.165624
2026-07-27T16:44:44.819135,0.8175,-0.376058,-0.032877,0.000000,-1.880289,-1.974303,-1.184582
2026-07-27T16:44:44.819165,0.8180,-0.374553,-0.033698,0.000000,-1.872765,-1.966403,-1.179842
2026-07-27T16:44:44.819196,0.8185,-0.373048,-0.034519,0.000000,-1.865241,-1.958503,-1.175102
2026-07-27T16:44:44.819227,0.8190,-0.371544,-0.035339,0.000000,-1.857719,-1.950605,-1.170363
2026-07-27T16:44:44.819257,0.8195,-0.370039,-0.036160,0.000000,-1.850197,-1.942707,-1.165624
2026-07-27T16:44:44.819294,0.8200,-0.376058,-0.032877,0.000000,-1.880289,-1.974303,-1.184582
2026-07-27T16:44:44.819325,0.8205,-0.374553,-0.033698,0.000000,-1.872765,-1.966403,-1.179842
2026-07-27T16:44:44.819356,0.8210,-0.373048,-0.034519,0.000000,-1.865241,-1.958503,-1.175102
2026-07-27T16:44:44.819387,0.8215,-0.371544,-0.035339,0.000000,-1.857719,-1.950605,-1.170363
2026-07-27T16:44:44.819417,0.8220,-0.370039,-0.036160,0.000000,-1.850197,-1.942707,-1.165624
2026-07-27T16:44:44.819447,0.8225,-0.376058,-0.032877,0.000000,-1.880289,-1.974303,-1.184582
2026-07-27T16:44:44.819478,0.8230,-0.374553,-0.033698,0.000000,-1.872765,-1.966403,-1.179842
2026-07-27T16:44:44.819509,0.8235,-0.373048,-0.034519,0.000000,-1.865241,-1.958503,-1.175102
2026-07-27T16:44:44.819539,0.8240,-0.371544,-0.035339,0.000000,-1.857719,-1.950605,-1.170363
2026-07-27T16:44:44.819569,0.8245,-0.370039,-0.036160,0.000000,-1.850197,-1.942707,-1.165624
2026-07-27T16:44:44.819600,0.8250,-0.376058,-0.032877,0.000000,-1.880289,-1.974303,-1.184582
2026-07-27T16:44:44.819631,0.8255,-0.374553,-0.033698,0.000000,-1.872765,-1.966403,-1.179842
2026-07-27T16:44:44.819662,0.8260,-0.373048,-0.034519,0.000000,-1.865241,-1.958503,-1.175102
2026-07-27T16:44:44.819693,0.8265,-0.371544,-0.035339,0.000000,-1.857719,-1.950605,-1.170363
2026-07-27T16:44:44.819723,0.8270,-0.370039,-0.036160,0.000000,-1.850197,-1.942707,-1.165624
2026-07-27T16:44:44.819754,0.8275,-0.376058,-0.032877,0.000000,-1.880289,-1.974303,-1.184582
2026-07-27T16:44:44.819785,0.8280,-0.374553,-0.033698,0.000000,-1.872765,-1.966403,-1.179842
2026-07-27T16:44:44.819818,0.8285,-0.373048,-0.034519,0.000000,-1.865241,-1.958503,-1.175102
2026-07-27T16:44:44.819851,0.8290,-0.371544,-0.035339,0.000000,-1.857719,-1.950605,-1.170363
2026-07-27T16:44:44.819884,0.8295,-0.370039,-0.036160,0.000000,-1.850197,-1.942707,-1.165624
2026-07-27T16:44:44.819917,0.8300,-0.376058,-0.032877,0.000000,-1.880289,-1.974303,-1.184582
2026-07-27T16:44:44.819949,0.8305,-0.374553,-0.033698,0.000000,-1.872765,-1.966403,-1.179842
2026-07-27T16:44:44.819983,0.8310,-0.373048,-0.034519,0.000000,-1.865241,-1.958503,-1.175102
2026-07-27T16:44:44.820016,0.8315,-0.371544,-0.035339,0.000000,-1.857719,-1.950605,-1.170363
2026-07-27T16:44:44.820048,0.8320,-0.370039,-0.036160,0.000000,-1.850197,-1.942707,-1.165624
2026-07-27T16:44:44.820082,0.8325,-0.376058,-0.032877,0.000000,-1.880289,-1.974303,-1.184582
2026-07-27T16:44:44.820116,0.8330,-0.374553,-0.033698,0.000000,-1.872765,-1.966403,-1.179842
2026-07-27T16:44:44.820150,0.8335,-0.373048,-0.034519,0.000000,-1.865241,-1.958503,-1.175102
2026-07-27T16:44:44.820183,0.8340,-0.371544,-0.035339,0.000000,-1.857719,-1.950605,-1.170363
2026-07-27T16:44:44.820216,0.8345,-0.370039,-0.036160,0.000000,-1.850197,-1.942707,-1.165624
2026-07-27T16:44:44.820250,0.8350,-0.376058,-0.032877,0.000000,-1.880289,-1.974303,-1.184582
2026-07-27T16:44:44.820291,0.8355,-0.374553,-0.033698,0.000000,-1.872765,-1.966403,-1.179842
2026-07-27T16:44:44.820324,0.8360,-0.373048,-0.034519,0.000000,-1.865241,-1.958503,-1.175102
2026-07-27T16:44:44.820356,0.8365,-0.371544,-0.035339,0.000000,-1.857719,-1.950605,-1.170363
2026-07-27T16:44:44.820389,0.8370,-0.370039,-0.036160,0.000000,-1.850197,-1.942707,-1.165624
2026-07-27T16:44:44.820423,0.8375,-0.376058,-0.032877,0.000000,-1.880289,-1.974303,-1.184582
2026-07-27T16:44:44.820457,0.8380,-0.374553,-0.033698,0.000000,-1.872765,-1.966403,-1.179842
2026-07-27T16:44:44.820492,0.8385,-0.373048,-0.034519,0.000000,-1.865241,-1.958503,-1.175102
2026-07-27T16:44:44.820525,0.8390,-0.371544,-0.035339,0.000000,-1.857719,-1.950605,-1.170363
2026-07-27T16:44:44.820560,0.8395,-0.370039,-0.036160,0.000000,-1.850197,-1.942707,-1.165624
2026-07-27T16:44:44.820597,0.8400,-0.376058,-0.032877,0.000000,-1.880289,-1.974303,-1.184582
2026-07-27T16:44:44.820633,0.8405,-0.374553,-0.033698,0.000000,-1.872765,-1.966403,-1.179842
2026-07-27T16:44:44.820669,0.8410,-0.373048,-0.034519,0.000000,-1.865241,-1.958503,-1.175102
2026-07-27T16:44:44.820704,0.8415,-0.371544,-0.035339,0.000000,-1.857719,-1.950605,-1.170363
2026-07-27T16:44:44.820740,0.8420,-0.370039,-0.036160,0.000000,-1.850197,-1.942707,-1.165624
2026-07-27T16:44:44.820777,0.8425,-0.376058,-0.032877,0.000000,-1.880289,-1.974303,-1.184582
2026-07-27T16:44:44.820812,0.8430,-0.374553,-0.033698,0.000000,-1.872765,-1.966403,-1.179842
2026-07-27T16:44:44.820848,0.8435,-0.373048,-0.034519,0.000000,-1.865241,-1.958503,-1.175102
2026-07-27T16:44:44.820952,0.8440,-0.371544,-0.035339,0.000000,-1.857719,-1.950605,-1.170363
2026-07-27T16:44:44.820989,0.8445,-0.370039,-0.036160,0.000000,-1.850197,-1.942707,-1.165624
2026-07-27T16:44:44.821025,0.8450,-0.376058,-0.032877,0.000000,-1.880289,-1.974303,-1.184582
2026-07-27T16:44:44.821060,0.8455,-0.374553,-0.033698,0.000000,-1.872765,-1.966403,-1.179842
2026-07-27T16:44:44.821095,0.8460,-0.373048,-0.034519,0.000000,-1.865241,-1.958503,-1.175102
2026-07-27T16:44:44.821130,0.8465,-0.371544,-0.035339,0.000000,-1.857719,-1.950605,-1.170363
2026-07-27T16:44:44.821165,0.8470,-0.370039,-0.036160,0.000000,-1.850197,-1.942707,-1.165624
2026-07-27T16:44:44.821201,0.8475,-0.376058,-0.032877,0.000000,-1.880289,-1.974303,-1.184582
2026-07-27T16:44:44.821236,0.8480,-0.374553,-0.033698,0.000000,-1.872765,-1.966403,-1.179842
2026-07-27T16:44:44.821280,0.8485,-0.373048,-0.034519,0.000000,-1.865241,-1.958503,-1.175102
2026-07-27T16:44:44.821315,0.8490,-0.371544,-0.035339,0.000000,-1.857719,-1.950605,-1.170363
2026-07-27T16:44:44.821351,0.8495,-0.370039,-0.036160,0.000000,-1.850197,-1.942707,-1.165624
2026-07-27T16:44:44.821387,0.8500,-0.376058,-0.032877,0.000000,-1.880289,-1.974303,-1.184582
2026-07-27T16:44:44.821423,0.8505,-0.374553,-0.033698,0.000000,-1.872765,-1.966403,-1.179842
2026-07-27T16:44:44.821459,0.8510,-0.373048,-0.034519,0.000000,-1.865241,-1.958503,-1.175102
2026-07-27T16:44:44.821493,0.8515,-0.371544,-0.035339,0.000000,-1.857719,-1.950605,-1.170363
2026-07-27T16:44:44.821529,0.8520,-0.370039,-0.036160,0.000000,-1.850197,-1.942707,-1.165624
2026-07-27T16:44:44.821566,0.8525,-0.376058,-0.032877,0.000000,-1.880289,-1.974303,-1.184582
2026-07-27T16:44:44.821604,0.8530,-0.374553,-0.033698,0.000000,-1.872765,-1.966403,-1.179842
2026-07-27T16:44:44.821642,0.8535,-0.373048,-0.034519,0.000000,-1.865241,-1.958503,-1.175102
2026-07-27T16:44:44.821681,0.8540,-0.371544,-0.035339,0.000000,-1.857719,-1.950605,-1.170363
2026-07-27T16:44:44.821719,0.8545,-0.370039,-0.036160,0.000000,-1.850197,-1.942707,-1.165624
2026-07-27T16:44:44.821757,0.8550,-0.376058,-0.032877,0.000000,-1.880289,-1.974303,-1.184582
2026-07-27T16:44:44.821795,0.8555,-0.374553,-0.033698,0.000000,-1.872765,-1.966403,-1.179842
2026-07-27T16:44:44.821834,0.8560,-0.373048,-0.034519,0.000000,-1.865241,-1.958503,-1.175102
2026-07-27T16:44:44.821871,0.8565,-0.371544,-0.035339,0.000000,-1.857719,-1.950605,-1.170363
2026-07-27T16:44:44.821910,0.8570,-0.370039,-0.036160,0.000000,-1.850197,-1.942707,-1.165624
2026-07-27T16:44:44.821950,0.8575,-0.376058,-0.032877,0.000000,-1.880289,-1.974303,-1.184582
2026-07-27T16:44:44.821987,0.8580,-0.374553,-0.033698,0.000000,-1.872765,-1.966403,-1.179842
2026-07-27T16:44:44.822027,0.8585,-0.373048,-0.034519,0.000000,-1.865241,-1.958503,-1.175102
2026-07-27T16:44:44.822064,0.8590,-0.371544,-0.035339,0.000000,-1.857719,-1.950605,-1.170363
2026-07-27T16:44:44.822102,0.8595,-0.370039,-0.036160,0.000000,-1.850197,-1.942707,-1.165624
2026-07-27T16:44:44.822141,0.8600,-0.376058,-0.032877,0.000000,-1.880289,-1.974303,-1.184582
2026-07-27T16:44:44.822182,0.8605,-0.374553,-0.033698,0.000000,-1.872765,-1.966403,-1.179842
2026-07-27T16:44:44.822221,0.8610,-0.373048,-0.034519,0.000000,-1.865241,-1.958503,-1.175102
2026-07-27T16:44:44.822259,0.8615,-0.371544,-0.035339,0.000000,-1.857719,-1.950605,-1.170363
2026-07-27T16:44:44.822302,0.8620,-0.370039,-0.036160,0.000000,-1.850197,-1.942707,-1.165624
2026-07-27T16:44:44.822342,0.8625,-0.376058,-0.032877,0.000000,-1.880289,-1.974303,-1.184582
2026-07-27T16:44:44.822381,0.8630,-0.374553,-0.033698,0.000000,-1.872765,-1.966403,-1.179842
2026-07-27T16:44:44.822421,0.8635,-0.373048,-0.034519,0.000000,-1.865241,-1.958503,-1.175102
2026-07-27T16:44:44.822460,0.8640,-0.371544,-0.035339,0.000000,-1.857719,-1.950605,-1.170363
2026-07-27T16:44:44.822499,0.8645,-0.370039,-0.036160,0.000000,-1.850197,-1.942707,-1.165624
2026-07-27T16:44:44.822537,0.8650,-0.376058,-0.032877,0.000000,-1.880289,-1.974303,-1.184582
2026-07-27T16:44:44.822574,0.8655,-0.374553,-0.033698,0.000000,-1.872765,-1.966403,-1.179842
2026-07-27T16:44:44.822613,0.8660,-0.373048,-0.034519,0.000000,-1.865241,-1.958503,-1.175102
2026-07-27T16:44:44.822652,0.8665,-0.371544,-0.035339,0.000000,-1.857719,-1.950605,-1.170363
2026-07-27T16:44:44.822691,0.8670,-0.370039,-0.036160,0.000000,-1.850197,-1.942707,-1.165624
2026-07-27T16:44:44.822733,0.8675,-0.376058,-0.032877,0.000000,-1.880289,-1.974303,-1.184582
2026-07-27T16:44:44.822775,0.8680,-0.374553,-0.033698,0.000000,-1.872765,-1.966403,-1.179842
2026-07-27T16:44:44.822817,0.8685,-0.373048,-0.034519,0.000000,-1.865241,-1.958503,-1.175102
2026-07-27T16:44:44.822859,0.8690,-0.371544,-0.035339,0.000000,-1.857719,-1.950605,-1.170363
2026-07-27T16:44:44.822901,0.8695,-0.370039,-0.036160,0.000000,-1.850197,-1.942707,-1.165624
2026-07-27T16:44:44.822943,0.8700,-0.376058,-0.032877,0.000000,-1.880289,-1.974303,-1.184582
2026-07-27T16:44:44.822986,0.8705,-0.374553,-0.033698,0.000000,-1.872765,-1.966403,-1.179842
2026-07-27T16:44:44.823028,0.8710,-0.373048,-0.034519,0.000000,-1.865241,-1.958503,-1.175102
2026-07-27T16:44:44.823070,0.8715,-0.371544,-0.035339,0.000000,-1.857719,-1.950605,-1.170363
2026-07-27T16:44:44.823113,0.8720,-0.370039,-0.036160,0.000000,-1.850197,-1.942707,-1.165624
2026-07-27T16:44:44.823155,0.8725,-0.376058,-0.032877,0.000000,-1.880289,-1.974303,-1.184582
2026-07-27T16:44:44.823197,0.8730,-0.374553,-0.033698,0.000000,-1.872765,-1.966403,-1.179842
2026-07-27T16:44:44.823239,0.8735,-0.373048,-0.034519,0.000000,-1.865241,-1.958503,-1.175102
2026-07-27T16:44:44.823290,0.8740,-0.371544,-0.035339,0.000000,-1.857719,-1.950605,-1.170363
2026-07-27T16:44:44.823334,0.8745,-0.370039,-0.036160,0.000000,-1.850197,-1.942707,-1.165624
2026-07-27T16:44:44.823377,0.8750,-0.376058,-0.032877,0.000000,-1.880289,-1.974303,-1.184582
2026-07-27T16:44:44.823418,0.8755,-0.374553,-0.033698,0.000000,-1.872765,-1.966403,-1.179842
2026-07-27T16:44:44.823461,0.8760,-0.373048,-0.034519,0.000000,-1.865241,-1.958503,-1.175102
2026-07-27T16:44:44.823505,0.8765,-0.371544,-0.035339,0.000000,-1.857719,-1.950605,-1.170363
2026-07-27T16:44:44.823550,0.8770,-0.370039,-0.036160,0.000000,-1.850197,-1.942707,-1.165624
2026-07-27T16:44:44.823593,0.8775,-0.376058,-0.032877,0.000000,-1.880289,-1.974303,-1.184582
2026-07-27T16:44:44.823635,0.8780,-0.374553,-0.033698,0.000000,-1.872765,-1.966403,-1.179842
2026-07-27T16:44:44.823680,0.8785,-0.373048,-0.034519,0.000000,-1.865241,-1.958503,-1.175102
2026-07-27T16:44:44.823723,0.8790,-0.371544,-0.035339,0.000000,-1.857719,-1.950605,-1.170363
2026-07-27T16:44:44.823767,0.8795,-0.370039,-0.036160,0.000000,-1.850197,-1.942707,-1.165624
2026-07-27T16:44:44.823810,0.8800,-0.376058,-0.032877,0.000000,-1.880289,-1.974303,-1.184582
2026-07-27T16:44:44.823851,0.8805,-0.374553,-0.033698,0.000000,-1.872765,-1.966403,-1.179842
2026-07-27T16:44:44.823894,0.8810,-0.373048,-0.034519,0.000000,-1.865241,-1.958503,-1.175102
2026-07-27T16:44:44.823937,0.8815,-0.371544,-0.035339,0.000000,-1.857719,-1.950605,-1.170363
2026-07-27T16:44:44.823982,0.8820,-0.370039,-0.036160,0.000000,-1.850197,-1.942707,-1.165624
2026-07-27T16:44:44.824027,0.8825,-0.376058,-0.032877,0.000000,-1.880289,-1.974303,-1.184582
2026-07-27T16:44:44.824079,0.8830,-0.374553,-0.033698,0.000000,-1.872765,-1.966403,-1.179842
2026-07-27T16:44:44.824128,0.8835,-0.373048,-0.034519,0.000000,-1.865241,-1.958503,-1.175102
2026-07-27T16:44:44.824174,0.8840,-0.371544,-0.035339,0.000000,-1.857719,-1.950605,-1.170363
2026-07-27T16:44:44.824221,0.8845,-0.370039,-0.036160,0.000000,-1.850197,-1.942707,-1.165624
2026-07-27T16:44:44.824275,0.8850,-0.376058,-0.032877,0.000000,-1.880289,-1.974303,-1.184582
2026-07-27T16:44:44.824322,0.8855,-0.374553,-0.033698,0.000000,-1.872765,-1.966403,-1.179842
2026-07-27T16:44:44.824369,0.8860,-0.373048,-0.034519,0.000000,-1.865241,-1.958503,-1.175102
2026-07-27T16:44:44.824417,0.8865,-0.371544,-0.035339,0.000000,-1.857719,-1.950605,-1.170363
2026-07-27T16:44:44.824463,0.8870,-0.370039,-0.036160,0.000000,-1.850197,-1.942707,-1.165624
2026-07-27T16:44:44.824542,0.8875,-0.376058,-0.032877,0.000000,-1.880289,-1.974303,-1.184582
2026-07-27T16:44:44.824590,0.8880,-0.374553,-0.033698,0.000000,-1.872765,-1.966403,-1.179842
2026-07-27T16:44:44.824637,0.8885,-0.373048,-0.034519,0.000000,-1.865241,-1.958503,-1.175102
2026-07-27T16:44:44.824683,0.8890,-0.371544,-0.035339,0.000000,-1.857719,-1.950605,-1.170363
2026-07-27T16:44:44.824730,0.8895,-0.370039,-0.036160,0.000000,-1.850197,-1.942707,-1.165624
2026-07-27T16:44:44.824777,0.8900,-0.376058,-0.032877,0.000000,-1.880289,-1.974303,-1.184582
2026-07-27T16:44:44.824824,0.8905,-0.374553,-0.033698,0.000000,-1.872765,-1.966403,-1.179842
2026-07-27T16:44:44.824871,0.8910,-0.373048,-0.034519,0.000000,-1.865241,-1.958503,-1.175102
2026-07-27T16:44:44.824920,0.8915,-0.371544,-0.035339,0.000000,-1.857719,-1.950605,-1.170363
2026-07-27T16:44:44.824968,0.8920,-0.370039,-0.036160,0.000000,-1.850197,-1.942707,-1.165624
2026-07-27T16:44:44.825015,0.8925,-0.376058,-0.032877,0.000000,-1.880289,-1.974303,-1.184582
2026-07-27T16:44:44.825063,0.8930,-0.374553,-0.033698,0.000000,-1.872765,-1.966403,-1.179842
2026-07-27T16:44:44.825111,0.8935,-0.373048,-0.034519,0.000000,-1.865241,-1.958503,-1.175102
2026-07-27T16:44:44.825158,0.8940,-0.371544,-0.035339,0.000000,-1.857719,-1.950605,-1.170363
2026-07-27T16:44:44.825206,0.8945,-0.370039,-0.036160,0.000000,-1.850197,-1.942707,-1.165624
2026-07-27T16:44:44.825253,0.8950,-0.376058,-0.032877,0.000000,-1.880289,-1.974303,-1.184582
2026-07-27T16:44:44.825313,0.8955,-0.374553,-0.033698,0.000000,-1.872765,-1.966403,-1.179842
2026-07-27T16:44:44.825360,0.8960,-0.373048,-0.034519,0.000000,-1.865241,-1.958503,-1.175102
2026-07-27T16:44:44.825406,0.8965,-0.371544,-0.035339,0.000000,-1.857719,-1.950605,-1.170363
2026-07-27T16:44:44.825452,0.8970,-0.370039,-0.036160,0.000000,-1.850197,-1.942707,-1.165624
2026-07-27T16:44:44.825501,0.8975,-0.376058,-0.032877,0.000000,-1.880289,-1.974303,-1.184582
2026-07-27T16:44:44.825547,0.8980,-0.374553,-0.033698,0.000000,-1.872765,-1.966403,-1.179842
2026-07-27T16:44:44.825594,0.8985,-0.373048,-0.034519,0.000000,-1.865241,-1.958503,-1.175102
2026-07-27T16:44:44.825640,0.8990,-0.371544,-0.035339,0.000000,-1.857719,-1.950605,-1.170363
2026-07-27T16:44:44.825687,0.8995,-0.370039,-0.036160,0.000000,-1.850197,-1.942707,-1.165624
2026-07-27T16:44:44.918201,0.9000,-0.368535,-0.036980,0.000000,-1.842676,-1.934810,-1.160886
2026-07-27T16:44:44.918335,0.9005,-0.367031,-0.037801,0.000000,-1.835156,-1.926914,-1.156148
2026-07-27T16:44:44.918399,0.9010,-0.365527,-0.038621,0.000000,-1.827637,-1.919019,-1.151411
2026-07-27T16:44:44.918458,0.9015,-0.364024,-0.039441,0.000000,-1.820119,-1.911125,-1.146675
2026-07-27T16:44:44.918513,0.9020,-0.362520,-0.040261,0.000000,-1.812601,-1.903232,-1.141939
2026-07-27T16:44:44.918569,0.9025,-0.368535,-0.036980,0.000000,-1.842676,-1.934810,-1.160886
2026-07-27T16:44:44.918625,0.9030,-0.367031,-0.037801,0.000000,-1.835156,-1.926914,-1.156148
2026-07-27T16:44:44.918677,0.9035,-0.365527,-0.038621,0.000000,-1.827637,-1.919019,-1.151411
2026-07-27T16:44:44.918731,0.9040,-0.364024,-0.039441,0.000000,-1.820119,-1.911125,-1.146675
2026-07-27T16:44:44.918786,0.9045,-0.362520,-0.040261,0.000000,-1.812601,-1.903232,-1.141939
2026-07-27T16:44:44.918838,0.9050,-0.368535,-0.036980,0.000000,-1.842676,-1.934810,-1.160886
2026-07-27T16:44:44.918893,0.9055,-0.367031,-0.037801,0.000000,-1.835156,-1.926914,-1.156148
2026-07-27T16:44:44.918947,0.9060,-0.365527,-0.038621,0.000000,-1.827637,-1.919019,-1.151411
2026-07-27T16:44:44.919000,0.9065,-0.364024,-0.039441,0.000000,-1.820119,-1.911125,-1.146675
2026-07-27T16:44:44.919056,0.9070,-0.362520,-0.040261,0.000000,-1.812601,-1.903232,-1.141939
2026-07-27T16:44:44.919104,0.9075,-0.368535,-0.036980,0.000000,-1.842676,-1.934810,-1.160886
2026-07-27T16:44:44.919153,0.9080,-0.367031,-0.037801,0.000000,-1.835156,-1.926914,-1.156148
2026-07-27T16:44:44.919204,0.9085,-0.365527,-0.038621,0.000000,-1.827637,-1.919019,-1.151411
2026-07-27T16:44:44.919253,0.9090,-0.364024,-0.039441,0.000000,-1.820119,-1.911125,-1.146675
2026-07-27T16:44:44.919317,0.9095,-0.362520,-0.040261,0.000000,-1.812601,-1.903232,-1.141939
2026-07-27T16:44:44.919364,0.9100,-0.368535,-0.036980,0.000000,-1.842676,-1.934810,-1.160886
2026-07-27T16:44:44.919412,0.9105,-0.367031,-0.037801,0.000000,-1.835156,-1.926914,-1.156148
2026-07-27T16:44:44.919460,0.9110,-0.365527,-0.038621,0.000000,-1.827637,-1.919019,-1.151411
2026-07-27T16:44:44.919507,0.9115,-0.364024,-0.039441,0.000000,-1.820119,-1.911125,-1.146675
2026-07-27T16:44:44.919554,0.9120,-0.362520,-0.040261,0.000000,-1.812601,-1.903232,-1.141939
2026-07-27T16:44:44.919602,0.9125,-0.368535,-0.036980,0.000000,-1.842676,-1.934810,-1.160886
2026-07-27T16:44:44.919651,0.9130,-0.367031,-0.037801,0.000000,-1.835156,-1.926914,-1.156148
2026-07-27T16:44:44.919699,0.9135,-0.365527,-0.038621,0.000000,-1.827637,-1.919019,-1.151411
2026-07-27T16:44:44.919748,0.9140,-0.364024,-0.039441,0.000000,-1.820119,-1.911125,-1.146675
2026-07-27T16:44:44.919797,0.9145,-0.362520,-0.040261,0.000000,-1.812601,-1.903232,-1.141939
2026-07-27T16:44:44.919843,0.9150,-0.368535,-0.036980,0.000000,-1.842676,-1.934810,-1.160886
2026-07-27T16:44:44.919891,0.9155,-0.367031,-0.037801,0.000000,-1.835156,-1.926914,-1.156148
2026-07-27T16:44:44.919940,0.9160,-0.365527,-0.038621,0.000000,-1.827637,-1.919019,-1.151411
2026-07-27T16:44:44.919986,0.9165,-0.364024,-0.039441,0.000000,-1.820119,-1.911125,-1.146675
2026-07-27T16:44:44.920034,0.9170,-0.362520,-0.040261,0.000000,-1.812601,-1.903232,-1.141939
2026-07-27T16:44:44.920082,0.9175,-0.368535,-0.036980,0.000000,-1.842676,-1.934810,-1.160886
2026-07-27T16:44:44.920129,0.9180,-0.367031,-0.037801,0.000000,-1.835156,-1.926914,-1.156148
2026-07-27T16:44:44.920176,0.9185,-0.365527,-0.038621,0.000000,-1.827637,-1.919019,-1.151411
2026-07-27T16:44:44.920223,0.9190,-0.364024,-0.039441,0.000000,-1.820119,-1.911125,-1.146675
2026-07-27T16:44:44.920285,0.9195,-0.362520,-0.040261,0.000000,-1.812601,-1.903232,-1.141939
2026-07-27T16:44:44.920332,0.9200,-0.368535,-0.036980,0.000000,-1.842676,-1.934810,-1.160886
2026-07-27T16:44:44.920379,0.9205,-0.367031,-0.037801,0.000000,-1.835156,-1.926914,-1.156148
2026-07-27T16:44:44.920426,0.9210,-0.365527,-0.038621,0.000000,-1.827637,-1.919019,-1.151411
2026-07-27T16:44:44.920473,0.9215,-0.364024,-0.039441,0.000000,-1.820119,-1.911125,-1.146675
2026-07-27T16:44:44.920521,0.9220,-0.362520,-0.040261,0.000000,-1.812601,-1.903232,-1.141939
2026-07-27T16:44:44.920568,0.9225,-0.368535,-0.036980,0.000000,-1.842676,-1.934810,-1.160886
2026-07-27T16:44:44.920615,0.9230,-0.367031,-0.037801,0.000000,-1.835156,-1.926914,-1.156148
2026-07-27T16:44:44.920663,0.9235,-0.365527,-0.038621,0.000000,-1.827637,-1.919019,-1.151411
2026-07-27T16:44:44.920709,0.9240,-0.364024,-0.039441,0.000000,-1.820119,-1.911125,-1.146675
2026-07-27T16:44:44.920757,0.9245,-0.362520,-0.040261,0.000000,-1.812601,-1.903232,-1.141939
2026-07-27T16:44:44.920805,0.9250,-0.368535,-0.036980,0.000000,-1.842676,-1.934810,-1.160886
2026-07-27T16:44:44.920851,0.9255,-0.367031,-0.037801,0.000000,-1.835156,-1.926914,-1.156148
2026-07-27T16:44:44.920898,0.9260,-0.365527,-0.038621,0.000000,-1.827637,-1.919019,-1.151411
2026-07-27T16:44:44.920945,0.9265,-0.364024,-0.039441,0.000000,-1.820119,-1.911125,-1.146675
2026-07-27T16:44:44.920991,0.9270,-0.362520,-0.040261,0.000000,-1.812601,-1.903232,-1.141939
2026-07-27T16:44:44.921041,0.9275,-0.368535,-0.036980,0.000000,-1.842676,-1.934810,-1.160886
2026-07-27T16:44:44.921088,0.9280,-0.367031,-0.037801,0.000000,-1.835156,-1.926914,-1.156148
2026-07-27T16:44:44.921134,0.9285,-0.365527,-0.038621,0.000000,-1.827637,-1.919019,-1.151411
2026-07-27T16:44:44.921183,0.9290,-0.364024,-0.039441,0.000000,-1.820119,-1.911125,-1.146675
2026-07-27T16:44:44.921230,0.9295,-0.362520,-0.040261,0.000000,-1.812601,-1.903232,-1.141939
2026-07-27T16:44:44.921289,0.9300,-0.368535,-0.036980,0.000000,-1.842676,-1.934810,-1.160886
2026-07-27T16:44:44.921338,0.9305,-0.367031,-0.037801,0.000000,-1.835156,-1.926914,-1.156148
2026-07-27T16:44:44.921386,0.9310,-0.365527,-0.038621,0.000000,-1.827637,-1.919019,-1.151411
2026-07-27T16:44:44.921432,0.9315,-0.364024,-0.039441,0.000000,-1.820119,-1.911125,-1.146675
2026-07-27T16:44:44.921480,0.9320,-0.362520,-0.040261,0.000000,-1.812601,-1.903232,-1.141939
2026-07-27T16:44:44.921527,0.9325,-0.368535,-0.036980,0.000000,-1.842676,-1.934810,-1.160886
2026-07-27T16:44:44.921573,0.9330,-0.367031,-0.037801,0.000000,-1.835156,-1.926914,-1.156148
2026-07-27T16:44:44.921619,0.9335,-0.365527,-0.038621,0.000000,-1.827637,-1.919019,-1.151411
2026-07-27T16:44:44.921667,0.9340,-0.364024,-0.039441,0.000000,-1.820119,-1.911125,-1.146675
2026-07-27T16:44:44.921716,0.9345,-0.362520,-0.040261,0.000000,-1.812601,-1.903232,-1.141939
2026-07-27T16:44:44.921764,0.9350,-0.368535,-0.036980,0.000000,-1.842676,-1.934810,-1.160886
2026-07-27T16:44:44.921813,0.9355,-0.367031,-0.037801,0.000000,-1.835156,-1.926914,-1.156148
2026-07-27T16:44:44.921860,0.9360,-0.365527,-0.038621,0.000000,-1.827637,-1.919019,-1.151411
2026-07-27T16:44:44.921907,0.9365,-0.364024,-0.039441,0.000000,-1.820119,-1.911125,-1.146675
2026-07-27T16:44:44.921954,0.9370,-0.362520,-0.040261,0.000000,-1.812601,-1.903232,-1.141939
2026-07-27T16:44:44.922002,0.9375,-0.368535,-0.036980,0.000000,-1.842676,-1.934810,-1.160886
2026-07-27T16:44:44.922048,0.9380,-0.367031,-0.037801,0.000000,-1.835156,-1.926914,-1.156148
2026-07-27T16:44:44.922098,0.9385,-0.365527,-0.038621,0.000000,-1.827637,-1.919019,-1.151411
2026-07-27T16:44:44.922144,0.9390,-0.364024,-0.039441,0.000000,-1.820119,-1.911125,-1.146675
2026-07-27T16:44:44.922189,0.9395,-0.362520,-0.040261,0.000000,-1.812601,-1.903232,-1.141939
2026-07-27T16:44:44.922233,0.9400,-0.368535,-0.036980,0.000000,-1.842676,-1.934810,-1.160886
2026-07-27T16:44:44.922287,0.9405,-0.367031,-0.037801,0.000000,-1.835156,-1.926914,-1.156148
2026-07-27T16:44:44.922332,0.9410,-0.365527,-0.038621,0.000000,-1.827637,-1.919019,-1.151411
2026-07-27T16:44:44.922373,0.9415,-0.364024,-0.039441,0.000000,-1.820119,-1.911125,-1.146675
2026-07-27T16:44:44.922416,0.9420,-0.362520,-0.040261,0.000000,-1.812601,-1.903232,-1.141939
2026-07-27T16:44:44.922458,0.9425,-0.368535,-0.036980,0.000000,-1.842676,-1.934810,-1.160886
2026-07-27T16:44:44.922500,0.9430,-0.367031,-0.037801,0.000000,-1.835156,-1.926914,-1.156148
2026-07-27T16:44:44.922543,0.9435,-0.365527,-0.038621,0.000000,-1.827637,-1.919019,-1.151411
2026-07-27T16:44:44.922658,0.9440,-0.364024,-0.039441,0.000000,-1.820119,-1.911125,-1.146675
2026-07-27T16:44:44.922701,0.9445,-0.362520,-0.040261,0.000000,-1.812601,-1.903232,-1.141939
2026-07-27T16:44:44.922744,0.9450,-0.368535,-0.036980,0.000000,-1.842676,-1.934810,-1.160886
2026-07-27T16:44:44.922789,0.9455,-0.367031,-0.037801,0.000000,-1.835156,-1.926914,-1.156148
2026-07-27T16:44:44.922837,0.9460,-0.365527,-0.038621,0.000000,-1.827637,-1.919019,-1.151411
2026-07-27T16:44:44.922884,0.9465,-0.364024,-0.039441,0.000000,-1.820119,-1.911125,-1.146675
2026-07-27T16:44:44.922932,0.9470,-0.362520,-0.040261,0.000000,-1.812601,-1.903232,-1.141939
2026-07-27T16:44:44.922979,0.9475,-0.368535,-0.036980,0.000000,-1.842676,-1.934810,-1.160886
2026-07-27T16:44:44.923027,0.9480,-0.367031,-0.037801,0.000000,-1.835156,-1.926914,-1.156148
2026-07-27T16:44:44.923074,0.9485,-0.365527,-0.038621,0.000000,-1.827637,-1.919019,-1.151411
2026-07-27T16:44:44.923123,0.9490,-0.364024,-0.039441,0.000000,-1.820119,-1.911125,-1.146675
2026-07-27T16:44:44.923170,0.9495,-0.362520,-0.040261,0.000000,-1.812601,-1.903232,-1.141939
2026-07-27T16:44:44.923216,0.9500,-0.368535,-0.036980,0.000000,-1.842676,-1.934810,-1.160886
2026-07-27T16:44:44.923276,0.9505,-0.367031,-0.037801,0.000000,-1.835156,-1.926914,-1.156148
2026-07-27T16:44:44.923325,0.9510,-0.365527,-0.038621,0.000000,-1.827637,-1.919019,-1.151411
2026-07-27T16:44:44.923371,0.9515,-0.364024,-0.039441,0.000000,-1.820119,-1.911125,-1.146675
2026-07-27T16:44:44.923419,0.9520,-0.362520,-0.040261,0.000000,-1.812601,-1.903232,-1.141939
2026-07-27T16:44:44.923468,0.9525,-0.368535,-0.036980,0.000000,-1.842676,-1.934810,-1.160886
2026-07-27T16:44:44.923517,0.9530,-0.367031,-0.037801,0.000000,-1.835156,-1.926914,-1.156148
2026-07-27T16:44:44.923569,0.9535,-0.365527,-0.038621,0.000000,-1.827637,-1.919019,-1.151411
2026-07-27T16:44:44.923624,0.9540,-0.364024,-0.039441,0.000000,-1.820119,-1.911125,-1.146675
2026-07-27T16:44:44.923678,0.9545,-0.362520,-0.040261,0.000000,-1.812601,-1.903232,-1.141939
2026-07-27T16:44:44.923732,0.9550,-0.368535,-0.036980,0.000000,-1.842676,-1.934810,-1.160886
2026-07-27T16:44:44.923783,0.9555,-0.367031,-0.037801,0.000000,-1.835156,-1.926914,-1.156148
2026-07-27T16:44:44.923835,0.9560,-0.365527,-0.038621,0.000000,-1.827637,-1.919019,-1.151411
2026-07-27T16:44:44.923888,0.9565,-0.364024,-0.039441,0.000000,-1.820119,-1.911125,-1.146675
2026-07-27T16:44:44.923941,0.9570,-0.362520,-0.040261,0.000000,-1.812601,-1.903232,-1.141939
2026-07-27T16:44:44.923994,0.9575,-0.368535,-0.036980,0.000000,-1.842676,-1.934810,-1.160886
2026-07-27T16:44:44.924047,0.9580,-0.367031,-0.037801,0.000000,-1.835156,-1.926914,-1.156148
2026-07-27T16:44:44.924099,0.9585,-0.365527,-0.038621,0.000000,-1.827637,-1.919019,-1.151411
2026-07-27T16:44:44.924154,0.9590,-0.364024,-0.039441,0.000000,-1.820119,-1.911125,-1.146675
2026-07-27T16:44:44.924207,0.9595,-0.362520,-0.040261,0.000000,-1.812601,-1.903232,-1.141939
2026-07-27T16:44:44.924272,0.9600,-0.368535,-0.036980,0.000000,-1.842676,-1.934810,-1.160886
2026-07-27T16:44:44.924327,0.9605,-0.367031,-0.037801,0.000000,-1.835156,-1.926914,-1.156148
2026-07-27T16:44:44.924379,0.9610,-0.365527,-0.038621,0.000000,-1.827637,-1.919019,-1.151411
2026-07-27T16:44:44.924433,0.9615,-0.364024,-0.039441,0.000000,-1.820119,-1.911125,-1.146675
2026-07-27T16:44:44.924486,0.9620,-0.362520,-0.040261,0.000000,-1.812601,-1.903232,-1.141939
2026-07-27T16:44:44.924538,0.9625,-0.368535,-0.036980,0.000000,-1.842676,-1.934810,-1.160886
2026-07-27T16:44:44.924591,0.9630,-0.367031,-0.037801,0.000000,-1.835156,-1.926914,-1.156148
2026-07-27T16:44:44.924644,0.9635,-0.365527,-0.038621,0.000000,-1.827637,-1.919019,-1.151411
2026-07-27T16:44:44.924696,0.9640,-0.364024,-0.039441,0.000000,-1.820119,-1.911125,-1.146675
2026-07-27T16:44:44.924750,0.9645,-0.362520,-0.040261,0.000000,-1.812601,-1.903232,-1.141939
2026-07-27T16:44:44.924803,0.9650,-0.368535,-0.036980,0.000000,-1.842676,-1.934810,-1.160886
2026-07-27T16:44:44.924855,0.9655,-0.367031,-0.037801,0.000000,-1.835156,-1.926914,-1.156148
2026-07-27T16:44:44.924907,0.9660,-0.365527,-0.038621,0.000000,-1.827637,-1.919019,-1.151411
2026-07-27T16:44:44.924960,0.9665,-0.364024,-0.039441,0.000000,-1.820119,-1.911125,-1.146675
2026-07-27T16:44:44.925013,0.9670,-0.362520,-0.040261,0.000000,-1.812601,-1.903232,-1.141939
2026-07-27T16:44:44.925066,0.9675,-0.368535,-0.036980,0.000000,-1.842676,-1.934810,-1.160886
2026-07-27T16:44:44.925120,0.9680,-0.367031,-0.037801,0.000000,-1.835156,-1.926914,-1.156148
2026-07-27T16:44:44.925172,0.9685,-0.365527,-0.038621,0.000000,-1.827637,-1.919019,-1.151411
2026-07-27T16:44:44.925224,0.9690,-0.364024,-0.039441,0.000000,-1.820119,-1.911125,-1.146675
2026-07-27T16:44:44.925287,0.9695,-0.362520,-0.040261,0.000000,-1.812601,-1.903232,-1.141939
2026-07-27T16:44:44.925341,0.9700,-0.368535,-0.036980,0.000000,-1.842676,-1.934810,-1.160886
2026-07-27T16:44:44.925393,0.9705,-0.367031,-0.037801,0.000000,-1.835156,-1.926914,-1.156148
2026-07-27T16:44:44.925446,0.9710,-0.365527,-0.038621,0.000000,-1.827637,-1.919019,-1.151411
2026-07-27T16:44:44.925498,0.9715,-0.364024,-0.039441,0.000000,-1.820119,-1.911125,-1.146675
2026-07-27T16:44:44.925551,0.9720,-0.362520,-0.040261,0.000000,-1.812601,-1.903232,-1.141939
2026-07-27T16:44:44.925603,0.9725,-0.368535,-0.036980,0.000000,-1.842676,-1.934810,-1.160886
2026-07-27T16:44:44.925655,0.9730,-0.367031,-0.037801,0.000000,-1.835156,-1.926914,-1.156148
2026-07-27T16:44:44.925707,0.9735,-0.365527,-0.038621,0.000000,-1.827637,-1.919019,-1.151411
2026-07-27T16:44:44.925763,0.9740,-0.364024,-0.039441,0.000000,-1.820119,-1.911125,-1.146675
2026-07-27T16:44:44.925817,0.9745,-0.362520,-0.040261,0.000000,-1.812601,-1.903232,-1.141939
2026-07-27T16:44:44.925870,0.9750,-0.368535,-0.036980,0.000000,-1.842676,-1.934810,-1.160886
2026-07-27T16:44:44.925923,0.9755,-0.367031,-0.037801,0.000000,-1.835156,-1.926914,-1.156148
2026-07-27T16:44:44.925976,0.9760,-0.365527,-0.038621,0.000000,-1.827637,-1.919019,-1.151411
2026-07-27T16:44:44.926027,0.9765,-0.364024,-0.039441,0.000000,-1.820119,-1.911125,-1.146675
2026-07-27T16:44:44.926080,0.9770,-0.362520,-0.040261,0.000000,-1.812601,-1.903232,-1.141939
2026-07-27T16:44:44.926134,0.9775,-0.368535,-0.036980,0.000000,-1.842676,-1.934810,-1.160886
2026-07-27T16:44:44.926188,0.9780,-0.367031,-0.037801,0.000000,-1.835156,-1.926914,-1.156148
2026-07-27T16:44:44.926241,0.9785,-0.365527,-0.038621,0.000000,-1.827637,-1.919019,-1.151411
2026-07-27T16:44:44.926302,0.9790,-0.364024,-0.039441,0.000000,-1.820119,-1.911125,-1.146675
2026-07-27T16:44:44.926355,0.9795,-0.362520,-0.040261,0.000000,-1.812601,-1.903232,-1.141939
2026-07-27T16:44:44.926408,0.9800,-0.368535,-0.036980,0.000000,-1.842676,-1.934810,-1.160886
2026-07-27T16:44:44.926463,0.9805,-0.367031,-0.037801,0.000000,-1.835156,-1.926914,-1.156148
2026-07-27T16:44:44.926516,0.9810,-0.365527,-0.038621,0.000000,-1.827637,-1.919019,-1.151411
2026-07-27T16:44:44.926568,0.9815,-0.364024,-0.039441,0.000000,-1.820119,-1.911125,-1.146675
2026-07-27T16:44:44.926623,0.9820,-0.362520,-0.040261,0.000000,-1.812601,-1.903232,-1.141939
2026-07-27T16:44:44.926675,0.9825,-0.368535,-0.036980,0.000000,-1.842676,-1.934810,-1.160886
2026-07-27T16:44:44.926729,0.9830,-0.367031,-0.037801,0.000000,-1.835156,-1.926914,-1.156148
2026-07-27T16:44:44.926780,0.9835,-0.365527,-0.038621,0.000000,-1.827637,-1.919019,-1.151411
2026-07-27T16:44:44.926832,0.9840,-0.364024,-0.039441,0.000000,-1.820119,-1.911125,-1.146675
2026-07-27T16:44:44.926885,0.9845,-0.362520,-0.040261,0.000000,-1.812601,-1.903232,-1.141939
2026-07-27T16:44:44.926938,0.9850,-0.368535,-0.036980,0.000000,-1.842676,-1.934810,-1.160886
2026-07-27T16:44:44.926991,0.9855,-0.367031,-0.037801,0.000000,-1.835156,-1.926914,-1.156148
2026-07-27T16:44:44.927045,0.9860,-0.365527,-0.038621,0.000000,-1.827637,-1.919019,-1.151411
2026-07-27T16:44:44.927097,0.9865,-0.364024,-0.039441,0.000000,-1.820119,-1.911125,-1.146675
2026-07-27T16:44:44.927150,0.9870,-0.362520,-0.040261,0.000000,-1.812601,-1.903232,-1.141939
2026-07-27T16:44:44.927230,0.9875,-0.368535,-0.036980,0.000000,-1.842676,-1.934810,-1.160886
2026-07-27T16:44:44.927299,0.9880,-0.367031,-0.037801,0.000000,-1.835156,-1.926914,-1.156148
2026-07-27T16:44:44.927353,0.9885,-0.365527,-0.038621,0.000000,-1.827637,-1.919019,-1.151411
2026-07-27T16:44:44.927407,0.9890,-0.364024,-0.039441,0.000000,-1.820119,-1.911125,-1.146675
2026-07-27T16:44:44.927459,0.9895,-0.362520,-0.040261,0.000000,-1.812601,-1.903232,-1.141939
2026-07-27T16:44:44.927514,0.9900,-0.368535,-0.036980,0.000000,-1.842676,-1.934810,-1.160886
2026-07-27T16:44:44.927567,0.9905,-0.367031,-0.037801,0.000000,-1.835156,-1.926914,-1.156148
2026-07-27T16:44:44.927621,0.9910,-0.365527,-0.038621,0.000000,-1.827637,-1.919019,-1.151411
2026-07-27T16:44:44.927673,0.9915,-0.364024,-0.039441,0.000000,-1.820119,-1.911125,-1.146675
2026-07-27T16:44:44.927726,0.9920,-0.362520,-0.040261,0.000000,-1.812601,-1.903232,-1.141939
2026-07-27T16:44:44.927779,0.9925,-0.368535,-0.036980,0.000000,-1.842676,-1.934810,-1.160886
2026-07-27T16:44:44.927832,0.9930,-0.367031,-0.037801,0.000000,-1.835156,-1.926914,-1.156148
2026-07-27T16:44:44.927883,0.9935,-0.365527,-0.038621,0.000000,-1.827637,-1.919019,-1.151411
2026-07-27T16:44:44.927935,0.9940,-0.364024,-0.039441,0.000000,-1.820119,-1.911125,-1.146675
2026-07-27T16:44:44.927988,0.9945,-0.362520,-0.040261,0.000000,-1.812601,-1.903232,-1.141939
2026-07-27T16:44:44.928040,0.9950,-0.368535,-0.036980,0.000000,-1.842676,-1.934810,-1.160886
2026-07-27T16:44:44.928094,0.9955,-0.367031,-0.037801,0.000000,-1.835156,-1.926914,-1.156148
2026-07-27T16:44:44.928148,0.9960,-0.365527,-0.038621,0.000000,-1.827637,-1.919019,-1.151411
2026-07-27T16:44:44.928201,0.9965,-0.364024,-0.039441,0.000000,-1.820119,-1.911125,-1.146675
2026-07-27T16:44:44.928255,0.9970,-0.362520,-0.040261,0.000000,-1.812601,-1.903232,-1.141939
2026-07-27T16:44:44.928320,0.9975,-0.368535,-0.036980,0.000000,-1.842676,-1.934810,-1.160886
2026-07-27T16:44:44.928373,0.9980,-0.367031,-0.037801,0.000000,-1.835156,-1.926914,-1.156148
2026-07-27T16:44:44.928426,0.9985,-0.365527,-0.038621,0.000000,-1.827637,-1.919019,-1.151411
2026-07-27T16:44:44.928478,0.9990,-0.364024,-0.039441,0.000000,-1.820119,-1.911125,-1.146675
2026-07-27T16:44:44.928530,0.9995,-0.362520,-0.040261,0.000000,-1.812601,-1.903232,-1.141939
2026-07-27T16:44:45.018637,1.0000,-0.361017,-0.041081,0.000000,-1.805085,-1.895339,-1.137204
2026-07-27T16:44:45.018722,1.0005,-0.359514,-0.041901,0.000000,-1.797569,-1.887448,-1.132469
2026-07-27T16:44:45.018766,1.0010,-0.358011,-0.042721,0.000000,-1.790055,-1.879557,-1.127734
2026-07-27T16:44:45.018804,1.0015,-0.356508,-0.043540,0.000000,-1.782541,-1.871668,-1.123001
2026-07-27T16:44:45.018841,1.0020,-0.355006,-0.044360,0.000000,-1.775028,-1.863780,-1.118268
2026-07-27T16:44:45.018878,1.0025,-0.361017,-0.041081,0.000000,-1.805085,-1.895339,-1.137204
2026-07-27T16:44:45.018914,1.0030,-0.359514,-0.041901,0.000000,-1.797569,-1.887448,-1.132469
2026-07-27T16:44:45.018950,1.0035,-0.358011,-0.042721,0.000000,-1.790055,-1.879557,-1.127734
2026-07-27T16:44:45.018985,1.0040,-0.356508,-0.043540,0.000000,-1.782541,-1.871668,-1.123001
2026-07-27T16:44:45.019020,1.0045,-0.355006,-0.044360,0.000000,-1.775028,-1.863780,-1.118268
2026-07-27T16:44:45.019056,1.0050,-0.361017,-0.041081,0.000000,-1.805085,-1.895339,-1.137204
2026-07-27T16:44:45.019093,1.0055,-0.359514,-0.041901,0.000000,-1.797569,-1.887448,-1.132469
2026-07-27T16:44:45.019128,1.0060,-0.358011,-0.042721,0.000000,-1.790055,-1.879557,-1.127734
2026-07-27T16:44:45.019166,1.0065,-0.356508,-0.043540,0.000000,-1.782541,-1.871668,-1.123001
2026-07-27T16:44:45.019203,1.0070,-0.355006,-0.044360,0.000000,-1.775028,-1.863780,-1.118268
2026-07-27T16:44:45.019239,1.0075,-0.361017,-0.041081,0.000000,-1.805085,-1.895339,-1.137204
2026-07-27T16:44:45.019287,1.0080,-0.359514,-0.041901,0.000000,-1.797569,-1.887448,-1.132469
2026-07-27T16:44:45.019321,1.0085,-0.358011,-0.042721,0.000000,-1.790055,-1.879557,-1.127734
2026-07-27T16:44:45.019362,1.0090,-0.356508,-0.043540,0.000000,-1.782541,-1.871668,-1.123001
2026-07-27T16:44:45.019415,1.0095,-0.355006,-0.044360,0.000000,-1.775028,-1.863780,-1.118268
2026-07-27T16:44:45.019467,1.0100,-0.361017,-0.041081,0.000000,-1.805085,-1.895339,-1.137204
2026-07-27T16:44:45.019524,1.0105,-0.359514,-0.041901,0.000000,-1.797569,-1.887448,-1.132469
2026-07-27T16:44:45.019559,1.0110,-0.358011,-0.042721,0.000000,-1.790055,-1.879557,-1.127734
2026-07-27T16:44:45.019593,1.0115,-0.356508,-0.043540,0.000000,-1.782541,-1.871668,-1.123001
2026-07-27T16:44:45.019626,1.0120,-0.355006,-0.044360,0.000000,-1.775028,-1.863780,-1.118268
2026-07-27T16:44:45.019659,1.0125,-0.361017,-0.041081,0.000000,-1.805085,-1.895339,-1.137204
2026-07-27T16:44:45.019692,1.0130,-0.359514,-0.041901,0.000000,-1.797569,-1.887448,-1.132469
2026-07-27T16:44:45.019727,1.0135,-0.358011,-0.042721,0.000000,-1.790055,-1.879557,-1.127734
2026-07-27T16:44:45.019761,1.0140,-0.356508,-0.043540,0.000000,-1.782541,-1.871668,-1.123001
2026-07-27T16:44:45.019794,1.0145,-0.355006,-0.044360,0.000000,-1.775028,-1.863780,-1.118268
2026-07-27T16:44:45.019828,1.0150,-0.361017,-0.041081,0.000000,-1.805085,-1.895339,-1.137204
2026-07-27T16:44:45.019862,1.0155,-0.359514,-0.041901,0.000000,-1.797569,-1.887448,-1.132469
2026-07-27T16:44:45.019894,1.0160,-0.358011,-0.042721,0.000000,-1.790055,-1.879557,-1.127734
2026-07-27T16:44:45.019927,1.0165,-0.356508,-0.043540,0.000000,-1.782541,-1.871668,-1.123001
2026-07-27T16:44:45.019962,1.0170,-0.355006,-0.044360,0.000000,-1.775028,-1.863780,-1.118268
2026-07-27T16:44:45.019997,1.0175,-0.361017,-0.041081,0.000000,-1.805085,-1.895339,-1.137204
2026-07-27T16:44:45.020033,1.0180,-0.359514,-0.041901,0.000000,-1.797569,-1.887448,-1.132469
2026-07-27T16:44:45.020071,1.0185,-0.358011,-0.042721,0.000000,-1.790055,-1.879557,-1.127734
2026-07-27T16:44:45.020106,1.0190,-0.356508,-0.043540,0.000000,-1.782541,-1.871668,-1.123001
2026-07-27T16:44:45.020141,1.0195,-0.355006,-0.044360,0.000000,-1.775028,-1.863780,-1.118268
2026-07-27T16:44:45.020176,1.0200,-0.361017,-0.041081,0.000000,-1.805085,-1.895339,-1.137204
2026-07-27T16:44:45.020218,1.0205,-0.359514,-0.041901,0.000000,-1.797569,-1.887448,-1.132469
2026-07-27T16:44:45.020253,1.0210,-0.358011,-0.042721,0.000000,-1.790055,-1.879557,-1.127734
2026-07-27T16:44:45.020308,1.0215,-0.356508,-0.043540,0.000000,-1.782541,-1.871668,-1.123001
2026-07-27T16:44:45.020344,1.0220,-0.355006,-0.044360,0.000000,-1.775028,-1.863780,-1.118268
2026-07-27T16:44:45.020380,1.0225,-0.361017,-0.041081,0.000000,-1.805085,-1.895339,-1.137204
2026-07-27T16:44:45.020415,1.0230,-0.359514,-0.041901,0.000000,-1.797569,-1.887448,-1.132469
2026-07-27T16:44:45.020451,1.0235,-0.358011,-0.042721,0.000000,-1.790055,-1.879557,-1.127734
2026-07-27T16:44:45.020485,1.0240,-0.356508,-0.043540,0.000000,-1.782541,-1.871668,-1.123001
2026-07-27T16:44:45.020521,1.0245,-0.355006,-0.044360,0.000000,-1.775028,-1.863780,-1.118268
2026-07-27T16:44:45.020556,1.0250,-0.361017,-0.041081,0.000000,-1.805085,-1.895339,-1.137204
2026-07-27T16:44:45.020592,1.0255,-0.359514,-0.041901,0.000000,-1.797569,-1.887448,-1.132469
2026-07-27T16:44:45.020627,1.0260,-0.358011,-0.042721,0.000000,-1.790055,-1.879557,-1.127734
2026-07-27T16:44:45.020663,1.0265,-0.356508,-0.043540,0.000000,-1.782541,-1.871668,-1.123001
2026-07-27T16:44:45.020698,1.0270,-0.355006,-0.044360,0.000000,-1.775028,-1.863780,-1.118268
2026-07-27T16:44:45.020733,1.0275,-0.361017,-0.041081,0.000000,-1.805085,-1.895339,-1.137204
2026-07-27T16:44:45.020770,1.0280,-0.359514,-0.041901,0.000000,-1.797569,-1.887448,-1.132469
2026-07-27T16:44:45.020805,1.0285,-0.358011,-0.042721,0.000000,-1.790055,-1.879557,-1.127734
2026-07-27T16:44:45.020841,1.0290,-0.356508,-0.043540,0.000000,-1.782541,-1.871668,-1.123001
2026-07-27T16:44:45.020880,1.0295,-0.355006,-0.044360,0.000000,-1.775028,-1.863780,-1.118268
2026-07-27T16:44:45.020919,1.0300,-0.361017,-0.041081,0.000000,-1.805085,-1.895339,-1.137204
2026-07-27T16:44:45.020959,1.0305,-0.359514,-0.041901,0.000000,-1.797569,-1.887448,-1.132469
2026-07-27T16:44:45.020997,1.0310,-0.358011,-0.042721,0.000000,-1.790055,-1.879557,-1.127734
2026-07-27T16:44:45.021035,1.0315,-0.356508,-0.043540,0.000000,-1.782541,-1.871668,-1.123001
2026-07-27T16:44:45.021076,1.0320,-0.355006,-0.044360,0.000000,-1.775028,-1.863780,-1.118268
2026-07-27T16:44:45.021116,1.0325,-0.361017,-0.041081,0.000000,-1.805085,-1.895339,-1.137204
2026-07-27T16:44:45.021157,1.0330,-0.359514,-0.041901,0.000000,-1.797569,-1.887448,-1.132469
2026-07-27T16:44:45.021196,1.0335,-0.358011,-0.042721,0.000000,-1.790055,-1.879557,-1.127734
2026-07-27T16:44:45.021234,1.0340,-0.356508,-0.043540,0.000000,-1.782541,-1.871668,-1.123001
2026-07-27T16:44:45.021282,1.0345,-0.355006,-0.044360,0.000000,-1.775028,-1.863780,-1.118268
2026-07-27T16:44:45.021322,1.0350,-0.361017,-0.041081,0.000000,-1.805085,-1.895339,-1.137204
2026-07-27T16:44:45.021360,1.0355,-0.359514,-0.041901,0.000000,-1.797569,-1.887448,-1.132469
2026-07-27T16:44:45.021398,1.0360,-0.358011,-0.042721,0.000000,-1.790055,-1.879557,-1.127734
2026-07-27T16:44:45.021438,1.0365,-0.356508,-0.043540,0.000000,-1.782541,-1.871668,-1.123001
2026-07-27T16:44:45.021476,1.0370,-0.355006,-0.044360,0.000000,-1.775028,-1.863780,-1.118268
2026-07-27T16:44:45.021515,1.0375,-0.361017,-0.041081,0.000000,-1.805085,-1.895339,-1.137204
2026-07-27T16:44:45.021554,1.0380,-0.359514,-0.041901,0.000000,-1.797569,-1.887448,-1.132469
2026-07-27T16:44:45.021596,1.0385,-0.358011,-0.042721,0.000000,-1.790055,-1.879557,-1.127734
2026-07-27T16:44:45.021635,1.0390,-0.356508,-0.043540,0.000000,-1.782541,-1.871668,-1.123001
2026-07-27T16:44:45.021674,1.0395,-0.355006,-0.044360,0.000000,-1.775028,-1.863780,-1.118268
2026-07-27T16:44:45.021709,1.0400,-0.361017,-0.041081,0.000000,-1.805085,-1.895339,-1.137204
2026-07-27T16:44:45.021745,1.0405,-0.359514,-0.041901,0.000000,-1.797569,-1.887448,-1.132469
2026-07-27T16:44:45.021780,1.0410,-0.358011,-0.042721,0.000000,-1.790055,-1.879557,-1.127734
2026-07-27T16:44:45.021817,1.0415,-0.356508,-0.043540,0.000000,-1.782541,-1.871668,-1.123001
2026-07-27T16:44:45.021852,1.0420,-0.355006,-0.044360,0.000000,-1.775028,-1.863780,-1.118268
2026-07-27T16:44:45.021888,1.0425,-0.361017,-0.041081,0.000000,-1.805085,-1.895339,-1.137204
2026-07-27T16:44:45.021923,1.0430,-0.359514,-0.041901,0.000000,-1.797569,-1.887448,-1.132469
2026-07-27T16:44:45.021959,1.0435,-0.358011,-0.042721,0.000000,-1.790055,-1.879557,-1.127734
2026-07-27T16:44:45.022078,1.0440,-0.356508,-0.043540,0.000000,-1.782541,-1.871668,-1.123001
2026-07-27T16:44:45.022115,1.0445,-0.355006,-0.044360,0.000000,-1.775028,-1.863780,-1.118268
2026-07-27T16:44:45.022157,1.0450,-0.361017,-0.041081,0.000000,-1.805085,-1.895339,-1.137204
2026-07-27T16:44:45.022193,1.0455,-0.359514,-0.041901,0.000000,-1.797569,-1.887448,-1.132469
2026-07-27T16:44:45.022228,1.0460,-0.358011,-0.042721,0.000000,-1.790055,-1.879557,-1.127734
2026-07-27T16:44:45.022274,1.0465,-0.356508,-0.043540,0.000000,-1.782541,-1.871668,-1.123001
2026-07-27T16:44:45.022312,1.0470,-0.355006,-0.044360,0.000000,-1.775028,-1.863780,-1.118268
2026-07-27T16:44:45.022348,1.0475,-0.361017,-0.041081,0.000000,-1.805085,-1.895339,-1.137204
2026-07-27T16:44:45.022383,1.0480,-0.359514,-0.041901,0.000000,-1.797569,-1.887448,-1.132469
2026-07-27T16:44:45.022419,1.0485,-0.358011,-0.042721,0.000000,-1.790055,-1.879557,-1.127734
2026-07-27T16:44:45.022454,1.0490,-0.356508,-0.043540,0.000000,-1.782541,-1.871668,-1.123001
2026-07-27T16:44:45.022490,1.0495,-0.355006,-0.044360,0.000000,-1.775028,-1.863780,-1.118268
2026-07-27T16:44:45.022525,1.0500,-0.361017,-0.041081,0.000000,-1.805085,-1.895339,-1.137204
2026-07-27T16:44:45.022569,1.0505,-0.359514,-0.041901,0.000000,-1.797569,-1.887448,-1.132469
2026-07-27T16:44:45.022603,1.0510,-0.358011,-0.042721,0.000000,-1.790055,-1.879557,-1.127734
2026-07-27T16:44:45.022639,1.0515,-0.356508,-0.043540,0.000000,-1.782541,-1.871668,-1.123001
2026-07-27T16:44:45.022674,1.0520,-0.355006,-0.044360,0.000000,-1.775028,-1.863780,-1.118268
2026-07-27T16:44:45.022710,1.0525,-0.361017,-0.041081,0.000000,-1.805085,-1.895339,-1.137204
2026-07-27T16:44:45.022746,1.0530,-0.359514,-0.041901,0.000000,-1.797569,-1.887448,-1.132469
2026-07-27T16:44:45.022781,1.0535,-0.358011,-0.042721,0.000000,-1.790055,-1.879557,-1.127734
2026-07-27T16:44:45.022816,1.0540,-0.356508,-0.043540,0.000000,-1.782541,-1.871668,-1.123001
2026-07-27T16:44:45.022849,1.0545,-0.355006,-0.044360,0.000000,-1.775028,-1.863780,-1.118268
2026-07-27T16:44:45.022882,1.0550,-0.361017,-0.041081,0.000000,-1.805085,-1.895339,-1.137204
2026-07-27T16:44:45.022915,1.0555,-0.359514,-0.041901,0.000000,-1.797569,-1.887448,-1.132469
2026-07-27T16:44:45.022948,1.0560,-0.358011,-0.042721,0.000000,-1.790055,-1.879557,-1.127734
2026-07-27T16:44:45.022980,1.0565,-0.356508,-0.043540,0.000000,-1.782541,-1.871668,-1.123001
2026-07-27T16:44:45.023014,1.0570,-0.355006,-0.044360,0.000000,-1.775028,-1.863780,-1.118268
2026-07-27T16:44:45.023046,1.0575,-0.361017,-0.041081,0.000000,-1.805085,-1.895339,-1.137204
2026-07-27T16:44:45.023079,1.0580,-0.359514,-0.041901,0.000000,-1.797569,-1.887448,-1.132469
2026-07-27T16:44:45.023112,1.0585,-0.358011,-0.042721,0.000000,-1.790055,-1.879557,-1.127734
2026-07-27T16:44:45.023144,1.0590,-0.356508,-0.043540,0.000000,-1.782541,-1.871668,-1.123001
2026-07-27T16:44:45.023177,1.0595,-0.355006,-0.044360,0.000000,-1.775028,-1.863780,-1.118268
2026-07-27T16:44:45.023210,1.0600,-0.361017,-0.041081,0.000000,-1.805085,-1.895339,-1.137204
2026-07-27T16:44:45.023243,1.0605,-0.359514,-0.041901,0.000000,-1.797569,-1.887448,-1.132469
2026-07-27T16:44:45.023283,1.0610,-0.358011,-0.042721,0.000000,-1.790055,-1.879557,-1.127734
2026-07-27T16:44:45.023316,1.0615,-0.356508,-0.043540,0.000000,-1.782541,-1.871668,-1.123001
2026-07-27T16:44:45.023350,1.0620,-0.355006,-0.044360,0.000000,-1.775028,-1.863780,-1.118268
2026-07-27T16:44:45.023383,1.0625,-0.361017,-0.041081,0.000000,-1.805085,-1.895339,-1.137204
2026-07-27T16:44:45.023418,1.0630,-0.359514,-0.041901,0.000000,-1.797569,-1.887448,-1.132469
2026-07-27T16:44:45.023452,1.0635,-0.358011,-0.042721,0.000000,-1.790055,-1.879557,-1.127734
2026-07-27T16:44:45.023485,1.0640,-0.356508,-0.043540,0.000000,-1.782541,-1.871668,-1.123001
2026-07-27T16:44:45.023518,1.0645,-0.355006,-0.044360,0.000000,-1.775028,-1.863780,-1.118268
2026-07-27T16:44:45.023552,1.0650,-0.361017,-0.041081,0.000000,-1.805085,-1.895339,-1.137204
2026-07-27T16:44:45.023584,1.0655,-0.359514,-0.041901,0.000000,-1.797569,-1.887448,-1.132469
2026-07-27T16:44:45.023617,1.0660,-0.358011,-0.042721,0.000000,-1.790055,-1.879557,-1.127734
2026-07-27T16:44:45.023650,1.0665,-0.356508,-0.043540,0.000000,-1.782541,-1.871668,-1.123001
2026-07-27T16:44:45.023683,1.0670,-0.355006,-0.044360,0.000000,-1.775028,-1.863780,-1.118268
2026-07-27T16:44:45.023715,1.0675,-0.361017,-0.041081,0.000000,-1.805085,-1.895339,-1.137204
2026-07-27T16:44:45.023749,1.0680,-0.359514,-0.041901,0.000000,-1.797569,-1.887448,-1.132469
2026-07-27T16:44:45.023781,1.0685,-0.358011,-0.042721,0.000000,-1.790055,-1.879557,-1.127734
2026-07-27T16:44:45.023815,1.0690,-0.356508,-0.043540,0.000000,-1.782541,-1.871668,-1.123001
2026-07-27T16:44:45.023846,1.0695,-0.355006,-0.044360,0.000000,-1.775028,-1.863780,-1.118268
2026-07-27T16:44:45.023876,1.0700,-0.361017,-0.041081,0.000000,-1.805085,-1.895339,-1.137204
2026-07-27T16:44:45.023906,1.0705,-0.359514,-0.041901,0.000000,-1.797569,-1.887448,-1.132469
2026-07-27T16:44:45.023935,1.0710,-0.358011,-0.042721,0.000000,-1.790055,-1.879557,-1.127734
2026-07-27T16:44:45.023966,1.0715,-0.356508,-0.043540,0.000000,-1.782541,-1.871668,-1.123001
2026-07-27T16:44:45.023996,1.0720,-0.355006,-0.044360,0.000000,-1.775028,-1.863780,-1.118268
2026-07-27T16:44:45.024025,1.0725,-0.361017,-0.041081,0.000000,-1.805085,-1.895339,-1.137204
2026-07-27T16:44:45.024056,1.0730,-0.359514,-0.041901,0.000000,-1.797569,-1.887448,-1.132469
2026-07-27T16:44:45.024086,1.0735,-0.358011,-0.042721,0.000000,-1.790055,-1.879557,-1.127734
2026-07-27T16:44:45.024117,1.0740,-0.356508,-0.043540,0.000000,-1.782541,-1.871668,-1.123001
2026-07-27T16:44:45.024147,1.0745,-0.355006,-0.044360,0.000000,-1.775028,-1.863780,-1.118268
2026-07-27T16:44:45.024179,1.0750,-0.361017,-0.041081,0.000000,-1.805085,-1.895339,-1.137204
2026-07-27T16:44:45.024209,1.0755,-0.359514,-0.041901,0.000000,-1.797569,-1.887448,-1.132469
2026-07-27T16:44:45.024239,1.0760,-0.358011,-0.042721,0.000000,-1.790055,-1.879557,-1.127734
2026-07-27T16:44:45.024284,1.0765,-0.356508,-0.043540,0.000000,-1.782541,-1.871668,-1.123001
2026-07-27T16:44:45.024315,1.0770,-0.355006,-0.044360,0.000000,-1.775028,-1.863780,-1.118268
2026-07-27T16:44:45.024345,1.0775,-0.361017,-0.041081,0.000000,-1.805085,-1.895339,-1.137204
2026-07-27T16:44:45.024375,1.0780,-0.359514,-0.041901,0.000000,-1.797569,-1.887448,-1.132469
2026-07-27T16:44:45.024406,1.0785,-0.358011,-0.042721,0.000000,-1.790055,-1.879557,-1.127734
2026-07-27T16:44:45.024968,1.0790,-0.356508,-0.043540,0.000000,-1.782541,-1.871668,-1.123001
2026-07-27T16:44:45.025003,1.0795,-0.355006,-0.044360,0.000000,-1.775028,-1.863780,-1.118268
2026-07-27T16:44:45.025032,1.0800,-0.361017,-0.041081,0.000000,-1.805085,-1.895339,-1.137204
2026-07-27T16:44:45.025061,1.0805,-0.359514,-0.041901,0.000000,-1.797569,-1.887448,-1.132469
2026-07-27T16:44:45.025090,1.0810,-0.358011,-0.042721,0.000000,-1.790055,-1.879557,-1.127734
2026-07-27T16:44:45.025119,1.0815,-0.356508,-0.043540,0.000000,-1.782541,-1.871668,-1.123001
2026-07-27T16:44:45.025148,1.0820,-0.355006,-0.044360,0.000000,-1.775028,-1.863780,-1.118268
2026-07-27T16:44:45.025179,1.0825,-0.361017,-0.041081,0.000000,-1.805085,-1.895339,-1.137204
2026-07-27T16:44:45.025207,1.0830,-0.359514,-0.041901,0.000000,-1.797569,-1.887448,-1.132469
2026-07-27T16:44:45.025236,1.0835,-0.358011,-0.042721,0.000000,-1.790055,-1.879557,-1.127734
2026-07-27T16:44:45.025267,1.0840,-0.356508,-0.043540,0.000000,-1.782541,-1.871668,-1.123001
2026-07-27T16:44:45.025296,1.0845,-0.355006,-0.044360,0.000000,-1.775028,-1.863780,-1.118268
2026-07-27T16:44:45.025324,1.0850,-0.361017,-0.041081,0.000000,-1.805085,-1.895339,-1.137204
2026-07-27T16:44:45.025351,1.0855,-0.359514,-0.041901,0.000000,-1.797569,-1.887448,-1.132469
2026-07-27T16:44:45.025380,1.0860,-0.358011,-0.042721,0.000000,-1.790055,-1.879557,-1.127734
2026-07-27T16:44:45.025408,1.0865,-0.356508,-0.043540,0.000000,-1.782541,-1.871668,-1.123001
2026-07-27T16:44:45.025443,1.0870,-0.355006,-0.044360,0.000000,-1.775028,-1.863780,-1.118268
2026-07-27T16:44:45.025487,1.0875,-0.361017,-0.041081,0.000000,-1.805085,-1.895339,-1.137204
2026-07-27T16:44:45.025516,1.0880,-0.359514,-0.041901,0.000000,-1.797569,-1.887448,-1.132469
2026-07-27T16:44:45.025544,1.0885,-0.358011,-0.042721,0.000000,-1.790055,-1.879557,-1.127734
2026-07-27T16:44:45.025573,1.0890,-0.356508,-0.043540,0.000000,-1.782541,-1.871668,-1.123001
2026-07-27T16:44:45.025601,1.0895,-0.355006,-0.044360,0.000000,-1.775028,-1.863780,-1.118268
2026-07-27T16:44:45.025630,1.0900,-0.361017,-0.041081,0.000000,-1.805085,-1.895339,-1.137204
2026-07-27T16:44:45.025658,1.0905,-0.359514,-0.041901,0.000000,-1.797569,-1.887448,-1.132469
2026-07-27T16:44:45.025685,1.0910,-0.358011,-0.042721,0.000000,-1.790055,-1.879557,-1.127734
2026-07-27T16:44:45.025714,1.0915,-0.356508,-0.043540,0.000000,-1.782541,-1.871668,-1.123001
2026-07-27T16:44:45.025743,1.0920,-0.355006,-0.044360,0.000000,-1.775028,-1.863780,-1.118268
2026-07-27T16:44:45.025771,1.0925,-0.361017,-0.041081,0.000000,-1.805085,-1.895339,-1.137204
2026-07-27T16:44:45.025800,1.0930,-0.359514,-0.041901,0.000000,-1.797569,-1.887448,-1.132469
2026-07-27T16:44:45.025829,1.0935,-0.358011,-0.042721,0.000000,-1.790055,-1.879557,-1.127734
2026-07-27T16:44:45.025857,1.0940,-0.356508,-0.043540,0.000000,-1.782541,-1.871668,-1.123001
2026-07-27T16:44:45.025886,1.0945,-0.355006,-0.044360,0.000000,-1.775028,-1.863780,-1.118268
2026-07-27T16:44:45.025914,1.0950,-0.361017,-0.041081,0.000000,-1.805085,-1.895339,-1.137204
2026-07-27T16:44:45.025943,1.0955,-0.359514,-0.041901,0.000000,-1.797569,-1.887448,-1.132469
2026-07-27T16:44:45.025970,1.0960,-0.358011,-0.042721,0.000000,-1.790055,-1.879557,-1.127734
2026-07-27T16:44:45.025999,1.0965,-0.356508,-0.043540,0.000000,-1.782541,-1.871668,-1.123001
2026-07-27T16:44:45.026027,1.0970,-0.355006,-0.044360,0.000000,-1.775028,-1.863780,-1.118268
2026-07-27T16:44:45.026056,1.0975,-0.361017,-0.041081,0.000000,-1.805085,-1.895339,-1.137204
2026-07-27T16:44:45.026084,1.0980,-0.359514,-0.041901,0.000000,-1.797569,-1.887448,-1.132469
2026-07-27T16:44:45.026112,1.0985,-0.358011,-0.042721,0.000000,-1.790055,-1.879557,-1.127734
2026-07-27T16:44:45.026140,1.0990,-0.356508,-0.043540,0.000000,-1.782541,-1.871668,-1.123001
2026-07-27T16:44:45.026169,1.0995,-0.355006,-0.044360,0.000000,-1.775028,-1.863780,-1.118268
2026-07-27T16:44:45.118605,1.1000,-0.353503,-0.045179,0.000000,-1.767517,-1.855893,-1.113536
2026-07-27T16:44:45.118679,1.1005,-0.352001,-0.045999,0.000000,-1.760006,-1.848006,-1.108804
2026-07-27T16:44:45.118717,1.1010,-0.350499,-0.046818,0.000000,-1.752496,-1.840121,-1.104073
2026-07-27T16:44:45.118751,1.1015,-0.348998,-0.047637,0.000000,-1.744988,-1.832237,-1.099342
2026-07-27T16:44:45.118782,1.1020,-0.347496,-0.048456,0.000000,-1.737480,-1.824354,-1.094613
2026-07-27T16:44:45.118813,1.1025,-0.353503,-0.045179,0.000000,-1.767517,-1.855893,-1.113536
2026-07-27T16:44:45.118851,1.1030,-0.352001,-0.045999,0.000000,-1.760006,-1.848006,-1.108804
2026-07-27T16:44:45.118882,1.1035,-0.350499,-0.046818,0.000000,-1.752496,-1.840121,-1.104073
2026-07-27T16:44:45.118913,1.1040,-0.348998,-0.047637,0.000000,-1.744988,-1.832237,-1.099342
2026-07-27T16:44:45.118944,1.1045,-0.347496,-0.048456,0.000000,-1.737480,-1.824354,-1.094613
2026-07-27T16:44:45.118974,1.1050,-0.353503,-0.045179,0.000000,-1.767517,-1.855893,-1.113536
2026-07-27T16:44:45.119005,1.1055,-0.352001,-0.045999,0.000000,-1.760006,-1.848006,-1.108804
2026-07-27T16:44:45.119036,1.1060,-0.350499,-0.046818,0.000000,-1.752496,-1.840121,-1.104073
2026-07-27T16:44:45.119067,1.1065,-0.348998,-0.047637,0.000000,-1.744988,-1.832237,-1.099342
2026-07-27T16:44:45.119098,1.1070,-0.347496,-0.048456,0.000000,-1.737480,-1.824354,-1.094613
2026-07-27T16:44:45.119128,1.1075,-0.353503,-0.045179,0.000000,-1.767517,-1.855893,-1.113536
2026-07-27T16:44:45.119158,1.1080,-0.352001,-0.045999,0.000000,-1.760006,-1.848006,-1.108804
2026-07-27T16:44:45.119189,1.1085,-0.350499,-0.046818,0.000000,-1.752496,-1.840121,-1.104073
2026-07-27T16:44:45.119219,1.1090,-0.348998,-0.047637,0.000000,-1.744988,-1.832237,-1.099342
2026-07-27T16:44:45.119251,1.1095,-0.347496,-0.048456,0.000000,-1.737480,-1.824354,-1.094613
2026-07-27T16:44:45.119292,1.1100,-0.353503,-0.045179,0.000000,-1.767517,-1.855893,-1.113536
2026-07-27T16:44:45.119324,1.1105,-0.352001,-0.045999,0.000000,-1.760006,-1.848006,-1.108804
2026-07-27T16:44:45.119354,1.1110,-0.350499,-0.046818,0.000000,-1.752496,-1.840121,-1.104073
2026-07-27T16:44:45.119384,1.1115,-0.348998,-0.047637,0.000000,-1.744988,-1.832237,-1.099342
2026-07-27T16:44:45.119416,1.1120,-0.347496,-0.048456,0.000000,-1.737480,-1.824354,-1.094613
2026-07-27T16:44:45.119447,1.1125,-0.353503,-0.045179,0.000000,-1.767517,-1.855893,-1.113536
2026-07-27T16:44:45.119479,1.1130,-0.352001,-0.045999,0.000000,-1.760006,-1.848006,-1.108804
2026-07-27T16:44:45.119509,1.1135,-0.350499,-0.046818,0.000000,-1.752496,-1.840121,-1.104073
2026-07-27T16:44:45.119555,1.1140,-0.348998,-0.047637,0.000000,-1.744988,-1.832237,-1.099342
2026-07-27T16:44:45.119585,1.1145,-0.347496,-0.048456,0.000000,-1.737480,-1.824354,-1.094613
2026-07-27T16:44:45.119615,1.1150,-0.353503,-0.045179,0.000000,-1.767517,-1.855893,-1.113536
2026-07-27T16:44:45.119645,1.1155,-0.352001,-0.045999,0.000000,-1.760006,-1.848006,-1.108804
2026-07-27T16:44:45.119676,1.1160,-0.350499,-0.046818,0.000000,-1.752496,-1.840121,-1.104073
2026-07-27T16:44:45.119707,1.1165,-0.348998,-0.047637,0.000000,-1.744988,-1.832237,-1.099342
2026-07-27T16:44:45.119737,1.1170,-0.347496,-0.048456,0.000000,-1.737480,-1.824354,-1.094613
2026-07-27T16:44:45.119767,1.1175,-0.353503,-0.045179,0.000000,-1.767517,-1.855893,-1.113536
2026-07-27T16:44:45.119797,1.1180,-0.352001,-0.045999,0.000000,-1.760006,-1.848006,-1.108804
2026-07-27T16:44:45.119829,1.1185,-0.350499,-0.046818,0.000000,-1.752496,-1.840121,-1.104073
2026-07-27T16:44:45.119859,1.1190,-0.348998,-0.047637,0.000000,-1.744988,-1.832237,-1.099342
2026-07-27T16:44:45.119889,1.1195,-0.347496,-0.048456,0.000000,-1.737480,-1.824354,-1.094613
2026-07-27T16:44:45.119919,1.1200,-0.353503,-0.045179,0.000000,-1.767517,-1.855893,-1.113536
2026-07-27T16:44:45.119954,1.1205,-0.352001,-0.045999,0.000000,-1.760006,-1.848006,-1.108804
2026-07-27T16:44:45.119986,1.1210,-0.350499,-0.046818,0.000000,-1.752496,-1.840121,-1.104073
2026-07-27T16:44:45.120019,1.1215,-0.348998,-0.047637,0.000000,-1.744988,-1.832237,-1.099342
2026-07-27T16:44:45.120054,1.1220,-0.347496,-0.048456,0.000000,-1.737480,-1.824354,-1.094613
2026-07-27T16:44:45.120087,1.1225,-0.353503,-0.045179,0.000000,-1.767517,-1.855893,-1.113536
2026-07-27T16:44:45.120120,1.1230,-0.352001,-0.045999,0.000000,-1.760006,-1.848006,-1.108804
2026-07-27T16:44:45.120154,1.1235,-0.350499,-0.046818,0.000000,-1.752496,-1.840121,-1.104073
2026-07-27T16:44:45.120187,1.1240,-0.348998,-0.047637,0.000000,-1.744988,-1.832237,-1.099342
2026-07-27T16:44:45.120220,1.1245,-0.347496,-0.048456,0.000000,-1.737480,-1.824354,-1.094613
2026-07-27T16:44:45.120252,1.1250,-0.353503,-0.045179,0.000000,-1.767517,-1.855893,-1.113536
2026-07-27T16:44:45.120294,1.1255,-0.352001,-0.045999,0.000000,-1.760006,-1.848006,-1.108804
2026-07-27T16:44:45.120327,1.1260,-0.350499,-0.046818,0.000000,-1.752496,-1.840121,-1.104073
2026-07-27T16:44:45.120359,1.1265,-0.348998,-0.047637,0.000000,-1.744988,-1.832237,-1.099342
2026-07-27T16:44:45.120391,1.1270,-0.347496,-0.048456,0.000000,-1.737480,-1.824354,-1.094613
2026-07-27T16:44:45.120424,1.1275,-0.353503,-0.045179,0.000000,-1.767517,-1.855893,-1.113536
2026-07-27T16:44:45.120461,1.1280,-0.352001,-0.045999,0.000000,-1.760006,-1.848006,-1.108804
2026-07-27T16:44:45.120494,1.1285,-0.350499,-0.046818,0.000000,-1.752496,-1.840121,-1.104073
2026-07-27T16:44:45.120526,1.1290,-0.348998,-0.047637,0.000000,-1.744988,-1.832237,-1.099342
2026-07-27T16:44:45.120559,1.1295,-0.347496,-0.048456,0.000000,-1.737480,-1.824354,-1.094613
2026-07-27T16:44:45.120592,1.1300,-0.353503,-0.045179,0.000000,-1.767517,-1.855893,-1.113536
2026-07-27T16:44:45.120626,1.1305,-0.352001,-0.045999,0.000000,-1.760006,-1.848006,-1.108804
2026-07-27T16:44:45.120659,1.1310,-0.350499,-0.046818,0.000000,-1.752496,-1.840121,-1.104073
2026-07-27T16:44:45.120691,1.1315,-0.348998,-0.047637,0.000000,-1.744988,-1.832237,-1.099342
2026-07-27T16:44:45.120724,1.1320,-0.347496,-0.048456,0.000000,-1.737480,-1.824354,-1.094613
2026-07-27T16:44:45.120759,1.1325,-0.353503,-0.045179,0.000000,-1.767517,-1.855893,-1.113536
2026-07-27T16:44:45.120791,1.1330,-0.352001,-0.045999,0.000000,-1.760006,-1.848006,-1.108804
2026-07-27T16:44:45.120824,1.1335,-0.350499,-0.046818,0.000000,-1.752496,-1.840121,-1.104073
2026-07-27T16:44:45.120857,1.1340,-0.348998,-0.047637,0.000000,-1.744988,-1.832237,-1.099342
2026-07-27T16:44:45.120890,1.1345,-0.347496,-0.048456,0.000000,-1.737480,-1.824354,-1.094613
2026-07-27T16:44:45.120926,1.1350,-0.353503,-0.045179,0.000000,-1.767517,-1.855893,-1.113536
2026-07-27T16:44:45.120960,1.1355,-0.352001,-0.045999,0.000000,-1.760006,-1.848006,-1.108804
2026-07-27T16:44:45.120995,1.1360,-0.350499,-0.046818,0.000000,-1.752496,-1.840121,-1.104073
2026-07-27T16:44:45.121029,1.1365,-0.348998,-0.047637,0.000000,-1.744988,-1.832237,-1.099342
2026-07-27T16:44:45.121065,1.1370,-0.347496,-0.048456,0.000000,-1.737480,-1.824354,-1.094613
2026-07-27T16:44:45.121100,1.1375,-0.353503,-0.045179,0.000000,-1.767517,-1.855893,-1.113536
2026-07-27T16:44:45.121137,1.1380,-0.352001,-0.045999,0.000000,-1.760006,-1.848006,-1.108804
2026-07-27T16:44:45.121175,1.1385,-0.350499,-0.046818,0.000000,-1.752496,-1.840121,-1.104073
2026-07-27T16:44:45.121209,1.1390,-0.348998,-0.047637,0.000000,-1.744988,-1.832237,-1.099342
2026-07-27T16:44:45.121245,1.1395,-0.347496,-0.048456,0.000000,-1.737480,-1.824354,-1.094613
2026-07-27T16:44:45.121291,1.1400,-0.353503,-0.045179,0.000000,-1.767517,-1.855893,-1.113536
2026-07-27T16:44:45.121327,1.1405,-0.352001,-0.045999,0.000000,-1.760006,-1.848006,-1.108804
2026-07-27T16:44:45.121362,1.1410,-0.350499,-0.046818,0.000000,-1.752496,-1.840121,-1.104073
2026-07-27T16:44:45.121397,1.1415,-0.348998,-0.047637,0.000000,-1.744988,-1.832237,-1.099342
2026-07-27T16:44:45.121436,1.1420,-0.347496,-0.048456,0.000000,-1.737480,-1.824354,-1.094613
2026-07-27T16:44:45.121471,1.1425,-0.353503,-0.045179,0.000000,-1.767517,-1.855893,-1.113536
2026-07-27T16:44:45.121506,1.1430,-0.352001,-0.045999,0.000000,-1.760006,-1.848006,-1.108804
2026-07-27T16:44:45.121541,1.1435,-0.350499,-0.046818,0.000000,-1.752496,-1.840121,-1.104073
2026-07-27T16:44:45.121649,1.1440,-0.348998,-0.047637,0.000000,-1.744988,-1.832237,-1.099342
2026-07-27T16:44:45.121688,1.1445,-0.347496,-0.048456,0.000000,-1.737480,-1.824354,-1.094613
2026-07-27T16:44:45.121723,1.1450,-0.353503,-0.045179,0.000000,-1.767517,-1.855893,-1.113536
2026-07-27T16:44:45.121760,1.1455,-0.352001,-0.045999,0.000000,-1.760006,-1.848006,-1.108804
2026-07-27T16:44:45.121802,1.1460,-0.350499,-0.046818,0.000000,-1.752496,-1.840121,-1.104073
2026-07-27T16:44:45.121837,1.1465,-0.348998,-0.047637,0.000000,-1.744988,-1.832237,-1.099342
2026-07-27T16:44:45.121872,1.1470,-0.347496,-0.048456,0.000000,-1.737480,-1.824354,-1.094613
2026-07-27T16:44:45.121908,1.1475,-0.353503,-0.045179,0.000000,-1.767517,-1.855893,-1.113536
2026-07-27T16:44:45.121943,1.1480,-0.352001,-0.045999,0.000000,-1.760006,-1.848006,-1.108804
2026-07-27T16:44:45.121979,1.1485,-0.350499,-0.046818,0.000000,-1.752496,-1.840121,-1.104073
2026-07-27T16:44:45.122014,1.1490,-0.348998,-0.047637,0.000000,-1.744988,-1.832237,-1.099342
2026-07-27T16:44:45.122049,1.1495,-0.347496,-0.048456,0.000000,-1.737480,-1.824354,-1.094613
2026-07-27T16:44:45.122087,1.1500,-0.353503,-0.045179,0.000000,-1.767517,-1.855893,-1.113536
2026-07-27T16:44:45.122122,1.1505,-0.352001,-0.045999,0.000000,-1.760006,-1.848006,-1.108804
2026-07-27T16:44:45.122158,1.1510,-0.350499,-0.046818,0.000000,-1.752496,-1.840121,-1.104073
2026-07-27T16:44:45.122193,1.1515,-0.348998,-0.047637,0.000000,-1.744988,-1.832237,-1.099342
2026-07-27T16:44:45.122235,1.1520,-0.347496,-0.048456,0.000000,-1.737480,-1.824354,-1.094613
2026-07-27T16:44:45.122280,1.1525,-0.353503,-0.045179,0.000000,-1.767517,-1.855893,-1.113536
2026-07-27T16:44:45.122317,1.1530,-0.352001,-0.045999,0.000000,-1.760006,-1.848006,-1.108804
2026-07-27T16:44:45.122353,1.1535,-0.350499,-0.046818,0.000000,-1.752496,-1.840121,-1.104073
2026-07-27T16:44:45.122388,1.1540,-0.348998,-0.047637,0.000000,-1.744988,-1.832237,-1.099342
2026-07-27T16:44:45.122424,1.1545,-0.347496,-0.048456,0.000000,-1.737480,-1.824354,-1.094613
2026-07-27T16:44:45.122458,1.1550,-0.353503,-0.045179,0.000000,-1.767517,-1.855893,-1.113536
2026-07-27T16:44:45.122494,1.1555,-0.352001,-0.045999,0.000000,-1.760006,-1.848006,-1.108804
2026-07-27T16:44:45.122528,1.1560,-0.350499,-0.046818,0.000000,-1.752496,-1.840121,-1.104073
2026-07-27T16:44:45.122563,1.1565,-0.348998,-0.047637,0.000000,-1.744988,-1.832237,-1.099342
2026-07-27T16:44:45.122598,1.1570,-0.347496,-0.048456,0.000000,-1.737480,-1.824354,-1.094613
2026-07-27T16:44:45.122633,1.1575,-0.353503,-0.045179,0.000000,-1.767517,-1.855893,-1.113536
2026-07-27T16:44:45.122668,1.1580,-0.352001,-0.045999,0.000000,-1.760006,-1.848006,-1.108804
2026-07-27T16:44:45.122704,1.1585,-0.350499,-0.046818,0.000000,-1.752496,-1.840121,-1.104073
2026-07-27T16:44:45.122739,1.1590,-0.348998,-0.047637,0.000000,-1.744988,-1.832237,-1.099342
2026-07-27T16:44:45.122774,1.1595,-0.347496,-0.048456,0.000000,-1.737480,-1.824354,-1.094613
2026-07-27T16:44:45.122809,1.1600,-0.353503,-0.045179,0.000000,-1.767517,-1.855893,-1.113536
2026-07-27T16:44:45.122841,1.1605,-0.352001,-0.045999,0.000000,-1.760006,-1.848006,-1.108804
2026-07-27T16:44:45.122873,1.1610,-0.350499,-0.046818,0.000000,-1.752496,-1.840121,-1.104073
2026-07-27T16:44:45.122906,1.1615,-0.348998,-0.047637,0.000000,-1.744988,-1.832237,-1.099342
2026-07-27T16:44:45.122939,1.1620,-0.347496,-0.048456,0.000000,-1.737480,-1.824354,-1.094613
2026-07-27T16:44:45.122971,1.1625,-0.353503,-0.045179,0.000000,-1.767517,-1.855893,-1.113536
2026-07-27T16:44:45.123004,1.1630,-0.352001,-0.045999,0.000000,-1.760006,-1.848006,-1.108804
2026-07-27T16:44:45.123037,1.1635,-0.350499,-0.046818,0.000000,-1.752496,-1.840121,-1.104073
2026-07-27T16:44:45.123069,1.1640,-0.348998,-0.047637,0.000000,-1.744988,-1.832237,-1.099342
2026-07-27T16:44:45.123103,1.1645,-0.347496,-0.048456,0.000000,-1.737480,-1.824354,-1.094613
2026-07-27T16:44:45.123135,1.1650,-0.353503,-0.045179,0.000000,-1.767517,-1.855893,-1.113536
2026-07-27T16:44:45.123169,1.1655,-0.352001,-0.045999,0.000000,-1.760006,-1.848006,-1.108804
2026-07-27T16:44:45.123201,1.1660,-0.350499,-0.046818,0.000000,-1.752496,-1.840121,-1.104073
2026-07-27T16:44:45.123234,1.1665,-0.348998,-0.047637,0.000000,-1.744988,-1.832237,-1.099342
2026-07-27T16:44:45.123284,1.1670,-0.347496,-0.048456,0.000000,-1.737480,-1.824354,-1.094613
2026-07-27T16:44:45.123319,1.1675,-0.353503,-0.045179,0.000000,-1.767517,-1.855893,-1.113536
2026-07-27T16:44:45.123352,1.1680,-0.352001,-0.045999,0.000000,-1.760006,-1.848006,-1.108804
2026-07-27T16:44:45.123384,1.1685,-0.350499,-0.046818,0.000000,-1.752496,-1.840121,-1.104073
2026-07-27T16:44:45.123417,1.1690,-0.348998,-0.047637,0.000000,-1.744988,-1.832237,-1.099342
2026-07-27T16:44:45.123450,1.1695,-0.347496,-0.048456,0.000000,-1.737480,-1.824354,-1.094613
2026-07-27T16:44:45.123482,1.1700,-0.353503,-0.045179,0.000000,-1.767517,-1.855893,-1.113536
2026-07-27T16:44:45.123516,1.1705,-0.352001,-0.045999,0.000000,-1.760006,-1.848006,-1.108804
2026-07-27T16:44:45.123550,1.1710,-0.350499,-0.046818,0.000000,-1.752496,-1.840121,-1.104073
2026-07-27T16:44:45.123582,1.1715,-0.348998,-0.047637,0.000000,-1.744988,-1.832237,-1.099342
2026-07-27T16:44:45.123615,1.1720,-0.347496,-0.048456,0.000000,-1.737480,-1.824354,-1.094613
2026-07-27T16:44:45.123648,1.1725,-0.353503,-0.045179,0.000000,-1.767517,-1.855893,-1.113536
2026-07-27T16:44:45.123680,1.1730,-0.352001,-0.045999,0.000000,-1.760006,-1.848006,-1.108804
2026-07-27T16:44:45.123712,1.1735,-0.350499,-0.046818,0.000000,-1.752496,-1.840121,-1.104073
2026-07-27T16:44:45.123745,1.1740,-0.348998,-0.047637,0.000000,-1.744988,-1.832237,-1.099342
2026-07-27T16:44:45.123777,1.1745,-0.347496,-0.048456,0.000000,-1.737480,-1.824354,-1.094613
2026-07-27T16:44:45.123810,1.1750,-0.353503,-0.045179,0.000000,-1.767517,-1.855893,-1.113536
2026-07-27T16:44:45.123843,1.1755,-0.352001,-0.045999,0.000000,-1.760006,-1.848006,-1.108804
2026-07-27T16:44:45.123875,1.1760,-0.350499,-0.046818,0.000000,-1.752496,-1.840121,-1.104073
2026-07-27T16:44:45.123906,1.1765,-0.348998,-0.047637,0.000000,-1.744988,-1.832237,-1.099342
2026-07-27T16:44:45.123937,1.1770,-0.347496,-0.048456,0.000000,-1.737480,-1.824354,-1.094613
2026-07-27T16:44:45.123966,1.1775,-0.353503,-0.045179,0.000000,-1.767517,-1.855893,-1.113536
2026-07-27T16:44:45.123997,1.1780,-0.352001,-0.045999,0.000000,-1.760006,-1.848006,-1.108804
2026-07-27T16:44:45.124027,1.1785,-0.350499,-0.046818,0.000000,-1.752496,-1.840121,-1.104073
2026-07-27T16:44:45.124058,1.1790,-0.348998,-0.047637,0.000000,-1.744988,-1.832237,-1.099342
2026-07-27T16:44:45.124089,1.1795,-0.347496,-0.048456,0.000000,-1.737480,-1.824354,-1.094613
2026-07-27T16:44:45.124120,1.1800,-0.353503,-0.045179,0.000000,-1.767517,-1.855893,-1.113536
2026-07-27T16:44:45.124150,1.1805,-0.352001,-0.045999,0.000000,-1.760006,-1.848006,-1.108804
2026-07-27T16:44:45.124181,1.1810,-0.350499,-0.046818,0.000000,-1.752496,-1.840121,-1.104073
2026-07-27T16:44:45.124212,1.1815,-0.348998,-0.047637,0.000000,-1.744988,-1.832237,-1.099342
2026-07-27T16:44:45.124243,1.1820,-0.347496,-0.048456,0.000000,-1.737480,-1.824354,-1.094613
2026-07-27T16:44:45.124285,1.1825,-0.353503,-0.045179,0.000000,-1.767517,-1.855893,-1.113536
2026-07-27T16:44:45.124317,1.1830,-0.352001,-0.045999,0.000000,-1.760006,-1.848006,-1.108804
2026-07-27T16:44:45.124347,1.1835,-0.350499,-0.046818,0.000000,-1.752496,-1.840121,-1.104073
2026-07-27T16:44:45.124376,1.1840,-0.348998,-0.047637,0.000000,-1.744988,-1.832237,-1.099342
2026-07-27T16:44:45.124407,1.1845,-0.347496,-0.048456,0.000000,-1.737480,-1.824354,-1.094613
2026-07-27T16:44:45.124436,1.1850,-0.353503,-0.045179,0.000000,-1.767517,-1.855893,-1.113536
2026-07-27T16:44:45.124466,1.1855,-0.352001,-0.045999,0.000000,-1.760006,-1.848006,-1.108804
2026-07-27T16:44:45.124499,1.1860,-0.350499,-0.046818,0.000000,-1.752496,-1.840121,-1.104073
2026-07-27T16:44:45.124529,1.1865,-0.348998,-0.047637,0.000000,-1.744988,-1.832237,-1.099342
2026-07-27T16:44:45.124559,1.1870,-0.347496,-0.048456,0.000000,-1.737480,-1.824354,-1.094613
2026-07-27T16:44:45.133418,1.1875,-0.353503,-0.045179,0.000000,-1.767517,-1.855893,-1.113536
2026-07-27T16:44:45.133518,1.1880,-0.352001,-0.045999,0.000000,-1.760006,-1.848006,-1.108804
2026-07-27T16:44:45.133579,1.1885,-0.350499,-0.046818,0.000000,-1.752496,-1.840121,-1.104073
2026-07-27T16:44:45.133634,1.1890,-0.348998,-0.047637,0.000000,-1.744988,-1.832237,-1.099342
2026-07-27T16:44:45.133687,1.1895,-0.347496,-0.048456,0.000000,-1.737480,-1.824354,-1.094613
2026-07-27T16:44:45.133740,1.1900,-0.353503,-0.045179,0.000000,-1.767517,-1.855893,-1.113536
2026-07-27T16:44:45.133790,1.1905,-0.352001,-0.045999,0.000000,-1.760006,-1.848006,-1.108804
2026-07-27T16:44:45.133838,1.1910,-0.350499,-0.046818,0.000000,-1.752496,-1.840121,-1.104073
2026-07-27T16:44:45.133887,1.1915,-0.348998,-0.047637,0.000000,-1.744988,-1.832237,-1.099342
2026-07-27T16:44:45.133935,1.1920,-0.347496,-0.048456,0.000000,-1.737480,-1.824354,-1.094613
2026-07-27T16:44:45.133983,1.1925,-0.353503,-0.045179,0.000000,-1.767517,-1.855893,-1.113536
2026-07-27T16:44:45.134032,1.1930,-0.352001,-0.045999,0.000000,-1.760006,-1.848006,-1.108804
2026-07-27T16:44:45.134080,1.1935,-0.350499,-0.046818,0.000000,-1.752496,-1.840121,-1.104073
2026-07-27T16:44:45.134129,1.1940,-0.348998,-0.047637,0.000000,-1.744988,-1.832237,-1.099342
2026-07-27T16:44:45.134178,1.1945,-0.347496,-0.048456,0.000000,-1.737480,-1.824354,-1.094613
2026-07-27T16:44:45.134381,1.1950,-0.353503,-0.045179,0.000000,-1.767517,-1.855893,-1.113536
2026-07-27T16:44:45.134448,1.1955,-0.352001,-0.045999,0.000000,-1.760006,-1.848006,-1.108804
2026-07-27T16:44:45.134498,1.1960,-0.350499,-0.046818,0.000000,-1.752496,-1.840121,-1.104073
2026-07-27T16:44:45.134546,1.1965,-0.348998,-0.047637,0.000000,-1.744988,-1.832237,-1.099342
2026-07-27T16:44:45.134594,1.1970,-0.347496,-0.048456,0.000000,-1.737480,-1.824354,-1.094613
2026-07-27T16:44:45.134642,1.1975,-0.353503,-0.045179,0.000000,-1.767517,-1.855893,-1.113536
2026-07-27T16:44:45.134691,1.1980,-0.352001,-0.045999,0.000000,-1.760006,-1.848006,-1.108804
2026-07-27T16:44:45.134739,1.1985,-0.350499,-0.046818,0.000000,-1.752496,-1.840121,-1.104073
2026-07-27T16:44:45.134787,1.1990,-0.348998,-0.047637,0.000000,-1.744988,-1.832237,-1.099342
2026-07-27T16:44:45.134836,1.1995,-0.347496,-0.048456,0.000000,-1.737480,-1.824354,-1.094613
2026-07-27T16:44:45.218680,1.2000,-0.345995,-0.049275,0.000000,-1.729974,-1.816473,-1.089884
2026-07-27T16:44:45.218849,1.2005,-0.344494,-0.050094,0.000000,-1.722469,-1.808592,-1.085155
2026-07-27T16:44:45.218969,1.2010,-0.342993,-0.050912,0.000000,-1.714965,-1.800713,-1.080428
2026-07-27T16:44:45.219083,1.2015,-0.341492,-0.051731,0.000000,-1.707462,-1.792835,-1.075701
2026-07-27T16:44:45.219192,1.2020,-0.339992,-0.052549,0.000000,-1.699960,-1.784958,-1.070975
2026-07-27T16:44:45.219314,1.2025,-0.345995,-0.049275,0.000000,-1.729974,-1.816473,-1.089884
2026-07-27T16:44:45.219420,1.2030,-0.344494,-0.050094,0.000000,-1.722469,-1.808592,-1.085155
2026-07-27T16:44:45.219525,1.2035,-0.342993,-0.050912,0.000000,-1.714965,-1.800713,-1.080428
2026-07-27T16:44:45.219629,1.2040,-0.341492,-0.051731,0.000000,-1.707462,-1.792835,-1.075701
2026-07-27T16:44:45.219732,1.2045,-0.339992,-0.052549,0.000000,-1.699960,-1.784958,-1.070975
2026-07-27T16:44:45.219836,1.2050,-0.345995,-0.049275,0.000000,-1.729974,-1.816473,-1.089884
2026-07-27T16:44:45.219941,1.2055,-0.344494,-0.050094,0.000000,-1.722469,-1.808592,-1.085155
2026-07-27T16:44:45.220046,1.2060,-0.342993,-0.050912,0.000000,-1.714965,-1.800713,-1.080428
2026-07-27T16:44:45.220149,1.2065,-0.341492,-0.051731,0.000000,-1.707462,-1.792835,-1.075701
2026-07-27T16:44:45.220253,1.2070,-0.339992,-0.052549,0.000000,-1.699960,-1.784958,-1.070975
2026-07-27T16:44:45.220374,1.2075,-0.345995,-0.049275,0.000000,-1.729974,-1.816473,-1.089884
2026-07-27T16:44:45.220478,1.2080,-0.344494,-0.050094,0.000000,-1.722469,-1.808592,-1.085155
2026-07-27T16:44:45.220581,1.2085,-0.342993,-0.050912,0.000000,-1.714965,-1.800713,-1.080428
2026-07-27T16:44:45.220685,1.2090,-0.341492,-0.051731,0.000000,-1.707462,-1.792835,-1.075701
2026-07-27T16:44:45.220788,1.2095,-0.339992,-0.052549,0.000000,-1.699960,-1.784958,-1.070975
2026-07-27T16:44:45.220893,1.2100,-0.345995,-0.049275,0.000000,-1.729974,-1.816473,-1.089884
2026-07-27T16:44:45.220996,1.2105,-0.344494,-0.050094,0.000000,-1.722469,-1.808592,-1.085155
2026-07-27T16:44:45.221099,1.2110,-0.342993,-0.050912,0.000000,-1.714965,-1.800713,-1.080428
2026-07-27T16:44:45.221201,1.2115,-0.341492,-0.051731,0.000000,-1.707462,-1.792835,-1.075701
2026-07-27T16:44:45.221322,1.2120,-0.339992,-0.052549,0.000000,-1.699960,-1.784958,-1.070975
2026-07-27T16:44:45.221428,1.2125,-0.345995,-0.049275,0.000000,-1.729974,-1.816473,-1.089884
2026-07-27T16:44:45.221532,1.2130,-0.344494,-0.050094,0.000000,-1.722469,-1.808592,-1.085155
2026-07-27T16:44:45.221635,1.2135,-0.342993,-0.050912,0.000000,-1.714965,-1.800713,-1.080428
2026-07-27T16:44:45.221739,1.2140,-0.341492,-0.051731,0.000000,-1.707462,-1.792835,-1.075701
2026-07-27T16:44:45.221842,1.2145,-0.339992,-0.052549,0.000000,-1.699960,-1.784958,-1.070975
2026-07-27T16:44:45.221946,1.2150,-0.345995,-0.049275,0.000000,-1.729974,-1.816473,-1.089884
2026-07-27T16:44:45.222050,1.2155,-0.344494,-0.050094,0.000000,-1.722469,-1.808592,-1.085155
2026-07-27T16:44:45.222153,1.2160,-0.342993,-0.050912,0.000000,-1.714965,-1.800713,-1.080428
2026-07-27T16:44:45.222255,1.2165,-0.341492,-0.051731,0.000000,-1.707462,-1.792835,-1.075701
2026-07-27T16:44:45.222659,1.2170,-0.339992,-0.052549,0.000000,-1.699960,-1.784958,-1.070975
2026-07-27T16:44:45.222813,1.2175,-0.345995,-0.049275,0.000000,-1.729974,-1.816473,-1.089884
2026-07-27T16:44:45.222879,1.2180,-0.344494,-0.050094,0.000000,-1.722469,-1.808592,-1.085155
2026-07-27T16:44:45.222936,1.2185,-0.342993,-0.050912,0.000000,-1.714965,-1.800713,-1.080428
2026-07-27T16:44:45.222993,1.2190,-0.341492,-0.051731,0.000000,-1.707462,-1.792835,-1.075701
2026-07-27T16:44:45.223047,1.2195,-0.339992,-0.052549,0.000000,-1.699960,-1.784958,-1.070975
2026-07-27T16:44:45.223101,1.2200,-0.345995,-0.049275,0.000000,-1.729974,-1.816473,-1.089884
2026-07-27T16:44:45.223157,1.2205,-0.344494,-0.050094,0.000000,-1.722469,-1.808592,-1.085155
2026-07-27T16:44:45.223211,1.2210,-0.342993,-0.050912,0.000000,-1.714965,-1.800713,-1.080428
2026-07-27T16:44:45.223284,1.2215,-0.341492,-0.051731,0.000000,-1.707462,-1.792835,-1.075701
2026-07-27T16:44:45.223299,1.2220,-0.339992,-0.052549,0.000000,-1.699960,-1.784958,-1.070975
2026-07-27T16:44:45.223308,1.2225,-0.345995,-0.049275,0.000000,-1.729974,-1.816473,-1.089884
2026-07-27T16:44:45.223318,1.2230,-0.344494,-0.050094,0.000000,-1.722469,-1.808592,-1.085155
2026-07-27T16:44:45.223328,1.2235,-0.342993,-0.050912,0.000000,-1.714965,-1.800713,-1.080428
2026-07-27T16:44:45.223337,1.2240,-0.341492,-0.051731,0.000000,-1.707462,-1.792835,-1.075701
2026-07-27T16:44:45.223347,1.2245,-0.339992,-0.052549,0.000000,-1.699960,-1.784958,-1.070975
2026-07-27T16:44:45.223357,1.2250,-0.345995,-0.049275,0.000000,-1.729974,-1.816473,-1.089884
2026-07-27T16:44:45.223367,1.2255,-0.344494,-0.050094,0.000000,-1.722469,-1.808592,-1.085155
2026-07-27T16:44:45.223377,1.2260,-0.342993,-0.050912,0.000000,-1.714965,-1.800713,-1.080428
2026-07-27T16:44:45.223388,1.2265,-0.341492,-0.051731,0.000000,-1.707462,-1.792835,-1.075701
2026-07-27T16:44:45.223398,1.2270,-0.339992,-0.052549,0.000000,-1.699960,-1.784958,-1.070975
2026-07-27T16:44:45.223408,1.2275,-0.345995,-0.049275,0.000000,-1.729974,-1.816473,-1.089884
2026-07-27T16:44:45.223418,1.2280,-0.344494,-0.050094,0.000000,-1.722469,-1.808592,-1.085155
2026-07-27T16:44:45.223428,1.2285,-0.342993,-0.050912,0.000000,-1.714965,-1.800713,-1.080428
2026-07-27T16:44:45.223438,1.2290,-0.341492,-0.051731,0.000000,-1.707462,-1.792835,-1.075701
2026-07-27T16:44:45.223448,1.2295,-0.339992,-0.052549,0.000000,-1.699960,-1.784958,-1.070975
2026-07-27T16:44:45.223458,1.2300,-0.345995,-0.049275,0.000000,-1.729974,-1.816473,-1.089884
2026-07-27T16:44:45.223468,1.2305,-0.344494,-0.050094,0.000000,-1.722469,-1.808592,-1.085155
2026-07-27T16:44:45.223478,1.2310,-0.342993,-0.050912,0.000000,-1.714965,-1.800713,-1.080428
2026-07-27T16:44:45.223488,1.2315,-0.341492,-0.051731,0.000000,-1.707462,-1.792835,-1.075701
2026-07-27T16:44:45.223498,1.2320,-0.339992,-0.052549,0.000000,-1.699960,-1.784958,-1.070975
2026-07-27T16:44:45.223508,1.2325,-0.345995,-0.049275,0.000000,-1.729974,-1.816473,-1.089884
2026-07-27T16:44:45.223518,1.2330,-0.344494,-0.050094,0.000000,-1.722469,-1.808592,-1.085155
2026-07-27T16:44:45.223528,1.2335,-0.342993,-0.050912,0.000000,-1.714965,-1.800713,-1.080428
2026-07-27T16:44:45.223538,1.2340,-0.341492,-0.051731,0.000000,-1.707462,-1.792835,-1.075701
2026-07-27T16:44:45.223548,1.2345,-0.339992,-0.052549,0.000000,-1.699960,-1.784958,-1.070975
2026-07-27T16:44:45.223559,1.2350,-0.345995,-0.049275,0.000000,-1.729974,-1.816473,-1.089884
2026-07-27T16:44:45.223569,1.2355,-0.344494,-0.050094,0.000000,-1.722469,-1.808592,-1.085155
2026-07-27T16:44:45.223579,1.2360,-0.342993,-0.050912,0.000000,-1.714965,-1.800713,-1.080428
2026-07-27T16:44:45.223589,1.2365,-0.341492,-0.051731,0.000000,-1.707462,-1.792835,-1.075701
2026-07-27T16:44:45.223599,1.2370,-0.339992,-0.052549,0.000000,-1.699960,-1.784958,-1.070975
2026-07-27T16:44:45.223609,1.2375,-0.345995,-0.049275,0.000000,-1.729974,-1.816473,-1.089884
2026-07-27T16:44:45.223622,1.2380,-0.344494,-0.050094,0.000000,-1.722469,-1.808592,-1.085155
2026-07-27T16:44:45.223632,1.2385,-0.342993,-0.050912,0.000000,-1.714965,-1.800713,-1.080428
2026-07-27T16:44:45.223642,1.2390,-0.341492,-0.051731,0.000000,-1.707462,-1.792835,-1.075701
2026-07-27T16:44:45.223652,1.2395,-0.339992,-0.052549,0.000000,-1.699960,-1.784958,-1.070975
2026-07-27T16:44:45.223661,1.2400,-0.345995,-0.049275,0.000000,-1.729974,-1.816473,-1.089884
2026-07-27T16:44:45.223671,1.2405,-0.344494,-0.050094,0.000000,-1.722469,-1.808592,-1.085155
2026-07-27T16:44:45.223680,1.2410,-0.342993,-0.050912,0.000000,-1.714965,-1.800713,-1.080428
2026-07-27T16:44:45.223690,1.2415,-0.341492,-0.051731,0.000000,-1.707462,-1.792835,-1.075701
2026-07-27T16:44:45.223700,1.2420,-0.339992,-0.052549,0.000000,-1.699960,-1.784958,-1.070975
2026-07-27T16:44:45.223709,1.2425,-0.345995,-0.049275,0.000000,-1.729974,-1.816473,-1.089884
2026-07-27T16:44:45.223719,1.2430,-0.344494,-0.050094,0.000000,-1.722469,-1.808592,-1.085155
2026-07-27T16:44:45.223730,1.2435,-0.342993,-0.050912,0.000000,-1.714965,-1.800713,-1.080428
2026-07-27T16:44:45.223772,1.2440,-0.341492,-0.051731,0.000000,-1.707462,-1.792835,-1.075701
2026-07-27T16:44:45.223783,1.2445,-0.339992,-0.052549,0.000000,-1.699960,-1.784958,-1.070975
2026-07-27T16:44:45.223792,1.2450,-0.345995,-0.049275,0.000000,-1.729974,-1.816473,-1.089884
2026-07-27T16:44:45.223801,1.2455,-0.344494,-0.050094,0.000000,-1.722469,-1.808592,-1.085155
2026-07-27T16:44:45.223811,1.2460,-0.342993,-0.050912,0.000000,-1.714965,-1.800713,-1.080428
2026-07-27T16:44:45.223820,1.2465,-0.341492,-0.051731,0.000000,-1.707462,-1.792835,-1.075701
2026-07-27T16:44:45.223830,1.2470,-0.339992,-0.052549,0.000000,-1.699960,-1.784958,-1.070975
2026-07-27T16:44:45.223839,1.2475,-0.345995,-0.049275,0.000000,-1.729974,-1.816473,-1.089884
2026-07-27T16:44:45.223849,1.2480,-0.344494,-0.050094,0.000000,-1.722469,-1.808592,-1.085155
2026-07-27T16:44:45.223858,1.2485,-0.342993,-0.050912,0.000000,-1.714965,-1.800713,-1.080428
2026-07-27T16:44:45.223868,1.2490,-0.341492,-0.051731,0.000000,-1.707462,-1.792835,-1.075701
2026-07-27T16:44:45.223877,1.2495,-0.339992,-0.052549,0.000000,-1.699960,-1.784958,-1.070975
2026-07-27T16:44:45.223886,1.2500,-0.345995,-0.049275,0.000000,-1.729974,-1.816473,-1.089884
2026-07-27T16:44:45.223895,1.2505,-0.344494,-0.050094,0.000000,-1.722469,-1.808592,-1.085155
2026-07-27T16:44:45.223905,1.2510,-0.342993,-0.050912,0.000000,-1.714965,-1.800713,-1.080428
2026-07-27T16:44:45.223914,1.2515,-0.341492,-0.051731,0.000000,-1.707462,-1.792835,-1.075701
2026-07-27T16:44:45.223924,1.2520,-0.339992,-0.052549,0.000000,-1.699960,-1.784958,-1.070975
2026-07-27T16:44:45.223933,1.2525,-0.345995,-0.049275,0.000000,-1.729974,-1.816473,-1.089884
2026-07-27T16:44:45.223942,1.2530,-0.344494,-0.050094,0.000000,-1.722469,-1.808592,-1.085155
2026-07-27T16:44:45.223952,1.2535,-0.342993,-0.050912,0.000000,-1.714965,-1.800713,-1.080428
2026-07-27T16:44:45.223961,1.2540,-0.341492,-0.051731,0.000000,-1.707462,-1.792835,-1.075701
2026-07-27T16:44:45.223970,1.2545,-0.339992,-0.052549,0.000000,-1.699960,-1.784958,-1.070975
2026-07-27T16:44:45.223979,1.2550,-0.345995,-0.049275,0.000000,-1.729974,-1.816473,-1.089884
2026-07-27T16:44:45.223989,1.2555,-0.344494,-0.050094,0.000000,-1.722469,-1.808592,-1.085155
2026-07-27T16:44:45.223998,1.2560,-0.342993,-0.050912,0.000000,-1.714965,-1.800713,-1.080428
2026-07-27T16:44:45.224007,1.2565,-0.341492,-0.051731,0.000000,-1.707462,-1.792835,-1.075701
2026-07-27T16:44:45.224016,1.2570,-0.339992,-0.052549,0.000000,-1.699960,-1.784958,-1.070975
2026-07-27T16:44:45.224025,1.2575,-0.345995,-0.049275,0.000000,-1.729974,-1.816473,-1.089884
2026-07-27T16:44:45.224035,1.2580,-0.344494,-0.050094,0.000000,-1.722469,-1.808592,-1.085155
2026-07-27T16:44:45.224044,1.2585,-0.342993,-0.050912,0.000000,-1.714965,-1.800713,-1.080428
2026-07-27T16:44:45.224053,1.2590,-0.341492,-0.051731,0.000000,-1.707462,-1.792835,-1.075701
2026-07-27T16:44:45.224062,1.2595,-0.339992,-0.052549,0.000000,-1.699960,-1.784958,-1.070975
2026-07-27T16:44:45.224071,1.2600,-0.345995,-0.049275,0.000000,-1.729974,-1.816473,-1.089884
2026-07-27T16:44:45.224081,1.2605,-0.344494,-0.050094,0.000000,-1.722469,-1.808592,-1.085155
2026-07-27T16:44:45.224090,1.2610,-0.342993,-0.050912,0.000000,-1.714965,-1.800713,-1.080428
2026-07-27T16:44:45.224099,1.2615,-0.341492,-0.051731,0.000000,-1.707462,-1.792835,-1.075701
2026-07-27T16:44:45.224108,1.2620,-0.339992,-0.052549,0.000000,-1.699960,-1.784958,-1.070975
2026-07-27T16:44:45.224118,1.2625,-0.345995,-0.049275,0.000000,-1.729974,-1.816473,-1.089884
2026-07-27T16:44:45.224127,1.2630,-0.344494,-0.050094,0.000000,-1.722469,-1.808592,-1.085155
2026-07-27T16:44:45.224137,1.2635,-0.342993,-0.050912,0.000000,-1.714965,-1.800713,-1.080428
2026-07-27T16:44:45.224146,1.2640,-0.341492,-0.051731,0.000000,-1.707462,-1.792835,-1.075701
2026-07-27T16:44:45.224156,1.2645,-0.339992,-0.052549,0.000000,-1.699960,-1.784958,-1.070975
2026-07-27T16:44:45.224166,1.2650,-0.345995,-0.049275,0.000000,-1.729974,-1.816473,-1.089884
2026-07-27T16:44:45.224175,1.2655,-0.344494,-0.050094,0.000000,-1.722469,-1.808592,-1.085155
2026-07-27T16:44:45.224185,1.2660,-0.342993,-0.050912,0.000000,-1.714965,-1.800713,-1.080428
2026-07-27T16:44:45.224194,1.2665,-0.341492,-0.051731,0.000000,-1.707462,-1.792835,-1.075701
2026-07-27T16:44:45.224204,1.2670,-0.339992,-0.052549,0.000000,-1.699960,-1.784958,-1.070975
2026-07-27T16:44:45.224213,1.2675,-0.345995,-0.049275,0.000000,-1.729974,-1.816473,-1.089884
2026-07-27T16:44:45.224223,1.2680,-0.344494,-0.050094,0.000000,-1.722469,-1.808592,-1.085155
2026-07-27T16:44:45.224233,1.2685,-0.342993,-0.050912,0.000000,-1.714965,-1.800713,-1.080428
2026-07-27T16:44:45.224242,1.2690,-0.341492,-0.051731,0.000000,-1.707462,-1.792835,-1.075701
2026-07-27T16:44:45.224252,1.2695,-0.339992,-0.052549,0.000000,-1.699960,-1.784958,-1.070975
2026-07-27T16:44:45.224265,1.2700,-0.345995,-0.049275,0.000000,-1.729974,-1.816473,-1.089884
2026-07-27T16:44:45.224274,1.2705,-0.344494,-0.050094,0.000000,-1.722469,-1.808592,-1.085155
2026-07-27T16:44:45.224284,1.2710,-0.342993,-0.050912,0.000000,-1.714965,-1.800713,-1.080428
2026-07-27T16:44:45.224294,1.2715,-0.341492,-0.051731,0.000000,-1.707462,-1.792835,-1.075701
2026-07-27T16:44:45.224303,1.2720,-0.339992,-0.052549,0.000000,-1.699960,-1.784958,-1.070975
2026-07-27T16:44:45.224313,1.2725,-0.345995,-0.049275,0.000000,-1.729974,-1.816473,-1.089884
2026-07-27T16:44:45.224322,1.2730,-0.344494,-0.050094,0.000000,-1.722469,-1.808592,-1.085155
2026-07-27T16:44:45.224332,1.2735,-0.342993,-0.050912,0.000000,-1.714965,-1.800713,-1.080428
2026-07-27T16:44:45.224341,1.2740,-0.341492,-0.051731,0.000000,-1.707462,-1.792835,-1.075701
2026-07-27T16:44:45.224351,1.2745,-0.339992,-0.052549,0.000000,-1.699960,-1.784958,-1.070975
2026-07-27T16:44:45.224361,1.2750,-0.345995,-0.049275,0.000000,-1.729974,-1.816473,-1.089884
2026-07-27T16:44:45.224371,1.2755,-0.344494,-0.050094,0.000000,-1.722469,-1.808592,-1.085155
2026-07-27T16:44:45.224381,1.2760,-0.342993,-0.050912,0.000000,-1.714965,-1.800713,-1.080428
2026-07-27T16:44:45.224392,1.2765,-0.341492,-0.051731,0.000000,-1.707462,-1.792835,-1.075701
2026-07-27T16:44:45.224402,1.2770,-0.339992,-0.052549,0.000000,-1.699960,-1.784958,-1.070975
2026-07-27T16:44:45.224411,1.2775,-0.345995,-0.049275,0.000000,-1.729974,-1.816473,-1.089884
2026-07-27T16:44:45.224421,1.2780,-0.344494,-0.050094,0.000000,-1.722469,-1.808592,-1.085155
2026-07-27T16:44:45.224431,1.2785,-0.342993,-0.050912,0.000000,-1.714965,-1.800713,-1.080428
2026-07-27T16:44:45.224442,1.2790,-0.341492,-0.051731,0.000000,-1.707462,-1.792835,-1.075701
2026-07-27T16:44:45.224452,1.2795,-0.339992,-0.052549,0.000000,-1.699960,-1.784958,-1.070975
2026-07-27T16:44:45.224461,1.2800,-0.345995,-0.049275,0.000000,-1.729974,-1.816473,-1.089884
2026-07-27T16:44:45.224471,1.2805,-0.344494,-0.050094,0.000000,-1.722469,-1.808592,-1.085155
2026-07-27T16:44:45.224480,1.2810,-0.342993,-0.050912,0.000000,-1.714965,-1.800713,-1.080428
2026-07-27T16:44:45.224490,1.2815,-0.341492,-0.051731,0.000000,-1.707462,-1.792835,-1.075701
2026-07-27T16:44:45.224499,1.2820,-0.339992,-0.052549,0.000000,-1.699960,-1.784958,-1.070975
2026-07-27T16:44:45.224509,1.2825,-0.345995,-0.049275,0.000000,-1.729974,-1.816473,-1.089884
2026-07-27T16:44:45.224519,1.2830,-0.344494,-0.050094,0.000000,-1.722469,-1.808592,-1.085155
2026-07-27T16:44:45.224528,1.2835,-0.342993,-0.050912,0.000000,-1.714965,-1.800713,-1.080428
2026-07-27T16:44:45.224538,1.2840,-0.341492,-0.051731,0.000000,-1.707462,-1.792835,-1.075701
2026-07-27T16:44:45.224547,1.2845,-0.339992,-0.052549,0.000000,-1.699960,-1.784958,-1.070975
2026-07-27T16:44:45.224558,1.2850,-0.345995,-0.049275,0.000000,-1.729974,-1.816473,-1.089884
2026-07-27T16:44:45.224567,1.2855,-0.344494,-0.050094,0.000000,-1.722469,-1.808592,-1.085155
2026-07-27T16:44:45.224576,1.2860,-0.342993,-0.050912,0.000000,-1.714965,-1.800713,-1.080428
2026-07-27T16:44:45.224585,1.2865,-0.341492,-0.051731,0.000000,-1.707462,-1.792835,-1.075701
2026-07-27T16:44:45.224594,1.2870,-0.339992,-0.052549,0.000000,-1.699960,-1.784958,-1.070975
2026-07-27T16:44:45.224608,1.2875,-0.345995,-0.049275,0.000000,-1.729974,-1.816473,-1.089884
2026-07-27T16:44:45.224617,1.2880,-0.344494,-0.050094,0.000000,-1.722469,-1.808592,-1.085155
2026-07-27T16:44:45.224626,1.2885,-0.342993,-0.050912,0.000000,-1.714965,-1.800713,-1.080428
2026-07-27T16:44:45.224636,1.2890,-0.341492,-0.051731,0.000000,-1.707462,-1.792835,-1.075701
2026-07-27T16:44:45.224645,1.2895,-0.339992,-0.052549,0.000000,-1.699960,-1.784958,-1.070975
2026-07-27T16:44:45.224654,1.2900,-0.345995,-0.049275,0.000000,-1.729974,-1.816473,-1.089884
2026-07-27T16:44:45.224663,1.2905,-0.344494,-0.050094,0.000000,-1.722469,-1.808592,-1.085155
2026-07-27T16:44:45.224672,1.2910,-0.342993,-0.050912,0.000000,-1.714965,-1.800713,-1.080428
2026-07-27T16:44:45.224681,1.2915,-0.341492,-0.051731,0.000000,-1.707462,-1.792835,-1.075701
2026-07-27T16:44:45.224690,1.2920,-0.339992,-0.052549,0.000000,-1.699960,-1.784958,-1.070975
2026-07-27T16:44:45.224700,1.2925,-0.345995,-0.049275,0.000000,-1.729974,-1.816473,-1.089884
2026-07-27T16:44:45.224710,1.2930,-0.344494,-0.050094,0.000000,-1.722469,-1.808592,-1.085155
2026-07-27T16:44:45.224719,1.2935,-0.342993,-0.050912,0.000000,-1.714965,-1.800713,-1.080428
2026-07-27T16:44:45.224728,1.2940,-0.341492,-0.051731,0.000000,-1.707462,-1.792835,-1.075701
2026-07-27T16:44:45.224737,1.2945,-0.339992,-0.052549,0.000000,-1.699960,-1.784958,-1.070975
2026-07-27T16:44:45.224746,1.2950,-0.345995,-0.049275,0.000000,-1.729974,-1.816473,-1.089884
2026-07-27T16:44:45.224755,1.2955,-0.344494,-0.050094,0.000000,-1.722469,-1.808592,-1.085155
2026-07-27T16:44:45.224765,1.2960,-0.342993,-0.050912,0.000000,-1.714965,-1.800713,-1.080428
2026-07-27T16:44:45.224774,1.2965,-0.341492,-0.051731,0.000000,-1.707462,-1.792835,-1.075701
2026-07-27T16:44:45.224812,1.2970,-0.339992,-0.052549,0.000000,-1.699960,-1.784958,-1.070975
2026-07-27T16:44:45.224864,1.2975,-0.345995,-0.049275,0.000000,-1.729974,-1.816473,-1.089884
2026-07-27T16:44:45.224917,1.2980,-0.344494,-0.050094,0.000000,-1.722469,-1.808592,-1.085155
2026-07-27T16:44:45.224969,1.2985,-0.342993,-0.050912,0.000000,-1.714965,-1.800713,-1.080428
2026-07-27T16:44:45.225022,1.2990,-0.341492,-0.051731,0.000000,-1.707462,-1.792835,-1.075701
2026-07-27T16:44:45.225075,1.2995,-0.339992,-0.052549,0.000000,-1.699960,-1.784958,-1.070975
2026-07-27T16:44:45.317945,1.3000,-0.338492,-0.053368,0.000000,-1.692459,-1.777082,-1.066249
2026-07-27T16:44:45.318029,1.3005,-0.336992,-0.054186,0.000000,-1.684960,-1.769208,-1.061525
2026-07-27T16:44:45.318071,1.3010,-0.335492,-0.055004,0.000000,-1.677462,-1.761335,-1.056801
2026-07-27T16:44:45.318106,1.3015,-0.333993,-0.055821,0.000000,-1.669965,-1.753463,-1.052078
2026-07-27T16:44:45.318140,1.3020,-0.332494,-0.056639,0.000000,-1.662469,-1.745593,-1.047356
2026-07-27T16:44:45.318176,1.3025,-0.338492,-0.053368,0.000000,-1.692459,-1.777082,-1.066249
2026-07-27T16:44:45.318211,1.3030,-0.336992,-0.054186,0.000000,-1.684960,-1.769208,-1.061525
2026-07-27T16:44:45.318244,1.3035,-0.335492,-0.055004,0.000000,-1.677462,-1.761335,-1.056801
2026-07-27T16:44:45.318297,1.3040,-0.333993,-0.055821,0.000000,-1.669965,-1.753463,-1.052078
2026-07-27T16:44:45.318331,1.3045,-0.332494,-0.056639,0.000000,-1.662469,-1.745593,-1.047356
2026-07-27T16:44:45.318364,1.3050,-0.338492,-0.053368,0.000000,-1.692459,-1.777082,-1.066249
2026-07-27T16:44:45.318396,1.3055,-0.336992,-0.054186,0.000000,-1.684960,-1.769208,-1.061525
2026-07-27T16:44:45.318429,1.3060,-0.335492,-0.055004,0.000000,-1.677462,-1.761335,-1.056801
2026-07-27T16:44:45.318462,1.3065,-0.333993,-0.055821,0.000000,-1.669965,-1.753463,-1.052078
2026-07-27T16:44:45.318495,1.3070,-0.332494,-0.056639,0.000000,-1.662469,-1.745593,-1.047356
2026-07-27T16:44:45.318527,1.3075,-0.338492,-0.053368,0.000000,-1.692459,-1.777082,-1.066249
2026-07-27T16:44:45.318560,1.3080,-0.336992,-0.054186,0.000000,-1.684960,-1.769208,-1.061525
2026-07-27T16:44:45.318592,1.3085,-0.335492,-0.055004,0.000000,-1.677462,-1.761335,-1.056801
2026-07-27T16:44:45.318625,1.3090,-0.333993,-0.055821,0.000000,-1.669965,-1.753463,-1.052078
2026-07-27T16:44:45.318658,1.3095,-0.332494,-0.056639,0.000000,-1.662469,-1.745593,-1.047356
2026-07-27T16:44:45.318690,1.3100,-0.338492,-0.053368,0.000000,-1.692459,-1.777082,-1.066249
2026-07-27T16:44:45.318723,1.3105,-0.336992,-0.054186,0.000000,-1.684960,-1.769208,-1.061525
2026-07-27T16:44:45.318756,1.3110,-0.335492,-0.055004,0.000000,-1.677462,-1.761335,-1.056801
2026-07-27T16:44:45.318789,1.3115,-0.333993,-0.055821,0.000000,-1.669965,-1.753463,-1.052078
2026-07-27T16:44:45.318822,1.3120,-0.332494,-0.056639,0.000000,-1.662469,-1.745593,-1.047356
2026-07-27T16:44:45.318853,1.3125,-0.338492,-0.053368,0.000000,-1.692459,-1.777082,-1.066249
2026-07-27T16:44:45.318884,1.3130,-0.336992,-0.054186,0.000000,-1.684960,-1.769208,-1.061525
2026-07-27T16:44:45.318914,1.3135,-0.335492,-0.055004,0.000000,-1.677462,-1.761335,-1.056801
2026-07-27T16:44:45.318945,1.3140,-0.333993,-0.055821,0.000000,-1.669965,-1.753463,-1.052078
2026-07-27T16:44:45.318974,1.3145,-0.332494,-0.056639,0.000000,-1.662469,-1.745593,-1.047356
2026-07-27T16:44:45.319004,1.3150,-0.338492,-0.053368,0.000000,-1.692459,-1.777082,-1.066249
2026-07-27T16:44:45.319035,1.3155,-0.336992,-0.054186,0.000000,-1.684960,-1.769208,-1.061525
2026-07-27T16:44:45.319065,1.3160,-0.335492,-0.055004,0.000000,-1.677462,-1.761335,-1.056801
2026-07-27T16:44:45.319096,1.3165,-0.333993,-0.055821,0.000000,-1.669965,-1.753463,-1.052078
2026-07-27T16:44:45.319126,1.3170,-0.332494,-0.056639,0.000000,-1.662469,-1.745593,-1.047356
2026-07-27T16:44:45.319156,1.3175,-0.338492,-0.053368,0.000000,-1.692459,-1.777082,-1.066249
2026-07-27T16:44:45.319186,1.3180,-0.336992,-0.054186,0.000000,-1.684960,-1.769208,-1.061525
2026-07-27T16:44:45.319216,1.3185,-0.335492,-0.055004,0.000000,-1.677462,-1.761335,-1.056801
2026-07-27T16:44:45.319245,1.3190,-0.333993,-0.055821,0.000000,-1.669965,-1.753463,-1.052078
2026-07-27T16:44:45.319283,1.3195,-0.332494,-0.056639,0.000000,-1.662469,-1.745593,-1.047356
2026-07-27T16:44:45.319314,1.3200,-0.338492,-0.053368,0.000000,-1.692459,-1.777082,-1.066249
2026-07-27T16:44:45.319345,1.3205,-0.336992,-0.054186,0.000000,-1.684960,-1.769208,-1.061525
2026-07-27T16:44:45.319376,1.3210,-0.335492,-0.055004,0.000000,-1.677462,-1.761335,-1.056801
2026-07-27T16:44:45.319405,1.3215,-0.333993,-0.055821,0.000000,-1.669965,-1.753463,-1.052078
2026-07-27T16:44:45.319436,1.3220,-0.332494,-0.056639,0.000000,-1.662469,-1.745593,-1.047356
2026-07-27T16:44:45.319466,1.3225,-0.338492,-0.053368,0.000000,-1.692459,-1.777082,-1.066249
2026-07-27T16:44:45.319497,1.3230,-0.336992,-0.054186,0.000000,-1.684960,-1.769208,-1.061525
2026-07-27T16:44:45.319527,1.3235,-0.335492,-0.055004,0.000000,-1.677462,-1.761335,-1.056801
2026-07-27T16:44:45.319557,1.3240,-0.333993,-0.055821,0.000000,-1.669965,-1.753463,-1.052078
2026-07-27T16:44:45.319587,1.3245,-0.332494,-0.056639,0.000000,-1.662469,-1.745593,-1.047356
2026-07-27T16:44:45.319618,1.3250,-0.338492,-0.053368,0.000000,-1.692459,-1.777082,-1.066249
2026-07-27T16:44:45.319647,1.3255,-0.336992,-0.054186,0.000000,-1.684960,-1.769208,-1.061525
2026-07-27T16:44:45.319678,1.3260,-0.335492,-0.055004,0.000000,-1.677462,-1.761335,-1.056801
2026-07-27T16:44:45.319711,1.3265,-0.333993,-0.055821,0.000000,-1.669965,-1.753463,-1.052078
2026-07-27T16:44:45.319744,1.3270,-0.332494,-0.056639,0.000000,-1.662469,-1.745593,-1.047356
2026-07-27T16:44:45.319779,1.3275,-0.338492,-0.053368,0.000000,-1.692459,-1.777082,-1.066249
2026-07-27T16:44:45.319812,1.3280,-0.336992,-0.054186,0.000000,-1.684960,-1.769208,-1.061525
2026-07-27T16:44:45.319844,1.3285,-0.335492,-0.055004,0.000000,-1.677462,-1.761335,-1.056801
2026-07-27T16:44:45.319876,1.3290,-0.333993,-0.055821,0.000000,-1.669965,-1.753463,-1.052078
2026-07-27T16:44:45.319908,1.3295,-0.332494,-0.056639,0.000000,-1.662469,-1.745593,-1.047356
2026-07-27T16:44:45.319940,1.3300,-0.338492,-0.053368,0.000000,-1.692459,-1.777082,-1.066249
2026-07-27T16:44:45.319973,1.3305,-0.336992,-0.054186,0.000000,-1.684960,-1.769208,-1.061525
2026-07-27T16:44:45.320005,1.3310,-0.335492,-0.055004,0.000000,-1.677462,-1.761335,-1.056801
2026-07-27T16:44:45.320037,1.3315,-0.333993,-0.055821,0.000000,-1.669965,-1.753463,-1.052078
2026-07-27T16:44:45.320069,1.3320,-0.332494,-0.056639,0.000000,-1.662469,-1.745593,-1.047356
2026-07-27T16:44:45.320102,1.3325,-0.338492,-0.053368,0.000000,-1.692459,-1.777082,-1.066249
2026-07-27T16:44:45.320134,1.3330,-0.336992,-0.054186,0.000000,-1.684960,-1.769208,-1.061525
2026-07-27T16:44:45.320166,1.3335,-0.335492,-0.055004,0.000000,-1.677462,-1.761335,-1.056801
2026-07-27T16:44:45.320198,1.3340,-0.333993,-0.055821,0.000000,-1.669965,-1.753463,-1.052078
2026-07-27T16:44:45.320230,1.3345,-0.332494,-0.056639,0.000000,-1.662469,-1.745593,-1.047356
2026-07-27T16:44:45.320267,1.3350,-0.338492,-0.053368,0.000000,-1.692459,-1.777082,-1.066249
2026-07-27T16:44:45.320300,1.3355,-0.336992,-0.054186,0.000000,-1.684960,-1.769208,-1.061525
2026-07-27T16:44:45.320332,1.3360,-0.335492,-0.055004,0.000000,-1.677462,-1.761335,-1.056801
2026-07-27T16:44:45.320364,1.3365,-0.333993,-0.055821,0.000000,-1.669965,-1.753463,-1.052078
2026-07-27T16:44:45.320397,1.3370,-0.332494,-0.056639,0.000000,-1.662469,-1.745593,-1.047356
2026-07-27T16:44:45.320430,1.3375,-0.338492,-0.053368,0.000000,-1.692459,-1.777082,-1.066249
2026-07-27T16:44:45.320462,1.3380,-0.336992,-0.054186,0.000000,-1.684960,-1.769208,-1.061525
2026-07-27T16:44:45.320497,1.3385,-0.335492,-0.055004,0.000000,-1.677462,-1.761335,-1.056801
2026-07-27T16:44:45.320529,1.3390,-0.333993,-0.055821,0.000000,-1.669965,-1.753463,-1.052078
2026-07-27T16:44:45.320560,1.3395,-0.332494,-0.056639,0.000000,-1.662469,-1.745593,-1.047356
2026-07-27T16:44:45.320593,1.3400,-0.338492,-0.053368,0.000000,-1.692459,-1.777082,-1.066249
2026-07-27T16:44:45.320625,1.3405,-0.336992,-0.054186,0.000000,-1.684960,-1.769208,-1.061525
2026-07-27T16:44:45.320658,1.3410,-0.335492,-0.055004,0.000000,-1.677462,-1.761335,-1.056801
2026-07-27T16:44:45.320690,1.3415,-0.333993,-0.055821,0.000000,-1.669965,-1.753463,-1.052078
2026-07-27T16:44:45.320723,1.3420,-0.332494,-0.056639,0.000000,-1.662469,-1.745593,-1.047356
2026-07-27T16:44:45.320755,1.3425,-0.338492,-0.053368,0.000000,-1.692459,-1.777082,-1.066249
2026-07-27T16:44:45.320787,1.3430,-0.336992,-0.054186,0.000000,-1.684960,-1.769208,-1.061525
2026-07-27T16:44:45.320820,1.3435,-0.335492,-0.055004,0.000000,-1.677462,-1.761335,-1.056801
2026-07-27T16:44:45.320934,1.3440,-0.333993,-0.055821,0.000000,-1.669965,-1.753463,-1.052078
2026-07-27T16:44:45.320967,1.3445,-0.332494,-0.056639,0.000000,-1.662469,-1.745593,-1.047356
2026-07-27T16:44:45.321000,1.3450,-0.338492,-0.053368,0.000000,-1.692459,-1.777082,-1.066249
2026-07-27T16:44:45.321032,1.3455,-0.336992,-0.054186,0.000000,-1.684960,-1.769208,-1.061525
2026-07-27T16:44:45.321065,1.3460,-0.335492,-0.055004,0.000000,-1.677462,-1.761335,-1.056801
2026-07-27T16:44:45.321097,1.3465,-0.333993,-0.055821,0.000000,-1.669965,-1.753463,-1.052078
2026-07-27T16:44:45.321129,1.3470,-0.332494,-0.056639,0.000000,-1.662469,-1.745593,-1.047356
2026-07-27T16:44:45.321162,1.3475,-0.338492,-0.053368,0.000000,-1.692459,-1.777082,-1.066249
2026-07-27T16:44:45.321195,1.3480,-0.336992,-0.054186,0.000000,-1.684960,-1.769208,-1.061525
2026-07-27T16:44:45.321227,1.3485,-0.335492,-0.055004,0.000000,-1.677462,-1.761335,-1.056801
2026-07-27T16:44:45.321260,1.3490,-0.333993,-0.055821,0.000000,-1.669965,-1.753463,-1.052078
2026-07-27T16:44:45.321301,1.3495,-0.332494,-0.056639,0.000000,-1.662469,-1.745593,-1.047356
2026-07-27T16:44:45.321333,1.3500,-0.338492,-0.053368,0.000000,-1.692459,-1.777082,-1.066249
2026-07-27T16:44:45.321364,1.3505,-0.336992,-0.054186,0.000000,-1.684960,-1.769208,-1.061525
2026-07-27T16:44:45.321396,1.3510,-0.335492,-0.055004,0.000000,-1.677462,-1.761335,-1.056801
2026-07-27T16:44:45.321427,1.3515,-0.333993,-0.055821,0.000000,-1.669965,-1.753463,-1.052078
2026-07-27T16:44:45.321460,1.3520,-0.332494,-0.056639,0.000000,-1.662469,-1.745593,-1.047356
2026-07-27T16:44:45.321492,1.3525,-0.338492,-0.053368,0.000000,-1.692459,-1.777082,-1.066249
2026-07-27T16:44:45.321524,1.3530,-0.336992,-0.054186,0.000000,-1.684960,-1.769208,-1.061525
2026-07-27T16:44:45.321556,1.3535,-0.335492,-0.055004,0.000000,-1.677462,-1.761335,-1.056801
2026-07-27T16:44:45.321588,1.3540,-0.333993,-0.055821,0.000000,-1.669965,-1.753463,-1.052078
2026-07-27T16:44:45.321620,1.3545,-0.332494,-0.056639,0.000000,-1.662469,-1.745593,-1.047356
2026-07-27T16:44:45.321652,1.3550,-0.338492,-0.053368,0.000000,-1.692459,-1.777082,-1.066249
2026-07-27T16:44:45.321685,1.3555,-0.336992,-0.054186,0.000000,-1.684960,-1.769208,-1.061525
2026-07-27T16:44:45.321718,1.3560,-0.335492,-0.055004,0.000000,-1.677462,-1.761335,-1.056801
2026-07-27T16:44:45.321750,1.3565,-0.333993,-0.055821,0.000000,-1.669965,-1.753463,-1.052078
2026-07-27T16:44:45.321782,1.3570,-0.332494,-0.056639,0.000000,-1.662469,-1.745593,-1.047356
2026-07-27T16:44:45.321815,1.3575,-0.338492,-0.053368,0.000000,-1.692459,-1.777082,-1.066249
2026-07-27T16:44:45.321847,1.3580,-0.336992,-0.054186,0.000000,-1.684960,-1.769208,-1.061525
2026-07-27T16:44:45.321882,1.3585,-0.335492,-0.055004,0.000000,-1.677462,-1.761335,-1.056801
2026-07-27T16:44:45.321915,1.3590,-0.333993,-0.055821,0.000000,-1.669965,-1.753463,-1.052078
2026-07-27T16:44:45.321947,1.3595,-0.332494,-0.056639,0.000000,-1.662469,-1.745593,-1.047356
2026-07-27T16:44:45.321980,1.3600,-0.338492,-0.053368,0.000000,-1.692459,-1.777082,-1.066249
2026-07-27T16:44:45.322013,1.3605,-0.336992,-0.054186,0.000000,-1.684960,-1.769208,-1.061525
2026-07-27T16:44:45.322042,1.3610,-0.335492,-0.055004,0.000000,-1.677462,-1.761335,-1.056801
2026-07-27T16:44:45.322072,1.3615,-0.333993,-0.055821,0.000000,-1.669965,-1.753463,-1.052078
2026-07-27T16:44:45.322102,1.3620,-0.332494,-0.056639,0.000000,-1.662469,-1.745593,-1.047356
2026-07-27T16:44:45.322131,1.3625,-0.338492,-0.053368,0.000000,-1.692459,-1.777082,-1.066249
2026-07-27T16:44:45.322162,1.3630,-0.336992,-0.054186,0.000000,-1.684960,-1.769208,-1.061525
2026-07-27T16:44:45.322191,1.3635,-0.335492,-0.055004,0.000000,-1.677462,-1.761335,-1.056801
2026-07-27T16:44:45.322221,1.3640,-0.333993,-0.055821,0.000000,-1.669965,-1.753463,-1.052078
2026-07-27T16:44:45.322251,1.3645,-0.332494,-0.056639,0.000000,-1.662469,-1.745593,-1.047356
2026-07-27T16:44:45.322285,1.3650,-0.338492,-0.053368,0.000000,-1.692459,-1.777082,-1.066249
2026-07-27T16:44:45.322314,1.3655,-0.336992,-0.054186,0.000000,-1.684960,-1.769208,-1.061525
2026-07-27T16:44:45.322344,1.3660,-0.335492,-0.055004,0.000000,-1.677462,-1.761335,-1.056801
2026-07-27T16:44:45.322374,1.3665,-0.333993,-0.055821,0.000000,-1.669965,-1.753463,-1.052078
2026-07-27T16:44:45.322405,1.3670,-0.332494,-0.056639,0.000000,-1.662469,-1.745593,-1.047356
2026-07-27T16:44:45.322435,1.3675,-0.338492,-0.053368,0.000000,-1.692459,-1.777082,-1.066249
2026-07-27T16:44:45.322465,1.3680,-0.336992,-0.054186,0.000000,-1.684960,-1.769208,-1.061525
2026-07-27T16:44:45.322495,1.3685,-0.335492,-0.055004,0.000000,-1.677462,-1.761335,-1.056801
2026-07-27T16:44:45.322524,1.3690,-0.333993,-0.055821,0.000000,-1.669965,-1.753463,-1.052078
2026-07-27T16:44:45.322554,1.3695,-0.332494,-0.056639,0.000000,-1.662469,-1.745593,-1.047356
2026-07-27T16:44:45.322585,1.3700,-0.338492,-0.053368,0.000000,-1.692459,-1.777082,-1.066249
2026-07-27T16:44:45.322615,1.3705,-0.336992,-0.054186,0.000000,-1.684960,-1.769208,-1.061525
2026-07-27T16:44:45.322645,1.3710,-0.335492,-0.055004,0.000000,-1.677462,-1.761335,-1.056801
2026-07-27T16:44:45.322675,1.3715,-0.333993,-0.055821,0.000000,-1.669965,-1.753463,-1.052078
2026-07-27T16:44:45.322705,1.3720,-0.332494,-0.056639,0.000000,-1.662469,-1.745593,-1.047356
2026-07-27T16:44:45.322735,1.3725,-0.338492,-0.053368,0.000000,-1.692459,-1.777082,-1.066249
2026-07-27T16:44:45.322765,1.3730,-0.336992,-0.054186,0.000000,-1.684960,-1.769208,-1.061525
2026-07-27T16:44:45.322795,1.3735,-0.335492,-0.055004,0.000000,-1.677462,-1.761335,-1.056801
2026-07-27T16:44:45.322827,1.3740,-0.333993,-0.055821,0.000000,-1.669965,-1.753463,-1.052078
2026-07-27T16:44:45.322857,1.3745,-0.332494,-0.056639,0.000000,-1.662469,-1.745593,-1.047356
2026-07-27T16:44:45.322887,1.3750,-0.338492,-0.053368,0.000000,-1.692459,-1.777082,-1.066249
2026-07-27T16:44:45.322917,1.3755,-0.336992,-0.054186,0.000000,-1.684960,-1.769208,-1.061525
2026-07-27T16:44:45.322948,1.3760,-0.335492,-0.055004,0.000000,-1.677462,-1.761335,-1.056801
2026-07-27T16:44:45.322978,1.3765,-0.333993,-0.055821,0.000000,-1.669965,-1.753463,-1.052078
2026-07-27T16:44:45.323008,1.3770,-0.332494,-0.056639,0.000000,-1.662469,-1.745593,-1.047356
2026-07-27T16:44:45.323038,1.3775,-0.338492,-0.053368,0.000000,-1.692459,-1.777082,-1.066249
2026-07-27T16:44:45.323068,1.3780,-0.336992,-0.054186,0.000000,-1.684960,-1.769208,-1.061525
2026-07-27T16:44:45.323097,1.3785,-0.335492,-0.055004,0.000000,-1.677462,-1.761335,-1.056801
2026-07-27T16:44:45.323127,1.3790,-0.333993,-0.055821,0.000000,-1.669965,-1.753463,-1.052078
2026-07-27T16:44:45.323157,1.3795,-0.332494,-0.056639,0.000000,-1.662469,-1.745593,-1.047356
2026-07-27T16:44:45.323188,1.3800,-0.338492,-0.053368,0.000000,-1.692459,-1.777082,-1.066249
2026-07-27T16:44:45.323217,1.3805,-0.336992,-0.054186,0.000000,-1.684960,-1.769208,-1.061525
2026-07-27T16:44:45.323247,1.3810,-0.335492,-0.055004,0.000000,-1.677462,-1.761335,-1.056801
2026-07-27T16:44:45.323283,1.3815,-0.333993,-0.055821,0.000000,-1.669965,-1.753463,-1.052078
2026-07-27T16:44:45.323315,1.3820,-0.332494,-0.056639,0.000000,-1.662469,-1.745593,-1.047356
2026-07-27T16:44:45.323346,1.3825,-0.338492,-0.053368,0.000000,-1.692459,-1.777082,-1.066249
2026-07-27T16:44:45.323377,1.3830,-0.336992,-0.054186,0.000000,-1.684960,-1.769208,-1.061525
2026-07-27T16:44:45.323406,1.3835,-0.335492,-0.055004,0.000000,-1.677462,-1.761335,-1.056801
2026-07-27T16:44:45.323436,1.3840,-0.333993,-0.055821,0.000000,-1.669965,-1.753463,-1.052078
2026-07-27T16:44:45.323467,1.3845,-0.332494,-0.056639,0.000000,-1.662469,-1.745593,-1.047356
2026-07-27T16:44:45.323497,1.3850,-0.338492,-0.053368,0.000000,-1.692459,-1.777082,-1.066249
2026-07-27T16:44:45.323527,1.3855,-0.336992,-0.054186,0.000000,-1.684960,-1.769208,-1.061525
2026-07-27T16:44:45.323557,1.3860,-0.335492,-0.055004,0.000000,-1.677462,-1.761335,-1.056801
2026-07-27T16:44:45.323587,1.3865,-0.333993,-0.055821,0.000000,-1.669965,-1.753463,-1.052078
2026-07-27T16:44:45.323617,1.3870,-0.332494,-0.056639,0.000000,-1.662469,-1.745593,-1.047356
2026-07-27T16:44:45.323663,1.3875,-0.338492,-0.053368,0.000000,-1.692459,-1.777082,-1.066249
2026-07-27T16:44:45.323693,1.3880,-0.336992,-0.054186,0.000000,-1.684960,-1.769208,-1.061525
2026-07-27T16:44:45.323724,1.3885,-0.335492,-0.055004,0.000000,-1.677462,-1.761335,-1.056801
2026-07-27T16:44:45.323754,1.3890,-0.333993,-0.055821,0.000000,-1.669965,-1.753463,-1.052078
2026-07-27T16:44:45.323784,1.3895,-0.332494,-0.056639,0.000000,-1.662469,-1.745593,-1.047356
2026-07-27T16:44:45.323814,1.3900,-0.338492,-0.053368,0.000000,-1.692459,-1.777082,-1.066249
2026-07-27T16:44:45.323844,1.3905,-0.336992,-0.054186,0.000000,-1.684960,-1.769208,-1.061525
2026-07-27T16:44:45.323871,1.3910,-0.335492,-0.055004,0.000000,-1.677462,-1.761335,-1.056801
2026-07-27T16:44:45.323899,1.3915,-0.333993,-0.055821,0.000000,-1.669965,-1.753463,-1.052078
2026-07-27T16:44:45.323928,1.3920,-0.332494,-0.056639,0.000000,-1.662469,-1.745593,-1.047356
2026-07-27T16:44:45.323957,1.3925,-0.338492,-0.053368,0.000000,-1.692459,-1.777082,-1.066249
2026-07-27T16:44:45.323985,1.3930,-0.336992,-0.054186,0.000000,-1.684960,-1.769208,-1.061525
2026-07-27T16:44:45.324012,1.3935,-0.335492,-0.055004,0.000000,-1.677462,-1.761335,-1.056801
2026-07-27T16:44:45.324039,1.3940,-0.333993,-0.055821,0.000000,-1.669965,-1.753463,-1.052078
2026-07-27T16:44:45.324067,1.3945,-0.332494,-0.056639,0.000000,-1.662469,-1.745593,-1.047356
2026-07-27T16:44:45.324095,1.3950,-0.338492,-0.053368,0.000000,-1.692459,-1.777082,-1.066249
2026-07-27T16:44:45.324123,1.3955,-0.336992,-0.054186,0.000000,-1.684960,-1.769208,-1.061525
2026-07-27T16:44:45.324154,1.3960,-0.335492,-0.055004,0.000000,-1.677462,-1.761335,-1.056801
2026-07-27T16:44:45.324181,1.3965,-0.333993,-0.055821,0.000000,-1.669965,-1.753463,-1.052078
2026-07-27T16:44:45.324208,1.3970,-0.332494,-0.056639,0.000000,-1.662469,-1.745593,-1.047356
2026-07-27T16:44:45.324236,1.3975,-0.338492,-0.053368,0.000000,-1.692459,-1.777082,-1.066249
2026-07-27T16:44:45.324267,1.3980,-0.336992,-0.054186,0.000000,-1.684960,-1.769208,-1.061525
2026-07-27T16:44:45.324295,1.3985,-0.335492,-0.055004,0.000000,-1.677462,-1.761335,-1.056801
2026-07-27T16:44:45.324323,1.3990,-0.333993,-0.055821,0.000000,-1.669965,-1.753463,-1.052078
2026-07-27T16:44:45.324351,1.3995,-0.332494,-0.056639,0.000000,-1.662469,-1.745593,-1.047356
2026-07-27T16:44:45.418121,1.4000,-0.330995,-0.057457,0.000000,-1.654975,-1.737723,-1.042634
2026-07-27T16:44:45.418211,1.4005,-0.329496,-0.058274,0.000000,-1.647482,-1.729856,-1.037913
2026-07-27T16:44:45.418254,1.4010,-0.327998,-0.059091,0.000000,-1.639990,-1.721989,-1.033194
2026-07-27T16:44:45.418312,1.4015,-0.326500,-0.059909,0.000000,-1.632499,-1.714124,-1.028475
2026-07-27T16:44:45.418350,1.4020,-0.325002,-0.060726,0.000000,-1.625010,-1.706261,-1.023756
2026-07-27T16:44:45.418387,1.4025,-0.330995,-0.057457,0.000000,-1.654975,-1.737723,-1.042634
2026-07-27T16:44:45.418423,1.4030,-0.329496,-0.058274,0.000000,-1.647482,-1.729856,-1.037913
2026-07-27T16:44:45.418458,1.4035,-0.327998,-0.059091,0.000000,-1.639990,-1.721989,-1.033194
2026-07-27T16:44:45.418494,1.4040,-0.326500,-0.059909,0.000000,-1.632499,-1.714124,-1.028475
2026-07-27T16:44:45.418531,1.4045,-0.325002,-0.060726,0.000000,-1.625010,-1.706261,-1.023756
2026-07-27T16:44:45.418567,1.4050,-0.330995,-0.057457,0.000000,-1.654975,-1.737723,-1.042634
2026-07-27T16:44:45.418602,1.4055,-0.329496,-0.058274,0.000000,-1.647482,-1.729856,-1.037913
2026-07-27T16:44:45.418638,1.4060,-0.327998,-0.059091,0.000000,-1.639990,-1.721989,-1.033194
2026-07-27T16:44:45.418673,1.4065,-0.326500,-0.059909,0.000000,-1.632499,-1.714124,-1.028475
2026-07-27T16:44:45.418709,1.4070,-0.325002,-0.060726,0.000000,-1.625010,-1.706261,-1.023756
2026-07-27T16:44:45.418744,1.4075,-0.330995,-0.057457,0.000000,-1.654975,-1.737723,-1.042634
2026-07-27T16:44:45.418779,1.4080,-0.329496,-0.058274,0.000000,-1.647482,-1.729856,-1.037913
2026-07-27T16:44:45.418814,1.4085,-0.327998,-0.059091,0.000000,-1.639990,-1.721989,-1.033194
2026-07-27T16:44:45.418849,1.4090,-0.326500,-0.059909,0.000000,-1.632499,-1.714124,-1.028475
2026-07-27T16:44:45.418882,1.4095,-0.325002,-0.060726,0.000000,-1.625010,-1.706261,-1.023756
2026-07-27T16:44:45.418917,1.4100,-0.330995,-0.057457,0.000000,-1.654975,-1.737723,-1.042634
2026-07-27T16:44:45.418949,1.4105,-0.329496,-0.058274,0.000000,-1.647482,-1.729856,-1.037913
2026-07-27T16:44:45.418981,1.4110,-0.327998,-0.059091,0.000000,-1.639990,-1.721989,-1.033194
2026-07-27T16:44:45.419013,1.4115,-0.326500,-0.059909,0.000000,-1.632499,-1.714124,-1.028475
2026-07-27T16:44:45.419045,1.4120,-0.325002,-0.060726,0.000000,-1.625010,-1.706261,-1.023756
2026-07-27T16:44:45.419079,1.4125,-0.330995,-0.057457,0.000000,-1.654975,-1.737723,-1.042634
2026-07-27T16:44:45.419111,1.4130,-0.329496,-0.058274,0.000000,-1.647482,-1.729856,-1.037913
2026-07-27T16:44:45.419143,1.4135,-0.327998,-0.059091,0.000000,-1.639990,-1.721989,-1.033194
2026-07-27T16:44:45.419176,1.4140,-0.326500,-0.059909,0.000000,-1.632499,-1.714124,-1.028475
2026-07-27T16:44:45.419208,1.4145,-0.325002,-0.060726,0.000000,-1.625010,-1.706261,-1.023756
2026-07-27T16:44:45.419242,1.4150,-0.330995,-0.057457,0.000000,-1.654975,-1.737723,-1.042634
2026-07-27T16:44:45.419279,1.4155,-0.329496,-0.058274,0.000000,-1.647482,-1.729856,-1.037913
2026-07-27T16:44:45.419313,1.4160,-0.327998,-0.059091,0.000000,-1.639990,-1.721989,-1.033194
2026-07-27T16:44:45.419348,1.4165,-0.326500,-0.059909,0.000000,-1.632499,-1.714124,-1.028475
2026-07-27T16:44:45.419381,1.4170,-0.325002,-0.060726,0.000000,-1.625010,-1.706261,-1.023756
2026-07-27T16:44:45.419413,1.4175,-0.330995,-0.057457,0.000000,-1.654975,-1.737723,-1.042634
2026-07-27T16:44:45.419446,1.4180,-0.329496,-0.058274,0.000000,-1.647482,-1.729856,-1.037913
2026-07-27T16:44:45.419477,1.4185,-0.327998,-0.059091,0.000000,-1.639990,-1.721989,-1.033194
2026-07-27T16:44:45.419509,1.4190,-0.326500,-0.059909,0.000000,-1.632499,-1.714124,-1.028475
2026-07-27T16:44:45.419541,1.4195,-0.325002,-0.060726,0.000000,-1.625010,-1.706261,-1.023756
2026-07-27T16:44:45.419574,1.4200,-0.330995,-0.057457,0.000000,-1.654975,-1.737723,-1.042634
2026-07-27T16:44:45.419607,1.4205,-0.329496,-0.058274,0.000000,-1.647482,-1.729856,-1.037913
2026-07-27T16:44:45.419639,1.4210,-0.327998,-0.059091,0.000000,-1.639990,-1.721989,-1.033194
2026-07-27T16:44:45.419671,1.4215,-0.326500,-0.059909,0.000000,-1.632499,-1.714124,-1.028475
2026-07-27T16:44:45.419703,1.4220,-0.325002,-0.060726,0.000000,-1.625010,-1.706261,-1.023756
2026-07-27T16:44:45.419735,1.4225,-0.330995,-0.057457,0.000000,-1.654975,-1.737723,-1.042634
2026-07-27T16:44:45.419768,1.4230,-0.329496,-0.058274,0.000000,-1.647482,-1.729856,-1.037913
2026-07-27T16:44:45.419800,1.4235,-0.327998,-0.059091,0.000000,-1.639990,-1.721989,-1.033194
2026-07-27T16:44:45.419832,1.4240,-0.326500,-0.059909,0.000000,-1.632499,-1.714124,-1.028475
2026-07-27T16:44:45.419864,1.4245,-0.325002,-0.060726,0.000000,-1.625010,-1.706261,-1.023756
2026-07-27T16:44:45.419896,1.4250,-0.330995,-0.057457,0.000000,-1.654975,-1.737723,-1.042634
2026-07-27T16:44:45.419928,1.4255,-0.329496,-0.058274,0.000000,-1.647482,-1.729856,-1.037913
2026-07-27T16:44:45.419959,1.4260,-0.327998,-0.059091,0.000000,-1.639990,-1.721989,-1.033194
2026-07-27T16:44:45.419992,1.4265,-0.326500,-0.059909,0.000000,-1.632499,-1.714124,-1.028475
2026-07-27T16:44:45.420025,1.4270,-0.325002,-0.060726,0.000000,-1.625010,-1.706261,-1.023756
2026-07-27T16:44:45.420057,1.4275,-0.330995,-0.057457,0.000000,-1.654975,-1.737723,-1.042634
2026-07-27T16:44:45.420090,1.4280,-0.329496,-0.058274,0.000000,-1.647482,-1.729856,-1.037913
2026-07-27T16:44:45.420121,1.4285,-0.327998,-0.059091,0.000000,-1.639990,-1.721989,-1.033194
2026-07-27T16:44:45.420153,1.4290,-0.326500,-0.059909,0.000000,-1.632499,-1.714124,-1.028475
2026-07-27T16:44:45.420184,1.4295,-0.325002,-0.060726,0.000000,-1.625010,-1.706261,-1.023756
2026-07-27T16:44:45.420218,1.4300,-0.330995,-0.057457,0.000000,-1.654975,-1.737723,-1.042634
2026-07-27T16:44:45.420250,1.4305,-0.329496,-0.058274,0.000000,-1.647482,-1.729856,-1.037913
2026-07-27T16:44:45.420289,1.4310,-0.327998,-0.059091,0.000000,-1.639990,-1.721989,-1.033194
2026-07-27T16:44:45.420321,1.4315,-0.326500,-0.059909,0.000000,-1.632499,-1.714124,-1.028475
2026-07-27T16:44:45.420353,1.4320,-0.325002,-0.060726,0.000000,-1.625010,-1.706261,-1.023756
2026-07-27T16:44:45.420386,1.4325,-0.330995,-0.057457,0.000000,-1.654975,-1.737723,-1.042634
2026-07-27T16:44:45.420419,1.4330,-0.329496,-0.058274,0.000000,-1.647482,-1.729856,-1.037913
2026-07-27T16:44:45.420451,1.4335,-0.327998,-0.059091,0.000000,-1.639990,-1.721989,-1.033194
2026-07-27T16:44:45.420483,1.4340,-0.326500,-0.059909,0.000000,-1.632499,-1.714124,-1.028475
2026-07-27T16:44:45.420516,1.4345,-0.325002,-0.060726,0.000000,-1.625010,-1.706261,-1.023756
2026-07-27T16:44:45.420549,1.4350,-0.330995,-0.057457,0.000000,-1.654975,-1.737723,-1.042634
2026-07-27T16:44:45.420582,1.4355,-0.329496,-0.058274,0.000000,-1.647482,-1.729856,-1.037913
2026-07-27T16:44:45.420616,1.4360,-0.327998,-0.059091,0.000000,-1.639990,-1.721989,-1.033194
2026-07-27T16:44:45.420648,1.4365,-0.326500,-0.059909,0.000000,-1.632499,-1.714124,-1.028475
2026-07-27T16:44:45.420680,1.4370,-0.325002,-0.060726,0.000000,-1.625010,-1.706261,-1.023756
2026-07-27T16:44:45.420712,1.4375,-0.330995,-0.057457,0.000000,-1.654975,-1.737723,-1.042634
2026-07-27T16:44:45.420745,1.4380,-0.329496,-0.058274,0.000000,-1.647482,-1.729856,-1.037913
2026-07-27T16:44:45.420780,1.4385,-0.327998,-0.059091,0.000000,-1.639990,-1.721989,-1.033194
2026-07-27T16:44:45.420813,1.4390,-0.326500,-0.059909,0.000000,-1.632499,-1.714124,-1.028475
2026-07-27T16:44:45.420845,1.4395,-0.325002,-0.060726,0.000000,-1.625010,-1.706261,-1.023756
2026-07-27T16:44:45.420878,1.4400,-0.330995,-0.057457,0.000000,-1.654975,-1.737723,-1.042634
2026-07-27T16:44:45.420911,1.4405,-0.329496,-0.058274,0.000000,-1.647482,-1.729856,-1.037913
2026-07-27T16:44:45.420943,1.4410,-0.327998,-0.059091,0.000000,-1.639990,-1.721989,-1.033194
2026-07-27T16:44:45.420976,1.4415,-0.326500,-0.059909,0.000000,-1.632499,-1.714124,-1.028475
2026-07-27T16:44:45.421007,1.4420,-0.325002,-0.060726,0.000000,-1.625010,-1.706261,-1.023756
2026-07-27T16:44:45.421039,1.4425,-0.330995,-0.057457,0.000000,-1.654975,-1.737723,-1.042634
2026-07-27T16:44:45.421072,1.4430,-0.329496,-0.058274,0.000000,-1.647482,-1.729856,-1.037913
2026-07-27T16:44:45.421103,1.4435,-0.327998,-0.059091,0.000000,-1.639990,-1.721989,-1.033194
2026-07-27T16:44:45.421212,1.4440,-0.326500,-0.059909,0.000000,-1.632499,-1.714124,-1.028475
2026-07-27T16:44:45.421247,1.4445,-0.325002,-0.060726,0.000000,-1.625010,-1.706261,-1.023756
2026-07-27T16:44:45.421287,1.4450,-0.330995,-0.057457,0.000000,-1.654975,-1.737723,-1.042634
2026-07-27T16:44:45.421320,1.4455,-0.329496,-0.058274,0.000000,-1.647482,-1.729856,-1.037913
2026-07-27T16:44:45.421353,1.4460,-0.327998,-0.059091,0.000000,-1.639990,-1.721989,-1.033194
2026-07-27T16:44:45.421385,1.4465,-0.326500,-0.059909,0.000000,-1.632499,-1.714124,-1.028475
2026-07-27T16:44:45.421418,1.4470,-0.325002,-0.060726,0.000000,-1.625010,-1.706261,-1.023756
2026-07-27T16:44:45.421451,1.4475,-0.330995,-0.057457,0.000000,-1.654975,-1.737723,-1.042634
2026-07-27T16:44:45.421483,1.4480,-0.329496,-0.058274,0.000000,-1.647482,-1.729856,-1.037913
2026-07-27T16:44:45.421515,1.4485,-0.327998,-0.059091,0.000000,-1.639990,-1.721989,-1.033194
2026-07-27T16:44:45.421548,1.4490,-0.326500,-0.059909,0.000000,-1.632499,-1.714124,-1.028475
2026-07-27T16:44:45.421580,1.4495,-0.325002,-0.060726,0.000000,-1.625010,-1.706261,-1.023756
2026-07-27T16:44:45.421612,1.4500,-0.330995,-0.057457,0.000000,-1.654975,-1.737723,-1.042634
2026-07-27T16:44:45.421644,1.4505,-0.329496,-0.058274,0.000000,-1.647482,-1.729856,-1.037913
2026-07-27T16:44:45.421676,1.4510,-0.327998,-0.059091,0.000000,-1.639990,-1.721989,-1.033194
2026-07-27T16:44:45.421710,1.4515,-0.326500,-0.059909,0.000000,-1.632499,-1.714124,-1.028475
2026-07-27T16:44:45.421743,1.4520,-0.325002,-0.060726,0.000000,-1.625010,-1.706261,-1.023756
2026-07-27T16:44:45.421776,1.4525,-0.330995,-0.057457,0.000000,-1.654975,-1.737723,-1.042634
2026-07-27T16:44:45.421809,1.4530,-0.329496,-0.058274,0.000000,-1.647482,-1.729856,-1.037913
2026-07-27T16:44:45.421841,1.4535,-0.327998,-0.059091,0.000000,-1.639990,-1.721989,-1.033194
2026-07-27T16:44:45.421874,1.4540,-0.326500,-0.059909,0.000000,-1.632499,-1.714124,-1.028475
2026-07-27T16:44:45.421906,1.4545,-0.325002,-0.060726,0.000000,-1.625010,-1.706261,-1.023756
2026-07-27T16:44:45.421937,1.4550,-0.330995,-0.057457,0.000000,-1.654975,-1.737723,-1.042634
2026-07-27T16:44:45.421970,1.4555,-0.329496,-0.058274,0.000000,-1.647482,-1.729856,-1.037913
2026-07-27T16:44:45.422002,1.4560,-0.327998,-0.059091,0.000000,-1.639990,-1.721989,-1.033194
2026-07-27T16:44:45.422034,1.4565,-0.326500,-0.059909,0.000000,-1.632499,-1.714124,-1.028475
2026-07-27T16:44:45.422068,1.4570,-0.325002,-0.060726,0.000000,-1.625010,-1.706261,-1.023756
2026-07-27T16:44:45.422101,1.4575,-0.330995,-0.057457,0.000000,-1.654975,-1.737723,-1.042634
2026-07-27T16:44:45.422134,1.4580,-0.329496,-0.058274,0.000000,-1.647482,-1.729856,-1.037913
2026-07-27T16:44:45.422165,1.4585,-0.327998,-0.059091,0.000000,-1.639990,-1.721989,-1.033194
2026-07-27T16:44:45.422197,1.4590,-0.326500,-0.059909,0.000000,-1.632499,-1.714124,-1.028475
2026-07-27T16:44:45.422230,1.4595,-0.325002,-0.060726,0.000000,-1.625010,-1.706261,-1.023756
2026-07-27T16:44:45.422270,1.4600,-0.330995,-0.057457,0.000000,-1.654975,-1.737723,-1.042634
2026-07-27T16:44:45.422303,1.4605,-0.329496,-0.058274,0.000000,-1.647482,-1.729856,-1.037913
2026-07-27T16:44:45.422336,1.4610,-0.327998,-0.059091,0.000000,-1.639990,-1.721989,-1.033194
2026-07-27T16:44:45.422369,1.4615,-0.326500,-0.059909,0.000000,-1.632499,-1.714124,-1.028475
2026-07-27T16:44:45.422402,1.4620,-0.325002,-0.060726,0.000000,-1.625010,-1.706261,-1.023756
2026-07-27T16:44:45.422436,1.4625,-0.330995,-0.057457,0.000000,-1.654975,-1.737723,-1.042634
2026-07-27T16:44:45.422470,1.4630,-0.329496,-0.058274,0.000000,-1.647482,-1.729856,-1.037913
2026-07-27T16:44:45.422500,1.4635,-0.327998,-0.059091,0.000000,-1.639990,-1.721989,-1.033194
2026-07-27T16:44:45.422530,1.4640,-0.326500,-0.059909,0.000000,-1.632499,-1.714124,-1.028475
2026-07-27T16:44:45.422561,1.4645,-0.325002,-0.060726,0.000000,-1.625010,-1.706261,-1.023756
2026-07-27T16:44:45.422591,1.4650,-0.330995,-0.057457,0.000000,-1.654975,-1.737723,-1.042634
2026-07-27T16:44:45.422620,1.4655,-0.329496,-0.058274,0.000000,-1.647482,-1.729856,-1.037913
2026-07-27T16:44:45.422650,1.4660,-0.327998,-0.059091,0.000000,-1.639990,-1.721989,-1.033194
2026-07-27T16:44:45.422680,1.4665,-0.326500,-0.059909,0.000000,-1.632499,-1.714124,-1.028475
2026-07-27T16:44:45.422710,1.4670,-0.325002,-0.060726,0.000000,-1.625010,-1.706261,-1.023756
2026-07-27T16:44:45.422740,1.4675,-0.330995,-0.057457,0.000000,-1.654975,-1.737723,-1.042634
2026-07-27T16:44:45.422770,1.4680,-0.329496,-0.058274,0.000000,-1.647482,-1.729856,-1.037913
2026-07-27T16:44:45.422800,1.4685,-0.327998,-0.059091,0.000000,-1.639990,-1.721989,-1.033194
2026-07-27T16:44:45.422830,1.4690,-0.326500,-0.059909,0.000000,-1.632499,-1.714124,-1.028475
2026-07-27T16:44:45.422860,1.4695,-0.325002,-0.060726,0.000000,-1.625010,-1.706261,-1.023756
2026-07-27T16:44:45.422891,1.4700,-0.330995,-0.057457,0.000000,-1.654975,-1.737723,-1.042634
2026-07-27T16:44:45.422922,1.4705,-0.329496,-0.058274,0.000000,-1.647482,-1.729856,-1.037913
2026-07-27T16:44:45.422952,1.4710,-0.327998,-0.059091,0.000000,-1.639990,-1.721989,-1.033194
2026-07-27T16:44:45.422982,1.4715,-0.326500,-0.059909,0.000000,-1.632499,-1.714124,-1.028475
2026-07-27T16:44:45.423011,1.4720,-0.325002,-0.060726,0.000000,-1.625010,-1.706261,-1.023756
2026-07-27T16:44:45.423041,1.4725,-0.330995,-0.057457,0.000000,-1.654975,-1.737723,-1.042634
2026-07-27T16:44:45.423071,1.4730,-0.329496,-0.058274,0.000000,-1.647482,-1.729856,-1.037913
2026-07-27T16:44:45.423101,1.4735,-0.327998,-0.059091,0.000000,-1.639990,-1.721989,-1.033194
2026-07-27T16:44:45.423131,1.4740,-0.326500,-0.059909,0.000000,-1.632499,-1.714124,-1.028475
2026-07-27T16:44:45.423160,1.4745,-0.325002,-0.060726,0.000000,-1.625010,-1.706261,-1.023756
2026-07-27T16:44:45.423191,1.4750,-0.330995,-0.057457,0.000000,-1.654975,-1.737723,-1.042634
2026-07-27T16:44:45.423221,1.4755,-0.329496,-0.058274,0.000000,-1.647482,-1.729856,-1.037913
2026-07-27T16:44:45.423251,1.4760,-0.327998,-0.059091,0.000000,-1.639990,-1.721989,-1.033194
2026-07-27T16:44:45.423286,1.4765,-0.326500,-0.059909,0.000000,-1.632499,-1.714124,-1.028475
2026-07-27T16:44:45.423317,1.4770,-0.325002,-0.060726,0.000000,-1.625010,-1.706261,-1.023756
2026-07-27T16:44:45.423348,1.4775,-0.330995,-0.057457,0.000000,-1.654975,-1.737723,-1.042634
2026-07-27T16:44:45.423378,1.4780,-0.329496,-0.058274,0.000000,-1.647482,-1.729856,-1.037913
2026-07-27T16:44:45.423408,1.4785,-0.327998,-0.059091,0.000000,-1.639990,-1.721989,-1.033194
2026-07-27T16:44:45.423437,1.4790,-0.326500,-0.059909,0.000000,-1.632499,-1.714124,-1.028475
2026-07-27T16:44:45.423467,1.4795,-0.325002,-0.060726,0.000000,-1.625010,-1.706261,-1.023756
2026-07-27T16:44:45.423497,1.4800,-0.330995,-0.057457,0.000000,-1.654975,-1.737723,-1.042634
2026-07-27T16:44:45.423526,1.4805,-0.329496,-0.058274,0.000000,-1.647482,-1.729856,-1.037913
2026-07-27T16:44:45.423556,1.4810,-0.327998,-0.059091,0.000000,-1.639990,-1.721989,-1.033194
2026-07-27T16:44:45.423586,1.4815,-0.326500,-0.059909,0.000000,-1.632499,-1.714124,-1.028475
2026-07-27T16:44:45.423617,1.4820,-0.325002,-0.060726,0.000000,-1.625010,-1.706261,-1.023756
2026-07-27T16:44:45.423647,1.4825,-0.330995,-0.057457,0.000000,-1.654975,-1.737723,-1.042634
2026-07-27T16:44:45.423677,1.4830,-0.329496,-0.058274,0.000000,-1.647482,-1.729856,-1.037913
2026-07-27T16:44:45.423707,1.4835,-0.327998,-0.059091,0.000000,-1.639990,-1.721989,-1.033194
2026-07-27T16:44:45.423736,1.4840,-0.326500,-0.059909,0.000000,-1.632499,-1.714124,-1.028475
2026-07-27T16:44:45.423767,1.4845,-0.325002,-0.060726,0.000000,-1.625010,-1.706261,-1.023756
2026-07-27T16:44:45.423799,1.4850,-0.330995,-0.057457,0.000000,-1.654975,-1.737723,-1.042634
2026-07-27T16:44:45.423829,1.4855,-0.329496,-0.058274,0.000000,-1.647482,-1.729856,-1.037913
2026-07-27T16:44:45.423859,1.4860,-0.327998,-0.059091,0.000000,-1.639990,-1.721989,-1.033194
2026-07-27T16:44:45.423889,1.4865,-0.326500,-0.059909,0.000000,-1.632499,-1.714124,-1.028475
2026-07-27T16:44:45.423918,1.4870,-0.325002,-0.060726,0.000000,-1.625010,-1.706261,-1.023756
2026-07-27T16:44:45.423966,1.4875,-0.330995,-0.057457,0.000000,-1.654975,-1.737723,-1.042634
2026-07-27T16:44:45.423998,1.4880,-0.329496,-0.058274,0.000000,-1.647482,-1.729856,-1.037913
2026-07-27T16:44:45.424028,1.4885,-0.327998,-0.059091,0.000000,-1.639990,-1.721989,-1.033194
2026-07-27T16:44:45.424058,1.4890,-0.326500,-0.059909,0.000000,-1.632499,-1.714124,-1.028475
2026-07-27T16:44:45.424088,1.4895,-0.325002,-0.060726,0.000000,-1.625010,-1.706261,-1.023756
2026-07-27T16:44:45.424119,1.4900,-0.330995,-0.057457,0.000000,-1.654975,-1.737723,-1.042634
2026-07-27T16:44:45.424149,1.4905,-0.329496,-0.058274,0.000000,-1.647482,-1.729856,-1.037913
2026-07-27T16:44:45.424179,1.4910,-0.327998,-0.059091,0.000000,-1.639990,-1.721989,-1.033194
2026-07-27T16:44:45.424209,1.4915,-0.326500,-0.059909,0.000000,-1.632499,-1.714124,-1.028475
2026-07-27T16:44:45.424239,1.4920,-0.325002,-0.060726,0.000000,-1.625010,-1.706261,-1.023756
2026-07-27T16:44:45.424276,1.4925,-0.330995,-0.057457,0.000000,-1.654975,-1.737723,-1.042634
2026-07-27T16:44:45.424307,1.4930,-0.329496,-0.058274,0.000000,-1.647482,-1.729856,-1.037913
2026-07-27T16:44:45.424336,1.4935,-0.327998,-0.059091,0.000000,-1.639990,-1.721989,-1.033194
2026-07-27T16:44:45.424367,1.4940,-0.326500,-0.059909,0.000000,-1.632499,-1.714124,-1.028475
2026-07-27T16:44:45.424397,1.4945,-0.325002,-0.060726,0.000000,-1.625010,-1.706261,-1.023756
2026-07-27T16:44:45.424428,1.4950,-0.330995,-0.057457,0.000000,-1.654975,-1.737723,-1.042634
2026-07-27T16:44:45.424458,1.4955,-0.329496,-0.058274,0.000000,-1.647482,-1.729856,-1.037913
2026-07-27T16:44:45.424489,1.4960,-0.327998,-0.059091,0.000000,-1.639990,-1.721989,-1.033194
2026-07-27T16:44:45.424518,1.4965,-0.326500,-0.059909,0.000000,-1.632499,-1.714124,-1.028475
2026-07-27T16:44:45.424548,1.4970,-0.325002,-0.060726,0.000000,-1.625010,-1.706261,-1.023756
2026-07-27T16:44:45.424579,1.4975,-0.330995,-0.057457,0.000000,-1.654975,-1.737723,-1.042634
2026-07-27T16:44:45.424610,1.4980,-0.329496,-0.058274,0.000000,-1.647482,-1.729856,-1.037913
2026-07-27T16:44:45.424640,1.4985,-0.327998,-0.059091,0.000000,-1.639990,-1.721989,-1.033194
2026-07-27T16:44:45.424670,1.4990,-0.326500,-0.059909,0.000000,-1.632499,-1.714124,-1.028475
2026-07-27T16:44:45.424700,1.4995,-0.325002,-0.060726,0.000000,-1.625010,-1.706261,-1.023756
2026-07-27T16:44:45.518519,1.5000,-0.323505,-0.061542,0.000000,-1.617523,-1.698399,-1.019039
2026-07-27T16:44:45.518622,1.5005,-0.322007,-0.062359,0.000000,-1.610036,-1.690538,-1.014323
2026-07-27T16:44:45.518682,1.5010,-0.320510,-0.063176,0.000000,-1.602551,-1.682679,-1.009607
2026-07-27T16:44:45.518733,1.5015,-0.319014,-0.063992,0.000000,-1.595068,-1.674821,-1.004893
2026-07-27T16:44:45.518785,1.5020,-0.317517,-0.064808,0.000000,-1.587586,-1.666965,-1.000179
2026-07-27T16:44:45.518829,1.5025,-0.323505,-0.061542,0.000000,-1.617523,-1.698399,-1.019039
2026-07-27T16:44:45.518874,1.5030,-0.322007,-0.062359,0.000000,-1.610036,-1.690538,-1.014323
2026-07-27T16:44:45.518917,1.5035,-0.320510,-0.063176,0.000000,-1.602551,-1.682679,-1.009607
2026-07-27T16:44:45.518960,1.5040,-0.319014,-0.063992,0.000000,-1.595068,-1.674821,-1.004893
2026-07-27T16:44:45.519004,1.5045,-0.317517,-0.064808,0.000000,-1.587586,-1.666965,-1.000179
2026-07-27T16:44:45.519047,1.5050,-0.323505,-0.061542,0.000000,-1.617523,-1.698399,-1.019039
2026-07-27T16:44:45.519091,1.5055,-0.322007,-0.062359,0.000000,-1.610036,-1.690538,-1.014323
2026-07-27T16:44:45.519134,1.5060,-0.320510,-0.063176,0.000000,-1.602551,-1.682679,-1.009607
2026-07-27T16:44:45.519177,1.5065,-0.319014,-0.063992,0.000000,-1.595068,-1.674821,-1.004893
2026-07-27T16:44:45.519219,1.5070,-0.317517,-0.064808,0.000000,-1.587586,-1.666965,-1.000179
2026-07-27T16:44:45.519267,1.5075,-0.323505,-0.061542,0.000000,-1.617523,-1.698399,-1.019039
2026-07-27T16:44:45.519310,1.5080,-0.322007,-0.062359,0.000000,-1.610036,-1.690538,-1.014323
2026-07-27T16:44:45.519353,1.5085,-0.320510,-0.063176,0.000000,-1.602551,-1.682679,-1.009607
2026-07-27T16:44:45.519396,1.5090,-0.319014,-0.063992,0.000000,-1.595068,-1.674821,-1.004893
2026-07-27T16:44:45.519438,1.5095,-0.317517,-0.064808,0.000000,-1.587586,-1.666965,-1.000179
2026-07-27T16:44:45.519480,1.5100,-0.323505,-0.061542,0.000000,-1.617523,-1.698399,-1.019039
2026-07-27T16:44:45.519522,1.5105,-0.322007,-0.062359,0.000000,-1.610036,-1.690538,-1.014323
2026-07-27T16:44:45.519564,1.5110,-0.320510,-0.063176,0.000000,-1.602551,-1.682679,-1.009607
2026-07-27T16:44:45.519606,1.5115,-0.319014,-0.063992,0.000000,-1.595068,-1.674821,-1.004893
2026-07-27T16:44:45.519647,1.5120,-0.317517,-0.064808,0.000000,-1.587586,-1.666965,-1.000179
2026-07-27T16:44:45.519689,1.5125,-0.323505,-0.061542,0.000000,-1.617523,-1.698399,-1.019039
2026-07-27T16:44:45.519731,1.5130,-0.322007,-0.062359,0.000000,-1.610036,-1.690538,-1.014323
2026-07-27T16:44:45.519773,1.5135,-0.320510,-0.063176,0.000000,-1.602551,-1.682679,-1.009607
2026-07-27T16:44:45.519818,1.5140,-0.319014,-0.063992,0.000000,-1.595068,-1.674821,-1.004893
2026-07-27T16:44:45.519861,1.5145,-0.317517,-0.064808,0.000000,-1.587586,-1.666965,-1.000179
2026-07-27T16:44:45.519903,1.5150,-0.323505,-0.061542,0.000000,-1.617523,-1.698399,-1.019039
2026-07-27T16:44:45.519946,1.5155,-0.322007,-0.062359,0.000000,-1.610036,-1.690538,-1.014323
2026-07-27T16:44:45.519987,1.5160,-0.320510,-0.063176,0.000000,-1.602551,-1.682679,-1.009607
2026-07-27T16:44:45.520030,1.5165,-0.319014,-0.063992,0.000000,-1.595068,-1.674821,-1.004893
2026-07-27T16:44:45.520071,1.5170,-0.317517,-0.064808,0.000000,-1.587586,-1.666965,-1.000179
2026-07-27T16:44:45.520114,1.5175,-0.323505,-0.061542,0.000000,-1.617523,-1.698399,-1.019039
2026-07-27T16:44:45.520156,1.5180,-0.322007,-0.062359,0.000000,-1.610036,-1.690538,-1.014323
2026-07-27T16:44:45.520199,1.5185,-0.320510,-0.063176,0.000000,-1.602551,-1.682679,-1.009607
2026-07-27T16:44:45.520241,1.5190,-0.319014,-0.063992,0.000000,-1.595068,-1.674821,-1.004893
2026-07-27T16:44:45.520300,1.5195,-0.317517,-0.064808,0.000000,-1.587586,-1.666965,-1.000179
2026-07-27T16:44:45.520345,1.5200,-0.323505,-0.061542,0.000000,-1.617523,-1.698399,-1.019039
2026-07-27T16:44:45.520389,1.5205,-0.322007,-0.062359,0.000000,-1.610036,-1.690538,-1.014323
2026-07-27T16:44:45.520431,1.5210,-0.320510,-0.063176,0.000000,-1.602551,-1.682679,-1.009607
2026-07-27T16:44:45.520474,1.5215,-0.319014,-0.063992,0.000000,-1.595068,-1.674821,-1.004893
2026-07-27T16:44:45.520515,1.5220,-0.317517,-0.064808,0.000000,-1.587586,-1.666965,-1.000179
2026-07-27T16:44:45.520557,1.5225,-0.323505,-0.061542,0.000000,-1.617523,-1.698399,-1.019039
2026-07-27T16:44:45.520599,1.5230,-0.322007,-0.062359,0.000000,-1.610036,-1.690538,-1.014323
2026-07-27T16:44:45.520642,1.5235,-0.320510,-0.063176,0.000000,-1.602551,-1.682679,-1.009607
2026-07-27T16:44:45.520684,1.5240,-0.319014,-0.063992,0.000000,-1.595068,-1.674821,-1.004893
2026-07-27T16:44:45.520726,1.5245,-0.317517,-0.064808,0.000000,-1.587586,-1.666965,-1.000179
2026-07-27T16:44:45.520767,1.5250,-0.323505,-0.061542,0.000000,-1.617523,-1.698399,-1.019039
2026-07-27T16:44:45.520811,1.5255,-0.322007,-0.062359,0.000000,-1.610036,-1.690538,-1.014323
2026-07-27T16:44:45.520853,1.5260,-0.320510,-0.063176,0.000000,-1.602551,-1.682679,-1.009607
2026-07-27T16:44:45.520897,1.5265,-0.319014,-0.063992,0.000000,-1.595068,-1.674821,-1.004893
2026-07-27T16:44:45.520935,1.5270,-0.317517,-0.064808,0.000000,-1.587586,-1.666965,-1.000179
2026-07-27T16:44:45.520975,1.5275,-0.323505,-0.061542,0.000000,-1.617523,-1.698399,-1.019039
2026-07-27T16:44:45.521013,1.5280,-0.322007,-0.062359,0.000000,-1.610036,-1.690538,-1.014323
2026-07-27T16:44:45.521052,1.5285,-0.320510,-0.063176,0.000000,-1.602551,-1.682679,-1.009607
2026-07-27T16:44:45.521092,1.5290,-0.319014,-0.063992,0.000000,-1.595068,-1.674821,-1.004893
2026-07-27T16:44:45.521133,1.5295,-0.317517,-0.064808,0.000000,-1.587586,-1.666965,-1.000179
2026-07-27T16:44:45.521170,1.5300,-0.323505,-0.061542,0.000000,-1.617523,-1.698399,-1.019039
2026-07-27T16:44:45.521208,1.5305,-0.322007,-0.062359,0.000000,-1.610036,-1.690538,-1.014323
2026-07-27T16:44:45.521247,1.5310,-0.320510,-0.063176,0.000000,-1.602551,-1.682679,-1.009607
2026-07-27T16:44:45.521291,1.5315,-0.319014,-0.063992,0.000000,-1.595068,-1.674821,-1.004893
2026-07-27T16:44:45.521329,1.5320,-0.317517,-0.064808,0.000000,-1.587586,-1.666965,-1.000179
2026-07-27T16:44:45.521367,1.5325,-0.323505,-0.061542,0.000000,-1.617523,-1.698399,-1.019039
2026-07-27T16:44:45.521405,1.5330,-0.322007,-0.062359,0.000000,-1.610036,-1.690538,-1.014323
2026-07-27T16:44:45.521445,1.5335,-0.320510,-0.063176,0.000000,-1.602551,-1.682679,-1.009607
2026-07-27T16:44:45.521484,1.5340,-0.319014,-0.063992,0.000000,-1.595068,-1.674821,-1.004893
2026-07-27T16:44:45.521523,1.5345,-0.317517,-0.064808,0.000000,-1.587586,-1.666965,-1.000179
2026-07-27T16:44:45.521560,1.5350,-0.323505,-0.061542,0.000000,-1.617523,-1.698399,-1.019039
2026-07-27T16:44:45.521599,1.5355,-0.322007,-0.062359,0.000000,-1.610036,-1.690538,-1.014323
2026-07-27T16:44:45.521638,1.5360,-0.320510,-0.063176,0.000000,-1.602551,-1.682679,-1.009607
2026-07-27T16:44:45.521677,1.5365,-0.319014,-0.063992,0.000000,-1.595068,-1.674821,-1.004893
2026-07-27T16:44:45.521717,1.5370,-0.317517,-0.064808,0.000000,-1.587586,-1.666965,-1.000179
2026-07-27T16:44:45.521755,1.5375,-0.323505,-0.061542,0.000000,-1.617523,-1.698399,-1.019039
2026-07-27T16:44:45.521792,1.5380,-0.322007,-0.062359,0.000000,-1.610036,-1.690538,-1.014323
2026-07-27T16:44:45.521833,1.5385,-0.320510,-0.063176,0.000000,-1.602551,-1.682679,-1.009607
2026-07-27T16:44:45.521875,1.5390,-0.319014,-0.063992,0.000000,-1.595068,-1.674821,-1.004893
2026-07-27T16:44:45.521909,1.5395,-0.317517,-0.064808,0.000000,-1.587586,-1.666965,-1.000179
2026-07-27T16:44:45.521944,1.5400,-0.323505,-0.061542,0.000000,-1.617523,-1.698399,-1.019039
2026-07-27T16:44:45.521979,1.5405,-0.322007,-0.062359,0.000000,-1.610036,-1.690538,-1.014323
2026-07-27T16:44:45.522015,1.5410,-0.320510,-0.063176,0.000000,-1.602551,-1.682679,-1.009607
2026-07-27T16:44:45.522050,1.5415,-0.319014,-0.063992,0.000000,-1.595068,-1.674821,-1.004893
2026-07-27T16:44:45.522085,1.5420,-0.317517,-0.064808,0.000000,-1.587586,-1.666965,-1.000179
2026-07-27T16:44:45.522120,1.5425,-0.323505,-0.061542,0.000000,-1.617523,-1.698399,-1.019039
2026-07-27T16:44:45.522154,1.5430,-0.322007,-0.062359,0.000000,-1.610036,-1.690538,-1.014323
2026-07-27T16:44:45.522190,1.5435,-0.320510,-0.063176,0.000000,-1.602551,-1.682679,-1.009607
2026-07-27T16:44:45.522310,1.5440,-0.319014,-0.063992,0.000000,-1.595068,-1.674821,-1.004893
2026-07-27T16:44:45.522347,1.5445,-0.317517,-0.064808,0.000000,-1.587586,-1.666965,-1.000179
2026-07-27T16:44:45.522383,1.5450,-0.323505,-0.061542,0.000000,-1.617523,-1.698399,-1.019039
2026-07-27T16:44:45.522418,1.5455,-0.322007,-0.062359,0.000000,-1.610036,-1.690538,-1.014323
2026-07-27T16:44:45.522453,1.5460,-0.320510,-0.063176,0.000000,-1.602551,-1.682679,-1.009607
2026-07-27T16:44:45.522488,1.5465,-0.319014,-0.063992,0.000000,-1.595068,-1.674821,-1.004893
2026-07-27T16:44:45.522523,1.5470,-0.317517,-0.064808,0.000000,-1.587586,-1.666965,-1.000179
2026-07-27T16:44:45.522558,1.5475,-0.323505,-0.061542,0.000000,-1.617523,-1.698399,-1.019039
2026-07-27T16:44:45.522593,1.5480,-0.322007,-0.062359,0.000000,-1.610036,-1.690538,-1.014323
2026-07-27T16:44:45.522629,1.5485,-0.320510,-0.063176,0.000000,-1.602551,-1.682679,-1.009607
2026-07-27T16:44:45.522664,1.5490,-0.319014,-0.063992,0.000000,-1.595068,-1.674821,-1.004893
2026-07-27T16:44:45.522699,1.5495,-0.317517,-0.064808,0.000000,-1.587586,-1.666965,-1.000179
2026-07-27T16:44:45.522734,1.5500,-0.323505,-0.061542,0.000000,-1.617523,-1.698399,-1.019039
2026-07-27T16:44:45.522769,1.5505,-0.322007,-0.062359,0.000000,-1.610036,-1.690538,-1.014323
2026-07-27T16:44:45.522803,1.5510,-0.320510,-0.063176,0.000000,-1.602551,-1.682679,-1.009607
2026-07-27T16:44:45.522838,1.5515,-0.319014,-0.063992,0.000000,-1.595068,-1.674821,-1.004893
2026-07-27T16:44:45.522873,1.5520,-0.317517,-0.064808,0.000000,-1.587586,-1.666965,-1.000179
2026-07-27T16:44:45.522907,1.5525,-0.323505,-0.061542,0.000000,-1.617523,-1.698399,-1.019039
2026-07-27T16:44:45.522939,1.5530,-0.322007,-0.062359,0.000000,-1.610036,-1.690538,-1.014323
2026-07-27T16:44:45.522973,1.5535,-0.320510,-0.063176,0.000000,-1.602551,-1.682679,-1.009607
2026-07-27T16:44:45.523004,1.5540,-0.319014,-0.063992,0.000000,-1.595068,-1.674821,-1.004893
2026-07-27T16:44:45.523036,1.5545,-0.317517,-0.064808,0.000000,-1.587586,-1.666965,-1.000179
2026-07-27T16:44:45.523068,1.5550,-0.323505,-0.061542,0.000000,-1.617523,-1.698399,-1.019039
2026-07-27T16:44:45.523100,1.5555,-0.322007,-0.062359,0.000000,-1.610036,-1.690538,-1.014323
2026-07-27T16:44:45.523133,1.5560,-0.320510,-0.063176,0.000000,-1.602551,-1.682679,-1.009607
2026-07-27T16:44:45.523165,1.5565,-0.319014,-0.063992,0.000000,-1.595068,-1.674821,-1.004893
2026-07-27T16:44:45.523198,1.5570,-0.317517,-0.064808,0.000000,-1.587586,-1.666965,-1.000179
2026-07-27T16:44:45.523231,1.5575,-0.323505,-0.061542,0.000000,-1.617523,-1.698399,-1.019039
2026-07-27T16:44:45.523268,1.5580,-0.322007,-0.062359,0.000000,-1.610036,-1.690538,-1.014323
2026-07-27T16:44:45.523301,1.5585,-0.320510,-0.063176,0.000000,-1.602551,-1.682679,-1.009607
2026-07-27T16:44:45.523333,1.5590,-0.319014,-0.063992,0.000000,-1.595068,-1.674821,-1.004893
2026-07-27T16:44:45.523365,1.5595,-0.317517,-0.064808,0.000000,-1.587586,-1.666965,-1.000179
2026-07-27T16:44:45.523398,1.5600,-0.323505,-0.061542,0.000000,-1.617523,-1.698399,-1.019039
2026-07-27T16:44:45.523430,1.5605,-0.322007,-0.062359,0.000000,-1.610036,-1.690538,-1.014323
2026-07-27T16:44:45.523463,1.5610,-0.320510,-0.063176,0.000000,-1.602551,-1.682679,-1.009607
2026-07-27T16:44:45.523495,1.5615,-0.319014,-0.063992,0.000000,-1.595068,-1.674821,-1.004893
2026-07-27T16:44:45.523527,1.5620,-0.317517,-0.064808,0.000000,-1.587586,-1.666965,-1.000179
2026-07-27T16:44:45.523559,1.5625,-0.323505,-0.061542,0.000000,-1.617523,-1.698399,-1.019039
2026-07-27T16:44:45.523591,1.5630,-0.322007,-0.062359,0.000000,-1.610036,-1.690538,-1.014323
2026-07-27T16:44:45.523623,1.5635,-0.320510,-0.063176,0.000000,-1.602551,-1.682679,-1.009607
2026-07-27T16:44:45.523656,1.5640,-0.319014,-0.063992,0.000000,-1.595068,-1.674821,-1.004893
2026-07-27T16:44:45.523688,1.5645,-0.317517,-0.064808,0.000000,-1.587586,-1.666965,-1.000179
2026-07-27T16:44:45.523721,1.5650,-0.323505,-0.061542,0.000000,-1.617523,-1.698399,-1.019039
2026-07-27T16:44:45.523753,1.5655,-0.322007,-0.062359,0.000000,-1.610036,-1.690538,-1.014323
2026-07-27T16:44:45.523785,1.5660,-0.320510,-0.063176,0.000000,-1.602551,-1.682679,-1.009607
2026-07-27T16:44:45.523814,1.5665,-0.319014,-0.063992,0.000000,-1.595068,-1.674821,-1.004893
2026-07-27T16:44:45.523844,1.5670,-0.317517,-0.064808,0.000000,-1.587586,-1.666965,-1.000179
2026-07-27T16:44:45.523875,1.5675,-0.323505,-0.061542,0.000000,-1.617523,-1.698399,-1.019039
2026-07-27T16:44:45.523905,1.5680,-0.322007,-0.062359,0.000000,-1.610036,-1.690538,-1.014323
2026-07-27T16:44:45.523934,1.5685,-0.320510,-0.063176,0.000000,-1.602551,-1.682679,-1.009607
2026-07-27T16:44:45.523964,1.5690,-0.319014,-0.063992,0.000000,-1.595068,-1.674821,-1.004893
2026-07-27T16:44:45.523995,1.5695,-0.317517,-0.064808,0.000000,-1.587586,-1.666965,-1.000179
2026-07-27T16:44:45.524024,1.5700,-0.323505,-0.061542,0.000000,-1.617523,-1.698399,-1.019039
2026-07-27T16:44:45.524054,1.5705,-0.322007,-0.062359,0.000000,-1.610036,-1.690538,-1.014323
2026-07-27T16:44:45.524084,1.5710,-0.320510,-0.063176,0.000000,-1.602551,-1.682679,-1.009607
2026-07-27T16:44:45.524114,1.5715,-0.319014,-0.063992,0.000000,-1.595068,-1.674821,-1.004893
2026-07-27T16:44:45.524144,1.5720,-0.317517,-0.064808,0.000000,-1.587586,-1.666965,-1.000179
2026-07-27T16:44:45.524175,1.5725,-0.323505,-0.061542,0.000000,-1.617523,-1.698399,-1.019039
2026-07-27T16:44:45.524206,1.5730,-0.322007,-0.062359,0.000000,-1.610036,-1.690538,-1.014323
2026-07-27T16:44:45.524236,1.5735,-0.320510,-0.063176,0.000000,-1.602551,-1.682679,-1.009607
2026-07-27T16:44:45.524269,1.5740,-0.319014,-0.063992,0.000000,-1.595068,-1.674821,-1.004893
2026-07-27T16:44:45.524301,1.5745,-0.317517,-0.064808,0.000000,-1.587586,-1.666965,-1.000179
2026-07-27T16:44:45.524331,1.5750,-0.323505,-0.061542,0.000000,-1.617523,-1.698399,-1.019039
2026-07-27T16:44:45.524362,1.5755,-0.322007,-0.062359,0.000000,-1.610036,-1.690538,-1.014323
2026-07-27T16:44:45.524392,1.5760,-0.320510,-0.063176,0.000000,-1.602551,-1.682679,-1.009607
2026-07-27T16:44:45.524421,1.5765,-0.319014,-0.063992,0.000000,-1.595068,-1.674821,-1.004893
2026-07-27T16:44:45.524451,1.5770,-0.317517,-0.064808,0.000000,-1.587586,-1.666965,-1.000179
2026-07-27T16:44:45.524482,1.5775,-0.323505,-0.061542,0.000000,-1.617523,-1.698399,-1.019039
2026-07-27T16:44:45.524513,1.5780,-0.322007,-0.062359,0.000000,-1.610036,-1.690538,-1.014323
2026-07-27T16:44:45.524544,1.5785,-0.320510,-0.063176,0.000000,-1.602551,-1.682679,-1.009607
2026-07-27T16:44:45.524575,1.5790,-0.319014,-0.063992,0.000000,-1.595068,-1.674821,-1.004893
2026-07-27T16:44:45.524604,1.5795,-0.317517,-0.064808,0.000000,-1.587586,-1.666965,-1.000179
2026-07-27T16:44:45.524634,1.5800,-0.323505,-0.061542,0.000000,-1.617523,-1.698399,-1.019039
2026-07-27T16:44:45.524664,1.5805,-0.322007,-0.062359,0.000000,-1.610036,-1.690538,-1.014323
2026-07-27T16:44:45.524694,1.5810,-0.320510,-0.063176,0.000000,-1.602551,-1.682679,-1.009607
2026-07-27T16:44:45.524724,1.5815,-0.319014,-0.063992,0.000000,-1.595068,-1.674821,-1.004893
2026-07-27T16:44:45.524754,1.5820,-0.317517,-0.064808,0.000000,-1.587586,-1.666965,-1.000179
2026-07-27T16:44:45.524784,1.5825,-0.323505,-0.061542,0.000000,-1.617523,-1.698399,-1.019039
2026-07-27T16:44:45.524815,1.5830,-0.322007,-0.062359,0.000000,-1.610036,-1.690538,-1.014323
2026-07-27T16:44:45.524843,1.5835,-0.320510,-0.063176,0.000000,-1.602551,-1.682679,-1.009607
2026-07-27T16:44:45.524872,1.5840,-0.319014,-0.063992,0.000000,-1.595068,-1.674821,-1.004893
2026-07-27T16:44:45.524900,1.5845,-0.317517,-0.064808,0.000000,-1.587586,-1.666965,-1.000179
2026-07-27T16:44:45.524928,1.5850,-0.323505,-0.061542,0.000000,-1.617523,-1.698399,-1.019039
2026-07-27T16:44:45.524956,1.5855,-0.322007,-0.062359,0.000000,-1.610036,-1.690538,-1.014323
2026-07-27T16:44:45.524987,1.5860,-0.320510,-0.063176,0.000000,-1.602551,-1.682679,-1.009607
2026-07-27T16:44:45.525015,1.5865,-0.319014,-0.063992,0.000000,-1.595068,-1.674821,-1.004893
2026-07-27T16:44:45.525043,1.5870,-0.317517,-0.064808,0.000000,-1.587586,-1.666965,-1.000179
2026-07-27T16:44:45.525086,1.5875,-0.323505,-0.061542,0.000000,-1.617523,-1.698399,-1.019039
2026-07-27T16:44:45.525115,1.5880,-0.322007,-0.062359,0.000000,-1.610036,-1.690538,-1.014323
2026-07-27T16:44:45.525144,1.5885,-0.320510,-0.063176,0.000000,-1.602551,-1.682679,-1.009607
2026-07-27T16:44:45.525173,1.5890,-0.319014,-0.063992,0.000000,-1.595068,-1.674821,-1.004893
2026-07-27T16:44:45.525201,1.5895,-0.317517,-0.064808,0.000000,-1.587586,-1.666965,-1.000179
2026-07-27T16:44:45.525228,1.5900,-0.323505,-0.061542,0.000000,-1.617523,-1.698399,-1.019039
2026-07-27T16:44:45.525256,1.5905,-0.322007,-0.062359,0.000000,-1.610036,-1.690538,-1.014323
2026-07-27T16:44:45.525290,1.5910,-0.320510,-0.063176,0.000000,-1.602551,-1.682679,-1.009607
2026-07-27T16:44:45.525318,1.5915,-0.319014,-0.063992,0.000000,-1.595068,-1.674821,-1.004893
2026-07-27T16:44:45.525345,1.5920,-0.317517,-0.064808,0.000000,-1.587586,-1.666965,-1.000179
2026-07-27T16:44:45.525374,1.5925,-0.323505,-0.061542,0.000000,-1.617523,-1.698399,-1.019039
2026-07-27T16:44:45.525402,1.5930,-0.322007,-0.062359,0.000000,-1.610036,-1.690538,-1.014323
2026-07-27T16:44:45.525430,1.5935,-0.320510,-0.063176,0.000000,-1.602551,-1.682679,-1.009607
2026-07-27T16:44:45.525458,1.5940,-0.319014,-0.063992,0.000000,-1.595068,-1.674821,-1.004893
2026-07-27T16:44:45.525486,1.5945,-0.317517,-0.064808,0.000000,-1.587586,-1.666965,-1.000179
2026-07-27T16:44:45.525514,1.5950,-0.323505,-0.061542,0.000000,-1.617523,-1.698399,-1.019039
2026-07-27T16:44:45.525542,1.5955,-0.322007,-0.062359,0.000000,-1.610036,-1.690538,-1.014323
2026-07-27T16:44:45.525569,1.5960,-0.320510,-0.063176,0.000000,-1.602551,-1.682679,-1.009607
2026-07-27T16:44:45.525598,1.5965,-0.319014,-0.063992,0.000000,-1.595068,-1.674821,-1.004893
2026-07-27T16:44:45.525626,1.5970,-0.317517,-0.064808,0.000000,-1.587586,-1.666965,-1.000179
2026-07-27T16:44:45.525655,1.5975,-0.323505,-0.061542,0.000000,-1.617523,-1.698399,-1.019039
2026-07-27T16:44:45.525682,1.5980,-0.322007,-0.062359,0.000000,-1.610036,-1.690538,-1.014323
2026-07-27T16:44:45.525710,1.5985,-0.320510,-0.063176,0.000000,-1.602551,-1.682679,-1.009607
2026-07-27T16:44:45.525738,1.5990,-0.319014,-0.063992,0.000000,-1.595068,-1.674821,-1.004893
2026-07-27T16:44:45.525766,1.5995,-0.317517,-0.064808,0.000000,-1.587586,-1.666965,-1.000179
2026-07-27T16:44:45.618082,1.6000,-0.316021,-0.065624,0.000000,-1.580105,-1.659110,-0.995466
2026-07-27T16:44:45.618175,1.6005,-0.314525,-0.066440,0.000000,-1.572626,-1.651257,-0.990754
2026-07-27T16:44:45.618216,1.6010,-0.313030,-0.067256,0.000000,-1.565149,-1.643406,-0.986044
2026-07-27T16:44:45.618252,1.6015,-0.311534,-0.068072,0.000000,-1.557672,-1.635556,-0.981334
2026-07-27T16:44:45.618301,1.6020,-0.310040,-0.068887,0.000000,-1.550198,-1.627708,-0.976625
2026-07-27T16:44:45.618336,1.6025,-0.316021,-0.065624,0.000000,-1.580105,-1.659110,-0.995466
2026-07-27T16:44:45.618370,1.6030,-0.314525,-0.066440,0.000000,-1.572626,-1.651257,-0.990754
2026-07-27T16:44:45.618403,1.6035,-0.313030,-0.067256,0.000000,-1.565149,-1.643406,-0.986044
2026-07-27T16:44:45.618435,1.6040,-0.311534,-0.068072,0.000000,-1.557672,-1.635556,-0.981334
2026-07-27T16:44:45.618467,1.6045,-0.310040,-0.068887,0.000000,-1.550198,-1.627708,-0.976625
2026-07-27T16:44:45.618500,1.6050,-0.316021,-0.065624,0.000000,-1.580105,-1.659110,-0.995466
2026-07-27T16:44:45.618533,1.6055,-0.314525,-0.066440,0.000000,-1.572626,-1.651257,-0.990754
2026-07-27T16:44:45.618565,1.6060,-0.313030,-0.067256,0.000000,-1.565149,-1.643406,-0.986044
2026-07-27T16:44:45.618598,1.6065,-0.311534,-0.068072,0.000000,-1.557672,-1.635556,-0.981334
2026-07-27T16:44:45.618632,1.6070,-0.310040,-0.068887,0.000000,-1.550198,-1.627708,-0.976625
2026-07-27T16:44:45.618663,1.6075,-0.316021,-0.065624,0.000000,-1.580105,-1.659110,-0.995466
2026-07-27T16:44:45.618695,1.6080,-0.314525,-0.066440,0.000000,-1.572626,-1.651257,-0.990754
2026-07-27T16:44:45.618729,1.6085,-0.313030,-0.067256,0.000000,-1.565149,-1.643406,-0.986044
2026-07-27T16:44:45.618762,1.6090,-0.311534,-0.068072,0.000000,-1.557672,-1.635556,-0.981334
2026-07-27T16:44:45.618794,1.6095,-0.310040,-0.068887,0.000000,-1.550198,-1.627708,-0.976625
2026-07-27T16:44:45.618826,1.6100,-0.316021,-0.065624,0.000000,-1.580105,-1.659110,-0.995466
2026-07-27T16:44:45.618860,1.6105,-0.314525,-0.066440,0.000000,-1.572626,-1.651257,-0.990754
2026-07-27T16:44:45.618889,1.6110,-0.313030,-0.067256,0.000000,-1.565149,-1.643406,-0.986044
2026-07-27T16:44:45.618919,1.6115,-0.311534,-0.068072,0.000000,-1.557672,-1.635556,-0.981334
2026-07-27T16:44:45.618949,1.6120,-0.310040,-0.068887,0.000000,-1.550198,-1.627708,-0.976625
2026-07-27T16:44:45.618979,1.6125,-0.316021,-0.065624,0.000000,-1.580105,-1.659110,-0.995466
2026-07-27T16:44:45.619010,1.6130,-0.314525,-0.066440,0.000000,-1.572626,-1.651257,-0.990754
2026-07-27T16:44:45.619040,1.6135,-0.313030,-0.067256,0.000000,-1.565149,-1.643406,-0.986044
2026-07-27T16:44:45.619073,1.6140,-0.311534,-0.068072,0.000000,-1.557672,-1.635556,-0.981334
2026-07-27T16:44:45.619103,1.6145,-0.310040,-0.068887,0.000000,-1.550198,-1.627708,-0.976625
2026-07-27T16:44:45.619134,1.6150,-0.316021,-0.065624,0.000000,-1.580105,-1.659110,-0.995466
2026-07-27T16:44:45.619165,1.6155,-0.314525,-0.066440,0.000000,-1.572626,-1.651257,-0.990754
2026-07-27T16:44:45.619196,1.6160,-0.313030,-0.067256,0.000000,-1.565149,-1.643406,-0.986044
2026-07-27T16:44:45.619228,1.6165,-0.311534,-0.068072,0.000000,-1.557672,-1.635556,-0.981334
2026-07-27T16:44:45.619259,1.6170,-0.310040,-0.068887,0.000000,-1.550198,-1.627708,-0.976625
2026-07-27T16:44:45.619298,1.6175,-0.316021,-0.065624,0.000000,-1.580105,-1.659110,-0.995466
2026-07-27T16:44:45.619329,1.6180,-0.314525,-0.066440,0.000000,-1.572626,-1.651257,-0.990754
2026-07-27T16:44:45.619360,1.6185,-0.313030,-0.067256,0.000000,-1.565149,-1.643406,-0.986044
2026-07-27T16:44:45.619392,1.6190,-0.311534,-0.068072,0.000000,-1.557672,-1.635556,-0.981334
2026-07-27T16:44:45.619422,1.6195,-0.310040,-0.068887,0.000000,-1.550198,-1.627708,-0.976625
2026-07-27T16:44:45.619452,1.6200,-0.316021,-0.065624,0.000000,-1.580105,-1.659110,-0.995466
2026-07-27T16:44:45.619483,1.6205,-0.314525,-0.066440,0.000000,-1.572626,-1.651257,-0.990754
2026-07-27T16:44:45.619513,1.6210,-0.313030,-0.067256,0.000000,-1.565149,-1.643406,-0.986044
2026-07-27T16:44:45.619543,1.6215,-0.311534,-0.068072,0.000000,-1.557672,-1.635556,-0.981334
2026-07-27T16:44:45.619573,1.6220,-0.310040,-0.068887,0.000000,-1.550198,-1.627708,-0.976625
2026-07-27T16:44:45.619603,1.6225,-0.316021,-0.065624,0.000000,-1.580105,-1.659110,-0.995466
2026-07-27T16:44:45.619633,1.6230,-0.314525,-0.066440,0.000000,-1.572626,-1.651257,-0.990754
2026-07-27T16:44:45.619664,1.6235,-0.313030,-0.067256,0.000000,-1.565149,-1.643406,-0.986044
2026-07-27T16:44:45.619695,1.6240,-0.311534,-0.068072,0.000000,-1.557672,-1.635556,-0.981334
2026-07-27T16:44:45.619725,1.6245,-0.310040,-0.068887,0.000000,-1.550198,-1.627708,-0.976625
2026-07-27T16:44:45.619757,1.6250,-0.316021,-0.065624,0.000000,-1.580105,-1.659110,-0.995466
2026-07-27T16:44:45.619790,1.6255,-0.314525,-0.066440,0.000000,-1.572626,-1.651257,-0.990754
2026-07-27T16:44:45.619822,1.6260,-0.313030,-0.067256,0.000000,-1.565149,-1.643406,-0.986044
2026-07-27T16:44:45.619855,1.6265,-0.311534,-0.068072,0.000000,-1.557672,-1.635556,-0.981334
2026-07-27T16:44:45.619888,1.6270,-0.310040,-0.068887,0.000000,-1.550198,-1.627708,-0.976625
2026-07-27T16:44:45.619920,1.6275,-0.316021,-0.065624,0.000000,-1.580105,-1.659110,-0.995466
2026-07-27T16:44:45.619953,1.6280,-0.314525,-0.066440,0.000000,-1.572626,-1.651257,-0.990754
2026-07-27T16:44:45.619985,1.6285,-0.313030,-0.067256,0.000000,-1.565149,-1.643406,-0.986044
2026-07-27T16:44:45.620018,1.6290,-0.311534,-0.068072,0.000000,-1.557672,-1.635556,-0.981334
2026-07-27T16:44:45.620051,1.6295,-0.310040,-0.068887,0.000000,-1.550198,-1.627708,-0.976625
2026-07-27T16:44:45.620084,1.6300,-0.316021,-0.065624,0.000000,-1.580105,-1.659110,-0.995466
2026-07-27T16:44:45.620117,1.6305,-0.314525,-0.066440,0.000000,-1.572626,-1.651257,-0.990754
2026-07-27T16:44:45.620149,1.6310,-0.313030,-0.067256,0.000000,-1.565149,-1.643406,-0.986044
2026-07-27T16:44:45.620182,1.6315,-0.311534,-0.068072,0.000000,-1.557672,-1.635556,-0.981334
2026-07-27T16:44:45.620215,1.6320,-0.310040,-0.068887,0.000000,-1.550198,-1.627708,-0.976625
2026-07-27T16:44:45.620247,1.6325,-0.316021,-0.065624,0.000000,-1.580105,-1.659110,-0.995466
2026-07-27T16:44:45.620288,1.6330,-0.314525,-0.066440,0.000000,-1.572626,-1.651257,-0.990754
2026-07-27T16:44:45.620320,1.6335,-0.313030,-0.067256,0.000000,-1.565149,-1.643406,-0.986044
2026-07-27T16:44:45.620353,1.6340,-0.311534,-0.068072,0.000000,-1.557672,-1.635556,-0.981334
2026-07-27T16:44:45.620385,1.6345,-0.310040,-0.068887,0.000000,-1.550198,-1.627708,-0.976625
2026-07-27T16:44:45.620417,1.6350,-0.316021,-0.065624,0.000000,-1.580105,-1.659110,-0.995466
2026-07-27T16:44:45.620450,1.6355,-0.314525,-0.066440,0.000000,-1.572626,-1.651257,-0.990754
2026-07-27T16:44:45.620482,1.6360,-0.313030,-0.067256,0.000000,-1.565149,-1.643406,-0.986044
2026-07-27T16:44:45.620515,1.6365,-0.311534,-0.068072,0.000000,-1.557672,-1.635556,-0.981334
2026-07-27T16:44:45.620546,1.6370,-0.310040,-0.068887,0.000000,-1.550198,-1.627708,-0.976625
2026-07-27T16:44:45.620579,1.6375,-0.316021,-0.065624,0.000000,-1.580105,-1.659110,-0.995466
2026-07-27T16:44:45.620612,1.6380,-0.314525,-0.066440,0.000000,-1.572626,-1.651257,-0.990754
2026-07-27T16:44:45.620646,1.6385,-0.313030,-0.067256,0.000000,-1.565149,-1.643406,-0.986044
2026-07-27T16:44:45.620680,1.6390,-0.311534,-0.068072,0.000000,-1.557672,-1.635556,-0.981334
2026-07-27T16:44:45.620713,1.6395,-0.310040,-0.068887,0.000000,-1.550198,-1.627708,-0.976625
2026-07-27T16:44:45.620745,1.6400,-0.316021,-0.065624,0.000000,-1.580105,-1.659110,-0.995466
2026-07-27T16:44:45.620777,1.6405,-0.314525,-0.066440,0.000000,-1.572626,-1.651257,-0.990754
2026-07-27T16:44:45.620809,1.6410,-0.313030,-0.067256,0.000000,-1.565149,-1.643406,-0.986044
2026-07-27T16:44:45.620842,1.6415,-0.311534,-0.068072,0.000000,-1.557672,-1.635556,-0.981334
2026-07-27T16:44:45.620874,1.6420,-0.310040,-0.068887,0.000000,-1.550198,-1.627708,-0.976625
2026-07-27T16:44:45.620908,1.6425,-0.316021,-0.065624,0.000000,-1.580105,-1.659110,-0.995466
2026-07-27T16:44:45.620942,1.6430,-0.314525,-0.066440,0.000000,-1.572626,-1.651257,-0.990754
2026-07-27T16:44:45.620975,1.6435,-0.313030,-0.067256,0.000000,-1.565149,-1.643406,-0.986044
2026-07-27T16:44:45.621070,1.6440,-0.311534,-0.068072,0.000000,-1.557672,-1.635556,-0.981334
2026-07-27T16:44:45.621105,1.6445,-0.310040,-0.068887,0.000000,-1.550198,-1.627708,-0.976625
2026-07-27T16:44:45.621139,1.6450,-0.316021,-0.065624,0.000000,-1.580105,-1.659110,-0.995466
2026-07-27T16:44:45.621171,1.6455,-0.314525,-0.066440,0.000000,-1.572626,-1.651257,-0.990754
2026-07-27T16:44:45.621205,1.6460,-0.313030,-0.067256,0.000000,-1.565149,-1.643406,-0.986044
2026-07-27T16:44:45.621238,1.6465,-0.311534,-0.068072,0.000000,-1.557672,-1.635556,-0.981334
2026-07-27T16:44:45.621277,1.6470,-0.310040,-0.068887,0.000000,-1.550198,-1.627708,-0.976625
2026-07-27T16:44:45.621310,1.6475,-0.316021,-0.065624,0.000000,-1.580105,-1.659110,-0.995466
2026-07-27T16:44:45.621343,1.6480,-0.314525,-0.066440,0.000000,-1.572626,-1.651257,-0.990754
2026-07-27T16:44:45.621376,1.6485,-0.313030,-0.067256,0.000000,-1.565149,-1.643406,-0.986044
2026-07-27T16:44:45.621408,1.6490,-0.311534,-0.068072,0.000000,-1.557672,-1.635556,-0.981334
2026-07-27T16:44:45.621441,1.6495,-0.310040,-0.068887,0.000000,-1.550198,-1.627708,-0.976625
2026-07-27T16:44:45.621475,1.6500,-0.316021,-0.065624,0.000000,-1.580105,-1.659110,-0.995466
2026-07-27T16:44:45.621507,1.6505,-0.314525,-0.066440,0.000000,-1.572626,-1.651257,-0.990754
2026-07-27T16:44:45.621540,1.6510,-0.313030,-0.067256,0.000000,-1.565149,-1.643406,-0.986044
2026-07-27T16:44:45.621573,1.6515,-0.311534,-0.068072,0.000000,-1.557672,-1.635556,-0.981334
2026-07-27T16:44:45.621606,1.6520,-0.310040,-0.068887,0.000000,-1.550198,-1.627708,-0.976625
2026-07-27T16:44:45.621639,1.6525,-0.316021,-0.065624,0.000000,-1.580105,-1.659110,-0.995466
2026-07-27T16:44:45.621671,1.6530,-0.314525,-0.066440,0.000000,-1.572626,-1.651257,-0.990754
2026-07-27T16:44:45.621703,1.6535,-0.313030,-0.067256,0.000000,-1.565149,-1.643406,-0.986044
2026-07-27T16:44:45.621736,1.6540,-0.311534,-0.068072,0.000000,-1.557672,-1.635556,-0.981334
2026-07-27T16:44:45.621770,1.6545,-0.310040,-0.068887,0.000000,-1.550198,-1.627708,-0.976625
2026-07-27T16:44:45.621806,1.6550,-0.316021,-0.065624,0.000000,-1.580105,-1.659110,-0.995466
2026-07-27T16:44:45.621841,1.6555,-0.314525,-0.066440,0.000000,-1.572626,-1.651257,-0.990754
2026-07-27T16:44:45.621876,1.6560,-0.313030,-0.067256,0.000000,-1.565149,-1.643406,-0.986044
2026-07-27T16:44:45.621911,1.6565,-0.311534,-0.068072,0.000000,-1.557672,-1.635556,-0.981334
2026-07-27T16:44:45.621946,1.6570,-0.310040,-0.068887,0.000000,-1.550198,-1.627708,-0.976625
2026-07-27T16:44:45.621982,1.6575,-0.316021,-0.065624,0.000000,-1.580105,-1.659110,-0.995466
2026-07-27T16:44:45.622015,1.6580,-0.314525,-0.066440,0.000000,-1.572626,-1.651257,-0.990754
2026-07-27T16:44:45.622051,1.6585,-0.313030,-0.067256,0.000000,-1.565149,-1.643406,-0.986044
2026-07-27T16:44:45.622087,1.6590,-0.311534,-0.068072,0.000000,-1.557672,-1.635556,-0.981334
2026-07-27T16:44:45.622122,1.6595,-0.310040,-0.068887,0.000000,-1.550198,-1.627708,-0.976625
2026-07-27T16:44:45.622158,1.6600,-0.316021,-0.065624,0.000000,-1.580105,-1.659110,-0.995466
2026-07-27T16:44:45.622193,1.6605,-0.314525,-0.066440,0.000000,-1.572626,-1.651257,-0.990754
2026-07-27T16:44:45.622229,1.6610,-0.313030,-0.067256,0.000000,-1.565149,-1.643406,-0.986044
2026-07-27T16:44:45.622269,1.6615,-0.311534,-0.068072,0.000000,-1.557672,-1.635556,-0.981334
2026-07-27T16:44:45.622304,1.6620,-0.310040,-0.068887,0.000000,-1.550198,-1.627708,-0.976625
2026-07-27T16:44:45.622340,1.6625,-0.316021,-0.065624,0.000000,-1.580105,-1.659110,-0.995466
2026-07-27T16:44:45.622375,1.6630,-0.314525,-0.066440,0.000000,-1.572626,-1.651257,-0.990754
2026-07-27T16:44:45.622410,1.6635,-0.313030,-0.067256,0.000000,-1.565149,-1.643406,-0.986044
2026-07-27T16:44:45.622447,1.6640,-0.311534,-0.068072,0.000000,-1.557672,-1.635556,-0.981334
2026-07-27T16:44:45.622482,1.6645,-0.310040,-0.068887,0.000000,-1.550198,-1.627708,-0.976625
2026-07-27T16:44:45.622519,1.6650,-0.316021,-0.065624,0.000000,-1.580105,-1.659110,-0.995466
2026-07-27T16:44:45.622555,1.6655,-0.314525,-0.066440,0.000000,-1.572626,-1.651257,-0.990754
2026-07-27T16:44:45.622591,1.6660,-0.313030,-0.067256,0.000000,-1.565149,-1.643406,-0.986044
2026-07-27T16:44:45.622626,1.6665,-0.311534,-0.068072,0.000000,-1.557672,-1.635556,-0.981334
2026-07-27T16:44:45.622660,1.6670,-0.310040,-0.068887,0.000000,-1.550198,-1.627708,-0.976625
2026-07-27T16:44:45.622696,1.6675,-0.316021,-0.065624,0.000000,-1.580105,-1.659110,-0.995466
2026-07-27T16:44:45.622731,1.6680,-0.314525,-0.066440,0.000000,-1.572626,-1.651257,-0.990754
2026-07-27T16:44:45.622766,1.6685,-0.313030,-0.067256,0.000000,-1.565149,-1.643406,-0.986044
2026-07-27T16:44:45.622801,1.6690,-0.311534,-0.068072,0.000000,-1.557672,-1.635556,-0.981334
2026-07-27T16:44:45.622838,1.6695,-0.310040,-0.068887,0.000000,-1.550198,-1.627708,-0.976625
2026-07-27T16:44:45.622874,1.6700,-0.316021,-0.065624,0.000000,-1.580105,-1.659110,-0.995466
2026-07-27T16:44:45.622911,1.6705,-0.314525,-0.066440,0.000000,-1.572626,-1.651257,-0.990754
2026-07-27T16:44:45.622948,1.6710,-0.313030,-0.067256,0.000000,-1.565149,-1.643406,-0.986044
2026-07-27T16:44:45.622983,1.6715,-0.311534,-0.068072,0.000000,-1.557672,-1.635556,-0.981334
2026-07-27T16:44:45.623019,1.6720,-0.310040,-0.068887,0.000000,-1.550198,-1.627708,-0.976625
2026-07-27T16:44:45.623054,1.6725,-0.316021,-0.065624,0.000000,-1.580105,-1.659110,-0.995466
2026-07-27T16:44:45.623088,1.6730,-0.314525,-0.066440,0.000000,-1.572626,-1.651257,-0.990754
2026-07-27T16:44:45.623123,1.6735,-0.313030,-0.067256,0.000000,-1.565149,-1.643406,-0.986044
2026-07-27T16:44:45.623158,1.6740,-0.311534,-0.068072,0.000000,-1.557672,-1.635556,-0.981334
2026-07-27T16:44:45.623193,1.6745,-0.310040,-0.068887,0.000000,-1.550198,-1.627708,-0.976625
2026-07-27T16:44:45.623228,1.6750,-0.316021,-0.065624,0.000000,-1.580105,-1.659110,-0.995466
2026-07-27T16:44:45.623267,1.6755,-0.314525,-0.066440,0.000000,-1.572626,-1.651257,-0.990754
2026-07-27T16:44:45.623303,1.6760,-0.313030,-0.067256,0.000000,-1.565149,-1.643406,-0.986044
2026-07-27T16:44:45.623339,1.6765,-0.311534,-0.068072,0.000000,-1.557672,-1.635556,-0.981334
2026-07-27T16:44:45.623373,1.6770,-0.310040,-0.068887,0.000000,-1.550198,-1.627708,-0.976625
2026-07-27T16:44:45.623408,1.6775,-0.316021,-0.065624,0.000000,-1.580105,-1.659110,-0.995466
2026-07-27T16:44:45.623441,1.6780,-0.314525,-0.066440,0.000000,-1.572626,-1.651257,-0.990754
2026-07-27T16:44:45.623474,1.6785,-0.313030,-0.067256,0.000000,-1.565149,-1.643406,-0.986044
2026-07-27T16:44:45.623507,1.6790,-0.311534,-0.068072,0.000000,-1.557672,-1.635556,-0.981334
2026-07-27T16:44:45.623539,1.6795,-0.310040,-0.068887,0.000000,-1.550198,-1.627708,-0.976625
2026-07-27T16:44:45.623572,1.6800,-0.316021,-0.065624,0.000000,-1.580105,-1.659110,-0.995466
2026-07-27T16:44:45.623604,1.6805,-0.314525,-0.066440,0.000000,-1.572626,-1.651257,-0.990754
2026-07-27T16:44:45.623636,1.6810,-0.313030,-0.067256,0.000000,-1.565149,-1.643406,-0.986044
2026-07-27T16:44:45.623669,1.6815,-0.311534,-0.068072,0.000000,-1.557672,-1.635556,-0.981334
2026-07-27T16:44:45.623702,1.6820,-0.310040,-0.068887,0.000000,-1.550198,-1.627708,-0.976625
2026-07-27T16:44:45.623736,1.6825,-0.316021,-0.065624,0.000000,-1.580105,-1.659110,-0.995466
2026-07-27T16:44:45.623769,1.6830,-0.314525,-0.066440,0.000000,-1.572626,-1.651257,-0.990754
2026-07-27T16:44:45.623801,1.6835,-0.313030,-0.067256,0.000000,-1.565149,-1.643406,-0.986044
2026-07-27T16:44:45.623833,1.6840,-0.311534,-0.068072,0.000000,-1.557672,-1.635556,-0.981334
2026-07-27T16:44:45.623866,1.6845,-0.310040,-0.068887,0.000000,-1.550198,-1.627708,-0.976625
2026-07-27T16:44:45.623898,1.6850,-0.316021,-0.065624,0.000000,-1.580105,-1.659110,-0.995466
2026-07-27T16:44:45.623931,1.6855,-0.314525,-0.066440,0.000000,-1.572626,-1.651257,-0.990754
2026-07-27T16:44:45.623964,1.6860,-0.313030,-0.067256,0.000000,-1.565149,-1.643406,-0.986044
2026-07-27T16:44:45.623996,1.6865,-0.311534,-0.068072,0.000000,-1.557672,-1.635556,-0.981334
2026-07-27T16:44:45.624028,1.6870,-0.310040,-0.068887,0.000000,-1.550198,-1.627708,-0.976625
2026-07-27T16:44:45.624078,1.6875,-0.316021,-0.065624,0.000000,-1.580105,-1.659110,-0.995466
2026-07-27T16:44:45.624111,1.6880,-0.314525,-0.066440,0.000000,-1.572626,-1.651257,-0.990754
2026-07-27T16:44:45.624144,1.6885,-0.313030,-0.067256,0.000000,-1.565149,-1.643406,-0.986044
2026-07-27T16:44:45.624175,1.6890,-0.311534,-0.068072,0.000000,-1.557672,-1.635556,-0.981334
2026-07-27T16:44:45.624205,1.6895,-0.310040,-0.068887,0.000000,-1.550198,-1.627708,-0.976625
2026-07-27T16:44:45.624236,1.6900,-0.316021,-0.065624,0.000000,-1.580105,-1.659110,-0.995466
2026-07-27T16:44:45.624270,1.6905,-0.314525,-0.066440,0.000000,-1.572626,-1.651257,-0.990754
2026-07-27T16:44:45.624302,1.6910,-0.313030,-0.067256,0.000000,-1.565149,-1.643406,-0.986044
2026-07-27T16:44:45.624332,1.6915,-0.311534,-0.068072,0.000000,-1.557672,-1.635556,-0.981334
2026-07-27T16:44:45.624362,1.6920,-0.310040,-0.068887,0.000000,-1.550198,-1.627708,-0.976625
2026-07-27T16:44:45.624392,1.6925,-0.316021,-0.065624,0.000000,-1.580105,-1.659110,-0.995466
2026-07-27T16:44:45.624423,1.6930,-0.314525,-0.066440,0.000000,-1.572626,-1.651257,-0.990754
2026-07-27T16:44:45.624453,1.6935,-0.313030,-0.067256,0.000000,-1.565149,-1.643406,-0.986044
2026-07-27T16:44:45.624483,1.6940,-0.311534,-0.068072,0.000000,-1.557672,-1.635556,-0.981334
2026-07-27T16:44:45.624513,1.6945,-0.310040,-0.068887,0.000000,-1.550198,-1.627708,-0.976625
2026-07-27T16:44:45.624545,1.6950,-0.316021,-0.065624,0.000000,-1.580105,-1.659110,-0.995466
2026-07-27T16:44:45.624574,1.6955,-0.314525,-0.066440,0.000000,-1.572626,-1.651257,-0.990754
2026-07-27T16:44:45.624605,1.6960,-0.313030,-0.067256,0.000000,-1.565149,-1.643406,-0.986044
2026-07-27T16:44:45.624636,1.6965,-0.311534,-0.068072,0.000000,-1.557672,-1.635556,-0.981334
2026-07-27T16:44:45.624666,1.6970,-0.310040,-0.068887,0.000000,-1.550198,-1.627708,-0.976625
2026-07-27T16:44:45.624697,1.6975,-0.316021,-0.065624,0.000000,-1.580105,-1.659110,-0.995466
2026-07-27T16:44:45.624726,1.6980,-0.314525,-0.066440,0.000000,-1.572626,-1.651257,-0.990754
2026-07-27T16:44:45.624756,1.6985,-0.313030,-0.067256,0.000000,-1.565149,-1.643406,-0.986044
2026-07-27T16:44:45.624786,1.6990,-0.311534,-0.068072,0.000000,-1.557672,-1.635556,-0.981334
2026-07-27T16:44:45.624817,1.6995,-0.310040,-0.068887,0.000000,-1.550198,-1.627708,-0.976625
2026-07-27T16:44:45.717883,1.7000,-0.308545,-0.069702,0.000000,-1.542725,-1.619861,-0.971917
2026-07-27T16:44:45.717958,1.7005,-0.307051,-0.070517,0.000000,-1.535254,-1.612016,-0.967210
2026-07-27T16:44:45.717995,1.7010,-0.305557,-0.071332,0.000000,-1.527784,-1.604173,-0.962504
2026-07-27T16:44:45.718029,1.7015,-0.304063,-0.072147,0.000000,-1.520316,-1.596331,-0.957799
2026-07-27T16:44:45.718059,1.7020,-0.302570,-0.072961,0.000000,-1.512849,-1.588492,-0.953095
2026-07-27T16:44:45.718090,1.7025,-0.308545,-0.069702,0.000000,-1.542725,-1.619861,-0.971917
2026-07-27T16:44:45.718121,1.7030,-0.307051,-0.070517,0.000000,-1.535254,-1.612016,-0.967210
2026-07-27T16:44:45.718152,1.7035,-0.305557,-0.071332,0.000000,-1.527784,-1.604173,-0.962504
2026-07-27T16:44:45.718182,1.7040,-0.304063,-0.072147,0.000000,-1.520316,-1.596331,-0.957799
2026-07-27T16:44:45.718213,1.7045,-0.302570,-0.072961,0.000000,-1.512849,-1.588492,-0.953095
2026-07-27T16:44:45.718243,1.7050,-0.308545,-0.069702,0.000000,-1.542725,-1.619861,-0.971917
2026-07-27T16:44:45.718287,1.7055,-0.307051,-0.070517,0.000000,-1.535254,-1.612016,-0.967210
2026-07-27T16:44:45.718317,1.7060,-0.305557,-0.071332,0.000000,-1.527784,-1.604173,-0.962504
2026-07-27T16:44:45.718348,1.7065,-0.304063,-0.072147,0.000000,-1.520316,-1.596331,-0.957799
2026-07-27T16:44:45.718379,1.7070,-0.302570,-0.072961,0.000000,-1.512849,-1.588492,-0.953095
2026-07-27T16:44:45.718410,1.7075,-0.308545,-0.069702,0.000000,-1.542725,-1.619861,-0.971917
2026-07-27T16:44:45.718440,1.7080,-0.307051,-0.070517,0.000000,-1.535254,-1.612016,-0.967210
2026-07-27T16:44:45.718471,1.7085,-0.305557,-0.071332,0.000000,-1.527784,-1.604173,-0.962504
2026-07-27T16:44:45.718503,1.7090,-0.304063,-0.072147,0.000000,-1.520316,-1.596331,-0.957799
2026-07-27T16:44:45.718533,1.7095,-0.302570,-0.072961,0.000000,-1.512849,-1.588492,-0.953095
2026-07-27T16:44:45.718564,1.7100,-0.308545,-0.069702,0.000000,-1.542725,-1.619861,-0.971917
2026-07-27T16:44:45.718596,1.7105,-0.307051,-0.070517,0.000000,-1.535254,-1.612016,-0.967210
2026-07-27T16:44:45.718627,1.7110,-0.305557,-0.071332,0.000000,-1.527784,-1.604173,-0.962504
2026-07-27T16:44:45.718657,1.7115,-0.304063,-0.072147,0.000000,-1.520316,-1.596331,-0.957799
2026-07-27T16:44:45.718687,1.7120,-0.302570,-0.072961,0.000000,-1.512849,-1.588492,-0.953095
2026-07-27T16:44:45.718718,1.7125,-0.308545,-0.069702,0.000000,-1.542725,-1.619861,-0.971917
2026-07-27T16:44:45.718749,1.7130,-0.307051,-0.070517,0.000000,-1.535254,-1.612016,-0.967210
2026-07-27T16:44:45.718780,1.7135,-0.305557,-0.071332,0.000000,-1.527784,-1.604173,-0.962504
2026-07-27T16:44:45.718830,1.7140,-0.304063,-0.072147,0.000000,-1.520316,-1.596331,-0.957799
2026-07-27T16:44:45.718862,1.7145,-0.302570,-0.072961,0.000000,-1.512849,-1.588492,-0.953095
2026-07-27T16:44:45.718896,1.7150,-0.308545,-0.069702,0.000000,-1.542725,-1.619861,-0.971917
2026-07-27T16:44:45.718930,1.7155,-0.307051,-0.070517,0.000000,-1.535254,-1.612016,-0.967210
2026-07-27T16:44:45.718963,1.7160,-0.305557,-0.071332,0.000000,-1.527784,-1.604173,-0.962504
2026-07-27T16:44:45.718996,1.7165,-0.304063,-0.072147,0.000000,-1.520316,-1.596331,-0.957799
2026-07-27T16:44:45.719028,1.7170,-0.302570,-0.072961,0.000000,-1.512849,-1.588492,-0.953095
2026-07-27T16:44:45.719061,1.7175,-0.308545,-0.069702,0.000000,-1.542725,-1.619861,-0.971917
2026-07-27T16:44:45.719094,1.7180,-0.307051,-0.070517,0.000000,-1.535254,-1.612016,-0.967210
2026-07-27T16:44:45.719126,1.7185,-0.305557,-0.071332,0.000000,-1.527784,-1.604173,-0.962504
2026-07-27T16:44:45.719160,1.7190,-0.304063,-0.072147,0.000000,-1.520316,-1.596331,-0.957799
2026-07-27T16:44:45.719192,1.7195,-0.302570,-0.072961,0.000000,-1.512849,-1.588492,-0.953095
2026-07-27T16:44:45.719225,1.7200,-0.308545,-0.069702,0.000000,-1.542725,-1.619861,-0.971917
2026-07-27T16:44:45.719258,1.7205,-0.307051,-0.070517,0.000000,-1.535254,-1.612016,-0.967210
2026-07-27T16:44:45.719306,1.7210,-0.305557,-0.071332,0.000000,-1.527784,-1.604173,-0.962504
2026-07-27T16:44:45.719339,1.7215,-0.304063,-0.072147,0.000000,-1.520316,-1.596331,-0.957799
2026-07-27T16:44:45.719371,1.7220,-0.302570,-0.072961,0.000000,-1.512849,-1.588492,-0.953095
2026-07-27T16:44:45.719404,1.7225,-0.308545,-0.069702,0.000000,-1.542725,-1.619861,-0.971917
2026-07-27T16:44:45.719436,1.7230,-0.307051,-0.070517,0.000000,-1.535254,-1.612016,-0.967210
2026-07-27T16:44:45.719468,1.7235,-0.305557,-0.071332,0.000000,-1.527784,-1.604173,-0.962504
2026-07-27T16:44:45.719501,1.7240,-0.304063,-0.072147,0.000000,-1.520316,-1.596331,-0.957799
2026-07-27T16:44:45.719534,1.7245,-0.302570,-0.072961,0.000000,-1.512849,-1.588492,-0.953095
2026-07-27T16:44:45.719566,1.7250,-0.308545,-0.069702,0.000000,-1.542725,-1.619861,-0.971917
2026-07-27T16:44:45.719599,1.7255,-0.307051,-0.070517,0.000000,-1.535254,-1.612016,-0.967210
2026-07-27T16:44:45.719632,1.7260,-0.305557,-0.071332,0.000000,-1.527784,-1.604173,-0.962504
2026-07-27T16:44:45.719665,1.7265,-0.304063,-0.072147,0.000000,-1.520316,-1.596331,-0.957799
2026-07-27T16:44:45.719698,1.7270,-0.302570,-0.072961,0.000000,-1.512849,-1.588492,-0.953095
2026-07-27T16:44:45.719730,1.7275,-0.308545,-0.069702,0.000000,-1.542725,-1.619861,-0.971917
2026-07-27T16:44:45.719768,1.7280,-0.307051,-0.070517,0.000000,-1.535254,-1.612016,-0.967210
2026-07-27T16:44:45.719801,1.7285,-0.305557,-0.071332,0.000000,-1.527784,-1.604173,-0.962504
2026-07-27T16:44:45.719835,1.7290,-0.304063,-0.072147,0.000000,-1.520316,-1.596331,-0.957799
2026-07-27T16:44:45.719867,1.7295,-0.302570,-0.072961,0.000000,-1.512849,-1.588492,-0.953095
2026-07-27T16:44:45.719901,1.7300,-0.308545,-0.069702,0.000000,-1.542725,-1.619861,-0.971917
2026-07-27T16:44:45.719934,1.7305,-0.307051,-0.070517,0.000000,-1.535254,-1.612016,-0.967210
2026-07-27T16:44:45.719968,1.7310,-0.305557,-0.071332,0.000000,-1.527784,-1.604173,-0.962504
2026-07-27T16:44:45.720003,1.7315,-0.304063,-0.072147,0.000000,-1.520316,-1.596331,-0.957799
2026-07-27T16:44:45.720038,1.7320,-0.302570,-0.072961,0.000000,-1.512849,-1.588492,-0.953095
2026-07-27T16:44:45.720073,1.7325,-0.308545,-0.069702,0.000000,-1.542725,-1.619861,-0.971917
2026-07-27T16:44:45.720109,1.7330,-0.307051,-0.070517,0.000000,-1.535254,-1.612016,-0.967210
2026-07-27T16:44:45.720145,1.7335,-0.305557,-0.071332,0.000000,-1.527784,-1.604173,-0.962504
2026-07-27T16:44:45.720181,1.7340,-0.304063,-0.072147,0.000000,-1.520316,-1.596331,-0.957799
2026-07-27T16:44:45.720217,1.7345,-0.302570,-0.072961,0.000000,-1.512849,-1.588492,-0.953095
2026-07-27T16:44:45.720252,1.7350,-0.308545,-0.069702,0.000000,-1.542725,-1.619861,-0.971917
2026-07-27T16:44:45.720293,1.7355,-0.307051,-0.070517,0.000000,-1.535254,-1.612016,-0.967210
2026-07-27T16:44:45.720327,1.7360,-0.305557,-0.071332,0.000000,-1.527784,-1.604173,-0.962504
2026-07-27T16:44:45.720362,1.7365,-0.304063,-0.072147,0.000000,-1.520316,-1.596331,-0.957799
2026-07-27T16:44:45.720397,1.7370,-0.302570,-0.072961,0.000000,-1.512849,-1.588492,-0.953095
2026-07-27T16:44:45.720431,1.7375,-0.308545,-0.069702,0.000000,-1.542725,-1.619861,-0.971917
2026-07-27T16:44:45.720467,1.7380,-0.307051,-0.070517,0.000000,-1.535254,-1.612016,-0.967210
2026-07-27T16:44:45.720504,1.7385,-0.305557,-0.071332,0.000000,-1.527784,-1.604173,-0.962504
2026-07-27T16:44:45.720540,1.7390,-0.304063,-0.072147,0.000000,-1.520316,-1.596331,-0.957799
2026-07-27T16:44:45.720574,1.7395,-0.302570,-0.072961,0.000000,-1.512849,-1.588492,-0.953095
2026-07-27T16:44:45.720610,1.7400,-0.308545,-0.069702,0.000000,-1.542725,-1.619861,-0.971917
2026-07-27T16:44:45.720646,1.7405,-0.307051,-0.070517,0.000000,-1.535254,-1.612016,-0.967210
2026-07-27T16:44:45.720681,1.7410,-0.305557,-0.071332,0.000000,-1.527784,-1.604173,-0.962504
2026-07-27T16:44:45.720715,1.7415,-0.304063,-0.072147,0.000000,-1.520316,-1.596331,-0.957799
2026-07-27T16:44:45.720754,1.7420,-0.302570,-0.072961,0.000000,-1.512849,-1.588492,-0.953095
2026-07-27T16:44:45.720790,1.7425,-0.308545,-0.069702,0.000000,-1.542725,-1.619861,-0.971917
2026-07-27T16:44:45.720822,1.7430,-0.307051,-0.070517,0.000000,-1.535254,-1.612016,-0.967210
2026-07-27T16:44:45.720855,1.7435,-0.305557,-0.071332,0.000000,-1.527784,-1.604173,-0.962504
2026-07-27T16:44:45.720957,1.7440,-0.304063,-0.072147,0.000000,-1.520316,-1.596331,-0.957799
2026-07-27T16:44:45.720991,1.7445,-0.302570,-0.072961,0.000000,-1.512849,-1.588492,-0.953095
2026-07-27T16:44:45.721025,1.7450,-0.308545,-0.069702,0.000000,-1.542725,-1.619861,-0.971917
2026-07-27T16:44:45.721057,1.7455,-0.307051,-0.070517,0.000000,-1.535254,-1.612016,-0.967210
2026-07-27T16:44:45.721090,1.7460,-0.305557,-0.071332,0.000000,-1.527784,-1.604173,-0.962504
2026-07-27T16:44:45.721121,1.7465,-0.304063,-0.072147,0.000000,-1.520316,-1.596331,-0.957799
2026-07-27T16:44:45.721154,1.7470,-0.302570,-0.072961,0.000000,-1.512849,-1.588492,-0.953095
2026-07-27T16:44:45.721186,1.7475,-0.308545,-0.069702,0.000000,-1.542725,-1.619861,-0.971917
2026-07-27T16:44:45.721218,1.7480,-0.307051,-0.070517,0.000000,-1.535254,-1.612016,-0.967210
2026-07-27T16:44:45.721251,1.7485,-0.305557,-0.071332,0.000000,-1.527784,-1.604173,-0.962504
2026-07-27T16:44:45.721293,1.7490,-0.304063,-0.072147,0.000000,-1.520316,-1.596331,-0.957799
2026-07-27T16:44:45.721325,1.7495,-0.302570,-0.072961,0.000000,-1.512849,-1.588492,-0.953095
2026-07-27T16:44:45.721359,1.7500,-0.308545,-0.069702,0.000000,-1.542725,-1.619861,-0.971917
2026-07-27T16:44:45.721392,1.7505,-0.307051,-0.070517,0.000000,-1.535254,-1.612016,-0.967210
2026-07-27T16:44:45.721424,1.7510,-0.305557,-0.071332,0.000000,-1.527784,-1.604173,-0.962504
2026-07-27T16:44:45.721456,1.7515,-0.304063,-0.072147,0.000000,-1.520316,-1.596331,-0.957799
2026-07-27T16:44:45.721489,1.7520,-0.302570,-0.072961,0.000000,-1.512849,-1.588492,-0.953095
2026-07-27T16:44:45.721521,1.7525,-0.308545,-0.069702,0.000000,-1.542725,-1.619861,-0.971917
2026-07-27T16:44:45.721553,1.7530,-0.307051,-0.070517,0.000000,-1.535254,-1.612016,-0.967210
2026-07-27T16:44:45.721587,1.7535,-0.305557,-0.071332,0.000000,-1.527784,-1.604173,-0.962504
2026-07-27T16:44:45.721619,1.7540,-0.304063,-0.072147,0.000000,-1.520316,-1.596331,-0.957799
2026-07-27T16:44:45.721652,1.7545,-0.302570,-0.072961,0.000000,-1.512849,-1.588492,-0.953095
2026-07-27T16:44:45.721684,1.7550,-0.308545,-0.069702,0.000000,-1.542725,-1.619861,-0.971917
2026-07-27T16:44:45.721717,1.7555,-0.307051,-0.070517,0.000000,-1.535254,-1.612016,-0.967210
2026-07-27T16:44:45.721749,1.7560,-0.305557,-0.071332,0.000000,-1.527784,-1.604173,-0.962504
2026-07-27T16:44:45.721781,1.7565,-0.304063,-0.072147,0.000000,-1.520316,-1.596331,-0.957799
2026-07-27T16:44:45.721813,1.7570,-0.302570,-0.072961,0.000000,-1.512849,-1.588492,-0.953095
2026-07-27T16:44:45.721846,1.7575,-0.308545,-0.069702,0.000000,-1.542725,-1.619861,-0.971917
2026-07-27T16:44:45.721878,1.7580,-0.307051,-0.070517,0.000000,-1.535254,-1.612016,-0.967210
2026-07-27T16:44:45.721911,1.7585,-0.305557,-0.071332,0.000000,-1.527784,-1.604173,-0.962504
2026-07-27T16:44:45.721943,1.7590,-0.304063,-0.072147,0.000000,-1.520316,-1.596331,-0.957799
2026-07-27T16:44:45.721975,1.7595,-0.302570,-0.072961,0.000000,-1.512849,-1.588492,-0.953095
2026-07-27T16:44:45.722008,1.7600,-0.308545,-0.069702,0.000000,-1.542725,-1.619861,-0.971917
2026-07-27T16:44:45.722041,1.7605,-0.307051,-0.070517,0.000000,-1.535254,-1.612016,-0.967210
2026-07-27T16:44:45.722074,1.7610,-0.305557,-0.071332,0.000000,-1.527784,-1.604173,-0.962504
2026-07-27T16:44:45.722106,1.7615,-0.304063,-0.072147,0.000000,-1.520316,-1.596331,-0.957799
2026-07-27T16:44:45.722139,1.7620,-0.302570,-0.072961,0.000000,-1.512849,-1.588492,-0.953095
2026-07-27T16:44:45.722172,1.7625,-0.308545,-0.069702,0.000000,-1.542725,-1.619861,-0.971917
2026-07-27T16:44:45.722204,1.7630,-0.307051,-0.070517,0.000000,-1.535254,-1.612016,-0.967210
2026-07-27T16:44:45.722236,1.7635,-0.305557,-0.071332,0.000000,-1.527784,-1.604173,-0.962504
2026-07-27T16:44:45.722275,1.7640,-0.304063,-0.072147,0.000000,-1.520316,-1.596331,-0.957799
2026-07-27T16:44:45.722309,1.7645,-0.302570,-0.072961,0.000000,-1.512849,-1.588492,-0.953095
2026-07-27T16:44:45.722341,1.7650,-0.308545,-0.069702,0.000000,-1.542725,-1.619861,-0.971917
2026-07-27T16:44:45.722375,1.7655,-0.307051,-0.070517,0.000000,-1.535254,-1.612016,-0.967210
2026-07-27T16:44:45.722408,1.7660,-0.305557,-0.071332,0.000000,-1.527784,-1.604173,-0.962504
2026-07-27T16:44:45.722441,1.7665,-0.304063,-0.072147,0.000000,-1.520316,-1.596331,-0.957799
2026-07-27T16:44:45.722474,1.7670,-0.302570,-0.072961,0.000000,-1.512849,-1.588492,-0.953095
2026-07-27T16:44:45.722506,1.7675,-0.308545,-0.069702,0.000000,-1.542725,-1.619861,-0.971917
2026-07-27T16:44:45.722540,1.7680,-0.307051,-0.070517,0.000000,-1.535254,-1.612016,-0.967210
2026-07-27T16:44:45.722572,1.7685,-0.305557,-0.071332,0.000000,-1.527784,-1.604173,-0.962504
2026-07-27T16:44:45.722606,1.7690,-0.304063,-0.072147,0.000000,-1.520316,-1.596331,-0.957799
2026-07-27T16:44:45.722638,1.7695,-0.302570,-0.072961,0.000000,-1.512849,-1.588492,-0.953095
2026-07-27T16:44:45.722672,1.7700,-0.308545,-0.069702,0.000000,-1.542725,-1.619861,-0.971917
2026-07-27T16:44:45.722705,1.7705,-0.307051,-0.070517,0.000000,-1.535254,-1.612016,-0.967210
2026-07-27T16:44:45.722738,1.7710,-0.305557,-0.071332,0.000000,-1.527784,-1.604173,-0.962504
2026-07-27T16:44:45.722771,1.7715,-0.304063,-0.072147,0.000000,-1.520316,-1.596331,-0.957799
2026-07-27T16:44:45.722804,1.7720,-0.302570,-0.072961,0.000000,-1.512849,-1.588492,-0.953095
2026-07-27T16:44:45.722836,1.7725,-0.308545,-0.069702,0.000000,-1.542725,-1.619861,-0.971917
2026-07-27T16:44:45.722868,1.7730,-0.307051,-0.070517,0.000000,-1.535254,-1.612016,-0.967210
2026-07-27T16:44:45.722903,1.7735,-0.305557,-0.071332,0.000000,-1.527784,-1.604173,-0.962504
2026-07-27T16:44:45.722935,1.7740,-0.304063,-0.072147,0.000000,-1.520316,-1.596331,-0.957799
2026-07-27T16:44:45.722965,1.7745,-0.302570,-0.072961,0.000000,-1.512849,-1.588492,-0.953095
2026-07-27T16:44:45.722995,1.7750,-0.308545,-0.069702,0.000000,-1.542725,-1.619861,-0.971917
2026-07-27T16:44:45.723025,1.7755,-0.307051,-0.070517,0.000000,-1.535254,-1.612016,-0.967210
2026-07-27T16:44:45.723056,1.7760,-0.305557,-0.071332,0.000000,-1.527784,-1.604173,-0.962504
2026-07-27T16:44:45.723085,1.7765,-0.304063,-0.072147,0.000000,-1.520316,-1.596331,-0.957799
2026-07-27T16:44:45.723115,1.7770,-0.302570,-0.072961,0.000000,-1.512849,-1.588492,-0.953095
2026-07-27T16:44:45.723145,1.7775,-0.308545,-0.069702,0.000000,-1.542725,-1.619861,-0.971917
2026-07-27T16:44:45.723176,1.7780,-0.307051,-0.070517,0.000000,-1.535254,-1.612016,-0.967210
2026-07-27T16:44:45.723206,1.7785,-0.305557,-0.071332,0.000000,-1.527784,-1.604173,-0.962504
2026-07-27T16:44:45.723235,1.7790,-0.304063,-0.072147,0.000000,-1.520316,-1.596331,-0.957799
2026-07-27T16:44:45.723270,1.7795,-0.302570,-0.072961,0.000000,-1.512849,-1.588492,-0.953095
2026-07-27T16:44:45.723301,1.7800,-0.308545,-0.069702,0.000000,-1.542725,-1.619861,-0.971917
2026-07-27T16:44:45.723332,1.7805,-0.307051,-0.070517,0.000000,-1.535254,-1.612016,-0.967210
2026-07-27T16:44:45.723361,1.7810,-0.305557,-0.071332,0.000000,-1.527784,-1.604173,-0.962504
2026-07-27T16:44:45.723391,1.7815,-0.304063,-0.072147,0.000000,-1.520316,-1.596331,-0.957799
2026-07-27T16:44:45.723423,1.7820,-0.302570,-0.072961,0.000000,-1.512849,-1.588492,-0.953095
2026-07-27T16:44:45.723454,1.7825,-0.308545,-0.069702,0.000000,-1.542725,-1.619861,-0.971917
2026-07-27T16:44:45.723484,1.7830,-0.307051,-0.070517,0.000000,-1.535254,-1.612016,-0.967210
2026-07-27T16:44:45.723514,1.7835,-0.305557,-0.071332,0.000000,-1.527784,-1.604173,-0.962504
2026-07-27T16:44:45.723543,1.7840,-0.304063,-0.072147,0.000000,-1.520316,-1.596331,-0.957799
2026-07-27T16:44:45.723574,1.7845,-0.302570,-0.072961,0.000000,-1.512849,-1.588492,-0.953095
2026-07-27T16:44:45.723603,1.7850,-0.308545,-0.069702,0.000000,-1.542725,-1.619861,-0.971917
2026-07-27T16:44:45.723633,1.7855,-0.307051,-0.070517,0.000000,-1.535254,-1.612016,-0.967210
2026-07-27T16:44:45.723663,1.7860,-0.305557,-0.071332,0.000000,-1.527784,-1.604173,-0.962504
2026-07-27T16:44:45.723694,1.7865,-0.304063,-0.072147,0.000000,-1.520316,-1.596331,-0.957799
2026-07-27T16:44:45.723724,1.7870,-0.302570,-0.072961,0.000000,-1.512849,-1.588492,-0.953095
2026-07-27T16:44:45.723768,1.7875,-0.308545,-0.069702,0.000000,-1.542725,-1.619861,-0.971917
2026-07-27T16:44:45.723799,1.7880,-0.307051,-0.070517,0.000000,-1.535254,-1.612016,-0.967210
2026-07-27T16:44:45.723830,1.7885,-0.305557,-0.071332,0.000000,-1.527784,-1.604173,-0.962504
2026-07-27T16:44:45.723860,1.7890,-0.304063,-0.072147,0.000000,-1.520316,-1.596331,-0.957799
2026-07-27T16:44:45.723890,1.7895,-0.302570,-0.072961,0.000000,-1.512849,-1.588492,-0.953095
2026-07-27T16:44:45.723920,1.7900,-0.308545,-0.069702,0.000000,-1.542725,-1.619861,-0.971917
2026-07-27T16:44:45.723950,1.7905,-0.307051,-0.070517,0.000000,-1.535254,-1.612016,-0.967210
2026-07-27T16:44:45.723979,1.7910,-0.305557,-0.071332,0.000000,-1.527784,-1.604173,-0.962504
2026-07-27T16:44:45.724009,1.7915,-0.304063,-0.072147,0.000000,-1.520316,-1.596331,-0.957799
2026-07-27T16:44:45.724039,1.7920,-0.302570,-0.072961,0.000000,-1.512849,-1.588492,-0.953095
2026-07-27T16:44:45.724069,1.7925,-0.308545,-0.069702,0.000000,-1.542725,-1.619861,-0.971917
2026-07-27T16:44:45.724099,1.7930,-0.307051,-0.070517,0.000000,-1.535254,-1.612016,-0.967210
2026-07-27T16:44:45.724130,1.7935,-0.305557,-0.071332,0.000000,-1.527784,-1.604173,-0.962504
2026-07-27T16:44:45.724160,1.7940,-0.304063,-0.072147,0.000000,-1.520316,-1.596331,-0.957799
2026-07-27T16:44:45.724189,1.7945,-0.302570,-0.072961,0.000000,-1.512849,-1.588492,-0.953095
2026-07-27T16:44:45.724221,1.7950,-0.308545,-0.069702,0.000000,-1.542725,-1.619861,-0.971917
2026-07-27T16:44:45.724251,1.7955,-0.307051,-0.070517,0.000000,-1.535254,-1.612016,-0.967210
2026-07-27T16:44:45.724286,1.7960,-0.305557,-0.071332,0.000000,-1.527784,-1.604173,-0.962504
2026-07-27T16:44:45.724318,1.7965,-0.304063,-0.072147,0.000000,-1.520316,-1.596331,-0.957799
2026-07-27T16:44:45.724348,1.7970,-0.302570,-0.072961,0.000000,-1.512849,-1.588492,-0.953095
2026-07-27T16:44:45.724379,1.7975,-0.308545,-0.069702,0.000000,-1.542725,-1.619861,-0.971917
2026-07-27T16:44:45.724409,1.7980,-0.307051,-0.070517,0.000000,-1.535254,-1.612016,-0.967210
2026-07-27T16:44:45.724440,1.7985,-0.305557,-0.071332,0.000000,-1.527784,-1.604173,-0.962504
2026-07-27T16:44:45.724469,1.7990,-0.304063,-0.072147,0.000000,-1.520316,-1.596331,-0.957799
2026-07-27T16:44:45.724500,1.7995,-0.302570,-0.072961,0.000000,-1.512849,-1.588492,-0.953095
2026-07-27T16:44:45.817465,1.8000,-0.301077,-0.073776,0.000000,-1.505384,-1.580653,-0.948392
2026-07-27T16:44:45.817491,1.8005,-0.299584,-0.074590,0.000000,-1.497921,-1.572817,-0.943690
2026-07-27T16:44:45.817503,1.8010,-0.298092,-0.075404,0.000000,-1.490459,-1.564982,-0.938989
2026-07-27T16:44:45.817513,1.8015,-0.296600,-0.076218,0.000000,-1.483000,-1.557150,-0.934290
2026-07-27T16:44:45.817523,1.8020,-0.295108,-0.077031,0.000000,-1.475541,-1.549319,-0.929591
2026-07-27T16:44:45.817533,1.8025,-0.301077,-0.073776,0.000000,-1.505384,-1.580653,-0.948392
2026-07-27T16:44:45.817543,1.8030,-0.299584,-0.074590,0.000000,-1.497921,-1.572817,-0.943690
2026-07-27T16:44:45.817553,1.8035,-0.298092,-0.075404,0.000000,-1.490459,-1.564982,-0.938989
2026-07-27T16:44:45.817563,1.8040,-0.296600,-0.076218,0.000000,-1.483000,-1.557150,-0.934290
2026-07-27T16:44:45.817572,1.8045,-0.295108,-0.077031,0.000000,-1.475541,-1.549319,-0.929591
2026-07-27T16:44:45.817582,1.8050,-0.301077,-0.073776,0.000000,-1.505384,-1.580653,-0.948392
2026-07-27T16:44:45.817592,1.8055,-0.299584,-0.074590,0.000000,-1.497921,-1.572817,-0.943690
2026-07-27T16:44:45.817602,1.8060,-0.298092,-0.075404,0.000000,-1.490459,-1.564982,-0.938989
2026-07-27T16:44:45.817611,1.8065,-0.296600,-0.076218,0.000000,-1.483000,-1.557150,-0.934290
2026-07-27T16:44:45.817621,1.8070,-0.295108,-0.077031,0.000000,-1.475541,-1.549319,-0.929591
2026-07-27T16:44:45.817630,1.8075,-0.301077,-0.073776,0.000000,-1.505384,-1.580653,-0.948392
2026-07-27T16:44:45.817640,1.8080,-0.299584,-0.074590,0.000000,-1.497921,-1.572817,-0.943690
2026-07-27T16:44:45.817650,1.8085,-0.298092,-0.075404,0.000000,-1.490459,-1.564982,-0.938989
2026-07-27T16:44:45.817660,1.8090,-0.296600,-0.076218,0.000000,-1.483000,-1.557150,-0.934290
2026-07-27T16:44:45.817669,1.8095,-0.295108,-0.077031,0.000000,-1.475541,-1.549319,-0.929591
2026-07-27T16:44:45.817679,1.8100,-0.301077,-0.073776,0.000000,-1.505384,-1.580653,-0.948392
2026-07-27T16:44:45.817689,1.8105,-0.299584,-0.074590,0.000000,-1.497921,-1.572817,-0.943690
2026-07-27T16:44:45.817698,1.8110,-0.298092,-0.075404,0.000000,-1.490459,-1.564982,-0.938989
2026-07-27T16:44:45.817708,1.8115,-0.296600,-0.076218,0.000000,-1.483000,-1.557150,-0.934290
2026-07-27T16:44:45.817718,1.8120,-0.295108,-0.077031,0.000000,-1.475541,-1.549319,-0.929591
2026-07-27T16:44:45.817728,1.8125,-0.301077,-0.073776,0.000000,-1.505384,-1.580653,-0.948392
2026-07-27T16:44:45.817737,1.8130,-0.299584,-0.074590,0.000000,-1.497921,-1.572817,-0.943690
2026-07-27T16:44:45.817747,1.8135,-0.298092,-0.075404,0.000000,-1.490459,-1.564982,-0.938989
2026-07-27T16:44:45.817756,1.8140,-0.296600,-0.076218,0.000000,-1.483000,-1.557150,-0.934290
2026-07-27T16:44:45.817766,1.8145,-0.295108,-0.077031,0.000000,-1.475541,-1.549319,-0.929591
2026-07-27T16:44:45.817776,1.8150,-0.301077,-0.073776,0.000000,-1.505384,-1.580653,-0.948392
2026-07-27T16:44:45.817785,1.8155,-0.299584,-0.074590,0.000000,-1.497921,-1.572817,-0.943690
2026-07-27T16:44:45.817795,1.8160,-0.298092,-0.075404,0.000000,-1.490459,-1.564982,-0.938989
2026-07-27T16:44:45.817805,1.8165,-0.296600,-0.076218,0.000000,-1.483000,-1.557150,-0.934290
2026-07-27T16:44:45.817815,1.8170,-0.295108,-0.077031,0.000000,-1.475541,-1.549319,-0.929591
2026-07-27T16:44:45.817824,1.8175,-0.301077,-0.073776,0.000000,-1.505384,-1.580653,-0.948392
2026-07-27T16:44:45.817834,1.8180,-0.299584,-0.074590,0.000000,-1.497921,-1.572817,-0.943690
2026-07-27T16:44:45.817843,1.8185,-0.298092,-0.075404,0.000000,-1.490459,-1.564982,-0.938989
2026-07-27T16:44:45.817855,1.8190,-0.296600,-0.076218,0.000000,-1.483000,-1.557150,-0.934290
2026-07-27T16:44:45.817869,1.8195,-0.295108,-0.077031,0.000000,-1.475541,-1.549319,-0.929591
2026-07-27T16:44:45.817885,1.8200,-0.301077,-0.073776,0.000000,-1.505384,-1.580653,-0.948392
2026-07-27T16:44:45.817899,1.8205,-0.299584,-0.074590,0.000000,-1.497921,-1.572817,-0.943690
2026-07-27T16:44:45.817913,1.8210,-0.298092,-0.075404,0.000000,-1.490459,-1.564982,-0.938989
2026-07-27T16:44:45.817929,1.8215,-0.296600,-0.076218,0.000000,-1.483000,-1.557150,-0.934290
2026-07-27T16:44:45.817943,1.8220,-0.295108,-0.077031,0.000000,-1.475541,-1.549319,-0.929591
2026-07-27T16:44:45.817957,1.8225,-0.301077,-0.073776,0.000000,-1.505384,-1.580653,-0.948392
2026-07-27T16:44:45.817971,1.8230,-0.299584,-0.074590,0.000000,-1.497921,-1.572817,-0.943690
2026-07-27T16:44:45.817988,1.8235,-0.298092,-0.075404,0.000000,-1.490459,-1.564982,-0.938989
2026-07-27T16:44:45.817998,1.8240,-0.296600,-0.076218,0.000000,-1.483000,-1.557150,-0.934290
2026-07-27T16:44:45.818008,1.8245,-0.295108,-0.077031,0.000000,-1.475541,-1.549319,-0.929591
2026-07-27T16:44:45.818017,1.8250,-0.301077,-0.073776,0.000000,-1.505384,-1.580653,-0.948392
2026-07-27T16:44:45.818027,1.8255,-0.299584,-0.074590,0.000000,-1.497921,-1.572817,-0.943690
2026-07-27T16:44:45.818037,1.8260,-0.298092,-0.075404,0.000000,-1.490459,-1.564982,-0.938989
2026-07-27T16:44:45.818047,1.8265,-0.296600,-0.076218,0.000000,-1.483000,-1.557150,-0.934290
2026-07-27T16:44:45.818056,1.8270,-0.295108,-0.077031,0.000000,-1.475541,-1.549319,-0.929591
2026-07-27T16:44:45.818066,1.8275,-0.301077,-0.073776,0.000000,-1.505384,-1.580653,-0.948392
2026-07-27T16:44:45.818076,1.8280,-0.299584,-0.074590,0.000000,-1.497921,-1.572817,-0.943690
2026-07-27T16:44:45.818085,1.8285,-0.298092,-0.075404,0.000000,-1.490459,-1.564982,-0.938989
2026-07-27T16:44:45.818095,1.8290,-0.296600,-0.076218,0.000000,-1.483000,-1.557150,-0.934290
2026-07-27T16:44:45.818105,1.8295,-0.295108,-0.077031,0.000000,-1.475541,-1.549319,-0.929591
2026-07-27T16:44:45.818115,1.8300,-0.301077,-0.073776,0.000000,-1.505384,-1.580653,-0.948392
2026-07-27T16:44:45.818124,1.8305,-0.299584,-0.074590,0.000000,-1.497921,-1.572817,-0.943690
2026-07-27T16:44:45.818134,1.8310,-0.298092,-0.075404,0.000000,-1.490459,-1.564982,-0.938989
2026-07-27T16:44:45.818144,1.8315,-0.296600,-0.076218,0.000000,-1.483000,-1.557150,-0.934290
2026-07-27T16:44:45.818153,1.8320,-0.295108,-0.077031,0.000000,-1.475541,-1.549319,-0.929591
2026-07-27T16:44:45.818163,1.8325,-0.301077,-0.073776,0.000000,-1.505384,-1.580653,-0.948392
2026-07-27T16:44:45.818173,1.8330,-0.299584,-0.074590,0.000000,-1.497921,-1.572817,-0.943690
2026-07-27T16:44:45.818183,1.8335,-0.298092,-0.075404,0.000000,-1.490459,-1.564982,-0.938989
2026-07-27T16:44:45.818193,1.8340,-0.296600,-0.076218,0.000000,-1.483000,-1.557150,-0.934290
2026-07-27T16:44:45.818203,1.8345,-0.295108,-0.077031,0.000000,-1.475541,-1.549319,-0.929591
2026-07-27T16:44:45.818213,1.8350,-0.301077,-0.073776,0.000000,-1.505384,-1.580653,-0.948392
2026-07-27T16:44:45.818223,1.8355,-0.299584,-0.074590,0.000000,-1.497921,-1.572817,-0.943690
2026-07-27T16:44:45.818233,1.8360,-0.298092,-0.075404,0.000000,-1.490459,-1.564982,-0.938989
2026-07-27T16:44:45.818243,1.8365,-0.296600,-0.076218,0.000000,-1.483000,-1.557150,-0.934290
2026-07-27T16:44:45.818252,1.8370,-0.295108,-0.077031,0.000000,-1.475541,-1.549319,-0.929591
2026-07-27T16:44:45.818266,1.8375,-0.301077,-0.073776,0.000000,-1.505384,-1.580653,-0.948392
2026-07-27T16:44:45.818276,1.8380,-0.299584,-0.074590,0.000000,-1.497921,-1.572817,-0.943690
2026-07-27T16:44:45.818285,1.8385,-0.298092,-0.075404,0.000000,-1.490459,-1.564982,-0.938989
2026-07-27T16:44:45.818295,1.8390,-0.296600,-0.076218,0.000000,-1.483000,-1.557150,-0.934290
2026-07-27T16:44:45.818303,1.8395,-0.295108,-0.077031,0.000000,-1.475541,-1.549319,-0.929591
2026-07-27T16:44:45.818313,1.8400,-0.301077,-0.073776,0.000000,-1.505384,-1.580653,-0.948392
2026-07-27T16:44:45.818322,1.8405,-0.299584,-0.074590,0.000000,-1.497921,-1.572817,-0.943690
2026-07-27T16:44:45.818331,1.8410,-0.298092,-0.075404,0.000000,-1.490459,-1.564982,-0.938989
2026-07-27T16:44:45.818341,1.8415,-0.296600,-0.076218,0.000000,-1.483000,-1.557150,-0.934290
2026-07-27T16:44:45.818350,1.8420,-0.295108,-0.077031,0.000000,-1.475541,-1.549319,-0.929591
2026-07-27T16:44:45.818360,1.8425,-0.301077,-0.073776,0.000000,-1.505384,-1.580653,-0.948392
2026-07-27T16:44:45.818370,1.8430,-0.299584,-0.074590,0.000000,-1.497921,-1.572817,-0.943690
2026-07-27T16:44:45.818380,1.8435,-0.298092,-0.075404,0.000000,-1.490459,-1.564982,-0.938989
2026-07-27T16:44:45.818420,1.8440,-0.296600,-0.076218,0.000000,-1.483000,-1.557150,-0.934290
2026-07-27T16:44:45.818430,1.8445,-0.295108,-0.077031,0.000000,-1.475541,-1.549319,-0.929591
2026-07-27T16:44:45.818440,1.8450,-0.301077,-0.073776,0.000000,-1.505384,-1.580653,-0.948392
2026-07-27T16:44:45.818450,1.8455,-0.299584,-0.074590,0.000000,-1.497921,-1.572817,-0.943690
2026-07-27T16:44:45.818460,1.8460,-0.298092,-0.075404,0.000000,-1.490459,-1.564982,-0.938989
2026-07-27T16:44:45.818473,1.8465,-0.296600,-0.076218,0.000000,-1.483000,-1.557150,-0.934290
2026-07-27T16:44:45.818482,1.8470,-0.295108,-0.077031,0.000000,-1.475541,-1.549319,-0.929591
2026-07-27T16:44:45.818492,1.8475,-0.301077,-0.073776,0.000000,-1.505384,-1.580653,-0.948392
2026-07-27T16:44:45.818502,1.8480,-0.299584,-0.074590,0.000000,-1.497921,-1.572817,-0.943690
2026-07-27T16:44:45.818511,1.8485,-0.298092,-0.075404,0.000000,-1.490459,-1.564982,-0.938989
2026-07-27T16:44:45.818521,1.8490,-0.296600,-0.076218,0.000000,-1.483000,-1.557150,-0.934290
2026-07-27T16:44:45.818531,1.8495,-0.295108,-0.077031,0.000000,-1.475541,-1.549319,-0.929591
2026-07-27T16:44:45.818540,1.8500,-0.301077,-0.073776,0.000000,-1.505384,-1.580653,-0.948392
2026-07-27T16:44:45.818550,1.8505,-0.299584,-0.074590,0.000000,-1.497921,-1.572817,-0.943690
2026-07-27T16:44:45.818559,1.8510,-0.298092,-0.075404,0.000000,-1.490459,-1.564982,-0.938989
2026-07-27T16:44:45.818569,1.8515,-0.296600,-0.076218,0.000000,-1.483000,-1.557150,-0.934290
2026-07-27T16:44:45.818578,1.8520,-0.295108,-0.077031,0.000000,-1.475541,-1.549319,-0.929591
2026-07-27T16:44:45.818588,1.8525,-0.301077,-0.073776,0.000000,-1.505384,-1.580653,-0.948392
2026-07-27T16:44:45.818598,1.8530,-0.299584,-0.074590,0.000000,-1.497921,-1.572817,-0.943690
2026-07-27T16:44:45.818608,1.8535,-0.298092,-0.075404,0.000000,-1.490459,-1.564982,-0.938989
2026-07-27T16:44:45.818617,1.8540,-0.296600,-0.076218,0.000000,-1.483000,-1.557150,-0.934290
2026-07-27T16:44:45.818626,1.8545,-0.295108,-0.077031,0.000000,-1.475541,-1.549319,-0.929591
2026-07-27T16:44:45.818636,1.8550,-0.301077,-0.073776,0.000000,-1.505384,-1.580653,-0.948392
2026-07-27T16:44:45.818645,1.8555,-0.299584,-0.074590,0.000000,-1.497921,-1.572817,-0.943690
2026-07-27T16:44:45.818655,1.8560,-0.298092,-0.075404,0.000000,-1.490459,-1.564982,-0.938989
2026-07-27T16:44:45.818664,1.8565,-0.296600,-0.076218,0.000000,-1.483000,-1.557150,-0.934290
2026-07-27T16:44:45.818673,1.8570,-0.295108,-0.077031,0.000000,-1.475541,-1.549319,-0.929591
2026-07-27T16:44:45.818682,1.8575,-0.301077,-0.073776,0.000000,-1.505384,-1.580653,-0.948392
2026-07-27T16:44:45.818692,1.8580,-0.299584,-0.074590,0.000000,-1.497921,-1.572817,-0.943690
2026-07-27T16:44:45.818701,1.8585,-0.298092,-0.075404,0.000000,-1.490459,-1.564982,-0.938989
2026-07-27T16:44:45.818710,1.8590,-0.296600,-0.076218,0.000000,-1.483000,-1.557150,-0.934290
2026-07-27T16:44:45.818719,1.8595,-0.295108,-0.077031,0.000000,-1.475541,-1.549319,-0.929591
2026-07-27T16:44:45.818728,1.8600,-0.301077,-0.073776,0.000000,-1.505384,-1.580653,-0.948392
2026-07-27T16:44:45.818737,1.8605,-0.299584,-0.074590,0.000000,-1.497921,-1.572817,-0.943690
2026-07-27T16:44:45.818747,1.8610,-0.298092,-0.075404,0.000000,-1.490459,-1.564982,-0.938989
2026-07-27T16:44:45.818756,1.8615,-0.296600,-0.076218,0.000000,-1.483000,-1.557150,-0.934290
2026-07-27T16:44:45.818765,1.8620,-0.295108,-0.077031,0.000000,-1.475541,-1.549319,-0.929591
2026-07-27T16:44:45.818774,1.8625,-0.301077,-0.073776,0.000000,-1.505384,-1.580653,-0.948392
2026-07-27T16:44:45.818784,1.8630,-0.299584,-0.074590,0.000000,-1.497921,-1.572817,-0.943690
2026-07-27T16:44:45.818793,1.8635,-0.298092,-0.075404,0.000000,-1.490459,-1.564982,-0.938989
2026-07-27T16:44:45.818802,1.8640,-0.296600,-0.076218,0.000000,-1.483000,-1.557150,-0.934290
2026-07-27T16:44:45.818812,1.8645,-0.295108,-0.077031,0.000000,-1.475541,-1.549319,-0.929591
2026-07-27T16:44:45.818821,1.8650,-0.301077,-0.073776,0.000000,-1.505384,-1.580653,-0.948392
2026-07-27T16:44:45.818830,1.8655,-0.299584,-0.074590,0.000000,-1.497921,-1.572817,-0.943690
2026-07-27T16:44:45.818839,1.8660,-0.298092,-0.075404,0.000000,-1.490459,-1.564982,-0.938989
2026-07-27T16:44:45.818848,1.8665,-0.296600,-0.076218,0.000000,-1.483000,-1.557150,-0.934290
2026-07-27T16:44:45.818857,1.8670,-0.295108,-0.077031,0.000000,-1.475541,-1.549319,-0.929591
2026-07-27T16:44:45.818866,1.8675,-0.301077,-0.073776,0.000000,-1.505384,-1.580653,-0.948392
2026-07-27T16:44:45.818876,1.8680,-0.299584,-0.074590,0.000000,-1.497921,-1.572817,-0.943690
2026-07-27T16:44:45.818885,1.8685,-0.298092,-0.075404,0.000000,-1.490459,-1.564982,-0.938989
2026-07-27T16:44:45.818895,1.8690,-0.296600,-0.076218,0.000000,-1.483000,-1.557150,-0.934290
2026-07-27T16:44:45.818904,1.8695,-0.295108,-0.077031,0.000000,-1.475541,-1.549319,-0.929591
2026-07-27T16:44:45.818914,1.8700,-0.301077,-0.073776,0.000000,-1.505384,-1.580653,-0.948392
2026-07-27T16:44:45.818923,1.8705,-0.299584,-0.074590,0.000000,-1.497921,-1.572817,-0.943690
2026-07-27T16:44:45.818932,1.8710,-0.298092,-0.075404,0.000000,-1.490459,-1.564982,-0.938989
2026-07-27T16:44:45.818941,1.8715,-0.296600,-0.076218,0.000000,-1.483000,-1.557150,-0.934290
2026-07-27T16:44:45.818950,1.8720,-0.295108,-0.077031,0.000000,-1.475541,-1.549319,-0.929591
2026-07-27T16:44:45.818960,1.8725,-0.301077,-0.073776,0.000000,-1.505384,-1.580653,-0.948392
2026-07-27T16:44:45.818969,1.8730,-0.299584,-0.074590,0.000000,-1.497921,-1.572817,-0.943690
2026-07-27T16:44:45.818979,1.8735,-0.298092,-0.075404,0.000000,-1.490459,-1.564982,-0.938989
2026-07-27T16:44:45.818988,1.8740,-0.296600,-0.076218,0.000000,-1.483000,-1.557150,-0.934290
2026-07-27T16:44:45.818997,1.8745,-0.295108,-0.077031,0.000000,-1.475541,-1.549319,-0.929591
2026-07-27T16:44:45.819007,1.8750,-0.301077,-0.073776,0.000000,-1.505384,-1.580653,-0.948392
2026-07-27T16:44:45.819016,1.8755,-0.299584,-0.074590,0.000000,-1.497921,-1.572817,-0.943690
2026-07-27T16:44:45.819025,1.8760,-0.298092,-0.075404,0.000000,-1.490459,-1.564982,-0.938989
2026-07-27T16:44:45.819035,1.8765,-0.296600,-0.076218,0.000000,-1.483000,-1.557150,-0.934290
2026-07-27T16:44:45.819044,1.8770,-0.295108,-0.077031,0.000000,-1.475541,-1.549319,-0.929591
2026-07-27T16:44:45.819053,1.8775,-0.301077,-0.073776,0.000000,-1.505384,-1.580653,-0.948392
2026-07-27T16:44:45.819062,1.8780,-0.299584,-0.074590,0.000000,-1.497921,-1.572817,-0.943690
2026-07-27T16:44:45.819071,1.8785,-0.298092,-0.075404,0.000000,-1.490459,-1.564982,-0.938989
2026-07-27T16:44:45.819080,1.8790,-0.296600,-0.076218,0.000000,-1.483000,-1.557150,-0.934290
2026-07-27T16:44:45.819090,1.8795,-0.295108,-0.077031,0.000000,-1.475541,-1.549319,-0.929591
2026-07-27T16:44:45.819099,1.8800,-0.301077,-0.073776,0.000000,-1.505384,-1.580653,-0.948392
2026-07-27T16:44:45.819108,1.8805,-0.299584,-0.074590,0.000000,-1.497921,-1.572817,-0.943690
2026-07-27T16:44:45.819117,1.8810,-0.298092,-0.075404,0.000000,-1.490459,-1.564982,-0.938989
2026-07-27T16:44:45.819126,1.8815,-0.296600,-0.076218,0.000000,-1.483000,-1.557150,-0.934290
2026-07-27T16:44:45.819136,1.8820,-0.295108,-0.077031,0.000000,-1.475541,-1.549319,-0.929591
2026-07-27T16:44:45.819146,1.8825,-0.301077,-0.073776,0.000000,-1.505384,-1.580653,-0.948392
2026-07-27T16:44:45.819155,1.8830,-0.299584,-0.074590,0.000000,-1.497921,-1.572817,-0.943690
2026-07-27T16:44:45.819164,1.8835,-0.298092,-0.075404,0.000000,-1.490459,-1.564982,-0.938989
2026-07-27T16:44:45.819173,1.8840,-0.296600,-0.076218,0.000000,-1.483000,-1.557150,-0.934290
2026-07-27T16:44:45.819182,1.8845,-0.295108,-0.077031,0.000000,-1.475541,-1.549319,-0.929591
2026-07-27T16:44:45.819191,1.8850,-0.301077,-0.073776,0.000000,-1.505384,-1.580653,-0.948392
2026-07-27T16:44:45.819200,1.8855,-0.299584,-0.074590,0.000000,-1.497921,-1.572817,-0.943690
2026-07-27T16:44:45.819209,1.8860,-0.298092,-0.075404,0.000000,-1.490459,-1.564982,-0.938989
2026-07-27T16:44:45.819219,1.8865,-0.296600,-0.076218,0.000000,-1.483000,-1.557150,-0.934290
2026-07-27T16:44:45.819228,1.8870,-0.295108,-0.077031,0.000000,-1.475541,-1.549319,-0.929591
2026-07-27T16:44:45.819242,1.8875,-0.301077,-0.073776,0.000000,-1.505384,-1.580653,-0.948392
2026-07-27T16:44:45.819251,1.8880,-0.299584,-0.074590,0.000000,-1.497921,-1.572817,-0.943690
2026-07-27T16:44:45.819260,1.8885,-0.298092,-0.075404,0.000000,-1.490459,-1.564982,-0.938989
2026-07-27T16:44:45.819275,1.8890,-0.296600,-0.076218,0.000000,-1.483000,-1.557150,-0.934290
2026-07-27T16:44:45.819284,1.8895,-0.295108,-0.077031,0.000000,-1.475541,-1.549319,-0.929591
2026-07-27T16:44:45.819294,1.8900,-0.301077,-0.073776,0.000000,-1.505384,-1.580653,-0.948392
2026-07-27T16:44:45.819303,1.8905,-0.299584,-0.074590,0.000000,-1.497921,-1.572817,-0.943690
2026-07-27T16:44:45.819312,1.8910,-0.298092,-0.075404,0.000000,-1.490459,-1.564982,-0.938989
2026-07-27T16:44:45.819323,1.8915,-0.296600,-0.076218,0.000000,-1.483000,-1.557150,-0.934290
2026-07-27T16:44:45.819333,1.8920,-0.295108,-0.077031,0.000000,-1.475541,-1.549319,-0.929591
2026-07-27T16:44:45.819343,1.8925,-0.301077,-0.073776,0.000000,-1.505384,-1.580653,-0.948392
2026-07-27T16:44:45.819352,1.8930,-0.299584,-0.074590,0.000000,-1.497921,-1.572817,-0.943690
2026-07-27T16:44:45.819361,1.8935,-0.298092,-0.075404,0.000000,-1.490459,-1.564982,-0.938989
2026-07-27T16:44:45.819371,1.8940,-0.296600,-0.076218,0.000000,-1.483000,-1.557150,-0.934290
2026-07-27T16:44:45.819381,1.8945,-0.295108,-0.077031,0.000000,-1.475541,-1.549319,-0.929591
2026-07-27T16:44:45.819390,1.8950,-0.301077,-0.073776,0.000000,-1.505384,-1.580653,-0.948392
2026-07-27T16:44:45.819400,1.8955,-0.299584,-0.074590,0.000000,-1.497921,-1.572817,-0.943690
2026-07-27T16:44:45.819409,1.8960,-0.298092,-0.075404,0.000000,-1.490459,-1.564982,-0.938989
2026-07-27T16:44:45.819419,1.8965,-0.296600,-0.076218,0.000000,-1.483000,-1.557150,-0.934290
2026-07-27T16:44:45.819428,1.8970,-0.295108,-0.077031,0.000000,-1.475541,-1.549319,-0.929591
2026-07-27T16:44:45.819438,1.8975,-0.301077,-0.073776,0.000000,-1.505384,-1.580653,-0.948392
2026-07-27T16:44:45.819447,1.8980,-0.299584,-0.074590,0.000000,-1.497921,-1.572817,-0.943690
2026-07-27T16:44:45.819457,1.8985,-0.298092,-0.075404,0.000000,-1.490459,-1.564982,-0.938989
2026-07-27T16:44:45.819466,1.8990,-0.296600,-0.076218,0.000000,-1.483000,-1.557150,-0.934290
2026-07-27T16:44:45.819476,1.8995,-0.295108,-0.077031,0.000000,-1.475541,-1.549319,-0.929591
2026-07-27T16:44:45.917815,1.9000,-0.293617,-0.077845,0.000000,-1.468085,-1.541489,-0.924894
2026-07-27T16:44:45.917882,1.9005,-0.292126,-0.078658,0.000000,-1.460630,-1.533662,-0.920197
2026-07-27T16:44:45.917914,1.9010,-0.290636,-0.079471,0.000000,-1.453178,-1.525837,-0.915502
2026-07-27T16:44:45.917942,1.9015,-0.289145,-0.080284,0.000000,-1.445727,-1.518013,-0.910808
2026-07-27T16:44:45.917969,1.9020,-0.287655,-0.081096,0.000000,-1.438277,-1.510191,-0.906115
2026-07-27T16:44:45.917996,1.9025,-0.293617,-0.077845,0.000000,-1.468085,-1.541489,-0.924894
2026-07-27T16:44:45.918023,1.9030,-0.292126,-0.078658,0.000000,-1.460630,-1.533662,-0.920197
2026-07-27T16:44:45.918049,1.9035,-0.290636,-0.079471,0.000000,-1.453178,-1.525837,-0.915502
2026-07-27T16:44:45.918076,1.9040,-0.289145,-0.080284,0.000000,-1.445727,-1.518013,-0.910808
2026-07-27T16:44:45.918103,1.9045,-0.287655,-0.081096,0.000000,-1.438277,-1.510191,-0.906115
2026-07-27T16:44:45.918130,1.9050,-0.293617,-0.077845,0.000000,-1.468085,-1.541489,-0.924894
2026-07-27T16:44:45.918156,1.9055,-0.292126,-0.078658,0.000000,-1.460630,-1.533662,-0.920197
2026-07-27T16:44:45.918184,1.9060,-0.290636,-0.079471,0.000000,-1.453178,-1.525837,-0.915502
2026-07-27T16:44:45.918212,1.9065,-0.289145,-0.080284,0.000000,-1.445727,-1.518013,-0.910808
2026-07-27T16:44:45.918241,1.9070,-0.287655,-0.081096,0.000000,-1.438277,-1.510191,-0.906115
2026-07-27T16:44:45.918278,1.9075,-0.293617,-0.077845,0.000000,-1.468085,-1.541489,-0.924894
2026-07-27T16:44:45.918307,1.9080,-0.292126,-0.078658,0.000000,-1.460630,-1.533662,-0.920197
2026-07-27T16:44:45.918336,1.9085,-0.290636,-0.079471,0.000000,-1.453178,-1.525837,-0.915502
2026-07-27T16:44:45.918366,1.9090,-0.289145,-0.080284,0.000000,-1.445727,-1.518013,-0.910808
2026-07-27T16:44:45.918394,1.9095,-0.287655,-0.081096,0.000000,-1.438277,-1.510191,-0.906115
2026-07-27T16:44:45.918423,1.9100,-0.293617,-0.077845,0.000000,-1.468085,-1.541489,-0.924894
2026-07-27T16:44:45.918451,1.9105,-0.292126,-0.078658,0.000000,-1.460630,-1.533662,-0.920197
2026-07-27T16:44:45.918478,1.9110,-0.290636,-0.079471,0.000000,-1.453178,-1.525837,-0.915502
2026-07-27T16:44:45.918507,1.9115,-0.289145,-0.080284,0.000000,-1.445727,-1.518013,-0.910808
2026-07-27T16:44:45.918535,1.9120,-0.287655,-0.081096,0.000000,-1.438277,-1.510191,-0.906115
2026-07-27T16:44:45.918564,1.9125,-0.293617,-0.077845,0.000000,-1.468085,-1.541489,-0.924894
2026-07-27T16:44:45.918591,1.9130,-0.292126,-0.078658,0.000000,-1.460630,-1.533662,-0.920197
2026-07-27T16:44:45.918619,1.9135,-0.290636,-0.079471,0.000000,-1.453178,-1.525837,-0.915502
2026-07-27T16:44:45.918648,1.9140,-0.289145,-0.080284,0.000000,-1.445727,-1.518013,-0.910808
2026-07-27T16:44:45.918676,1.9145,-0.287655,-0.081096,0.000000,-1.438277,-1.510191,-0.906115
2026-07-27T16:44:45.918704,1.9150,-0.293617,-0.077845,0.000000,-1.468085,-1.541489,-0.924894
2026-07-27T16:44:45.918732,1.9155,-0.292126,-0.078658,0.000000,-1.460630,-1.533662,-0.920197
2026-07-27T16:44:45.918760,1.9160,-0.290636,-0.079471,0.000000,-1.453178,-1.525837,-0.915502
2026-07-27T16:44:45.918789,1.9165,-0.289145,-0.080284,0.000000,-1.445727,-1.518013,-0.910808
2026-07-27T16:44:45.918818,1.9170,-0.287655,-0.081096,0.000000,-1.438277,-1.510191,-0.906115
2026-07-27T16:44:45.918845,1.9175,-0.293617,-0.077845,0.000000,-1.468085,-1.541489,-0.924894
2026-07-27T16:44:45.918874,1.9180,-0.292126,-0.078658,0.000000,-1.460630,-1.533662,-0.920197
2026-07-27T16:44:45.918901,1.9185,-0.290636,-0.079471,0.000000,-1.453178,-1.525837,-0.915502
2026-07-27T16:44:45.918930,1.9190,-0.289145,-0.080284,0.000000,-1.445727,-1.518013,-0.910808
2026-07-27T16:44:45.918958,1.9195,-0.287655,-0.081096,0.000000,-1.438277,-1.510191,-0.906115
2026-07-27T16:44:45.918985,1.9200,-0.293617,-0.077845,0.000000,-1.468085,-1.541489,-0.924894
2026-07-27T16:44:45.919013,1.9205,-0.292126,-0.078658,0.000000,-1.460630,-1.533662,-0.920197
2026-07-27T16:44:45.919042,1.9210,-0.290636,-0.079471,0.000000,-1.453178,-1.525837,-0.915502
2026-07-27T16:44:45.919070,1.9215,-0.289145,-0.080284,0.000000,-1.445727,-1.518013,-0.910808
2026-07-27T16:44:45.919098,1.9220,-0.287655,-0.081096,0.000000,-1.438277,-1.510191,-0.906115
2026-07-27T16:44:45.919126,1.9225,-0.293617,-0.077845,0.000000,-1.468085,-1.541489,-0.924894
2026-07-27T16:44:45.919154,1.9230,-0.292126,-0.078658,0.000000,-1.460630,-1.533662,-0.920197
2026-07-27T16:44:45.919184,1.9235,-0.290636,-0.079471,0.000000,-1.453178,-1.525837,-0.915502
2026-07-27T16:44:45.919214,1.9240,-0.289145,-0.080284,0.000000,-1.445727,-1.518013,-0.910808
2026-07-27T16:44:45.919244,1.9245,-0.287655,-0.081096,0.000000,-1.438277,-1.510191,-0.906115
2026-07-27T16:44:45.919284,1.9250,-0.293617,-0.077845,0.000000,-1.468085,-1.541489,-0.924894
2026-07-27T16:44:45.919315,1.9255,-0.292126,-0.078658,0.000000,-1.460630,-1.533662,-0.920197
2026-07-27T16:44:45.919345,1.9260,-0.290636,-0.079471,0.000000,-1.453178,-1.525837,-0.915502
2026-07-27T16:44:45.919376,1.9265,-0.289145,-0.080284,0.000000,-1.445727,-1.518013,-0.910808
2026-07-27T16:44:45.919407,1.9270,-0.287655,-0.081096,0.000000,-1.438277,-1.510191,-0.906115
2026-07-27T16:44:45.919437,1.9275,-0.293617,-0.077845,0.000000,-1.468085,-1.541489,-0.924894
2026-07-27T16:44:45.919468,1.9280,-0.292126,-0.078658,0.000000,-1.460630,-1.533662,-0.920197
2026-07-27T16:44:45.919498,1.9285,-0.290636,-0.079471,0.000000,-1.453178,-1.525837,-0.915502
2026-07-27T16:44:45.919528,1.9290,-0.289145,-0.080284,0.000000,-1.445727,-1.518013,-0.910808
2026-07-27T16:44:45.919559,1.9295,-0.287655,-0.081096,0.000000,-1.438277,-1.510191,-0.906115
2026-07-27T16:44:45.919590,1.9300,-0.293617,-0.077845,0.000000,-1.468085,-1.541489,-0.924894
2026-07-27T16:44:45.919620,1.9305,-0.292126,-0.078658,0.000000,-1.460630,-1.533662,-0.920197
2026-07-27T16:44:45.919650,1.9310,-0.290636,-0.079471,0.000000,-1.453178,-1.525837,-0.915502
2026-07-27T16:44:45.919681,1.9315,-0.289145,-0.080284,0.000000,-1.445727,-1.518013,-0.910808
2026-07-27T16:44:45.919711,1.9320,-0.287655,-0.081096,0.000000,-1.438277,-1.510191,-0.906115
2026-07-27T16:44:45.919741,1.9325,-0.293617,-0.077845,0.000000,-1.468085,-1.541489,-0.924894
2026-07-27T16:44:45.919771,1.9330,-0.292126,-0.078658,0.000000,-1.460630,-1.533662,-0.920197
2026-07-27T16:44:45.919801,1.9335,-0.290636,-0.079471,0.000000,-1.453178,-1.525837,-0.915502
2026-07-27T16:44:45.919831,1.9340,-0.289145,-0.080284,0.000000,-1.445727,-1.518013,-0.910808
2026-07-27T16:44:45.919863,1.9345,-0.287655,-0.081096,0.000000,-1.438277,-1.510191,-0.906115
2026-07-27T16:44:45.919895,1.9350,-0.293617,-0.077845,0.000000,-1.468085,-1.541489,-0.924894
2026-07-27T16:44:45.919927,1.9355,-0.292126,-0.078658,0.000000,-1.460630,-1.533662,-0.920197
2026-07-27T16:44:45.919958,1.9360,-0.290636,-0.079471,0.000000,-1.453178,-1.525837,-0.915502
2026-07-27T16:44:45.919990,1.9365,-0.289145,-0.080284,0.000000,-1.445727,-1.518013,-0.910808
2026-07-27T16:44:45.920024,1.9370,-0.287655,-0.081096,0.000000,-1.438277,-1.510191,-0.906115
2026-07-27T16:44:45.920055,1.9375,-0.293617,-0.077845,0.000000,-1.468085,-1.541489,-0.924894
2026-07-27T16:44:45.920087,1.9380,-0.292126,-0.078658,0.000000,-1.460630,-1.533662,-0.920197
2026-07-27T16:44:45.920123,1.9385,-0.290636,-0.079471,0.000000,-1.453178,-1.525837,-0.915502
2026-07-27T16:44:45.920155,1.9390,-0.289145,-0.080284,0.000000,-1.445727,-1.518013,-0.910808
2026-07-27T16:44:45.920187,1.9395,-0.287655,-0.081096,0.000000,-1.438277,-1.510191,-0.906115
2026-07-27T16:44:45.920218,1.9400,-0.293617,-0.077845,0.000000,-1.468085,-1.541489,-0.924894
2026-07-27T16:44:45.920251,1.9405,-0.292126,-0.078658,0.000000,-1.460630,-1.533662,-0.920197
2026-07-27T16:44:45.920293,1.9410,-0.290636,-0.079471,0.000000,-1.453178,-1.525837,-0.915502
2026-07-27T16:44:45.920325,1.9415,-0.289145,-0.080284,0.000000,-1.445727,-1.518013,-0.910808
2026-07-27T16:44:45.920358,1.9420,-0.287655,-0.081096,0.000000,-1.438277,-1.510191,-0.906115
2026-07-27T16:44:45.920390,1.9425,-0.293617,-0.077845,0.000000,-1.468085,-1.541489,-0.924894
2026-07-27T16:44:45.920421,1.9430,-0.292126,-0.078658,0.000000,-1.460630,-1.533662,-0.920197
2026-07-27T16:44:45.920454,1.9435,-0.290636,-0.079471,0.000000,-1.453178,-1.525837,-0.915502
2026-07-27T16:44:45.920562,1.9440,-0.289145,-0.080284,0.000000,-1.445727,-1.518013,-0.910808
2026-07-27T16:44:45.920595,1.9445,-0.287655,-0.081096,0.000000,-1.438277,-1.510191,-0.906115
2026-07-27T16:44:45.920628,1.9450,-0.293617,-0.077845,0.000000,-1.468085,-1.541489,-0.924894
2026-07-27T16:44:45.920660,1.9455,-0.292126,-0.078658,0.000000,-1.460630,-1.533662,-0.920197
2026-07-27T16:44:45.920692,1.9460,-0.290636,-0.079471,0.000000,-1.453178,-1.525837,-0.915502
2026-07-27T16:44:45.920725,1.9465,-0.289145,-0.080284,0.000000,-1.445727,-1.518013,-0.910808
2026-07-27T16:44:45.920757,1.9470,-0.287655,-0.081096,0.000000,-1.438277,-1.510191,-0.906115
2026-07-27T16:44:45.920789,1.9475,-0.293617,-0.077845,0.000000,-1.468085,-1.541489,-0.924894
2026-07-27T16:44:45.920822,1.9480,-0.292126,-0.078658,0.000000,-1.460630,-1.533662,-0.920197
2026-07-27T16:44:45.920854,1.9485,-0.290636,-0.079471,0.000000,-1.453178,-1.525837,-0.915502
2026-07-27T16:44:45.920889,1.9490,-0.289145,-0.080284,0.000000,-1.445727,-1.518013,-0.910808
2026-07-27T16:44:45.920921,1.9495,-0.287655,-0.081096,0.000000,-1.438277,-1.510191,-0.906115
2026-07-27T16:44:45.920954,1.9500,-0.293617,-0.077845,0.000000,-1.468085,-1.541489,-0.924894
2026-07-27T16:44:45.920986,1.9505,-0.292126,-0.078658,0.000000,-1.460630,-1.533662,-0.920197
2026-07-27T16:44:45.921018,1.9510,-0.290636,-0.079471,0.000000,-1.453178,-1.525837,-0.915502
2026-07-27T16:44:45.921051,1.9515,-0.289145,-0.080284,0.000000,-1.445727,-1.518013,-0.910808
2026-07-27T16:44:45.921084,1.9520,-0.287655,-0.081096,0.000000,-1.438277,-1.510191,-0.906115
2026-07-27T16:44:45.921117,1.9525,-0.293617,-0.077845,0.000000,-1.468085,-1.541489,-0.924894
2026-07-27T16:44:45.921149,1.9530,-0.292126,-0.078658,0.000000,-1.460630,-1.533662,-0.920197
2026-07-27T16:44:45.921182,1.9535,-0.290636,-0.079471,0.000000,-1.453178,-1.525837,-0.915502
2026-07-27T16:44:45.921215,1.9540,-0.289145,-0.080284,0.000000,-1.445727,-1.518013,-0.910808
2026-07-27T16:44:45.921247,1.9545,-0.287655,-0.081096,0.000000,-1.438277,-1.510191,-0.906115
2026-07-27T16:44:45.921284,1.9550,-0.293617,-0.077845,0.000000,-1.468085,-1.541489,-0.924894
2026-07-27T16:44:45.921316,1.9555,-0.292126,-0.078658,0.000000,-1.460630,-1.533662,-0.920197
2026-07-27T16:44:45.921349,1.9560,-0.290636,-0.079471,0.000000,-1.453178,-1.525837,-0.915502
2026-07-27T16:44:45.921381,1.9565,-0.289145,-0.080284,0.000000,-1.445727,-1.518013,-0.910808
2026-07-27T16:44:45.921413,1.9570,-0.287655,-0.081096,0.000000,-1.438277,-1.510191,-0.906115
2026-07-27T16:44:45.921445,1.9575,-0.293617,-0.077845,0.000000,-1.468085,-1.541489,-0.924894
2026-07-27T16:44:45.921476,1.9580,-0.292126,-0.078658,0.000000,-1.460630,-1.533662,-0.920197
2026-07-27T16:44:45.921508,1.9585,-0.290636,-0.079471,0.000000,-1.453178,-1.525837,-0.915502
2026-07-27T16:44:45.921540,1.9590,-0.289145,-0.080284,0.000000,-1.445727,-1.518013,-0.910808
2026-07-27T16:44:45.921573,1.9595,-0.287655,-0.081096,0.000000,-1.438277,-1.510191,-0.906115
2026-07-27T16:44:45.921605,1.9600,-0.293617,-0.077845,0.000000,-1.468085,-1.541489,-0.924894
2026-07-27T16:44:45.921637,1.9605,-0.292126,-0.078658,0.000000,-1.460630,-1.533662,-0.920197
2026-07-27T16:44:45.921669,1.9610,-0.290636,-0.079471,0.000000,-1.453178,-1.525837,-0.915502
2026-07-27T16:44:45.921701,1.9615,-0.289145,-0.080284,0.000000,-1.445727,-1.518013,-0.910808
2026-07-27T16:44:45.921733,1.9620,-0.287655,-0.081096,0.000000,-1.438277,-1.510191,-0.906115
2026-07-27T16:44:45.921764,1.9625,-0.293617,-0.077845,0.000000,-1.468085,-1.541489,-0.924894
2026-07-27T16:44:45.921793,1.9630,-0.292126,-0.078658,0.000000,-1.460630,-1.533662,-0.920197
2026-07-27T16:44:45.921823,1.9635,-0.290636,-0.079471,0.000000,-1.453178,-1.525837,-0.915502
2026-07-27T16:44:45.921853,1.9640,-0.289145,-0.080284,0.000000,-1.445727,-1.518013,-0.910808
2026-07-27T16:44:45.921882,1.9645,-0.287655,-0.081096,0.000000,-1.438277,-1.510191,-0.906115
2026-07-27T16:44:45.921912,1.9650,-0.293617,-0.077845,0.000000,-1.468085,-1.541489,-0.924894
2026-07-27T16:44:45.921942,1.9655,-0.292126,-0.078658,0.000000,-1.460630,-1.533662,-0.920197
2026-07-27T16:44:45.921972,1.9660,-0.290636,-0.079471,0.000000,-1.453178,-1.525837,-0.915502
2026-07-27T16:44:45.922002,1.9665,-0.289145,-0.080284,0.000000,-1.445727,-1.518013,-0.910808
2026-07-27T16:44:45.922033,1.9670,-0.287655,-0.081096,0.000000,-1.438277,-1.510191,-0.906115
2026-07-27T16:44:45.922062,1.9675,-0.293617,-0.077845,0.000000,-1.468085,-1.541489,-0.924894
2026-07-27T16:44:45.922092,1.9680,-0.292126,-0.078658,0.000000,-1.460630,-1.533662,-0.920197
2026-07-27T16:44:45.922122,1.9685,-0.290636,-0.079471,0.000000,-1.453178,-1.525837,-0.915502
2026-07-27T16:44:45.922152,1.9690,-0.289145,-0.080284,0.000000,-1.445727,-1.518013,-0.910808
2026-07-27T16:44:45.922182,1.9695,-0.287655,-0.081096,0.000000,-1.438277,-1.510191,-0.906115
2026-07-27T16:44:45.922212,1.9700,-0.293617,-0.077845,0.000000,-1.468085,-1.541489,-0.924894
2026-07-27T16:44:45.922242,1.9705,-0.292126,-0.078658,0.000000,-1.460630,-1.533662,-0.920197
2026-07-27T16:44:45.922278,1.9710,-0.290636,-0.079471,0.000000,-1.453178,-1.525837,-0.915502
2026-07-27T16:44:45.922309,1.9715,-0.289145,-0.080284,0.000000,-1.445727,-1.518013,-0.910808
2026-07-27T16:44:45.922340,1.9720,-0.287655,-0.081096,0.000000,-1.438277,-1.510191,-0.906115
2026-07-27T16:44:45.922370,1.9725,-0.293617,-0.077845,0.000000,-1.468085,-1.541489,-0.924894
2026-07-27T16:44:45.922401,1.9730,-0.292126,-0.078658,0.000000,-1.460630,-1.533662,-0.920197
2026-07-27T16:44:45.922431,1.9735,-0.290636,-0.079471,0.000000,-1.453178,-1.525837,-0.915502
2026-07-27T16:44:45.922462,1.9740,-0.289145,-0.080284,0.000000,-1.445727,-1.518013,-0.910808
2026-07-27T16:44:45.922492,1.9745,-0.287655,-0.081096,0.000000,-1.438277,-1.510191,-0.906115
2026-07-27T16:44:45.922523,1.9750,-0.293617,-0.077845,0.000000,-1.468085,-1.541489,-0.924894
2026-07-27T16:44:45.922553,1.9755,-0.292126,-0.078658,0.000000,-1.460630,-1.533662,-0.920197
2026-07-27T16:44:45.922585,1.9760,-0.290636,-0.079471,0.000000,-1.453178,-1.525837,-0.915502
2026-07-27T16:44:45.922614,1.9765,-0.289145,-0.080284,0.000000,-1.445727,-1.518013,-0.910808
2026-07-27T16:44:45.922644,1.9770,-0.287655,-0.081096,0.000000,-1.438277,-1.510191,-0.906115
2026-07-27T16:44:45.922674,1.9775,-0.293617,-0.077845,0.000000,-1.468085,-1.541489,-0.924894
2026-07-27T16:44:45.922705,1.9780,-0.292126,-0.078658,0.000000,-1.460630,-1.533662,-0.920197
2026-07-27T16:44:45.922735,1.9785,-0.290636,-0.079471,0.000000,-1.453178,-1.525837,-0.915502
2026-07-27T16:44:45.922765,1.9790,-0.289145,-0.080284,0.000000,-1.445727,-1.518013,-0.910808
2026-07-27T16:44:45.922795,1.9795,-0.287655,-0.081096,0.000000,-1.438277,-1.510191,-0.906115
2026-07-27T16:44:45.922826,1.9800,-0.293617,-0.077845,0.000000,-1.468085,-1.541489,-0.924894
2026-07-27T16:44:45.922855,1.9805,-0.292126,-0.078658,0.000000,-1.460630,-1.533662,-0.920197
2026-07-27T16:44:45.922885,1.9810,-0.290636,-0.079471,0.000000,-1.453178,-1.525837,-0.915502
2026-07-27T16:44:45.922917,1.9815,-0.289145,-0.080284,0.000000,-1.445727,-1.518013,-0.910808
2026-07-27T16:44:45.922948,1.9820,-0.287655,-0.081096,0.000000,-1.438277,-1.510191,-0.906115
2026-07-27T16:44:45.922978,1.9825,-0.293617,-0.077845,0.000000,-1.468085,-1.541489,-0.924894
2026-07-27T16:44:45.923008,1.9830,-0.292126,-0.078658,0.000000,-1.460630,-1.533662,-0.920197
2026-07-27T16:44:45.923040,1.9835,-0.290636,-0.079471,0.000000,-1.453178,-1.525837,-0.915502
2026-07-27T16:44:45.923070,1.9840,-0.289145,-0.080284,0.000000,-1.445727,-1.518013,-0.910808
2026-07-27T16:44:45.923100,1.9845,-0.287655,-0.081096,0.000000,-1.438277,-1.510191,-0.906115
2026-07-27T16:44:45.923130,1.9850,-0.293617,-0.077845,0.000000,-1.468085,-1.541489,-0.924894
2026-07-27T16:44:45.923160,1.9855,-0.292126,-0.078658,0.000000,-1.460630,-1.533662,-0.920197
2026-07-27T16:44:45.923190,1.9860,-0.290636,-0.079471,0.000000,-1.453178,-1.525837,-0.915502
2026-07-27T16:44:45.923219,1.9865,-0.289145,-0.080284,0.000000,-1.445727,-1.518013,-0.910808
2026-07-27T16:44:45.923250,1.9870,-0.287655,-0.081096,0.000000,-1.438277,-1.510191,-0.906115
2026-07-27T16:44:45.923304,1.9875,-0.293617,-0.077845,0.000000,-1.468085,-1.541489,-0.924894
2026-07-27T16:44:45.923334,1.9880,-0.292126,-0.078658,0.000000,-1.460630,-1.533662,-0.920197
2026-07-27T16:44:45.923366,1.9885,-0.290636,-0.079471,0.000000,-1.453178,-1.525837,-0.915502
2026-07-27T16:44:45.923396,1.9890,-0.289145,-0.080284,0.000000,-1.445727,-1.518013,-0.910808
2026-07-27T16:44:45.923426,1.9895,-0.287655,-0.081096,0.000000,-1.438277,-1.510191,-0.906115
2026-07-27T16:44:45.923456,1.9900,-0.293617,-0.077845,0.000000,-1.468085,-1.541489,-0.924894
2026-07-27T16:44:45.923486,1.9905,-0.292126,-0.078658,0.000000,-1.460630,-1.533662,-0.920197
2026-07-27T16:44:45.923516,1.9910,-0.290636,-0.079471,0.000000,-1.453178,-1.525837,-0.915502
2026-07-27T16:44:45.923545,1.9915,-0.289145,-0.080284,0.000000,-1.445727,-1.518013,-0.910808
2026-07-27T16:44:45.923576,1.9920,-0.287655,-0.081096,0.000000,-1.438277,-1.510191,-0.906115
2026-07-27T16:44:45.923607,1.9925,-0.293617,-0.077845,0.000000,-1.468085,-1.541489,-0.924894
2026-07-27T16:44:45.923637,1.9930,-0.292126,-0.078658,0.000000,-1.460630,-1.533662,-0.920197
2026-07-27T16:44:45.923666,1.9935,-0.290636,-0.079471,0.000000,-1.453178,-1.525837,-0.915502
2026-07-27T16:44:45.923696,1.9940,-0.289145,-0.080284,0.000000,-1.445727,-1.518013,-0.910808
2026-07-27T16:44:45.923726,1.9945,-0.287655,-0.081096,0.000000,-1.438277,-1.510191,-0.906115
2026-07-27T16:44:45.923756,1.9950,-0.293617,-0.077845,0.000000,-1.468085,-1.541489,-0.924894
2026-07-27T16:44:45.923786,1.9955,-0.292126,-0.078658,0.000000,-1.460630,-1.533662,-0.920197
2026-07-27T16:44:45.923816,1.9960,-0.290636,-0.079471,0.000000,-1.453178,-1.525837,-0.915502
2026-07-27T16:44:45.923845,1.9965,-0.289145,-0.080284,0.000000,-1.445727,-1.518013,-0.910808
2026-07-27T16:44:45.923873,1.9970,-0.287655,-0.081096,0.000000,-1.438277,-1.510191,-0.906115
2026-07-27T16:44:45.923901,1.9975,-0.293617,-0.077845,0.000000,-1.468085,-1.541489,-0.924894
2026-07-27T16:44:45.923928,1.9980,-0.292126,-0.078658,0.000000,-1.460630,-1.533662,-0.920197
2026-07-27T16:44:45.923956,1.9985,-0.290636,-0.079471,0.000000,-1.453178,-1.525837,-0.915502
2026-07-27T16:44:45.923984,1.9990,-0.289145,-0.080284,0.000000,-1.445727,-1.518013,-0.910808
2026-07-27T16:44:45.924013,1.9995,-0.287655,-0.081096,0.000000,-1.438277,-1.510191,-0.906115
2026-07-27T16:44:46.017719,2.0000,-0.286166,-0.081909,0.000000,-1.430830,-1.502372,-0.901423
2026-07-27T16:44:46.017778,2.0005,-0.284677,-0.082721,0.000000,-1.423385,-1.494554,-0.896732
2026-07-27T16:44:46.017812,2.0010,-0.283188,-0.083533,0.000000,-1.415941,-1.486738,-0.892043
2026-07-27T16:44:46.017842,2.0015,-0.281700,-0.084345,0.000000,-1.408499,-1.478924,-0.887354
2026-07-27T16:44:46.017872,2.0020,-0.280212,-0.085157,0.000000,-1.401059,-1.471112,-0.882667
2026-07-27T16:44:46.017901,2.0025,-0.286166,-0.081909,0.000000,-1.430830,-1.502372,-0.901423
2026-07-27T16:44:46.017928,2.0030,-0.284677,-0.082721,0.000000,-1.423385,-1.494554,-0.896732
2026-07-27T16:44:46.017956,2.0035,-0.283188,-0.083533,0.000000,-1.415941,-1.486738,-0.892043
2026-07-27T16:44:46.017983,2.0040,-0.281700,-0.084345,0.000000,-1.408499,-1.478924,-0.887354
2026-07-27T16:44:46.018011,2.0045,-0.280212,-0.085157,0.000000,-1.401059,-1.471112,-0.882667
2026-07-27T16:44:46.018037,2.0050,-0.286166,-0.081909,0.000000,-1.430830,-1.502372,-0.901423
2026-07-27T16:44:46.018064,2.0055,-0.284677,-0.082721,0.000000,-1.423385,-1.494554,-0.896732
2026-07-27T16:44:46.018091,2.0060,-0.283188,-0.083533,0.000000,-1.415941,-1.486738,-0.892043
2026-07-27T16:44:46.018117,2.0065,-0.281700,-0.084345,0.000000,-1.408499,-1.478924,-0.887354
2026-07-27T16:44:46.018144,2.0070,-0.280212,-0.085157,0.000000,-1.401059,-1.471112,-0.882667
2026-07-27T16:44:46.018171,2.0075,-0.286166,-0.081909,0.000000,-1.430830,-1.502372,-0.901423
2026-07-27T16:44:46.018199,2.0080,-0.284677,-0.082721,0.000000,-1.423385,-1.494554,-0.896732
2026-07-27T16:44:46.018226,2.0085,-0.283188,-0.083533,0.000000,-1.415941,-1.486738,-0.892043
2026-07-27T16:44:46.018252,2.0090,-0.281700,-0.084345,0.000000,-1.408499,-1.478924,-0.887354
2026-07-27T16:44:46.018284,2.0095,-0.280212,-0.085157,0.000000,-1.401059,-1.471112,-0.882667
2026-07-27T16:44:46.018311,2.0100,-0.286166,-0.081909,0.000000,-1.430830,-1.502372,-0.901423
2026-07-27T16:44:46.018338,2.0105,-0.284677,-0.082721,0.000000,-1.423385,-1.494554,-0.896732
2026-07-27T16:44:46.018364,2.0110,-0.283188,-0.083533,0.000000,-1.415941,-1.486738,-0.892043
2026-07-27T16:44:46.018390,2.0115,-0.281700,-0.084345,0.000000,-1.408499,-1.478924,-0.887354
2026-07-27T16:44:46.018417,2.0120,-0.280212,-0.085157,0.000000,-1.401059,-1.471112,-0.882667
2026-07-27T16:44:46.018444,2.0125,-0.286166,-0.081909,0.000000,-1.430830,-1.502372,-0.901423
2026-07-27T16:44:46.018470,2.0130,-0.284677,-0.082721,0.000000,-1.423385,-1.494554,-0.896732
2026-07-27T16:44:46.018497,2.0135,-0.283188,-0.083533,0.000000,-1.415941,-1.486738,-0.892043
2026-07-27T16:44:46.018523,2.0140,-0.281700,-0.084345,0.000000,-1.408499,-1.478924,-0.887354
2026-07-27T16:44:46.018550,2.0145,-0.280212,-0.085157,0.000000,-1.401059,-1.471112,-0.882667
2026-07-27T16:44:46.018576,2.0150,-0.286166,-0.081909,0.000000,-1.430830,-1.502372,-0.901423
2026-07-27T16:44:46.018602,2.0155,-0.284677,-0.082721,0.000000,-1.423385,-1.494554,-0.896732
2026-07-27T16:44:46.018629,2.0160,-0.283188,-0.083533,0.000000,-1.415941,-1.486738,-0.892043
2026-07-27T16:44:46.018655,2.0165,-0.281700,-0.084345,0.000000,-1.408499,-1.478924,-0.887354
2026-07-27T16:44:46.018681,2.0170,-0.280212,-0.085157,0.000000,-1.401059,-1.471112,-0.882667
2026-07-27T16:44:46.018708,2.0175,-0.286166,-0.081909,0.000000,-1.430830,-1.502372,-0.901423
2026-07-27T16:44:46.018738,2.0180,-0.284677,-0.082721,0.000000,-1.423385,-1.494554,-0.896732
2026-07-27T16:44:46.018768,2.0185,-0.283188,-0.083533,0.000000,-1.415941,-1.486738,-0.892043
2026-07-27T16:44:46.018798,2.0190,-0.281700,-0.084345,0.000000,-1.408499,-1.478924,-0.887354
2026-07-27T16:44:46.018829,2.0195,-0.280212,-0.085157,0.000000,-1.401059,-1.471112,-0.882667
2026-07-27T16:44:46.018859,2.0200,-0.286166,-0.081909,0.000000,-1.430830,-1.502372,-0.901423
2026-07-27T16:44:46.018890,2.0205,-0.284677,-0.082721,0.000000,-1.423385,-1.494554,-0.896732
2026-07-27T16:44:46.018919,2.0210,-0.283188,-0.083533,0.000000,-1.415941,-1.486738,-0.892043
2026-07-27T16:44:46.018950,2.0215,-0.281700,-0.084345,0.000000,-1.408499,-1.478924,-0.887354
2026-07-27T16:44:46.018980,2.0220,-0.280212,-0.085157,0.000000,-1.401059,-1.471112,-0.882667
2026-07-27T16:44:46.019010,2.0225,-0.286166,-0.081909,0.000000,-1.430830,-1.502372,-0.901423
2026-07-27T16:44:46.019040,2.0230,-0.284677,-0.082721,0.000000,-1.423385,-1.494554,-0.896732
2026-07-27T16:44:46.019070,2.0235,-0.283188,-0.083533,0.000000,-1.415941,-1.486738,-0.892043
2026-07-27T16:44:46.019103,2.0240,-0.281700,-0.084345,0.000000,-1.408499,-1.478924,-0.887354
2026-07-27T16:44:46.019136,2.0245,-0.280212,-0.085157,0.000000,-1.401059,-1.471112,-0.882667
2026-07-27T16:44:46.019169,2.0250,-0.286166,-0.081909,0.000000,-1.430830,-1.502372,-0.901423
2026-07-27T16:44:46.019202,2.0255,-0.284677,-0.082721,0.000000,-1.423385,-1.494554,-0.896732
2026-07-27T16:44:46.019234,2.0260,-0.283188,-0.083533,0.000000,-1.415941,-1.486738,-0.892043
2026-07-27T16:44:46.019275,2.0265,-0.281700,-0.084345,0.000000,-1.408499,-1.478924,-0.887354
2026-07-27T16:44:46.019310,2.0270,-0.280212,-0.085157,0.000000,-1.401059,-1.471112,-0.882667
2026-07-27T16:44:46.019343,2.0275,-0.286166,-0.081909,0.000000,-1.430830,-1.502372,-0.901423
2026-07-27T16:44:46.019379,2.0280,-0.284677,-0.082721,0.000000,-1.423385,-1.494554,-0.896732
2026-07-27T16:44:46.019416,2.0285,-0.283188,-0.083533,0.000000,-1.415941,-1.486738,-0.892043
2026-07-27T16:44:46.019450,2.0290,-0.281700,-0.084345,0.000000,-1.408499,-1.478924,-0.887354
2026-07-27T16:44:46.019484,2.0295,-0.280212,-0.085157,0.000000,-1.401059,-1.471112,-0.882667
2026-07-27T16:44:46.019518,2.0300,-0.286166,-0.081909,0.000000,-1.430830,-1.502372,-0.901423
2026-07-27T16:44:46.019552,2.0305,-0.284677,-0.082721,0.000000,-1.423385,-1.494554,-0.896732
2026-07-27T16:44:46.019584,2.0310,-0.283188,-0.083533,0.000000,-1.415941,-1.486738,-0.892043
2026-07-27T16:44:46.019617,2.0315,-0.281700,-0.084345,0.000000,-1.408499,-1.478924,-0.887354
2026-07-27T16:44:46.019648,2.0320,-0.280212,-0.085157,0.000000,-1.401059,-1.471112,-0.882667
2026-07-27T16:44:46.019677,2.0325,-0.286166,-0.081909,0.000000,-1.430830,-1.502372,-0.901423
2026-07-27T16:44:46.019705,2.0330,-0.284677,-0.082721,0.000000,-1.423385,-1.494554,-0.896732
2026-07-27T16:44:46.019731,2.0335,-0.283188,-0.083533,0.000000,-1.415941,-1.486738,-0.892043
2026-07-27T16:44:46.019758,2.0340,-0.281700,-0.084345,0.000000,-1.408499,-1.478924,-0.887354
2026-07-27T16:44:46.019784,2.0345,-0.280212,-0.085157,0.000000,-1.401059,-1.471112,-0.882667
2026-07-27T16:44:46.019810,2.0350,-0.286166,-0.081909,0.000000,-1.430830,-1.502372,-0.901423
2026-07-27T16:44:46.019836,2.0355,-0.284677,-0.082721,0.000000,-1.423385,-1.494554,-0.896732
2026-07-27T16:44:46.019863,2.0360,-0.283188,-0.083533,0.000000,-1.415941,-1.486738,-0.892043
2026-07-27T16:44:46.019889,2.0365,-0.281700,-0.084345,0.000000,-1.408499,-1.478924,-0.887354
2026-07-27T16:44:46.019915,2.0370,-0.280212,-0.085157,0.000000,-1.401059,-1.471112,-0.882667
2026-07-27T16:44:46.019942,2.0375,-0.286166,-0.081909,0.000000,-1.430830,-1.502372,-0.901423
2026-07-27T16:44:46.019968,2.0380,-0.284677,-0.082721,0.000000,-1.423385,-1.494554,-0.896732
2026-07-27T16:44:46.019995,2.0385,-0.283188,-0.083533,0.000000,-1.415941,-1.486738,-0.892043
2026-07-27T16:44:46.020021,2.0390,-0.281700,-0.084345,0.000000,-1.408499,-1.478924,-0.887354
2026-07-27T16:44:46.020048,2.0395,-0.280212,-0.085157,0.000000,-1.401059,-1.471112,-0.882667
2026-07-27T16:44:46.020074,2.0400,-0.286166,-0.081909,0.000000,-1.430830,-1.502372,-0.901423
2026-07-27T16:44:46.020101,2.0405,-0.284677,-0.082721,0.000000,-1.423385,-1.494554,-0.896732
2026-07-27T16:44:46.020127,2.0410,-0.283188,-0.083533,0.000000,-1.415941,-1.486738,-0.892043
2026-07-27T16:44:46.020153,2.0415,-0.281700,-0.084345,0.000000,-1.408499,-1.478924,-0.887354
2026-07-27T16:44:46.020179,2.0420,-0.280212,-0.085157,0.000000,-1.401059,-1.471112,-0.882667
2026-07-27T16:44:46.020206,2.0425,-0.286166,-0.081909,0.000000,-1.430830,-1.502372,-0.901423
2026-07-27T16:44:46.020232,2.0430,-0.284677,-0.082721,0.000000,-1.423385,-1.494554,-0.896732
2026-07-27T16:44:46.020258,2.0435,-0.283188,-0.083533,0.000000,-1.415941,-1.486738,-0.892043
2026-07-27T16:44:46.020330,2.0440,-0.281700,-0.084345,0.000000,-1.408499,-1.478924,-0.887354
2026-07-27T16:44:46.020359,2.0445,-0.280212,-0.085157,0.000000,-1.401059,-1.471112,-0.882667
2026-07-27T16:44:46.020386,2.0450,-0.286166,-0.081909,0.000000,-1.430830,-1.502372,-0.901423
2026-07-27T16:44:46.020413,2.0455,-0.284677,-0.082721,0.000000,-1.423385,-1.494554,-0.896732
2026-07-27T16:44:46.020439,2.0460,-0.283188,-0.083533,0.000000,-1.415941,-1.486738,-0.892043
2026-07-27T16:44:46.020465,2.0465,-0.281700,-0.084345,0.000000,-1.408499,-1.478924,-0.887354
2026-07-27T16:44:46.020492,2.0470,-0.280212,-0.085157,0.000000,-1.401059,-1.471112,-0.882667
2026-07-27T16:44:46.020518,2.0475,-0.286166,-0.081909,0.000000,-1.430830,-1.502372,-0.901423
2026-07-27T16:44:46.020544,2.0480,-0.284677,-0.082721,0.000000,-1.423385,-1.494554,-0.896732
2026-07-27T16:44:46.020570,2.0485,-0.283188,-0.083533,0.000000,-1.415941,-1.486738,-0.892043
2026-07-27T16:44:46.020597,2.0490,-0.281700,-0.084345,0.000000,-1.408499,-1.478924,-0.887354
2026-07-27T16:44:46.020623,2.0495,-0.280212,-0.085157,0.000000,-1.401059,-1.471112,-0.882667
2026-07-27T16:44:46.020649,2.0500,-0.286166,-0.081909,0.000000,-1.430830,-1.502372,-0.901423
2026-07-27T16:44:46.020675,2.0505,-0.284677,-0.082721,0.000000,-1.423385,-1.494554,-0.896732
2026-07-27T16:44:46.020701,2.0510,-0.283188,-0.083533,0.000000,-1.415941,-1.486738,-0.892043
2026-07-27T16:44:46.020728,2.0515,-0.281700,-0.084345,0.000000,-1.408499,-1.478924,-0.887354
2026-07-27T16:44:46.020754,2.0520,-0.280212,-0.085157,0.000000,-1.401059,-1.471112,-0.882667
2026-07-27T16:44:46.020780,2.0525,-0.286166,-0.081909,0.000000,-1.430830,-1.502372,-0.901423
2026-07-27T16:44:46.020807,2.0530,-0.284677,-0.082721,0.000000,-1.423385,-1.494554,-0.896732
2026-07-27T16:44:46.020833,2.0535,-0.283188,-0.083533,0.000000,-1.415941,-1.486738,-0.892043
2026-07-27T16:44:46.020859,2.0540,-0.281700,-0.084345,0.000000,-1.408499,-1.478924,-0.887354
2026-07-27T16:44:46.020885,2.0545,-0.280212,-0.085157,0.000000,-1.401059,-1.471112,-0.882667
2026-07-27T16:44:46.020911,2.0550,-0.286166,-0.081909,0.000000,-1.430830,-1.502372,-0.901423
2026-07-27T16:44:46.020938,2.0555,-0.284677,-0.082721,0.000000,-1.423385,-1.494554,-0.896732
2026-07-27T16:44:46.020964,2.0560,-0.283188,-0.083533,0.000000,-1.415941,-1.486738,-0.892043
2026-07-27T16:44:46.020991,2.0565,-0.281700,-0.084345,0.000000,-1.408499,-1.478924,-0.887354
2026-07-27T16:44:46.021017,2.0570,-0.280212,-0.085157,0.000000,-1.401059,-1.471112,-0.882667
2026-07-27T16:44:46.021043,2.0575,-0.286166,-0.081909,0.000000,-1.430830,-1.502372,-0.901423
2026-07-27T16:44:46.021069,2.0580,-0.284677,-0.082721,0.000000,-1.423385,-1.494554,-0.896732
2026-07-27T16:44:46.021095,2.0585,-0.283188,-0.083533,0.000000,-1.415941,-1.486738,-0.892043
2026-07-27T16:44:46.021121,2.0590,-0.281700,-0.084345,0.000000,-1.408499,-1.478924,-0.887354
2026-07-27T16:44:46.021148,2.0595,-0.280212,-0.085157,0.000000,-1.401059,-1.471112,-0.882667
2026-07-27T16:44:46.021174,2.0600,-0.286166,-0.081909,0.000000,-1.430830,-1.502372,-0.901423
2026-07-27T16:44:46.021201,2.0605,-0.284677,-0.082721,0.000000,-1.423385,-1.494554,-0.896732
2026-07-27T16:44:46.021227,2.0610,-0.283188,-0.083533,0.000000,-1.415941,-1.486738,-0.892043
2026-07-27T16:44:46.021253,2.0615,-0.281700,-0.084345,0.000000,-1.408499,-1.478924,-0.887354
2026-07-27T16:44:46.021285,2.0620,-0.280212,-0.085157,0.000000,-1.401059,-1.471112,-0.882667
2026-07-27T16:44:46.021312,2.0625,-0.286166,-0.081909,0.000000,-1.430830,-1.502372,-0.901423
2026-07-27T16:44:46.021339,2.0630,-0.284677,-0.082721,0.000000,-1.423385,-1.494554,-0.896732
2026-07-27T16:44:46.021365,2.0635,-0.283188,-0.083533,0.000000,-1.415941,-1.486738,-0.892043
2026-07-27T16:44:46.021391,2.0640,-0.281700,-0.084345,0.000000,-1.408499,-1.478924,-0.887354
2026-07-27T16:44:46.021417,2.0645,-0.280212,-0.085157,0.000000,-1.401059,-1.471112,-0.882667
2026-07-27T16:44:46.021444,2.0650,-0.286166,-0.081909,0.000000,-1.430830,-1.502372,-0.901423
2026-07-27T16:44:46.021470,2.0655,-0.284677,-0.082721,0.000000,-1.423385,-1.494554,-0.896732
2026-07-27T16:44:46.021496,2.0660,-0.283188,-0.083533,0.000000,-1.415941,-1.486738,-0.892043
2026-07-27T16:44:46.021523,2.0665,-0.281700,-0.084345,0.000000,-1.408499,-1.478924,-0.887354
2026-07-27T16:44:46.021549,2.0670,-0.280212,-0.085157,0.000000,-1.401059,-1.471112,-0.882667
2026-07-27T16:44:46.021575,2.0675,-0.286166,-0.081909,0.000000,-1.430830,-1.502372,-0.901423
2026-07-27T16:44:46.021601,2.0680,-0.284677,-0.082721,0.000000,-1.423385,-1.494554,-0.896732
2026-07-27T16:44:46.021629,2.0685,-0.283188,-0.083533,0.000000,-1.415941,-1.486738,-0.892043
2026-07-27T16:44:46.021655,2.0690,-0.281700,-0.084345,0.000000,-1.408499,-1.478924,-0.887354
2026-07-27T16:44:46.021682,2.0695,-0.280212,-0.085157,0.000000,-1.401059,-1.471112,-0.882667
2026-07-27T16:44:46.021708,2.0700,-0.286166,-0.081909,0.000000,-1.430830,-1.502372,-0.901423
2026-07-27T16:44:46.021734,2.0705,-0.284677,-0.082721,0.000000,-1.423385,-1.494554,-0.896732
2026-07-27T16:44:46.021760,2.0710,-0.283188,-0.083533,0.000000,-1.415941,-1.486738,-0.892043
2026-07-27T16:44:46.021786,2.0715,-0.281700,-0.084345,0.000000,-1.408499,-1.478924,-0.887354
2026-07-27T16:44:46.021813,2.0720,-0.280212,-0.085157,0.000000,-1.401059,-1.471112,-0.882667
2026-07-27T16:44:46.021839,2.0725,-0.286166,-0.081909,0.000000,-1.430830,-1.502372,-0.901423
2026-07-27T16:44:46.021865,2.0730,-0.284677,-0.082721,0.000000,-1.423385,-1.494554,-0.896732
2026-07-27T16:44:46.021891,2.0735,-0.283188,-0.083533,0.000000,-1.415941,-1.486738,-0.892043
2026-07-27T16:44:46.021917,2.0740,-0.281700,-0.084345,0.000000,-1.408499,-1.478924,-0.887354
2026-07-27T16:44:46.021944,2.0745,-0.280212,-0.085157,0.000000,-1.401059,-1.471112,-0.882667
2026-07-27T16:44:46.021970,2.0750,-0.286166,-0.081909,0.000000,-1.430830,-1.502372,-0.901423
2026-07-27T16:44:46.021996,2.0755,-0.284677,-0.082721,0.000000,-1.423385,-1.494554,-0.896732
2026-07-27T16:44:46.022023,2.0760,-0.283188,-0.083533,0.000000,-1.415941,-1.486738,-0.892043
2026-07-27T16:44:46.022049,2.0765,-0.281700,-0.084345,0.000000,-1.408499,-1.478924,-0.887354
2026-07-27T16:44:46.022076,2.0770,-0.280212,-0.085157,0.000000,-1.401059,-1.471112,-0.882667
2026-07-27T16:44:46.022102,2.0775,-0.286166,-0.081909,0.000000,-1.430830,-1.502372,-0.901423
2026-07-27T16:44:46.022128,2.0780,-0.284677,-0.082721,0.000000,-1.423385,-1.494554,-0.896732
2026-07-27T16:44:46.022154,2.0785,-0.283188,-0.083533,0.000000,-1.415941,-1.486738,-0.892043
2026-07-27T16:44:46.022181,2.0790,-0.281700,-0.084345,0.000000,-1.408499,-1.478924,-0.887354
2026-07-27T16:44:46.022207,2.0795,-0.280212,-0.085157,0.000000,-1.401059,-1.471112,-0.882667
2026-07-27T16:44:46.022234,2.0800,-0.286166,-0.081909,0.000000,-1.430830,-1.502372,-0.901423
2026-07-27T16:44:46.022260,2.0805,-0.284677,-0.082721,0.000000,-1.423385,-1.494554,-0.896732
2026-07-27T16:44:46.022291,2.0810,-0.283188,-0.083533,0.000000,-1.415941,-1.486738,-0.892043
2026-07-27T16:44:46.022386,2.0815,-0.281700,-0.084345,0.000000,-1.408499,-1.478924,-0.887354
2026-07-27T16:44:46.022411,2.0820,-0.280212,-0.085157,0.000000,-1.401059,-1.471112,-0.882667
2026-07-27T16:44:46.022422,2.0825,-0.286166,-0.081909,0.000000,-1.430830,-1.502372,-0.901423
2026-07-27T16:44:46.022432,2.0830,-0.284677,-0.082721,0.000000,-1.423385,-1.494554,-0.896732
2026-07-27T16:44:46.022442,2.0835,-0.283188,-0.083533,0.000000,-1.415941,-1.486738,-0.892043
2026-07-27T16:44:46.022452,2.0840,-0.281700,-0.084345,0.000000,-1.408499,-1.478924,-0.887354
2026-07-27T16:44:46.022462,2.0845,-0.280212,-0.085157,0.000000,-1.401059,-1.471112,-0.882667
2026-07-27T16:44:46.022471,2.0850,-0.286166,-0.081909,0.000000,-1.430830,-1.502372,-0.901423
2026-07-27T16:44:46.022481,2.0855,-0.284677,-0.082721,0.000000,-1.423385,-1.494554,-0.896732
2026-07-27T16:44:46.022491,2.0860,-0.283188,-0.083533,0.000000,-1.415941,-1.486738,-0.892043
2026-07-27T16:44:46.022501,2.0865,-0.281700,-0.084345,0.000000,-1.408499,-1.478924,-0.887354
2026-07-27T16:44:46.022511,2.0870,-0.280212,-0.085157,0.000000,-1.401059,-1.471112,-0.882667
2026-07-27T16:44:46.022544,2.0875,-0.286166,-0.081909,0.000000,-1.430830,-1.502372,-0.901423
2026-07-27T16:44:46.022554,2.0880,-0.284677,-0.082721,0.000000,-1.423385,-1.494554,-0.896732
2026-07-27T16:44:46.022563,2.0885,-0.283188,-0.083533,0.000000,-1.415941,-1.486738,-0.892043
2026-07-27T16:44:46.022573,2.0890,-0.281700,-0.084345,0.000000,-1.408499,-1.478924,-0.887354
2026-07-27T16:44:46.022585,2.0895,-0.280212,-0.085157,0.000000,-1.401059,-1.471112,-0.882667
2026-07-27T16:44:46.022595,2.0900,-0.286166,-0.081909,0.000000,-1.430830,-1.502372,-0.901423
2026-07-27T16:44:46.022604,2.0905,-0.284677,-0.082721,0.000000,-1.423385,-1.494554,-0.896732
2026-07-27T16:44:46.022613,2.0910,-0.283188,-0.083533,0.000000,-1.415941,-1.486738,-0.892043
2026-07-27T16:44:46.022623,2.0915,-0.281700,-0.084345,0.000000,-1.408499,-1.478924,-0.887354
2026-07-27T16:44:46.022632,2.0920,-0.280212,-0.085157,0.000000,-1.401059,-1.471112,-0.882667
2026-07-27T16:44:46.022641,2.0925,-0.286166,-0.081909,0.000000,-1.430830,-1.502372,-0.901423
2026-07-27T16:44:46.022650,2.0930,-0.284677,-0.082721,0.000000,-1.423385,-1.494554,-0.896732
2026-07-27T16:44:46.022659,2.0935,-0.283188,-0.083533,0.000000,-1.415941,-1.486738,-0.892043
2026-07-27T16:44:46.022668,2.0940,-0.281700,-0.084345,0.000000,-1.408499,-1.478924,-0.887354
2026-07-27T16:44:46.022677,2.0945,-0.280212,-0.085157,0.000000,-1.401059,-1.471112,-0.882667
2026-07-27T16:44:46.022687,2.0950,-0.286166,-0.081909,0.000000,-1.430830,-1.502372,-0.901423
2026-07-27T16:44:46.022697,2.0955,-0.284677,-0.082721,0.000000,-1.423385,-1.494554,-0.896732
2026-07-27T16:44:46.022706,2.0960,-0.283188,-0.083533,0.000000,-1.415941,-1.486738,-0.892043
2026-07-27T16:44:46.022715,2.0965,-0.281700,-0.084345,0.000000,-1.408499,-1.478924,-0.887354
2026-07-27T16:44:46.022724,2.0970,-0.280212,-0.085157,0.000000,-1.401059,-1.471112,-0.882667
2026-07-27T16:44:46.022733,2.0975,-0.286166,-0.081909,0.000000,-1.430830,-1.502372,-0.901423
2026-07-27T16:44:46.022742,2.0980,-0.284677,-0.082721,0.000000,-1.423385,-1.494554,-0.896732
2026-07-27T16:44:46.022752,2.0985,-0.283188,-0.083533,0.000000,-1.415941,-1.486738,-0.892043
2026-07-27T16:44:46.022760,2.0990,-0.281700,-0.084345,0.000000,-1.408499,-1.478924,-0.887354
2026-07-27T16:44:46.022770,2.0995,-0.280212,-0.085157,0.000000,-1.401059,-1.471112,-0.882667
2026-07-27T16:44:46.117516,2.1000,-0.278724,-0.085968,0.000000,-1.393621,-1.463302,-0.877981
2026-07-27T16:44:46.117547,2.1005,-0.277237,-0.086779,0.000000,-1.386185,-1.455495,-0.873297
2026-07-27T16:44:46.117560,2.1010,-0.275750,-0.087590,0.000000,-1.378751,-1.447689,-0.868613
2026-07-27T16:44:46.117572,2.1015,-0.274264,-0.088401,0.000000,-1.371319,-1.439885,-0.863931
2026-07-27T16:44:46.117585,2.1020,-0.272778,-0.089212,0.000000,-1.363889,-1.432084,-0.859250
2026-07-27T16:44:46.117595,2.1025,-0.278724,-0.085968,0.000000,-1.393621,-1.463302,-0.877981
2026-07-27T16:44:46.117606,2.1030,-0.277237,-0.086779,0.000000,-1.386185,-1.455495,-0.873297
2026-07-27T16:44:46.117616,2.1035,-0.275750,-0.087590,0.000000,-1.378751,-1.447689,-0.868613
2026-07-27T16:44:46.117626,2.1040,-0.274264,-0.088401,0.000000,-1.371319,-1.439885,-0.863931
2026-07-27T16:44:46.117637,2.1045,-0.272778,-0.089212,0.000000,-1.363889,-1.432084,-0.859250
2026-07-27T16:44:46.117647,2.1050,-0.278724,-0.085968,0.000000,-1.393621,-1.463302,-0.877981
2026-07-27T16:44:46.117657,2.1055,-0.277237,-0.086779,0.000000,-1.386185,-1.455495,-0.873297
2026-07-27T16:44:46.117667,2.1060,-0.275750,-0.087590,0.000000,-1.378751,-1.447689,-0.868613
2026-07-27T16:44:46.117677,2.1065,-0.274264,-0.088401,0.000000,-1.371319,-1.439885,-0.863931
2026-07-27T16:44:46.117687,2.1070,-0.272778,-0.089212,0.000000,-1.363889,-1.432084,-0.859250
2026-07-27T16:44:46.117697,2.1075,-0.278724,-0.085968,0.000000,-1.393621,-1.463302,-0.877981
2026-07-27T16:44:46.117707,2.1080,-0.277237,-0.086779,0.000000,-1.386185,-1.455495,-0.873297
2026-07-27T16:44:46.117718,2.1085,-0.275750,-0.087590,0.000000,-1.378751,-1.447689,-0.868613
2026-07-27T16:44:46.117728,2.1090,-0.274264,-0.088401,0.000000,-1.371319,-1.439885,-0.863931
2026-07-27T16:44:46.117738,2.1095,-0.272778,-0.089212,0.000000,-1.363889,-1.432084,-0.859250
2026-07-27T16:44:46.117748,2.1100,-0.278724,-0.085968,0.000000,-1.393621,-1.463302,-0.877981
2026-07-27T16:44:46.117758,2.1105,-0.277237,-0.086779,0.000000,-1.386185,-1.455495,-0.873297
2026-07-27T16:44:46.117768,2.1110,-0.275750,-0.087590,0.000000,-1.378751,-1.447689,-0.868613
2026-07-27T16:44:46.117778,2.1115,-0.274264,-0.088401,0.000000,-1.371319,-1.439885,-0.863931
2026-07-27T16:44:46.117790,2.1120,-0.272778,-0.089212,0.000000,-1.363889,-1.432084,-0.859250
2026-07-27T16:44:46.117801,2.1125,-0.278724,-0.085968,0.000000,-1.393621,-1.463302,-0.877981
2026-07-27T16:44:46.117812,2.1130,-0.277237,-0.086779,0.000000,-1.386185,-1.455495,-0.873297
2026-07-27T16:44:46.117822,2.1135,-0.275750,-0.087590,0.000000,-1.378751,-1.447689,-0.868613
2026-07-27T16:44:46.117833,2.1140,-0.274264,-0.088401,0.000000,-1.371319,-1.439885,-0.863931
2026-07-27T16:44:46.117843,2.1145,-0.272778,-0.089212,0.000000,-1.363889,-1.432084,-0.859250
2026-07-27T16:44:46.117858,2.1150,-0.278724,-0.085968,0.000000,-1.393621,-1.463302,-0.877981
2026-07-27T16:44:46.117870,2.1155,-0.277237,-0.086779,0.000000,-1.386185,-1.455495,-0.873297
2026-07-27T16:44:46.117881,2.1160,-0.275750,-0.087590,0.000000,-1.378751,-1.447689,-0.868613
2026-07-27T16:44:46.117891,2.1165,-0.274264,-0.088401,0.000000,-1.371319,-1.439885,-0.863931
2026-07-27T16:44:46.117902,2.1170,-0.272778,-0.089212,0.000000,-1.363889,-1.432084,-0.859250
2026-07-27T16:44:46.117912,2.1175,-0.278724,-0.085968,0.000000,-1.393621,-1.463302,-0.877981
2026-07-27T16:44:46.118422,2.1180,-0.277237,-0.086779,0.000000,-1.386185,-1.455495,-0.873297
2026-07-27T16:44:46.118433,2.1185,-0.275750,-0.087590,0.000000,-1.378751,-1.447689,-0.868613
2026-07-27T16:44:46.118444,2.1190,-0.274264,-0.088401,0.000000,-1.371319,-1.439885,-0.863931
2026-07-27T16:44:46.118455,2.1195,-0.272778,-0.089212,0.000000,-1.363889,-1.432084,-0.859250
2026-07-27T16:44:46.118466,2.1200,-0.278724,-0.085968,0.000000,-1.393621,-1.463302,-0.877981
2026-07-27T16:44:46.118477,2.1205,-0.277237,-0.086779,0.000000,-1.386185,-1.455495,-0.873297
2026-07-27T16:44:46.118488,2.1210,-0.275750,-0.087590,0.000000,-1.378751,-1.447689,-0.868613
2026-07-27T16:44:46.118499,2.1215,-0.274264,-0.088401,0.000000,-1.371319,-1.439885,-0.863931
2026-07-27T16:44:46.118510,2.1220,-0.272778,-0.089212,0.000000,-1.363889,-1.432084,-0.859250
2026-07-27T16:44:46.118521,2.1225,-0.278724,-0.085968,0.000000,-1.393621,-1.463302,-0.877981
2026-07-27T16:44:46.118532,2.1230,-0.277237,-0.086779,0.000000,-1.386185,-1.455495,-0.873297
2026-07-27T16:44:46.118543,2.1235,-0.275750,-0.087590,0.000000,-1.378751,-1.447689,-0.868613
2026-07-27T16:44:46.118553,2.1240,-0.274264,-0.088401,0.000000,-1.371319,-1.439885,-0.863931
2026-07-27T16:44:46.118564,2.1245,-0.272778,-0.089212,0.000000,-1.363889,-1.432084,-0.859250
2026-07-27T16:44:46.118574,2.1250,-0.278724,-0.085968,0.000000,-1.393621,-1.463302,-0.877981
2026-07-27T16:44:46.118585,2.1255,-0.277237,-0.086779,0.000000,-1.386185,-1.455495,-0.873297
2026-07-27T16:44:46.118596,2.1260,-0.275750,-0.087590,0.000000,-1.378751,-1.447689,-0.868613
2026-07-27T16:44:46.118607,2.1265,-0.274264,-0.088401,0.000000,-1.371319,-1.439885,-0.863931
2026-07-27T16:44:46.118618,2.1270,-0.272778,-0.089212,0.000000,-1.363889,-1.432084,-0.859250
2026-07-27T16:44:46.118628,2.1275,-0.278724,-0.085968,0.000000,-1.393621,-1.463302,-0.877981
2026-07-27T16:44:46.118639,2.1280,-0.277237,-0.086779,0.000000,-1.386185,-1.455495,-0.873297
2026-07-27T16:44:46.118650,2.1285,-0.275750,-0.087590,0.000000,-1.378751,-1.447689,-0.868613
2026-07-27T16:44:46.118660,2.1290,-0.274264,-0.088401,0.000000,-1.371319,-1.439885,-0.863931
2026-07-27T16:44:46.118671,2.1295,-0.272778,-0.089212,0.000000,-1.363889,-1.432084,-0.859250
2026-07-27T16:44:46.118682,2.1300,-0.278724,-0.085968,0.000000,-1.393621,-1.463302,-0.877981
2026-07-27T16:44:46.118693,2.1305,-0.277237,-0.086779,0.000000,-1.386185,-1.455495,-0.873297
2026-07-27T16:44:46.118704,2.1310,-0.275750,-0.087590,0.000000,-1.378751,-1.447689,-0.868613
2026-07-27T16:44:46.118714,2.1315,-0.274264,-0.088401,0.000000,-1.371319,-1.439885,-0.863931
2026-07-27T16:44:46.118725,2.1320,-0.272778,-0.089212,0.000000,-1.363889,-1.432084,-0.859250
2026-07-27T16:44:46.118736,2.1325,-0.278724,-0.085968,0.000000,-1.393621,-1.463302,-0.877981
2026-07-27T16:44:46.118746,2.1330,-0.277237,-0.086779,0.000000,-1.386185,-1.455495,-0.873297
2026-07-27T16:44:46.118757,2.1335,-0.275750,-0.087590,0.000000,-1.378751,-1.447689,-0.868613
2026-07-27T16:44:46.118768,2.1340,-0.274264,-0.088401,0.000000,-1.371319,-1.439885,-0.863931
2026-07-27T16:44:46.118778,2.1345,-0.272778,-0.089212,0.000000,-1.363889,-1.432084,-0.859250
2026-07-27T16:44:46.118789,2.1350,-0.278724,-0.085968,0.000000,-1.393621,-1.463302,-0.877981
2026-07-27T16:44:46.118800,2.1355,-0.277237,-0.086779,0.000000,-1.386185,-1.455495,-0.873297
2026-07-27T16:44:46.118811,2.1360,-0.275750,-0.087590,0.000000,-1.378751,-1.447689,-0.868613
2026-07-27T16:44:46.118822,2.1365,-0.274264,-0.088401,0.000000,-1.371319,-1.439885,-0.863931
2026-07-27T16:44:46.118833,2.1370,-0.272778,-0.089212,0.000000,-1.363889,-1.432084,-0.859250
2026-07-27T16:44:46.118843,2.1375,-0.278724,-0.085968,0.000000,-1.393621,-1.463302,-0.877981
2026-07-27T16:44:46.118854,2.1380,-0.277237,-0.086779,0.000000,-1.386185,-1.455495,-0.873297
2026-07-27T16:44:46.118866,2.1385,-0.275750,-0.087590,0.000000,-1.378751,-1.447689,-0.868613
2026-07-27T16:44:46.118876,2.1390,-0.274264,-0.088401,0.000000,-1.371319,-1.439885,-0.863931
2026-07-27T16:44:46.118887,2.1395,-0.272778,-0.089212,0.000000,-1.363889,-1.432084,-0.859250
2026-07-27T16:44:46.118898,2.1400,-0.278724,-0.085968,0.000000,-1.393621,-1.463302,-0.877981
2026-07-27T16:44:46.118909,2.1405,-0.277237,-0.086779,0.000000,-1.386185,-1.455495,-0.873297
2026-07-27T16:44:46.118919,2.1410,-0.275750,-0.087590,0.000000,-1.378751,-1.447689,-0.868613
2026-07-27T16:44:46.118931,2.1415,-0.274264,-0.088401,0.000000,-1.371319,-1.439885,-0.863931
2026-07-27T16:44:46.118942,2.1420,-0.272778,-0.089212,0.000000,-1.363889,-1.432084,-0.859250
2026-07-27T16:44:46.118953,2.1425,-0.278724,-0.085968,0.000000,-1.393621,-1.463302,-0.877981
2026-07-27T16:44:46.118965,2.1430,-0.277237,-0.086779,0.000000,-1.386185,-1.455495,-0.873297
2026-07-27T16:44:46.118976,2.1435,-0.275750,-0.087590,0.000000,-1.378751,-1.447689,-0.868613
2026-07-27T16:44:46.119022,2.1440,-0.274264,-0.088401,0.000000,-1.371319,-1.439885,-0.863931
2026-07-27T16:44:46.119034,2.1445,-0.272778,-0.089212,0.000000,-1.363889,-1.432084,-0.859250
2026-07-27T16:44:46.119045,2.1450,-0.278724,-0.085968,0.000000,-1.393621,-1.463302,-0.877981
2026-07-27T16:44:46.119057,2.1455,-0.277237,-0.086779,0.000000,-1.386185,-1.455495,-0.873297
2026-07-27T16:44:46.119068,2.1460,-0.275750,-0.087590,0.000000,-1.378751,-1.447689,-0.868613
2026-07-27T16:44:46.119079,2.1465,-0.274264,-0.088401,0.000000,-1.371319,-1.439885,-0.863931
2026-07-27T16:44:46.119090,2.1470,-0.272778,-0.089212,0.000000,-1.363889,-1.432084,-0.859250
2026-07-27T16:44:46.119101,2.1475,-0.278724,-0.085968,0.000000,-1.393621,-1.463302,-0.877981
2026-07-27T16:44:46.119113,2.1480,-0.277237,-0.086779,0.000000,-1.386185,-1.455495,-0.873297
2026-07-27T16:44:46.119124,2.1485,-0.275750,-0.087590,0.000000,-1.378751,-1.447689,-0.868613
2026-07-27T16:44:46.119135,2.1490,-0.274264,-0.088401,0.000000,-1.371319,-1.439885,-0.863931
2026-07-27T16:44:46.119146,2.1495,-0.272778,-0.089212,0.000000,-1.363889,-1.432084,-0.859250
2026-07-27T16:44:46.119158,2.1500,-0.278724,-0.085968,0.000000,-1.393621,-1.463302,-0.877981
2026-07-27T16:44:46.119169,2.1505,-0.277237,-0.086779,0.000000,-1.386185,-1.455495,-0.873297
2026-07-27T16:44:46.119180,2.1510,-0.275750,-0.087590,0.000000,-1.378751,-1.447689,-0.868613
2026-07-27T16:44:46.119191,2.1515,-0.274264,-0.088401,0.000000,-1.371319,-1.439885,-0.863931
2026-07-27T16:44:46.119203,2.1520,-0.272778,-0.089212,0.000000,-1.363889,-1.432084,-0.859250
2026-07-27T16:44:46.119215,2.1525,-0.278724,-0.085968,0.000000,-1.393621,-1.463302,-0.877981
2026-07-27T16:44:46.119226,2.1530,-0.277237,-0.086779,0.000000,-1.386185,-1.455495,-0.873297
2026-07-27T16:44:46.119238,2.1535,-0.275750,-0.087590,0.000000,-1.378751,-1.447689,-0.868613
2026-07-27T16:44:46.119250,2.1540,-0.274264,-0.088401,0.000000,-1.371319,-1.439885,-0.863931
2026-07-27T16:44:46.119268,2.1545,-0.272778,-0.089212,0.000000,-1.363889,-1.432084,-0.859250
2026-07-27T16:44:46.119281,2.1550,-0.278724,-0.085968,0.000000,-1.393621,-1.463302,-0.877981
2026-07-27T16:44:46.119293,2.1555,-0.277237,-0.086779,0.000000,-1.386185,-1.455495,-0.873297
2026-07-27T16:44:46.119305,2.1560,-0.275750,-0.087590,0.000000,-1.378751,-1.447689,-0.868613
2026-07-27T16:44:46.119317,2.1565,-0.274264,-0.088401,0.000000,-1.371319,-1.439885,-0.863931
2026-07-27T16:44:46.119329,2.1570,-0.272778,-0.089212,0.000000,-1.363889,-1.432084,-0.859250
2026-07-27T16:44:46.119341,2.1575,-0.278724,-0.085968,0.000000,-1.393621,-1.463302,-0.877981
2026-07-27T16:44:46.119353,2.1580,-0.277237,-0.086779,0.000000,-1.386185,-1.455495,-0.873297
2026-07-27T16:44:46.119365,2.1585,-0.275750,-0.087590,0.000000,-1.378751,-1.447689,-0.868613
2026-07-27T16:44:46.119377,2.1590,-0.274264,-0.088401,0.000000,-1.371319,-1.439885,-0.863931
2026-07-27T16:44:46.119389,2.1595,-0.272778,-0.089212,0.000000,-1.363889,-1.432084,-0.859250
2026-07-27T16:44:46.119401,2.1600,-0.278724,-0.085968,0.000000,-1.393621,-1.463302,-0.877981
2026-07-27T16:44:46.119412,2.1605,-0.277237,-0.086779,0.000000,-1.386185,-1.455495,-0.873297
2026-07-27T16:44:46.119424,2.1610,-0.275750,-0.087590,0.000000,-1.378751,-1.447689,-0.868613
2026-07-27T16:44:46.119436,2.1615,-0.274264,-0.088401,0.000000,-1.371319,-1.439885,-0.863931
2026-07-27T16:44:46.119448,2.1620,-0.272778,-0.089212,0.000000,-1.363889,-1.432084,-0.859250
2026-07-27T16:44:46.119459,2.1625,-0.278724,-0.085968,0.000000,-1.393621,-1.463302,-0.877981
2026-07-27T16:44:46.119471,2.1630,-0.277237,-0.086779,0.000000,-1.386185,-1.455495,-0.873297
2026-07-27T16:44:46.119482,2.1635,-0.275750,-0.087590,0.000000,-1.378751,-1.447689,-0.868613
2026-07-27T16:44:46.119494,2.1640,-0.274264,-0.088401,0.000000,-1.371319,-1.439885,-0.863931
2026-07-27T16:44:46.119506,2.1645,-0.272778,-0.089212,0.000000,-1.363889,-1.432084,-0.859250
2026-07-27T16:44:46.119518,2.1650,-0.278724,-0.085968,0.000000,-1.393621,-1.463302,-0.877981
2026-07-27T16:44:46.119530,2.1655,-0.277237,-0.086779,0.000000,-1.386185,-1.455495,-0.873297
2026-07-27T16:44:46.119542,2.1660,-0.275750,-0.087590,0.000000,-1.378751,-1.447689,-0.868613
2026-07-27T16:44:46.119553,2.1665,-0.274264,-0.088401,0.000000,-1.371319,-1.439885,-0.863931
2026-07-27T16:44:46.119565,2.1670,-0.272778,-0.089212,0.000000,-1.363889,-1.432084,-0.859250
2026-07-27T16:44:46.119576,2.1675,-0.278724,-0.085968,0.000000,-1.393621,-1.463302,-0.877981
2026-07-27T16:44:46.119588,2.1680,-0.277237,-0.086779,0.000000,-1.386185,-1.455495,-0.873297
2026-07-27T16:44:46.119599,2.1685,-0.275750,-0.087590,0.000000,-1.378751,-1.447689,-0.868613
2026-07-27T16:44:46.119611,2.1690,-0.274264,-0.088401,0.000000,-1.371319,-1.439885,-0.863931
2026-07-27T16:44:46.119623,2.1695,-0.272778,-0.089212,0.000000,-1.363889,-1.432084,-0.859250
2026-07-27T16:44:46.119635,2.1700,-0.278724,-0.085968,0.000000,-1.393621,-1.463302,-0.877981
2026-07-27T16:44:46.119646,2.1705,-0.277237,-0.086779,0.000000,-1.386185,-1.455495,-0.873297
2026-07-27T16:44:46.119658,2.1710,-0.275750,-0.087590,0.000000,-1.378751,-1.447689,-0.868613
2026-07-27T16:44:46.119669,2.1715,-0.274264,-0.088401,0.000000,-1.371319,-1.439885,-0.863931
2026-07-27T16:44:46.119681,2.1720,-0.272778,-0.089212,0.000000,-1.363889,-1.432084,-0.859250
2026-07-27T16:44:46.119693,2.1725,-0.278724,-0.085968,0.000000,-1.393621,-1.463302,-0.877981
2026-07-27T16:44:46.119704,2.1730,-0.277237,-0.086779,0.000000,-1.386185,-1.455495,-0.873297
2026-07-27T16:44:46.119716,2.1735,-0.275750,-0.087590,0.000000,-1.378751,-1.447689,-0.868613
2026-07-27T16:44:46.119728,2.1740,-0.274264,-0.088401,0.000000,-1.371319,-1.439885,-0.863931
2026-07-27T16:44:46.119739,2.1745,-0.272778,-0.089212,0.000000,-1.363889,-1.432084,-0.859250
2026-07-27T16:44:46.119751,2.1750,-0.278724,-0.085968,0.000000,-1.393621,-1.463302,-0.877981
2026-07-27T16:44:46.119763,2.1755,-0.277237,-0.086779,0.000000,-1.386185,-1.455495,-0.873297
2026-07-27T16:44:46.119774,2.1760,-0.275750,-0.087590,0.000000,-1.378751,-1.447689,-0.868613
2026-07-27T16:44:46.119786,2.1765,-0.274264,-0.088401,0.000000,-1.371319,-1.439885,-0.863931
2026-07-27T16:44:46.119798,2.1770,-0.272778,-0.089212,0.000000,-1.363889,-1.432084,-0.859250
2026-07-27T16:44:46.119809,2.1775,-0.278724,-0.085968,0.000000,-1.393621,-1.463302,-0.877981
2026-07-27T16:44:46.119821,2.1780,-0.277237,-0.086779,0.000000,-1.386185,-1.455495,-0.873297
2026-07-27T16:44:46.119832,2.1785,-0.275750,-0.087590,0.000000,-1.378751,-1.447689,-0.868613
2026-07-27T16:44:46.119844,2.1790,-0.274264,-0.088401,0.000000,-1.371319,-1.439885,-0.863931
2026-07-27T16:44:46.119855,2.1795,-0.272778,-0.089212,0.000000,-1.363889,-1.432084,-0.859250
2026-07-27T16:44:46.119867,2.1800,-0.278724,-0.085968,0.000000,-1.393621,-1.463302,-0.877981
2026-07-27T16:44:46.119879,2.1805,-0.277237,-0.086779,0.000000,-1.386185,-1.455495,-0.873297
2026-07-27T16:44:46.119891,2.1810,-0.275750,-0.087590,0.000000,-1.378751,-1.447689,-0.868613
2026-07-27T16:44:46.119902,2.1815,-0.274264,-0.088401,0.000000,-1.371319,-1.439885,-0.863931
2026-07-27T16:44:46.119914,2.1820,-0.272778,-0.089212,0.000000,-1.363889,-1.432084,-0.859250
2026-07-27T16:44:46.119926,2.1825,-0.278724,-0.085968,0.000000,-1.393621,-1.463302,-0.877981
2026-07-27T16:44:46.119938,2.1830,-0.277237,-0.086779,0.000000,-1.386185,-1.455495,-0.873297
2026-07-27T16:44:46.119949,2.1835,-0.275750,-0.087590,0.000000,-1.378751,-1.447689,-0.868613
2026-07-27T16:44:46.119961,2.1840,-0.274264,-0.088401,0.000000,-1.371319,-1.439885,-0.863931
2026-07-27T16:44:46.119973,2.1845,-0.272778,-0.089212,0.000000,-1.363889,-1.432084,-0.859250
2026-07-27T16:44:46.119985,2.1850,-0.278724,-0.085968,0.000000,-1.393621,-1.463302,-0.877981
2026-07-27T16:44:46.119996,2.1855,-0.277237,-0.086779,0.000000,-1.386185,-1.455495,-0.873297
2026-07-27T16:44:46.120008,2.1860,-0.275750,-0.087590,0.000000,-1.378751,-1.447689,-0.868613
2026-07-27T16:44:46.120021,2.1865,-0.274264,-0.088401,0.000000,-1.371319,-1.439885,-0.863931
2026-07-27T16:44:46.120033,2.1870,-0.272778,-0.089212,0.000000,-1.363889,-1.432084,-0.859250
2026-07-27T16:44:46.120052,2.1875,-0.278724,-0.085968,0.000000,-1.393621,-1.463302,-0.877981
2026-07-27T16:44:46.120064,2.1880,-0.277237,-0.086779,0.000000,-1.386185,-1.455495,-0.873297
2026-07-27T16:44:46.120077,2.1885,-0.275750,-0.087590,0.000000,-1.378751,-1.447689,-0.868613
2026-07-27T16:44:46.120089,2.1890,-0.274264,-0.088401,0.000000,-1.371319,-1.439885,-0.863931
2026-07-27T16:44:46.120102,2.1895,-0.272778,-0.089212,0.000000,-1.363889,-1.432084,-0.859250
2026-07-27T16:44:46.120114,2.1900,-0.278724,-0.085968,0.000000,-1.393621,-1.463302,-0.877981
2026-07-27T16:44:46.120127,2.1905,-0.277237,-0.086779,0.000000,-1.386185,-1.455495,-0.873297
2026-07-27T16:44:46.120140,2.1910,-0.275750,-0.087590,0.000000,-1.378751,-1.447689,-0.868613
2026-07-27T16:44:46.120153,2.1915,-0.274264,-0.088401,0.000000,-1.371319,-1.439885,-0.863931
2026-07-27T16:44:46.120165,2.1920,-0.272778,-0.089212,0.000000,-1.363889,-1.432084,-0.859250
2026-07-27T16:44:46.120177,2.1925,-0.278724,-0.085968,0.000000,-1.393621,-1.463302,-0.877981
2026-07-27T16:44:46.120190,2.1930,-0.277237,-0.086779,0.000000,-1.386185,-1.455495,-0.873297
2026-07-27T16:44:46.120202,2.1935,-0.275750,-0.087590,0.000000,-1.378751,-1.447689,-0.868613
2026-07-27T16:44:46.120214,2.1940,-0.274264,-0.088401,0.000000,-1.371319,-1.439885,-0.863931
2026-07-27T16:44:46.120226,2.1945,-0.272778,-0.089212,0.000000,-1.363889,-1.432084,-0.859250
2026-07-27T16:44:46.120238,2.1950,-0.278724,-0.085968,0.000000,-1.393621,-1.463302,-0.877981
2026-07-27T16:44:46.120251,2.1955,-0.277237,-0.086779,0.000000,-1.386185,-1.455495,-0.873297
2026-07-27T16:44:46.120269,2.1960,-0.275750,-0.087590,0.000000,-1.378751,-1.447689,-0.868613
2026-07-27T16:44:46.120282,2.1965,-0.274264,-0.088401,0.000000,-1.371319,-1.439885,-0.863931
2026-07-27T16:44:46.120295,2.1970,-0.272778,-0.089212,0.000000,-1.363889,-1.432084,-0.859250
2026-07-27T16:44:46.120308,2.1975,-0.278724,-0.085968,0.000000,-1.393621,-1.463302,-0.877981
2026-07-27T16:44:46.120320,2.1980,-0.277237,-0.086779,0.000000,-1.386185,-1.455495,-0.873297
2026-07-27T16:44:46.120333,2.1985,-0.275750,-0.087590,0.000000,-1.378751,-1.447689,-0.868613
2026-07-27T16:44:46.120345,2.1990,-0.274264,-0.088401,0.000000,-1.371319,-1.439885,-0.863931
2026-07-27T16:44:46.120357,2.1995,-0.272778,-0.089212,0.000000,-1.363889,-1.432084,-0.859250
2026-07-27T16:44:46.217595,2.2000,-0.271292,-0.090022,0.000000,-1.356461,-1.424284,-0.854571
2026-07-27T16:44:46.217651,2.2005,-0.269807,-0.090832,0.000000,-1.349035,-1.416487,-0.849892
2026-07-27T16:44:46.217671,2.2010,-0.268322,-0.091642,0.000000,-1.341611,-1.408692,-0.845215
2026-07-27T16:44:46.217689,2.2015,-0.266838,-0.092452,0.000000,-1.334189,-1.400899,-0.840539
2026-07-27T16:44:46.217707,2.2020,-0.265354,-0.093261,0.000000,-1.326770,-1.393108,-0.835865
2026-07-27T16:44:46.217724,2.2025,-0.271292,-0.090022,0.000000,-1.356461,-1.424284,-0.854571
2026-07-27T16:44:46.217741,2.2030,-0.269807,-0.090832,0.000000,-1.349035,-1.416487,-0.849892
2026-07-27T16:44:46.217763,2.2035,-0.268322,-0.091642,0.000000,-1.341611,-1.408692,-0.845215
2026-07-27T16:44:46.217779,2.2040,-0.266838,-0.092452,0.000000,-1.334189,-1.400899,-0.840539
2026-07-27T16:44:46.217795,2.2045,-0.265354,-0.093261,0.000000,-1.326770,-1.393108,-0.835865
2026-07-27T16:44:46.217812,2.2050,-0.271292,-0.090022,0.000000,-1.356461,-1.424284,-0.854571
2026-07-27T16:44:46.217829,2.2055,-0.269807,-0.090832,0.000000,-1.349035,-1.416487,-0.849892
2026-07-27T16:44:46.217846,2.2060,-0.268322,-0.091642,0.000000,-1.341611,-1.408692,-0.845215
2026-07-27T16:44:46.217872,2.2065,-0.266838,-0.092452,0.000000,-1.334189,-1.400899,-0.840539
2026-07-27T16:44:46.217898,2.2070,-0.265354,-0.093261,0.000000,-1.326770,-1.393108,-0.835865
2026-07-27T16:44:46.217923,2.2075,-0.271292,-0.090022,0.000000,-1.356461,-1.424284,-0.854571
2026-07-27T16:44:46.217951,2.2080,-0.269807,-0.090832,0.000000,-1.349035,-1.416487,-0.849892
2026-07-27T16:44:46.217977,2.2085,-0.268322,-0.091642,0.000000,-1.341611,-1.408692,-0.845215
2026-07-27T16:44:46.218001,2.2090,-0.266838,-0.092452,0.000000,-1.334189,-1.400899,-0.840539
2026-07-27T16:44:46.218027,2.2095,-0.265354,-0.093261,0.000000,-1.326770,-1.393108,-0.835865
2026-07-27T16:44:46.218054,2.2100,-0.271292,-0.090022,0.000000,-1.356461,-1.424284,-0.854571
2026-07-27T16:44:46.218080,2.2105,-0.269807,-0.090832,0.000000,-1.349035,-1.416487,-0.849892
2026-07-27T16:44:46.218105,2.2110,-0.268322,-0.091642,0.000000,-1.341611,-1.408692,-0.845215
2026-07-27T16:44:46.218133,2.2115,-0.266838,-0.092452,0.000000,-1.334189,-1.400899,-0.840539
2026-07-27T16:44:46.218159,2.2120,-0.265354,-0.093261,0.000000,-1.326770,-1.393108,-0.835865
2026-07-27T16:44:46.218186,2.2125,-0.271292,-0.090022,0.000000,-1.356461,-1.424284,-0.854571
2026-07-27T16:44:46.218215,2.2130,-0.269807,-0.090832,0.000000,-1.349035,-1.416487,-0.849892
2026-07-27T16:44:46.218241,2.2135,-0.268322,-0.091642,0.000000,-1.341611,-1.408692,-0.845215
2026-07-27T16:44:46.218259,2.2140,-0.266838,-0.092452,0.000000,-1.334189,-1.400899,-0.840539
2026-07-27T16:44:46.218284,2.2145,-0.265354,-0.093261,0.000000,-1.326770,-1.393108,-0.835865
2026-07-27T16:44:46.218302,2.2150,-0.271292,-0.090022,0.000000,-1.356461,-1.424284,-0.854571
2026-07-27T16:44:46.218319,2.2155,-0.269807,-0.090832,0.000000,-1.349035,-1.416487,-0.849892
2026-07-27T16:44:46.218337,2.2160,-0.268322,-0.091642,0.000000,-1.341611,-1.408692,-0.845215
2026-07-27T16:44:46.218354,2.2165,-0.266838,-0.092452,0.000000,-1.334189,-1.400899,-0.840539
2026-07-27T16:44:46.218372,2.2170,-0.265354,-0.093261,0.000000,-1.326770,-1.393108,-0.835865
2026-07-27T16:44:46.218389,2.2175,-0.271292,-0.090022,0.000000,-1.356461,-1.424284,-0.854571
2026-07-27T16:44:46.218406,2.2180,-0.269807,-0.090832,0.000000,-1.349035,-1.416487,-0.849892
2026-07-27T16:44:46.218423,2.2185,-0.268322,-0.091642,0.000000,-1.341611,-1.408692,-0.845215
2026-07-27T16:44:46.218440,2.2190,-0.266838,-0.092452,0.000000,-1.334189,-1.400899,-0.840539
2026-07-27T16:44:46.218457,2.2195,-0.265354,-0.093261,0.000000,-1.326770,-1.393108,-0.835865
2026-07-27T16:44:46.218474,2.2200,-0.271292,-0.090022,0.000000,-1.356461,-1.424284,-0.854571
2026-07-27T16:44:46.218491,2.2205,-0.269807,-0.090832,0.000000,-1.349035,-1.416487,-0.849892
2026-07-27T16:44:46.218508,2.2210,-0.268322,-0.091642,0.000000,-1.341611,-1.408692,-0.845215
2026-07-27T16:44:46.218525,2.2215,-0.266838,-0.092452,0.000000,-1.334189,-1.400899,-0.840539
2026-07-27T16:44:46.218542,2.2220,-0.265354,-0.093261,0.000000,-1.326770,-1.393108,-0.835865
2026-07-27T16:44:46.218559,2.2225,-0.271292,-0.090022,0.000000,-1.356461,-1.424284,-0.854571
2026-07-27T16:44:46.218576,2.2230,-0.269807,-0.090832,0.000000,-1.349035,-1.416487,-0.849892
2026-07-27T16:44:46.218594,2.2235,-0.268322,-0.091642,0.000000,-1.341611,-1.408692,-0.845215
2026-07-27T16:44:46.218611,2.2240,-0.266838,-0.092452,0.000000,-1.334189,-1.400899,-0.840539
2026-07-27T16:44:46.219114,2.2245,-0.265354,-0.093261,0.000000,-1.326770,-1.393108,-0.835865
2026-07-27T16:44:46.219130,2.2250,-0.271292,-0.090022,0.000000,-1.356461,-1.424284,-0.854571
2026-07-27T16:44:46.219147,2.2255,-0.269807,-0.090832,0.000000,-1.349035,-1.416487,-0.849892
2026-07-27T16:44:46.219163,2.2260,-0.268322,-0.091642,0.000000,-1.341611,-1.408692,-0.845215
2026-07-27T16:44:46.219179,2.2265,-0.266838,-0.092452,0.000000,-1.334189,-1.400899,-0.840539
2026-07-27T16:44:46.219196,2.2270,-0.265354,-0.093261,0.000000,-1.326770,-1.393108,-0.835865
2026-07-27T16:44:46.219212,2.2275,-0.271292,-0.090022,0.000000,-1.356461,-1.424284,-0.854571
2026-07-27T16:44:46.219228,2.2280,-0.269807,-0.090832,0.000000,-1.349035,-1.416487,-0.849892
2026-07-27T16:44:46.219244,2.2285,-0.268322,-0.091642,0.000000,-1.341611,-1.408692,-0.845215
2026-07-27T16:44:46.219259,2.2290,-0.266838,-0.092452,0.000000,-1.334189,-1.400899,-0.840539
2026-07-27T16:44:46.219283,2.2295,-0.265354,-0.093261,0.000000,-1.326770,-1.393108,-0.835865
2026-07-27T16:44:46.219299,2.2300,-0.271292,-0.090022,0.000000,-1.356461,-1.424284,-0.854571
2026-07-27T16:44:46.219315,2.2305,-0.269807,-0.090832,0.000000,-1.349035,-1.416487,-0.849892
2026-07-27T16:44:46.219330,2.2310,-0.268322,-0.091642,0.000000,-1.341611,-1.408692,-0.845215
2026-07-27T16:44:46.219346,2.2315,-0.266838,-0.092452,0.000000,-1.334189,-1.400899,-0.840539
2026-07-27T16:44:46.219362,2.2320,-0.265354,-0.093261,0.000000,-1.326770,-1.393108,-0.835865
2026-07-27T16:44:46.219378,2.2325,-0.271292,-0.090022,0.000000,-1.356461,-1.424284,-0.854571
2026-07-27T16:44:46.219394,2.2330,-0.269807,-0.090832,0.000000,-1.349035,-1.416487,-0.849892
2026-07-27T16:44:46.219409,2.2335,-0.268322,-0.091642,0.000000,-1.341611,-1.408692,-0.845215
2026-07-27T16:44:46.219425,2.2340,-0.266838,-0.092452,0.000000,-1.334189,-1.400899,-0.840539
2026-07-27T16:44:46.219441,2.2345,-0.265354,-0.093261,0.000000,-1.326770,-1.393108,-0.835865
2026-07-27T16:44:46.219457,2.2350,-0.271292,-0.090022,0.000000,-1.356461,-1.424284,-0.854571
2026-07-27T16:44:46.219473,2.2355,-0.269807,-0.090832,0.000000,-1.349035,-1.416487,-0.849892
2026-07-27T16:44:46.219489,2.2360,-0.268322,-0.091642,0.000000,-1.341611,-1.408692,-0.845215
2026-07-27T16:44:46.219505,2.2365,-0.266838,-0.092452,0.000000,-1.334189,-1.400899,-0.840539
2026-07-27T16:44:46.219521,2.2370,-0.265354,-0.093261,0.000000,-1.326770,-1.393108,-0.835865
2026-07-27T16:44:46.219537,2.2375,-0.271292,-0.090022,0.000000,-1.356461,-1.424284,-0.854571
2026-07-27T16:44:46.219553,2.2380,-0.269807,-0.090832,0.000000,-1.349035,-1.416487,-0.849892
2026-07-27T16:44:46.219570,2.2385,-0.268322,-0.091642,0.000000,-1.341611,-1.408692,-0.845215
2026-07-27T16:44:46.219585,2.2390,-0.266838,-0.092452,0.000000,-1.334189,-1.400899,-0.840539
2026-07-27T16:44:46.219601,2.2395,-0.265354,-0.093261,0.000000,-1.326770,-1.393108,-0.835865
2026-07-27T16:44:46.219617,2.2400,-0.271292,-0.090022,0.000000,-1.356461,-1.424284,-0.854571
2026-07-27T16:44:46.219633,2.2405,-0.269807,-0.090832,0.000000,-1.349035,-1.416487,-0.849892
2026-07-27T16:44:46.219648,2.2410,-0.268322,-0.091642,0.000000,-1.341611,-1.408692,-0.845215
2026-07-27T16:44:46.219664,2.2415,-0.266838,-0.092452,0.000000,-1.334189,-1.400899,-0.840539
2026-07-27T16:44:46.219679,2.2420,-0.265354,-0.093261,0.000000,-1.326770,-1.393108,-0.835865
2026-07-27T16:44:46.219696,2.2425,-0.271292,-0.090022,0.000000,-1.356461,-1.424284,-0.854571
2026-07-27T16:44:46.219711,2.2430,-0.269807,-0.090832,0.000000,-1.349035,-1.416487,-0.849892
2026-07-27T16:44:46.219727,2.2435,-0.268322,-0.091642,0.000000,-1.341611,-1.408692,-0.845215
2026-07-27T16:44:46.219778,2.2440,-0.266838,-0.092452,0.000000,-1.334189,-1.400899,-0.840539
2026-07-27T16:44:46.219794,2.2445,-0.265354,-0.093261,0.000000,-1.326770,-1.393108,-0.835865
2026-07-27T16:44:46.219810,2.2450,-0.271292,-0.090022,0.000000,-1.356461,-1.424284,-0.854571
2026-07-27T16:44:46.219825,2.2455,-0.269807,-0.090832,0.000000,-1.349035,-1.416487,-0.849892
2026-07-27T16:44:46.219841,2.2460,-0.268322,-0.091642,0.000000,-1.341611,-1.408692,-0.845215
2026-07-27T16:44:46.219857,2.2465,-0.266838,-0.092452,0.000000,-1.334189,-1.400899,-0.840539
2026-07-27T16:44:46.219873,2.2470,-0.265354,-0.093261,0.000000,-1.326770,-1.393108,-0.835865
2026-07-27T16:44:46.219888,2.2475,-0.271292,-0.090022,0.000000,-1.356461,-1.424284,-0.854571
2026-07-27T16:44:46.219904,2.2480,-0.269807,-0.090832,0.000000,-1.349035,-1.416487,-0.849892
2026-07-27T16:44:46.219920,2.2485,-0.268322,-0.091642,0.000000,-1.341611,-1.408692,-0.845215
2026-07-27T16:44:46.219936,2.2490,-0.266838,-0.092452,0.000000,-1.334189,-1.400899,-0.840539
2026-07-27T16:44:46.219951,2.2495,-0.265354,-0.093261,0.000000,-1.326770,-1.393108,-0.835865
2026-07-27T16:44:46.219966,2.2500,-0.271292,-0.090022,0.000000,-1.356461,-1.424284,-0.854571
2026-07-27T16:44:46.219981,2.2505,-0.269807,-0.090832,0.000000,-1.349035,-1.416487,-0.849892
2026-07-27T16:44:46.219996,2.2510,-0.268322,-0.091642,0.000000,-1.341611,-1.408692,-0.845215
2026-07-27T16:44:46.220011,2.2515,-0.266838,-0.092452,0.000000,-1.334189,-1.400899,-0.840539
2026-07-27T16:44:46.220026,2.2520,-0.265354,-0.093261,0.000000,-1.326770,-1.393108,-0.835865
2026-07-27T16:44:46.220041,2.2525,-0.271292,-0.090022,0.000000,-1.356461,-1.424284,-0.854571
2026-07-27T16:44:46.220057,2.2530,-0.269807,-0.090832,0.000000,-1.349035,-1.416487,-0.849892
2026-07-27T16:44:46.220072,2.2535,-0.268322,-0.091642,0.000000,-1.341611,-1.408692,-0.845215
2026-07-27T16:44:46.220087,2.2540,-0.266838,-0.092452,0.000000,-1.334189,-1.400899,-0.840539
2026-07-27T16:44:46.220102,2.2545,-0.265354,-0.093261,0.000000,-1.326770,-1.393108,-0.835865
2026-07-27T16:44:46.220117,2.2550,-0.271292,-0.090022,0.000000,-1.356461,-1.424284,-0.854571
2026-07-27T16:44:46.220132,2.2555,-0.269807,-0.090832,0.000000,-1.349035,-1.416487,-0.849892
2026-07-27T16:44:46.220147,2.2560,-0.268322,-0.091642,0.000000,-1.341611,-1.408692,-0.845215
2026-07-27T16:44:46.220163,2.2565,-0.266838,-0.092452,0.000000,-1.334189,-1.400899,-0.840539
2026-07-27T16:44:46.220178,2.2570,-0.265354,-0.093261,0.000000,-1.326770,-1.393108,-0.835865
2026-07-27T16:44:46.220193,2.2575,-0.271292,-0.090022,0.000000,-1.356461,-1.424284,-0.854571
2026-07-27T16:44:46.220208,2.2580,-0.269807,-0.090832,0.000000,-1.349035,-1.416487,-0.849892
2026-07-27T16:44:46.220224,2.2585,-0.268322,-0.091642,0.000000,-1.341611,-1.408692,-0.845215
2026-07-27T16:44:46.220238,2.2590,-0.266838,-0.092452,0.000000,-1.334189,-1.400899,-0.840539
2026-07-27T16:44:46.220254,2.2595,-0.265354,-0.093261,0.000000,-1.326770,-1.393108,-0.835865
2026-07-27T16:44:46.220272,2.2600,-0.271292,-0.090022,0.000000,-1.356461,-1.424284,-0.854571
2026-07-27T16:44:46.220288,2.2605,-0.269807,-0.090832,0.000000,-1.349035,-1.416487,-0.849892
2026-07-27T16:44:46.220302,2.2610,-0.268322,-0.091642,0.000000,-1.341611,-1.408692,-0.845215
2026-07-27T16:44:46.220317,2.2615,-0.266838,-0.092452,0.000000,-1.334189,-1.400899,-0.840539
2026-07-27T16:44:46.220331,2.2620,-0.265354,-0.093261,0.000000,-1.326770,-1.393108,-0.835865
2026-07-27T16:44:46.220346,2.2625,-0.271292,-0.090022,0.000000,-1.356461,-1.424284,-0.854571
2026-07-27T16:44:46.220361,2.2630,-0.269807,-0.090832,0.000000,-1.349035,-1.416487,-0.849892
2026-07-27T16:44:46.220375,2.2635,-0.268322,-0.091642,0.000000,-1.341611,-1.408692,-0.845215
2026-07-27T16:44:46.220389,2.2640,-0.266838,-0.092452,0.000000,-1.334189,-1.400899,-0.840539
2026-07-27T16:44:46.220404,2.2645,-0.265354,-0.093261,0.000000,-1.326770,-1.393108,-0.835865
2026-07-27T16:44:46.220419,2.2650,-0.271292,-0.090022,0.000000,-1.356461,-1.424284,-0.854571
2026-07-27T16:44:46.220433,2.2655,-0.269807,-0.090832,0.000000,-1.349035,-1.416487,-0.849892
2026-07-27T16:44:46.220448,2.2660,-0.268322,-0.091642,0.000000,-1.341611,-1.408692,-0.845215
2026-07-27T16:44:46.220462,2.2665,-0.266838,-0.092452,0.000000,-1.334189,-1.400899,-0.840539
2026-07-27T16:44:46.220477,2.2670,-0.265354,-0.093261,0.000000,-1.326770,-1.393108,-0.835865
2026-07-27T16:44:46.220491,2.2675,-0.271292,-0.090022,0.000000,-1.356461,-1.424284,-0.854571
2026-07-27T16:44:46.220506,2.2680,-0.269807,-0.090832,0.000000,-1.349035,-1.416487,-0.849892
2026-07-27T16:44:46.220520,2.2685,-0.268322,-0.091642,0.000000,-1.341611,-1.408692,-0.845215
2026-07-27T16:44:46.220535,2.2690,-0.266838,-0.092452,0.000000,-1.334189,-1.400899,-0.840539
2026-07-27T16:44:46.220549,2.2695,-0.265354,-0.093261,0.000000,-1.326770,-1.393108,-0.835865
2026-07-27T16:44:46.220563,2.2700,-0.271292,-0.090022,0.000000,-1.356461,-1.424284,-0.854571
2026-07-27T16:44:46.220578,2.2705,-0.269807,-0.090832,0.000000,-1.349035,-1.416487,-0.849892
2026-07-27T16:44:46.220592,2.2710,-0.268322,-0.091642,0.000000,-1.341611,-1.408692,-0.845215
2026-07-27T16:44:46.220607,2.2715,-0.266838,-0.092452,0.000000,-1.334189,-1.400899,-0.840539
2026-07-27T16:44:46.220621,2.2720,-0.265354,-0.093261,0.000000,-1.326770,-1.393108,-0.835865
2026-07-27T16:44:46.220636,2.2725,-0.271292,-0.090022,0.000000,-1.356461,-1.424284,-0.854571
2026-07-27T16:44:46.220651,2.2730,-0.269807,-0.090832,0.000000,-1.349035,-1.416487,-0.849892
2026-07-27T16:44:46.220665,2.2735,-0.268322,-0.091642,0.000000,-1.341611,-1.408692,-0.845215
2026-07-27T16:44:46.220680,2.2740,-0.266838,-0.092452,0.000000,-1.334189,-1.400899,-0.840539
2026-07-27T16:44:46.220694,2.2745,-0.265354,-0.093261,0.000000,-1.326770,-1.393108,-0.835865
2026-07-27T16:44:46.220709,2.2750,-0.271292,-0.090022,0.000000,-1.356461,-1.424284,-0.854571
2026-07-27T16:44:46.220723,2.2755,-0.269807,-0.090832,0.000000,-1.349035,-1.416487,-0.849892
2026-07-27T16:44:46.220738,2.2760,-0.268322,-0.091642,0.000000,-1.341611,-1.408692,-0.845215
2026-07-27T16:44:46.220753,2.2765,-0.266838,-0.092452,0.000000,-1.334189,-1.400899,-0.840539
2026-07-27T16:44:46.220767,2.2770,-0.265354,-0.093261,0.000000,-1.326770,-1.393108,-0.835865
2026-07-27T16:44:46.220782,2.2775,-0.271292,-0.090022,0.000000,-1.356461,-1.424284,-0.854571
2026-07-27T16:44:46.220797,2.2780,-0.269807,-0.090832,0.000000,-1.349035,-1.416487,-0.849892
2026-07-27T16:44:46.220811,2.2785,-0.268322,-0.091642,0.000000,-1.341611,-1.408692,-0.845215
2026-07-27T16:44:46.220825,2.2790,-0.266838,-0.092452,0.000000,-1.334189,-1.400899,-0.840539
2026-07-27T16:44:46.220840,2.2795,-0.265354,-0.093261,0.000000,-1.326770,-1.393108,-0.835865
2026-07-27T16:44:46.220855,2.2800,-0.271292,-0.090022,0.000000,-1.356461,-1.424284,-0.854571
2026-07-27T16:44:46.220870,2.2805,-0.269807,-0.090832,0.000000,-1.349035,-1.416487,-0.849892
2026-07-27T16:44:46.220884,2.2810,-0.268322,-0.091642,0.000000,-1.341611,-1.408692,-0.845215
2026-07-27T16:44:46.220900,2.2815,-0.266838,-0.092452,0.000000,-1.334189,-1.400899,-0.840539
2026-07-27T16:44:46.220923,2.2820,-0.265354,-0.093261,0.000000,-1.326770,-1.393108,-0.835865
2026-07-27T16:44:46.220945,2.2825,-0.271292,-0.090022,0.000000,-1.356461,-1.424284,-0.854571
2026-07-27T16:44:46.220967,2.2830,-0.269807,-0.090832,0.000000,-1.349035,-1.416487,-0.849892
2026-07-27T16:44:46.220989,2.2835,-0.268322,-0.091642,0.000000,-1.341611,-1.408692,-0.845215
2026-07-27T16:44:46.221014,2.2840,-0.266838,-0.092452,0.000000,-1.334189,-1.400899,-0.840539
2026-07-27T16:44:46.221032,2.2845,-0.265354,-0.093261,0.000000,-1.326770,-1.393108,-0.835865
2026-07-27T16:44:46.221046,2.2850,-0.271292,-0.090022,0.000000,-1.356461,-1.424284,-0.854571
2026-07-27T16:44:46.221060,2.2855,-0.269807,-0.090832,0.000000,-1.349035,-1.416487,-0.849892
2026-07-27T16:44:46.221080,2.2860,-0.268322,-0.091642,0.000000,-1.341611,-1.408692,-0.845215
2026-07-27T16:44:46.221103,2.2865,-0.266838,-0.092452,0.000000,-1.334189,-1.400899,-0.840539
2026-07-27T16:44:46.221117,2.2870,-0.265354,-0.093261,0.000000,-1.326770,-1.393108,-0.835865
2026-07-27T16:44:46.221143,2.2875,-0.271292,-0.090022,0.000000,-1.356461,-1.424284,-0.854571
2026-07-27T16:44:46.221156,2.2880,-0.269807,-0.090832,0.000000,-1.349035,-1.416487,-0.849892
2026-07-27T16:44:46.221170,2.2885,-0.268322,-0.091642,0.000000,-1.341611,-1.408692,-0.845215
2026-07-27T16:44:46.221184,2.2890,-0.266838,-0.092452,0.000000,-1.334189,-1.400899,-0.840539
2026-07-27T16:44:46.221198,2.2895,-0.265354,-0.093261,0.000000,-1.326770,-1.393108,-0.835865
2026-07-27T16:44:46.221212,2.2900,-0.271292,-0.090022,0.000000,-1.356461,-1.424284,-0.854571
2026-07-27T16:44:46.221225,2.2905,-0.269807,-0.090832,0.000000,-1.349035,-1.416487,-0.849892
2026-07-27T16:44:46.221239,2.2910,-0.268322,-0.091642,0.000000,-1.341611,-1.408692,-0.845215
2026-07-27T16:44:46.221253,2.2915,-0.266838,-0.092452,0.000000,-1.334189,-1.400899,-0.840539
2026-07-27T16:44:46.221272,2.2920,-0.265354,-0.093261,0.000000,-1.326770,-1.393108,-0.835865
2026-07-27T16:44:46.221286,2.2925,-0.271292,-0.090022,0.000000,-1.356461,-1.424284,-0.854571
2026-07-27T16:44:46.221300,2.2930,-0.269807,-0.090832,0.000000,-1.349035,-1.416487,-0.849892
2026-07-27T16:44:46.221314,2.2935,-0.268322,-0.091642,0.000000,-1.341611,-1.408692,-0.845215
2026-07-27T16:44:46.221328,2.2940,-0.266838,-0.092452,0.000000,-1.334189,-1.400899,-0.840539
2026-07-27T16:44:46.221342,2.2945,-0.265354,-0.093261,0.000000,-1.326770,-1.393108,-0.835865
2026-07-27T16:44:46.221355,2.2950,-0.271292,-0.090022,0.000000,-1.356461,-1.424284,-0.854571
2026-07-27T16:44:46.221370,2.2955,-0.269807,-0.090832,0.000000,-1.349035,-1.416487,-0.849892
2026-07-27T16:44:46.221383,2.2960,-0.268322,-0.091642,0.000000,-1.341611,-1.408692,-0.845215
2026-07-27T16:44:46.221396,2.2965,-0.266838,-0.092452,0.000000,-1.334189,-1.400899,-0.840539
2026-07-27T16:44:46.221410,2.2970,-0.265354,-0.093261,0.000000,-1.326770,-1.393108,-0.835865
2026-07-27T16:44:46.221424,2.2975,-0.271292,-0.090022,0.000000,-1.356461,-1.424284,-0.854571
2026-07-27T16:44:46.221437,2.2980,-0.269807,-0.090832,0.000000,-1.349035,-1.416487,-0.849892
2026-07-27T16:44:46.221451,2.2985,-0.268322,-0.091642,0.000000,-1.341611,-1.408692,-0.845215
2026-07-27T16:44:46.221465,2.2990,-0.266838,-0.092452,0.000000,-1.334189,-1.400899,-0.840539
2026-07-27T16:44:46.221478,2.2995,-0.265354,-0.093261,0.000000,-1.326770,-1.393108,-0.835865
2026-07-27T16:44:46.318014,2.3000,-0.263870,-0.094070,0.000000,-1.319352,-1.385319,-0.831192
2026-07-27T16:44:46.318112,2.3005,-0.262387,-0.094879,0.000000,-1.311936,-1.377533,-0.826520
2026-07-27T16:44:46.318161,2.3010,-0.260905,-0.095688,0.000000,-1.304523,-1.369749,-0.821849
2026-07-27T16:44:46.318206,2.3015,-0.259422,-0.096496,0.000000,-1.297112,-1.361967,-0.817180
2026-07-27T16:44:46.318247,2.3020,-0.257941,-0.097305,0.000000,-1.289703,-1.354188,-0.812513
2026-07-27T16:44:46.318296,2.3025,-0.263870,-0.094070,0.000000,-1.319352,-1.385319,-0.831192
2026-07-27T16:44:46.318336,2.3030,-0.262387,-0.094879,0.000000,-1.311936,-1.377533,-0.826520
2026-07-27T16:44:46.318376,2.3035,-0.260905,-0.095688,0.000000,-1.304523,-1.369749,-0.821849
2026-07-27T16:44:46.318416,2.3040,-0.259422,-0.096496,0.000000,-1.297112,-1.361967,-0.817180
2026-07-27T16:44:46.318462,2.3045,-0.257941,-0.097305,0.000000,-1.289703,-1.354188,-0.812513
2026-07-27T16:44:46.318503,2.3050,-0.263870,-0.094070,0.000000,-1.319352,-1.385319,-0.831192
2026-07-27T16:44:46.318541,2.3055,-0.262387,-0.094879,0.000000,-1.311936,-1.377533,-0.826520
2026-07-27T16:44:46.318580,2.3060,-0.260905,-0.095688,0.000000,-1.304523,-1.369749,-0.821849
2026-07-27T16:44:46.318619,2.3065,-0.259422,-0.096496,0.000000,-1.297112,-1.361967,-0.817180
2026-07-27T16:44:46.318657,2.3070,-0.257941,-0.097305,0.000000,-1.289703,-1.354188,-0.812513
2026-07-27T16:44:46.318697,2.3075,-0.263870,-0.094070,0.000000,-1.319352,-1.385319,-0.831192
2026-07-27T16:44:46.318737,2.3080,-0.262387,-0.094879,0.000000,-1.311936,-1.377533,-0.826520
2026-07-27T16:44:46.318775,2.3085,-0.260905,-0.095688,0.000000,-1.304523,-1.369749,-0.821849
2026-07-27T16:44:46.318813,2.3090,-0.259422,-0.096496,0.000000,-1.297112,-1.361967,-0.817180
2026-07-27T16:44:46.318852,2.3095,-0.257941,-0.097305,0.000000,-1.289703,-1.354188,-0.812513
2026-07-27T16:44:46.318894,2.3100,-0.263870,-0.094070,0.000000,-1.319352,-1.385319,-0.831192
2026-07-27T16:44:46.318936,2.3105,-0.262387,-0.094879,0.000000,-1.311936,-1.377533,-0.826520
2026-07-27T16:44:46.318979,2.3110,-0.260905,-0.095688,0.000000,-1.304523,-1.369749,-0.821849
2026-07-27T16:44:46.319021,2.3115,-0.259422,-0.096496,0.000000,-1.297112,-1.361967,-0.817180
2026-07-27T16:44:46.319063,2.3120,-0.257941,-0.097305,0.000000,-1.289703,-1.354188,-0.812513
2026-07-27T16:44:46.319106,2.3125,-0.263870,-0.094070,0.000000,-1.319352,-1.385319,-0.831192
2026-07-27T16:44:46.319147,2.3130,-0.262387,-0.094879,0.000000,-1.311936,-1.377533,-0.826520
2026-07-27T16:44:46.319190,2.3135,-0.260905,-0.095688,0.000000,-1.304523,-1.369749,-0.821849
2026-07-27T16:44:46.319232,2.3140,-0.259422,-0.096496,0.000000,-1.297112,-1.361967,-0.817180
2026-07-27T16:44:46.319284,2.3145,-0.257941,-0.097305,0.000000,-1.289703,-1.354188,-0.812513
2026-07-27T16:44:46.319327,2.3150,-0.263870,-0.094070,0.000000,-1.319352,-1.385319,-0.831192
2026-07-27T16:44:46.319860,2.3155,-0.262387,-0.094879,0.000000,-1.311936,-1.377533,-0.826520
2026-07-27T16:44:46.319908,2.3160,-0.260905,-0.095688,0.000000,-1.304523,-1.369749,-0.821849
2026-07-27T16:44:46.319956,2.3165,-0.259422,-0.096496,0.000000,-1.297112,-1.361967,-0.817180
2026-07-27T16:44:46.320005,2.3170,-0.257941,-0.097305,0.000000,-1.289703,-1.354188,-0.812513
2026-07-27T16:44:46.320051,2.3175,-0.263870,-0.094070,0.000000,-1.319352,-1.385319,-0.831192
2026-07-27T16:44:46.320098,2.3180,-0.262387,-0.094879,0.000000,-1.311936,-1.377533,-0.826520
2026-07-27T16:44:46.320144,2.3185,-0.260905,-0.095688,0.000000,-1.304523,-1.369749,-0.821849
2026-07-27T16:44:46.320191,2.3190,-0.259422,-0.096496,0.000000,-1.297112,-1.361967,-0.817180
2026-07-27T16:44:46.320237,2.3195,-0.257941,-0.097305,0.000000,-1.289703,-1.354188,-0.812513
2026-07-27T16:44:46.320300,2.3200,-0.263870,-0.094070,0.000000,-1.319352,-1.385319,-0.831192
2026-07-27T16:44:46.320348,2.3205,-0.262387,-0.094879,0.000000,-1.311936,-1.377533,-0.826520
2026-07-27T16:44:46.320396,2.3210,-0.260905,-0.095688,0.000000,-1.304523,-1.369749,-0.821849
2026-07-27T16:44:46.320442,2.3215,-0.259422,-0.096496,0.000000,-1.297112,-1.361967,-0.817180
2026-07-27T16:44:46.320489,2.3220,-0.257941,-0.097305,0.000000,-1.289703,-1.354188,-0.812513
2026-07-27T16:44:46.320536,2.3225,-0.263870,-0.094070,0.000000,-1.319352,-1.385319,-0.831192
2026-07-27T16:44:46.320582,2.3230,-0.262387,-0.094879,0.000000,-1.311936,-1.377533,-0.826520
2026-07-27T16:44:46.320628,2.3235,-0.260905,-0.095688,0.000000,-1.304523,-1.369749,-0.821849
2026-07-27T16:44:46.320676,2.3240,-0.259422,-0.096496,0.000000,-1.297112,-1.361967,-0.817180
2026-07-27T16:44:46.320723,2.3245,-0.257941,-0.097305,0.000000,-1.289703,-1.354188,-0.812513
2026-07-27T16:44:46.320769,2.3250,-0.263870,-0.094070,0.000000,-1.319352,-1.385319,-0.831192
2026-07-27T16:44:46.320817,2.3255,-0.262387,-0.094879,0.000000,-1.311936,-1.377533,-0.826520
2026-07-27T16:44:46.320863,2.3260,-0.260905,-0.095688,0.000000,-1.304523,-1.369749,-0.821849
2026-07-27T16:44:46.320911,2.3265,-0.259422,-0.096496,0.000000,-1.297112,-1.361967,-0.817180
2026-07-27T16:44:46.320958,2.3270,-0.257941,-0.097305,0.000000,-1.289703,-1.354188,-0.812513
2026-07-27T16:44:46.321005,2.3275,-0.263870,-0.094070,0.000000,-1.319352,-1.385319,-0.831192
2026-07-27T16:44:46.321048,2.3280,-0.262387,-0.094879,0.000000,-1.311936,-1.377533,-0.826520
2026-07-27T16:44:46.321092,2.3285,-0.260905,-0.095688,0.000000,-1.304523,-1.369749,-0.821849
2026-07-27T16:44:46.321136,2.3290,-0.259422,-0.096496,0.000000,-1.297112,-1.361967,-0.817180
2026-07-27T16:44:46.321178,2.3295,-0.257941,-0.097305,0.000000,-1.289703,-1.354188,-0.812513
2026-07-27T16:44:46.321220,2.3300,-0.263870,-0.094070,0.000000,-1.319352,-1.385319,-0.831192
2026-07-27T16:44:46.321269,2.3305,-0.262387,-0.094879,0.000000,-1.311936,-1.377533,-0.826520
2026-07-27T16:44:46.321313,2.3310,-0.260905,-0.095688,0.000000,-1.304523,-1.369749,-0.821849
2026-07-27T16:44:46.321355,2.3315,-0.259422,-0.096496,0.000000,-1.297112,-1.361967,-0.817180
2026-07-27T16:44:46.321397,2.3320,-0.257941,-0.097305,0.000000,-1.289703,-1.354188,-0.812513
2026-07-27T16:44:46.321440,2.3325,-0.263870,-0.094070,0.000000,-1.319352,-1.385319,-0.831192
2026-07-27T16:44:46.321483,2.3330,-0.262387,-0.094879,0.000000,-1.311936,-1.377533,-0.826520
2026-07-27T16:44:46.321525,2.3335,-0.260905,-0.095688,0.000000,-1.304523,-1.369749,-0.821849
2026-07-27T16:44:46.321567,2.3340,-0.259422,-0.096496,0.000000,-1.297112,-1.361967,-0.817180
2026-07-27T16:44:46.321611,2.3345,-0.257941,-0.097305,0.000000,-1.289703,-1.354188,-0.812513
2026-07-27T16:44:46.321652,2.3350,-0.263870,-0.094070,0.000000,-1.319352,-1.385319,-0.831192
2026-07-27T16:44:46.321695,2.3355,-0.262387,-0.094879,0.000000,-1.311936,-1.377533,-0.826520
2026-07-27T16:44:46.321737,2.3360,-0.260905,-0.095688,0.000000,-1.304523,-1.369749,-0.821849
2026-07-27T16:44:46.321779,2.3365,-0.259422,-0.096496,0.000000,-1.297112,-1.361967,-0.817180
2026-07-27T16:44:46.321821,2.3370,-0.257941,-0.097305,0.000000,-1.289703,-1.354188,-0.812513
2026-07-27T16:44:46.321863,2.3375,-0.263870,-0.094070,0.000000,-1.319352,-1.385319,-0.831192
2026-07-27T16:44:46.321907,2.3380,-0.262387,-0.094879,0.000000,-1.311936,-1.377533,-0.826520
2026-07-27T16:44:46.321953,2.3385,-0.260905,-0.095688,0.000000,-1.304523,-1.369749,-0.821849
2026-07-27T16:44:46.321996,2.3390,-0.259422,-0.096496,0.000000,-1.297112,-1.361967,-0.817180
2026-07-27T16:44:46.322039,2.3395,-0.257941,-0.097305,0.000000,-1.289703,-1.354188,-0.812513
2026-07-27T16:44:46.322077,2.3400,-0.263870,-0.094070,0.000000,-1.319352,-1.385319,-0.831192
2026-07-27T16:44:46.322114,2.3405,-0.262387,-0.094879,0.000000,-1.311936,-1.377533,-0.826520
2026-07-27T16:44:46.322153,2.3410,-0.260905,-0.095688,0.000000,-1.304523,-1.369749,-0.821849
2026-07-27T16:44:46.322193,2.3415,-0.259422,-0.096496,0.000000,-1.297112,-1.361967,-0.817180
2026-07-27T16:44:46.322231,2.3420,-0.257941,-0.097305,0.000000,-1.289703,-1.354188,-0.812513
2026-07-27T16:44:46.322275,2.3425,-0.263870,-0.094070,0.000000,-1.319352,-1.385319,-0.831192
2026-07-27T16:44:46.322313,2.3430,-0.262387,-0.094879,0.000000,-1.311936,-1.377533,-0.826520
2026-07-27T16:44:46.322352,2.3435,-0.260905,-0.095688,0.000000,-1.304523,-1.369749,-0.821849
2026-07-27T16:44:46.322485,2.3440,-0.259422,-0.096496,0.000000,-1.297112,-1.361967,-0.817180
2026-07-27T16:44:46.322525,2.3445,-0.257941,-0.097305,0.000000,-1.289703,-1.354188,-0.812513
2026-07-27T16:44:46.322565,2.3450,-0.263870,-0.094070,0.000000,-1.319352,-1.385319,-0.831192
2026-07-27T16:44:46.322603,2.3455,-0.262387,-0.094879,0.000000,-1.311936,-1.377533,-0.826520
2026-07-27T16:44:46.322642,2.3460,-0.260905,-0.095688,0.000000,-1.304523,-1.369749,-0.821849
2026-07-27T16:44:46.322681,2.3465,-0.259422,-0.096496,0.000000,-1.297112,-1.361967,-0.817180
2026-07-27T16:44:46.322719,2.3470,-0.257941,-0.097305,0.000000,-1.289703,-1.354188,-0.812513
2026-07-27T16:44:46.322757,2.3475,-0.263870,-0.094070,0.000000,-1.319352,-1.385319,-0.831192
2026-07-27T16:44:46.322796,2.3480,-0.262387,-0.094879,0.000000,-1.311936,-1.377533,-0.826520
2026-07-27T16:44:46.322835,2.3485,-0.260905,-0.095688,0.000000,-1.304523,-1.369749,-0.821849
2026-07-27T16:44:46.322872,2.3490,-0.259422,-0.096496,0.000000,-1.297112,-1.361967,-0.817180
2026-07-27T16:44:46.322908,2.3495,-0.257941,-0.097305,0.000000,-1.289703,-1.354188,-0.812513
2026-07-27T16:44:46.322943,2.3500,-0.263870,-0.094070,0.000000,-1.319352,-1.385319,-0.831192
2026-07-27T16:44:46.322978,2.3505,-0.262387,-0.094879,0.000000,-1.311936,-1.377533,-0.826520
2026-07-27T16:44:46.323013,2.3510,-0.260905,-0.095688,0.000000,-1.304523,-1.369749,-0.821849
2026-07-27T16:44:46.323049,2.3515,-0.259422,-0.096496,0.000000,-1.297112,-1.361967,-0.817180
2026-07-27T16:44:46.323085,2.3520,-0.257941,-0.097305,0.000000,-1.289703,-1.354188,-0.812513
2026-07-27T16:44:46.323120,2.3525,-0.263870,-0.094070,0.000000,-1.319352,-1.385319,-0.831192
2026-07-27T16:44:46.323157,2.3530,-0.262387,-0.094879,0.000000,-1.311936,-1.377533,-0.826520
2026-07-27T16:44:46.323191,2.3535,-0.260905,-0.095688,0.000000,-1.304523,-1.369749,-0.821849
2026-07-27T16:44:46.323227,2.3540,-0.259422,-0.096496,0.000000,-1.297112,-1.361967,-0.817180
2026-07-27T16:44:46.323271,2.3545,-0.257941,-0.097305,0.000000,-1.289703,-1.354188,-0.812513
2026-07-27T16:44:46.323307,2.3550,-0.263870,-0.094070,0.000000,-1.319352,-1.385319,-0.831192
2026-07-27T16:44:46.323341,2.3555,-0.262387,-0.094879,0.000000,-1.311936,-1.377533,-0.826520
2026-07-27T16:44:46.323376,2.3560,-0.260905,-0.095688,0.000000,-1.304523,-1.369749,-0.821849
2026-07-27T16:44:46.323412,2.3565,-0.259422,-0.096496,0.000000,-1.297112,-1.361967,-0.817180
2026-07-27T16:44:46.323447,2.3570,-0.257941,-0.097305,0.000000,-1.289703,-1.354188,-0.812513
2026-07-27T16:44:46.323483,2.3575,-0.263870,-0.094070,0.000000,-1.319352,-1.385319,-0.831192
2026-07-27T16:44:46.323519,2.3580,-0.262387,-0.094879,0.000000,-1.311936,-1.377533,-0.826520
2026-07-27T16:44:46.323554,2.3585,-0.260905,-0.095688,0.000000,-1.304523,-1.369749,-0.821849
2026-07-27T16:44:46.323590,2.3590,-0.259422,-0.096496,0.000000,-1.297112,-1.361967,-0.817180
2026-07-27T16:44:46.323624,2.3595,-0.257941,-0.097305,0.000000,-1.289703,-1.354188,-0.812513
2026-07-27T16:44:46.323660,2.3600,-0.263870,-0.094070,0.000000,-1.319352,-1.385319,-0.831192
2026-07-27T16:44:46.323694,2.3605,-0.262387,-0.094879,0.000000,-1.311936,-1.377533,-0.826520
2026-07-27T16:44:46.323727,2.3610,-0.260905,-0.095688,0.000000,-1.304523,-1.369749,-0.821849
2026-07-27T16:44:46.323759,2.3615,-0.259422,-0.096496,0.000000,-1.297112,-1.361967,-0.817180
2026-07-27T16:44:46.323792,2.3620,-0.257941,-0.097305,0.000000,-1.289703,-1.354188,-0.812513
2026-07-27T16:44:46.323826,2.3625,-0.263870,-0.094070,0.000000,-1.319352,-1.385319,-0.831192
2026-07-27T16:44:46.323858,2.3630,-0.262387,-0.094879,0.000000,-1.311936,-1.377533,-0.826520
2026-07-27T16:44:46.323890,2.3635,-0.260905,-0.095688,0.000000,-1.304523,-1.369749,-0.821849
2026-07-27T16:44:46.323923,2.3640,-0.259422,-0.096496,0.000000,-1.297112,-1.361967,-0.817180
2026-07-27T16:44:46.323955,2.3645,-0.257941,-0.097305,0.000000,-1.289703,-1.354188,-0.812513
2026-07-27T16:44:46.323988,2.3650,-0.263870,-0.094070,0.000000,-1.319352,-1.385319,-0.831192
2026-07-27T16:44:46.324020,2.3655,-0.262387,-0.094879,0.000000,-1.311936,-1.377533,-0.826520
2026-07-27T16:44:46.324053,2.3660,-0.260905,-0.095688,0.000000,-1.304523,-1.369749,-0.821849
2026-07-27T16:44:46.324086,2.3665,-0.259422,-0.096496,0.000000,-1.297112,-1.361967,-0.817180
2026-07-27T16:44:46.324120,2.3670,-0.257941,-0.097305,0.000000,-1.289703,-1.354188,-0.812513
2026-07-27T16:44:46.324152,2.3675,-0.263870,-0.094070,0.000000,-1.319352,-1.385319,-0.831192
2026-07-27T16:44:46.324185,2.3680,-0.262387,-0.094879,0.000000,-1.311936,-1.377533,-0.826520
2026-07-27T16:44:46.324218,2.3685,-0.260905,-0.095688,0.000000,-1.304523,-1.369749,-0.821849
2026-07-27T16:44:46.324250,2.3690,-0.259422,-0.096496,0.000000,-1.297112,-1.361967,-0.817180
2026-07-27T16:44:46.324286,2.3695,-0.257941,-0.097305,0.000000,-1.289703,-1.354188,-0.812513
2026-07-27T16:44:46.324319,2.3700,-0.263870,-0.094070,0.000000,-1.319352,-1.385319,-0.831192
2026-07-27T16:44:46.324352,2.3705,-0.262387,-0.094879,0.000000,-1.311936,-1.377533,-0.826520
2026-07-27T16:44:46.324384,2.3710,-0.260905,-0.095688,0.000000,-1.304523,-1.369749,-0.821849
2026-07-27T16:44:46.324416,2.3715,-0.259422,-0.096496,0.000000,-1.297112,-1.361967,-0.817180
2026-07-27T16:44:46.324449,2.3720,-0.257941,-0.097305,0.000000,-1.289703,-1.354188,-0.812513
2026-07-27T16:44:46.324482,2.3725,-0.263870,-0.094070,0.000000,-1.319352,-1.385319,-0.831192
2026-07-27T16:44:46.324514,2.3730,-0.262387,-0.094879,0.000000,-1.311936,-1.377533,-0.826520
2026-07-27T16:44:46.324546,2.3735,-0.260905,-0.095688,0.000000,-1.304523,-1.369749,-0.821849
2026-07-27T16:44:46.324579,2.3740,-0.259422,-0.096496,0.000000,-1.297112,-1.361967,-0.817180
2026-07-27T16:44:46.324612,2.3745,-0.257941,-0.097305,0.000000,-1.289703,-1.354188,-0.812513
2026-07-27T16:44:46.324644,2.3750,-0.263870,-0.094070,0.000000,-1.319352,-1.385319,-0.831192
2026-07-27T16:44:46.324676,2.3755,-0.262387,-0.094879,0.000000,-1.311936,-1.377533,-0.826520
2026-07-27T16:44:46.324709,2.3760,-0.260905,-0.095688,0.000000,-1.304523,-1.369749,-0.821849
2026-07-27T16:44:46.324742,2.3765,-0.259422,-0.096496,0.000000,-1.297112,-1.361967,-0.817180
2026-07-27T16:44:46.324774,2.3770,-0.257941,-0.097305,0.000000,-1.289703,-1.354188,-0.812513
2026-07-27T16:44:46.324808,2.3775,-0.263870,-0.094070,0.000000,-1.319352,-1.385319,-0.831192
2026-07-27T16:44:46.324840,2.3780,-0.262387,-0.094879,0.000000,-1.311936,-1.377533,-0.826520
2026-07-27T16:44:46.324872,2.3785,-0.260905,-0.095688,0.000000,-1.304523,-1.369749,-0.821849
2026-07-27T16:44:46.324904,2.3790,-0.259422,-0.096496,0.000000,-1.297112,-1.361967,-0.817180
2026-07-27T16:44:46.324936,2.3795,-0.257941,-0.097305,0.000000,-1.289703,-1.354188,-0.812513
2026-07-27T16:44:46.324969,2.3800,-0.263870,-0.094070,0.000000,-1.319352,-1.385319,-0.831192
2026-07-27T16:44:46.325001,2.3805,-0.262387,-0.094879,0.000000,-1.311936,-1.377533,-0.826520
2026-07-27T16:44:46.325034,2.3810,-0.260905,-0.095688,0.000000,-1.304523,-1.369749,-0.821849
2026-07-27T16:44:46.325065,2.3815,-0.259422,-0.096496,0.000000,-1.297112,-1.361967,-0.817180
2026-07-27T16:44:46.325099,2.3820,-0.257941,-0.097305,0.000000,-1.289703,-1.354188,-0.812513
2026-07-27T16:44:46.325130,2.3825,-0.263870,-0.094070,0.000000,-1.319352,-1.385319,-0.831192
2026-07-27T16:44:46.325162,2.3830,-0.262387,-0.094879,0.000000,-1.311936,-1.377533,-0.826520
2026-07-27T16:44:46.325195,2.3835,-0.260905,-0.095688,0.000000,-1.304523,-1.369749,-0.821849
2026-07-27T16:44:46.325228,2.3840,-0.259422,-0.096496,0.000000,-1.297112,-1.361967,-0.817180
2026-07-27T16:44:46.325266,2.3845,-0.257941,-0.097305,0.000000,-1.289703,-1.354188,-0.812513
2026-07-27T16:44:46.325301,2.3850,-0.263870,-0.094070,0.000000,-1.319352,-1.385319,-0.831192
2026-07-27T16:44:46.325333,2.3855,-0.262387,-0.094879,0.000000,-1.311936,-1.377533,-0.826520
2026-07-27T16:44:46.325365,2.3860,-0.260905,-0.095688,0.000000,-1.304523,-1.369749,-0.821849
2026-07-27T16:44:46.325398,2.3865,-0.259422,-0.096496,0.000000,-1.297112,-1.361967,-0.817180
2026-07-27T16:44:46.325431,2.3870,-0.257941,-0.097305,0.000000,-1.289703,-1.354188,-0.812513
2026-07-27T16:44:46.325482,2.3875,-0.263870,-0.094070,0.000000,-1.319352,-1.385319,-0.831192
2026-07-27T16:44:46.325516,2.3880,-0.262387,-0.094879,0.000000,-1.311936,-1.377533,-0.826520
2026-07-27T16:44:46.325549,2.3885,-0.260905,-0.095688,0.000000,-1.304523,-1.369749,-0.821849
2026-07-27T16:44:46.325581,2.3890,-0.259422,-0.096496,0.000000,-1.297112,-1.361967,-0.817180
2026-07-27T16:44:46.325613,2.3895,-0.257941,-0.097305,0.000000,-1.289703,-1.354188,-0.812513
2026-07-27T16:44:46.325647,2.3900,-0.263870,-0.094070,0.000000,-1.319352,-1.385319,-0.831192
2026-07-27T16:44:46.325677,2.3905,-0.262387,-0.094879,0.000000,-1.311936,-1.377533,-0.826520
2026-07-27T16:44:46.325707,2.3910,-0.260905,-0.095688,0.000000,-1.304523,-1.369749,-0.821849
2026-07-27T16:44:46.325737,2.3915,-0.259422,-0.096496,0.000000,-1.297112,-1.361967,-0.817180
2026-07-27T16:44:46.325768,2.3920,-0.257941,-0.097305,0.000000,-1.289703,-1.354188,-0.812513
2026-07-27T16:44:46.325799,2.3925,-0.263870,-0.094070,0.000000,-1.319352,-1.385319,-0.831192
2026-07-27T16:44:46.325830,2.3930,-0.262387,-0.094879,0.000000,-1.311936,-1.377533,-0.826520
2026-07-27T16:44:46.325861,2.3935,-0.260905,-0.095688,0.000000,-1.304523,-1.369749,-0.821849
2026-07-27T16:44:46.325891,2.3940,-0.259422,-0.096496,0.000000,-1.297112,-1.361967,-0.817180
2026-07-27T16:44:46.325921,2.3945,-0.257941,-0.097305,0.000000,-1.289703,-1.354188,-0.812513
2026-07-27T16:44:46.325951,2.3950,-0.263870,-0.094070,0.000000,-1.319352,-1.385319,-0.831192
2026-07-27T16:44:46.325981,2.3955,-0.262387,-0.094879,0.000000,-1.311936,-1.377533,-0.826520
2026-07-27T16:44:46.326011,2.3960,-0.260905,-0.095688,0.000000,-1.304523,-1.369749,-0.821849
2026-07-27T16:44:46.326041,2.3965,-0.259422,-0.096496,0.000000,-1.297112,-1.361967,-0.817180
2026-07-27T16:44:46.326073,2.3970,-0.257941,-0.097305,0.000000,-1.289703,-1.354188,-0.812513
2026-07-27T16:44:46.326103,2.3975,-0.263870,-0.094070,0.000000,-1.319352,-1.385319,-0.831192
2026-07-27T16:44:46.326133,2.3980,-0.262387,-0.094879,0.000000,-1.311936,-1.377533,-0.826520
2026-07-27T16:44:46.326164,2.3985,-0.260905,-0.095688,0.000000,-1.304523,-1.369749,-0.821849
2026-07-27T16:44:46.326192,2.3990,-0.259422,-0.096496,0.000000,-1.297112,-1.361967,-0.817180
2026-07-27T16:44:46.326221,2.3995,-0.257941,-0.097305,0.000000,-1.289703,-1.354188,-0.812513
2026-07-27T16:44:46.417831,2.4000,-0.256459,-0.098113,0.000000,-1.282296,-1.346411,-0.807846
2026-07-27T16:44:46.417916,2.4005,-0.254978,-0.098920,0.000000,-1.274891,-1.338636,-0.803181
2026-07-27T16:44:46.417962,2.4010,-0.253498,-0.099728,0.000000,-1.267489,-1.330863,-0.798518
2026-07-27T16:44:46.418006,2.4015,-0.252018,-0.100535,0.000000,-1.260089,-1.323093,-0.793856
2026-07-27T16:44:46.418047,2.4020,-0.250538,-0.101342,0.000000,-1.252691,-1.315325,-0.789195
2026-07-27T16:44:46.418090,2.4025,-0.256459,-0.098113,0.000000,-1.282296,-1.346411,-0.807846
2026-07-27T16:44:46.418131,2.4030,-0.254978,-0.098920,0.000000,-1.274891,-1.338636,-0.803181
2026-07-27T16:44:46.418172,2.4035,-0.253498,-0.099728,0.000000,-1.267489,-1.330863,-0.798518
2026-07-27T16:44:46.418213,2.4040,-0.252018,-0.100535,0.000000,-1.260089,-1.323093,-0.793856
2026-07-27T16:44:46.418254,2.4045,-0.250538,-0.101342,0.000000,-1.252691,-1.315325,-0.789195
2026-07-27T16:44:46.418304,2.4050,-0.256459,-0.098113,0.000000,-1.282296,-1.346411,-0.807846
2026-07-27T16:44:46.418346,2.4055,-0.254978,-0.098920,0.000000,-1.274891,-1.338636,-0.803181
2026-07-27T16:44:46.418388,2.4060,-0.253498,-0.099728,0.000000,-1.267489,-1.330863,-0.798518
2026-07-27T16:44:46.418429,2.4065,-0.252018,-0.100535,0.000000,-1.260089,-1.323093,-0.793856
2026-07-27T16:44:46.418469,2.4070,-0.250538,-0.101342,0.000000,-1.252691,-1.315325,-0.789195
2026-07-27T16:44:46.418509,2.4075,-0.256459,-0.098113,0.000000,-1.282296,-1.346411,-0.807846
2026-07-27T16:44:46.418549,2.4080,-0.254978,-0.098920,0.000000,-1.274891,-1.338636,-0.803181
2026-07-27T16:44:46.418589,2.4085,-0.253498,-0.099728,0.000000,-1.267489,-1.330863,-0.798518
2026-07-27T16:44:46.418629,2.4090,-0.252018,-0.100535,0.000000,-1.260089,-1.323093,-0.793856
2026-07-27T16:44:46.418669,2.4095,-0.250538,-0.101342,0.000000,-1.252691,-1.315325,-0.789195
2026-07-27T16:44:46.418709,2.4100,-0.256459,-0.098113,0.000000,-1.282296,-1.346411,-0.807846
2026-07-27T16:44:46.418749,2.4105,-0.254978,-0.098920,0.000000,-1.274891,-1.338636,-0.803181
2026-07-27T16:44:46.418788,2.4110,-0.253498,-0.099728,0.000000,-1.267489,-1.330863,-0.798518
2026-07-27T16:44:46.418828,2.4115,-0.252018,-0.100535,0.000000,-1.260089,-1.323093,-0.793856
2026-07-27T16:44:46.418869,2.4120,-0.250538,-0.101342,0.000000,-1.252691,-1.315325,-0.789195
2026-07-27T16:44:46.418908,2.4125,-0.256459,-0.098113,0.000000,-1.282296,-1.346411,-0.807846
2026-07-27T16:44:46.418947,2.4130,-0.254978,-0.098920,0.000000,-1.274891,-1.338636,-0.803181
2026-07-27T16:44:46.418985,2.4135,-0.253498,-0.099728,0.000000,-1.267489,-1.330863,-0.798518
2026-07-27T16:44:46.419024,2.4140,-0.252018,-0.100535,0.000000,-1.260089,-1.323093,-0.793856
2026-07-27T16:44:46.419062,2.4145,-0.250538,-0.101342,0.000000,-1.252691,-1.315325,-0.789195
2026-07-27T16:44:46.419100,2.4150,-0.256459,-0.098113,0.000000,-1.282296,-1.346411,-0.807846
2026-07-27T16:44:46.419138,2.4155,-0.254978,-0.098920,0.000000,-1.274891,-1.338636,-0.803181
2026-07-27T16:44:46.419176,2.4160,-0.253498,-0.099728,0.000000,-1.267489,-1.330863,-0.798518
2026-07-27T16:44:46.419214,2.4165,-0.252018,-0.100535,0.000000,-1.260089,-1.323093,-0.793856
2026-07-27T16:44:46.419253,2.4170,-0.250538,-0.101342,0.000000,-1.252691,-1.315325,-0.789195
2026-07-27T16:44:46.419309,2.4175,-0.256459,-0.098113,0.000000,-1.282296,-1.346411,-0.807846
2026-07-27T16:44:46.419349,2.4180,-0.254978,-0.098920,0.000000,-1.274891,-1.338636,-0.803181
2026-07-27T16:44:46.419387,2.4185,-0.253498,-0.099728,0.000000,-1.267489,-1.330863,-0.798518
2026-07-27T16:44:46.419425,2.4190,-0.252018,-0.100535,0.000000,-1.260089,-1.323093,-0.793856
2026-07-27T16:44:46.419464,2.4195,-0.250538,-0.101342,0.000000,-1.252691,-1.315325,-0.789195
2026-07-27T16:44:46.419502,2.4200,-0.256459,-0.098113,0.000000,-1.282296,-1.346411,-0.807846
2026-07-27T16:44:46.419540,2.4205,-0.254978,-0.098920,0.000000,-1.274891,-1.338636,-0.803181
2026-07-27T16:44:46.419578,2.4210,-0.253498,-0.099728,0.000000,-1.267489,-1.330863,-0.798518
2026-07-27T16:44:46.419617,2.4215,-0.252018,-0.100535,0.000000,-1.260089,-1.323093,-0.793856
2026-07-27T16:44:46.419655,2.4220,-0.250538,-0.101342,0.000000,-1.252691,-1.315325,-0.789195
2026-07-27T16:44:46.419693,2.4225,-0.256459,-0.098113,0.000000,-1.282296,-1.346411,-0.807846
2026-07-27T16:44:46.419730,2.4230,-0.254978,-0.098920,0.000000,-1.274891,-1.338636,-0.803181
2026-07-27T16:44:46.419768,2.4235,-0.253498,-0.099728,0.000000,-1.267489,-1.330863,-0.798518
2026-07-27T16:44:46.419805,2.4240,-0.252018,-0.100535,0.000000,-1.260089,-1.323093,-0.793856
2026-07-27T16:44:46.419841,2.4245,-0.250538,-0.101342,0.000000,-1.252691,-1.315325,-0.789195
2026-07-27T16:44:46.419878,2.4250,-0.256459,-0.098113,0.000000,-1.282296,-1.346411,-0.807846
2026-07-27T16:44:46.419914,2.4255,-0.254978,-0.098920,0.000000,-1.274891,-1.338636,-0.803181
2026-07-27T16:44:46.419950,2.4260,-0.253498,-0.099728,0.000000,-1.267489,-1.330863,-0.798518
2026-07-27T16:44:46.419987,2.4265,-0.252018,-0.100535,0.000000,-1.260089,-1.323093,-0.793856
2026-07-27T16:44:46.420024,2.4270,-0.250538,-0.101342,0.000000,-1.252691,-1.315325,-0.789195
2026-07-27T16:44:46.420061,2.4275,-0.256459,-0.098113,0.000000,-1.282296,-1.346411,-0.807846
2026-07-27T16:44:46.420099,2.4280,-0.254978,-0.098920,0.000000,-1.274891,-1.338636,-0.803181
2026-07-27T16:44:46.420136,2.4285,-0.253498,-0.099728,0.000000,-1.267489,-1.330863,-0.798518
2026-07-27T16:44:46.420174,2.4290,-0.252018,-0.100535,0.000000,-1.260089,-1.323093,-0.793856
2026-07-27T16:44:46.420211,2.4295,-0.250538,-0.101342,0.000000,-1.252691,-1.315325,-0.789195
2026-07-27T16:44:46.420249,2.4300,-0.256459,-0.098113,0.000000,-1.282296,-1.346411,-0.807846
2026-07-27T16:44:46.420299,2.4305,-0.254978,-0.098920,0.000000,-1.274891,-1.338636,-0.803181
2026-07-27T16:44:46.420338,2.4310,-0.253498,-0.099728,0.000000,-1.267489,-1.330863,-0.798518
2026-07-27T16:44:46.420375,2.4315,-0.252018,-0.100535,0.000000,-1.260089,-1.323093,-0.793856
2026-07-27T16:44:46.420413,2.4320,-0.250538,-0.101342,0.000000,-1.252691,-1.315325,-0.789195
2026-07-27T16:44:46.420450,2.4325,-0.256459,-0.098113,0.000000,-1.282296,-1.346411,-0.807846
2026-07-27T16:44:46.420487,2.4330,-0.254978,-0.098920,0.000000,-1.274891,-1.338636,-0.803181
2026-07-27T16:44:46.420524,2.4335,-0.253498,-0.099728,0.000000,-1.267489,-1.330863,-0.798518
2026-07-27T16:44:46.420561,2.4340,-0.252018,-0.100535,0.000000,-1.260089,-1.323093,-0.793856
2026-07-27T16:44:46.420597,2.4345,-0.250538,-0.101342,0.000000,-1.252691,-1.315325,-0.789195
2026-07-27T16:44:46.420634,2.4350,-0.256459,-0.098113,0.000000,-1.282296,-1.346411,-0.807846
2026-07-27T16:44:46.420671,2.4355,-0.254978,-0.098920,0.000000,-1.274891,-1.338636,-0.803181
2026-07-27T16:44:46.420708,2.4360,-0.253498,-0.099728,0.000000,-1.267489,-1.330863,-0.798518
2026-07-27T16:44:46.420744,2.4365,-0.252018,-0.100535,0.000000,-1.260089,-1.323093,-0.793856
2026-07-27T16:44:46.420780,2.4370,-0.250538,-0.101342,0.000000,-1.252691,-1.315325,-0.789195
2026-07-27T16:44:46.420817,2.4375,-0.256459,-0.098113,0.000000,-1.282296,-1.346411,-0.807846
2026-07-27T16:44:46.420853,2.4380,-0.254978,-0.098920,0.000000,-1.274891,-1.338636,-0.803181
2026-07-27T16:44:46.420893,2.4385,-0.253498,-0.099728,0.000000,-1.267489,-1.330863,-0.798518
2026-07-27T16:44:46.420931,2.4390,-0.252018,-0.100535,0.000000,-1.260089,-1.323093,-0.793856
2026-07-27T16:44:46.420969,2.4395,-0.250538,-0.101342,0.000000,-1.252691,-1.315325,-0.789195
2026-07-27T16:44:46.421005,2.4400,-0.256459,-0.098113,0.000000,-1.282296,-1.346411,-0.807846
2026-07-27T16:44:46.421042,2.4405,-0.254978,-0.098920,0.000000,-1.274891,-1.338636,-0.803181
2026-07-27T16:44:46.421079,2.4410,-0.253498,-0.099728,0.000000,-1.267489,-1.330863,-0.798518
2026-07-27T16:44:46.421116,2.4415,-0.252018,-0.100535,0.000000,-1.260089,-1.323093,-0.793856
2026-07-27T16:44:46.421152,2.4420,-0.250538,-0.101342,0.000000,-1.252691,-1.315325,-0.789195
2026-07-27T16:44:46.421187,2.4425,-0.256459,-0.098113,0.000000,-1.282296,-1.346411,-0.807846
2026-07-27T16:44:46.421222,2.4430,-0.254978,-0.098920,0.000000,-1.274891,-1.338636,-0.803181
2026-07-27T16:44:46.421258,2.4435,-0.253498,-0.099728,0.000000,-1.267489,-1.330863,-0.798518
2026-07-27T16:44:46.421372,2.4440,-0.252018,-0.100535,0.000000,-1.260089,-1.323093,-0.793856
2026-07-27T16:44:46.421413,2.4445,-0.250538,-0.101342,0.000000,-1.252691,-1.315325,-0.789195
2026-07-27T16:44:46.421449,2.4450,-0.256459,-0.098113,0.000000,-1.282296,-1.346411,-0.807846
2026-07-27T16:44:46.421486,2.4455,-0.254978,-0.098920,0.000000,-1.274891,-1.338636,-0.803181
2026-07-27T16:44:46.421523,2.4460,-0.253498,-0.099728,0.000000,-1.267489,-1.330863,-0.798518
2026-07-27T16:44:46.421558,2.4465,-0.252018,-0.100535,0.000000,-1.260089,-1.323093,-0.793856
2026-07-27T16:44:46.421593,2.4470,-0.250538,-0.101342,0.000000,-1.252691,-1.315325,-0.789195
2026-07-27T16:44:46.421628,2.4475,-0.256459,-0.098113,0.000000,-1.282296,-1.346411,-0.807846
2026-07-27T16:44:46.421663,2.4480,-0.254978,-0.098920,0.000000,-1.274891,-1.338636,-0.803181
2026-07-27T16:44:46.421698,2.4485,-0.253498,-0.099728,0.000000,-1.267489,-1.330863,-0.798518
2026-07-27T16:44:46.421733,2.4490,-0.252018,-0.100535,0.000000,-1.260089,-1.323093,-0.793856
2026-07-27T16:44:46.421768,2.4495,-0.250538,-0.101342,0.000000,-1.252691,-1.315325,-0.789195
2026-07-27T16:44:46.421803,2.4500,-0.256459,-0.098113,0.000000,-1.282296,-1.346411,-0.807846
2026-07-27T16:44:46.421838,2.4505,-0.254978,-0.098920,0.000000,-1.274891,-1.338636,-0.803181
2026-07-27T16:44:46.421873,2.4510,-0.253498,-0.099728,0.000000,-1.267489,-1.330863,-0.798518
2026-07-27T16:44:46.421912,2.4515,-0.252018,-0.100535,0.000000,-1.260089,-1.323093,-0.793856
2026-07-27T16:44:46.421944,2.4520,-0.250538,-0.101342,0.000000,-1.252691,-1.315325,-0.789195
2026-07-27T16:44:46.421976,2.4525,-0.256459,-0.098113,0.000000,-1.282296,-1.346411,-0.807846
2026-07-27T16:44:46.422009,2.4530,-0.254978,-0.098920,0.000000,-1.274891,-1.338636,-0.803181
2026-07-27T16:44:46.422041,2.4535,-0.253498,-0.099728,0.000000,-1.267489,-1.330863,-0.798518
2026-07-27T16:44:46.422073,2.4540,-0.252018,-0.100535,0.000000,-1.260089,-1.323093,-0.793856
2026-07-27T16:44:46.422106,2.4545,-0.250538,-0.101342,0.000000,-1.252691,-1.315325,-0.789195
2026-07-27T16:44:46.422138,2.4550,-0.256459,-0.098113,0.000000,-1.282296,-1.346411,-0.807846
2026-07-27T16:44:46.422169,2.4555,-0.254978,-0.098920,0.000000,-1.274891,-1.338636,-0.803181
2026-07-27T16:44:46.422202,2.4560,-0.253498,-0.099728,0.000000,-1.267489,-1.330863,-0.798518
2026-07-27T16:44:46.422234,2.4565,-0.252018,-0.100535,0.000000,-1.260089,-1.323093,-0.793856
2026-07-27T16:44:46.422272,2.4570,-0.250538,-0.101342,0.000000,-1.252691,-1.315325,-0.789195
2026-07-27T16:44:46.422305,2.4575,-0.256459,-0.098113,0.000000,-1.282296,-1.346411,-0.807846
2026-07-27T16:44:46.422339,2.4580,-0.254978,-0.098920,0.000000,-1.274891,-1.338636,-0.803181
2026-07-27T16:44:46.422372,2.4585,-0.253498,-0.099728,0.000000,-1.267489,-1.330863,-0.798518
2026-07-27T16:44:46.422405,2.4590,-0.252018,-0.100535,0.000000,-1.260089,-1.323093,-0.793856
2026-07-27T16:44:46.422438,2.4595,-0.250538,-0.101342,0.000000,-1.252691,-1.315325,-0.789195
2026-07-27T16:44:46.422470,2.4600,-0.256459,-0.098113,0.000000,-1.282296,-1.346411,-0.807846
2026-07-27T16:44:46.422503,2.4605,-0.254978,-0.098920,0.000000,-1.274891,-1.338636,-0.803181
2026-07-27T16:44:46.422535,2.4610,-0.253498,-0.099728,0.000000,-1.267489,-1.330863,-0.798518
2026-07-27T16:44:46.422568,2.4615,-0.252018,-0.100535,0.000000,-1.260089,-1.323093,-0.793856
2026-07-27T16:44:46.422601,2.4620,-0.250538,-0.101342,0.000000,-1.252691,-1.315325,-0.789195
2026-07-27T16:44:46.422634,2.4625,-0.256459,-0.098113,0.000000,-1.282296,-1.346411,-0.807846
2026-07-27T16:44:46.422666,2.4630,-0.254978,-0.098920,0.000000,-1.274891,-1.338636,-0.803181
2026-07-27T16:44:46.422698,2.4635,-0.253498,-0.099728,0.000000,-1.267489,-1.330863,-0.798518
2026-07-27T16:44:46.422729,2.4640,-0.252018,-0.100535,0.000000,-1.260089,-1.323093,-0.793856
2026-07-27T16:44:46.422761,2.4645,-0.250538,-0.101342,0.000000,-1.252691,-1.315325,-0.789195
2026-07-27T16:44:46.422792,2.4650,-0.256459,-0.098113,0.000000,-1.282296,-1.346411,-0.807846
2026-07-27T16:44:46.422823,2.4655,-0.254978,-0.098920,0.000000,-1.274891,-1.338636,-0.803181
2026-07-27T16:44:46.422854,2.4660,-0.253498,-0.099728,0.000000,-1.267489,-1.330863,-0.798518
2026-07-27T16:44:46.422885,2.4665,-0.252018,-0.100535,0.000000,-1.260089,-1.323093,-0.793856
2026-07-27T16:44:46.422916,2.4670,-0.250538,-0.101342,0.000000,-1.252691,-1.315325,-0.789195
2026-07-27T16:44:46.422947,2.4675,-0.256459,-0.098113,0.000000,-1.282296,-1.346411,-0.807846
2026-07-27T16:44:46.422978,2.4680,-0.254978,-0.098920,0.000000,-1.274891,-1.338636,-0.803181
2026-07-27T16:44:46.423008,2.4685,-0.253498,-0.099728,0.000000,-1.267489,-1.330863,-0.798518
2026-07-27T16:44:46.423038,2.4690,-0.252018,-0.100535,0.000000,-1.260089,-1.323093,-0.793856
2026-07-27T16:44:46.423067,2.4695,-0.250538,-0.101342,0.000000,-1.252691,-1.315325,-0.789195
2026-07-27T16:44:46.423097,2.4700,-0.256459,-0.098113,0.000000,-1.282296,-1.346411,-0.807846
2026-07-27T16:44:46.423127,2.4705,-0.254978,-0.098920,0.000000,-1.274891,-1.338636,-0.803181
2026-07-27T16:44:46.423157,2.4710,-0.253498,-0.099728,0.000000,-1.267489,-1.330863,-0.798518
2026-07-27T16:44:46.423187,2.4715,-0.252018,-0.100535,0.000000,-1.260089,-1.323093,-0.793856
2026-07-27T16:44:46.423216,2.4720,-0.250538,-0.101342,0.000000,-1.252691,-1.315325,-0.789195
2026-07-27T16:44:46.423246,2.4725,-0.256459,-0.098113,0.000000,-1.282296,-1.346411,-0.807846
2026-07-27T16:44:46.423280,2.4730,-0.254978,-0.098920,0.000000,-1.274891,-1.338636,-0.803181
2026-07-27T16:44:46.423310,2.4735,-0.253498,-0.099728,0.000000,-1.267489,-1.330863,-0.798518
2026-07-27T16:44:46.423339,2.4740,-0.252018,-0.100535,0.000000,-1.260089,-1.323093,-0.793856
2026-07-27T16:44:46.423368,2.4745,-0.250538,-0.101342,0.000000,-1.252691,-1.315325,-0.789195
2026-07-27T16:44:46.423397,2.4750,-0.256459,-0.098113,0.000000,-1.282296,-1.346411,-0.807846
2026-07-27T16:44:46.423426,2.4755,-0.254978,-0.098920,0.000000,-1.274891,-1.338636,-0.803181
2026-07-27T16:44:46.423455,2.4760,-0.253498,-0.099728,0.000000,-1.267489,-1.330863,-0.798518
2026-07-27T16:44:46.423484,2.4765,-0.252018,-0.100535,0.000000,-1.260089,-1.323093,-0.793856
2026-07-27T16:44:46.423513,2.4770,-0.250538,-0.101342,0.000000,-1.252691,-1.315325,-0.789195
2026-07-27T16:44:46.423542,2.4775,-0.256459,-0.098113,0.000000,-1.282296,-1.346411,-0.807846
2026-07-27T16:44:46.423571,2.4780,-0.254978,-0.098920,0.000000,-1.274891,-1.338636,-0.803181
2026-07-27T16:44:46.423600,2.4785,-0.253498,-0.099728,0.000000,-1.267489,-1.330863,-0.798518
2026-07-27T16:44:46.423630,2.4790,-0.252018,-0.100535,0.000000,-1.260089,-1.323093,-0.793856
2026-07-27T16:44:46.423660,2.4795,-0.250538,-0.101342,0.000000,-1.252691,-1.315325,-0.789195
2026-07-27T16:44:46.423689,2.4800,-0.256459,-0.098113,0.000000,-1.282296,-1.346411,-0.807846
2026-07-27T16:44:46.423718,2.4805,-0.254978,-0.098920,0.000000,-1.274891,-1.338636,-0.803181
2026-07-27T16:44:46.423748,2.4810,-0.253498,-0.099728,0.000000,-1.267489,-1.330863,-0.798518
2026-07-27T16:44:46.423777,2.4815,-0.252018,-0.100535,0.000000,-1.260089,-1.323093,-0.793856
2026-07-27T16:44:46.423808,2.4820,-0.250538,-0.101342,0.000000,-1.252691,-1.315325,-0.789195
2026-07-27T16:44:46.423837,2.4825,-0.256459,-0.098113,0.000000,-1.282296,-1.346411,-0.807846
2026-07-27T16:44:46.423865,2.4830,-0.254978,-0.098920,0.000000,-1.274891,-1.338636,-0.803181
2026-07-27T16:44:46.423892,2.4835,-0.253498,-0.099728,0.000000,-1.267489,-1.330863,-0.798518
2026-07-27T16:44:46.423919,2.4840,-0.252018,-0.100535,0.000000,-1.260089,-1.323093,-0.793856
2026-07-27T16:44:46.423946,2.4845,-0.250538,-0.101342,0.000000,-1.252691,-1.315325,-0.789195
2026-07-27T16:44:46.423973,2.4850,-0.256459,-0.098113,0.000000,-1.282296,-1.346411,-0.807846
2026-07-27T16:44:46.424000,2.4855,-0.254978,-0.098920,0.000000,-1.274891,-1.338636,-0.803181
2026-07-27T16:44:46.424027,2.4860,-0.253498,-0.099728,0.000000,-1.267489,-1.330863,-0.798518
2026-07-27T16:44:46.424054,2.4865,-0.252018,-0.100535,0.000000,-1.260089,-1.323093,-0.793856
2026-07-27T16:44:46.424081,2.4870,-0.250538,-0.101342,0.000000,-1.252691,-1.315325,-0.789195
2026-07-27T16:44:46.424147,2.4875,-0.256459,-0.098113,0.000000,-1.282296,-1.346411,-0.807846
2026-07-27T16:44:46.424176,2.4880,-0.254978,-0.098920,0.000000,-1.274891,-1.338636,-0.803181
2026-07-27T16:44:46.424203,2.4885,-0.253498,-0.099728,0.000000,-1.267489,-1.330863,-0.798518
2026-07-27T16:44:46.424230,2.4890,-0.252018,-0.100535,0.000000,-1.260089,-1.323093,-0.793856
2026-07-27T16:44:46.424257,2.4895,-0.250538,-0.101342,0.000000,-1.252691,-1.315325,-0.789195
2026-07-27T16:44:46.424291,2.4900,-0.256459,-0.098113,0.000000,-1.282296,-1.346411,-0.807846
2026-07-27T16:44:46.424318,2.4905,-0.254978,-0.098920,0.000000,-1.274891,-1.338636,-0.803181
2026-07-27T16:44:46.424345,2.4910,-0.253498,-0.099728,0.000000,-1.267489,-1.330863,-0.798518
2026-07-27T16:44:46.424372,2.4915,-0.252018,-0.100535,0.000000,-1.260089,-1.323093,-0.793856
2026-07-27T16:44:46.424399,2.4920,-0.250538,-0.101342,0.000000,-1.252691,-1.315325,-0.789195
2026-07-27T16:44:46.424426,2.4925,-0.256459,-0.098113,0.000000,-1.282296,-1.346411,-0.807846
2026-07-27T16:44:46.424454,2.4930,-0.254978,-0.098920,0.000000,-1.274891,-1.338636,-0.803181
2026-07-27T16:44:46.424481,2.4935,-0.253498,-0.099728,0.000000,-1.267489,-1.330863,-0.798518
2026-07-27T16:44:46.424508,2.4940,-0.252018,-0.100535,0.000000,-1.260089,-1.323093,-0.793856
2026-07-27T16:44:46.424535,2.4945,-0.250538,-0.101342,0.000000,-1.252691,-1.315325,-0.789195
2026-07-27T16:44:46.424562,2.4950,-0.256459,-0.098113,0.000000,-1.282296,-1.346411,-0.807846
2026-07-27T16:44:46.424589,2.4955,-0.254978,-0.098920,0.000000,-1.274891,-1.338636,-0.803181
2026-07-27T16:44:46.424615,2.4960,-0.253498,-0.099728,0.000000,-1.267489,-1.330863,-0.798518
2026-07-27T16:44:46.424642,2.4965,-0.252018,-0.100535,0.000000,-1.260089,-1.323093,-0.793856
2026-07-27T16:44:46.424669,2.4970,-0.250538,-0.101342,0.000000,-1.252691,-1.315325,-0.789195
2026-07-27T16:44:46.424696,2.4975,-0.256459,-0.098113,0.000000,-1.282296,-1.346411,-0.807846
2026-07-27T16:44:46.424723,2.4980,-0.254978,-0.098920,0.000000,-1.274891,-1.338636,-0.803181
2026-07-27T16:44:46.424750,2.4985,-0.253498,-0.099728,0.000000,-1.267489,-1.330863,-0.798518
2026-07-27T16:44:46.424777,2.4990,-0.252018,-0.100535,0.000000,-1.260089,-1.323093,-0.793856
2026-07-27T16:44:46.424805,2.4995,-0.250538,-0.101342,0.000000,-1.252691,-1.315325,-0.789195
2026-07-27T16:44:46.518324,2.5000,-0.249059,-0.102149,0.000000,-1.245295,-1.307560,-0.784536
2026-07-27T16:44:46.518463,2.5005,-0.247580,-0.102956,0.000000,-1.237902,-1.299797,-0.779878
2026-07-27T16:44:46.518562,2.5010,-0.246102,-0.103762,0.000000,-1.230511,-1.292037,-0.775222
2026-07-27T16:44:46.518655,2.5015,-0.244624,-0.104568,0.000000,-1.223122,-1.284279,-0.770567
2026-07-27T16:44:46.518742,2.5020,-0.243147,-0.105374,0.000000,-1.215736,-1.276523,-0.765914
2026-07-27T16:44:46.518826,2.5025,-0.249059,-0.102149,0.000000,-1.245295,-1.307560,-0.784536
2026-07-27T16:44:46.518907,2.5030,-0.247580,-0.102956,0.000000,-1.237902,-1.299797,-0.779878
2026-07-27T16:44:46.518987,2.5035,-0.246102,-0.103762,0.000000,-1.230511,-1.292037,-0.775222
2026-07-27T16:44:46.519066,2.5040,-0.244624,-0.104568,0.000000,-1.223122,-1.284279,-0.770567
2026-07-27T16:44:46.519145,2.5045,-0.243147,-0.105374,0.000000,-1.215736,-1.276523,-0.765914
2026-07-27T16:44:46.519221,2.5050,-0.249059,-0.102149,0.000000,-1.245295,-1.307560,-0.784536
2026-07-27T16:44:46.519329,2.5055,-0.247580,-0.102956,0.000000,-1.237902,-1.299797,-0.779878
2026-07-27T16:44:46.519416,2.5060,-0.246102,-0.103762,0.000000,-1.230511,-1.292037,-0.775222
2026-07-27T16:44:46.519501,2.5065,-0.244624,-0.104568,0.000000,-1.223122,-1.284279,-0.770567
2026-07-27T16:44:46.519585,2.5070,-0.243147,-0.105374,0.000000,-1.215736,-1.276523,-0.765914
2026-07-27T16:44:46.519669,2.5075,-0.249059,-0.102149,0.000000,-1.245295,-1.307560,-0.784536
2026-07-27T16:44:46.519753,2.5080,-0.247580,-0.102956,0.000000,-1.237902,-1.299797,-0.779878
2026-07-27T16:44:46.519838,2.5085,-0.246102,-0.103762,0.000000,-1.230511,-1.292037,-0.775222
2026-07-27T16:44:46.519921,2.5090,-0.244624,-0.104568,0.000000,-1.223122,-1.284279,-0.770567
2026-07-27T16:44:46.520005,2.5095,-0.243147,-0.105374,0.000000,-1.215736,-1.276523,-0.765914
2026-07-27T16:44:46.520083,2.5100,-0.249059,-0.102149,0.000000,-1.245295,-1.307560,-0.784536
2026-07-27T16:44:46.520159,2.5105,-0.247580,-0.102956,0.000000,-1.237902,-1.299797,-0.779878
2026-07-27T16:44:46.520235,2.5110,-0.246102,-0.103762,0.000000,-1.230511,-1.292037,-0.775222
2026-07-27T16:44:46.520331,2.5115,-0.244624,-0.104568,0.000000,-1.223122,-1.284279,-0.770567
2026-07-27T16:44:46.520409,2.5120,-0.243147,-0.105374,0.000000,-1.215736,-1.276523,-0.765914
2026-07-27T16:44:46.520485,2.5125,-0.249059,-0.102149,0.000000,-1.245295,-1.307560,-0.784536
2026-07-27T16:44:46.520561,2.5130,-0.247580,-0.102956,0.000000,-1.237902,-1.299797,-0.779878
2026-07-27T16:44:46.520637,2.5135,-0.246102,-0.103762,0.000000,-1.230511,-1.292037,-0.775222
2026-07-27T16:44:46.520713,2.5140,-0.244624,-0.104568,0.000000,-1.223122,-1.284279,-0.770567
2026-07-27T16:44:46.520788,2.5145,-0.243147,-0.105374,0.000000,-1.215736,-1.276523,-0.765914
2026-07-27T16:44:46.520864,2.5150,-0.249059,-0.102149,0.000000,-1.245295,-1.307560,-0.784536
2026-07-27T16:44:46.520940,2.5155,-0.247580,-0.102956,0.000000,-1.237902,-1.299797,-0.779878
2026-07-27T16:44:46.521015,2.5160,-0.246102,-0.103762,0.000000,-1.230511,-1.292037,-0.775222
2026-07-27T16:44:46.521090,2.5165,-0.244624,-0.104568,0.000000,-1.223122,-1.284279,-0.770567
2026-07-27T16:44:46.521163,2.5170,-0.243147,-0.105374,0.000000,-1.215736,-1.276523,-0.765914
2026-07-27T16:44:46.521232,2.5175,-0.249059,-0.102149,0.000000,-1.245295,-1.307560,-0.784536
2026-07-27T16:44:46.521418,2.5180,-0.247580,-0.102956,0.000000,-1.237902,-1.299797,-0.779878
2026-07-27T16:44:46.521625,2.5185,-0.246102,-0.103762,0.000000,-1.230511,-1.292037,-0.775222
2026-07-27T16:44:46.521680,2.5190,-0.244624,-0.104568,0.000000,-1.223122,-1.284279,-0.770567
2026-07-27T16:44:46.521721,2.5195,-0.243147,-0.105374,0.000000,-1.215736,-1.276523,-0.765914
2026-07-27T16:44:46.521761,2.5200,-0.249059,-0.102149,0.000000,-1.245295,-1.307560,-0.784536
2026-07-27T16:44:46.521799,2.5205,-0.247580,-0.102956,0.000000,-1.237902,-1.299797,-0.779878
2026-07-27T16:44:46.521836,2.5210,-0.246102,-0.103762,0.000000,-1.230511,-1.292037,-0.775222
2026-07-27T16:44:46.521872,2.5215,-0.244624,-0.104568,0.000000,-1.223122,-1.284279,-0.770567
2026-07-27T16:44:46.521908,2.5220,-0.243147,-0.105374,0.000000,-1.215736,-1.276523,-0.765914
2026-07-27T16:44:46.521944,2.5225,-0.249059,-0.102149,0.000000,-1.245295,-1.307560,-0.784536
2026-07-27T16:44:46.521981,2.5230,-0.247580,-0.102956,0.000000,-1.237902,-1.299797,-0.779878
2026-07-27T16:44:46.522017,2.5235,-0.246102,-0.103762,0.000000,-1.230511,-1.292037,-0.775222
2026-07-27T16:44:46.522053,2.5240,-0.244624,-0.104568,0.000000,-1.223122,-1.284279,-0.770567
2026-07-27T16:44:46.522089,2.5245,-0.243147,-0.105374,0.000000,-1.215736,-1.276523,-0.765914
2026-07-27T16:44:46.522125,2.5250,-0.249059,-0.102149,0.000000,-1.245295,-1.307560,-0.784536
2026-07-27T16:44:46.522160,2.5255,-0.247580,-0.102956,0.000000,-1.237902,-1.299797,-0.779878
2026-07-27T16:44:46.522198,2.5260,-0.246102,-0.103762,0.000000,-1.230511,-1.292037,-0.775222
2026-07-27T16:44:46.522232,2.5265,-0.244624,-0.104568,0.000000,-1.223122,-1.284279,-0.770567
2026-07-27T16:44:46.522273,2.5270,-0.243147,-0.105374,0.000000,-1.215736,-1.276523,-0.765914
2026-07-27T16:44:46.522306,2.5275,-0.249059,-0.102149,0.000000,-1.245295,-1.307560,-0.784536
2026-07-27T16:44:46.522340,2.5280,-0.247580,-0.102956,0.000000,-1.237902,-1.299797,-0.779878
2026-07-27T16:44:46.522372,2.5285,-0.246102,-0.103762,0.000000,-1.230511,-1.292037,-0.775222
2026-07-27T16:44:46.522404,2.5290,-0.244624,-0.104568,0.000000,-1.223122,-1.284279,-0.770567
2026-07-27T16:44:46.522436,2.5295,-0.243147,-0.105374,0.000000,-1.215736,-1.276523,-0.765914
2026-07-27T16:44:46.522470,2.5300,-0.249059,-0.102149,0.000000,-1.245295,-1.307560,-0.784536
2026-07-27T16:44:46.522502,2.5305,-0.247580,-0.102956,0.000000,-1.237902,-1.299797,-0.779878
2026-07-27T16:44:46.522535,2.5310,-0.246102,-0.103762,0.000000,-1.230511,-1.292037,-0.775222
2026-07-27T16:44:46.522567,2.5315,-0.244624,-0.104568,0.000000,-1.223122,-1.284279,-0.770567
2026-07-27T16:44:46.522599,2.5320,-0.243147,-0.105374,0.000000,-1.215736,-1.276523,-0.765914
2026-07-27T16:44:46.522632,2.5325,-0.249059,-0.102149,0.000000,-1.245295,-1.307560,-0.784536
2026-07-27T16:44:46.522665,2.5330,-0.247580,-0.102956,0.000000,-1.237902,-1.299797,-0.779878
2026-07-27T16:44:46.522698,2.5335,-0.246102,-0.103762,0.000000,-1.230511,-1.292037,-0.775222
2026-07-27T16:44:46.522730,2.5340,-0.244624,-0.104568,0.000000,-1.223122,-1.284279,-0.770567
2026-07-27T16:44:46.522763,2.5345,-0.243147,-0.105374,0.000000,-1.215736,-1.276523,-0.765914
2026-07-27T16:44:46.522795,2.5350,-0.249059,-0.102149,0.000000,-1.245295,-1.307560,-0.784536
2026-07-27T16:44:46.522828,2.5355,-0.247580,-0.102956,0.000000,-1.237902,-1.299797,-0.779878
2026-07-27T16:44:46.522860,2.5360,-0.246102,-0.103762,0.000000,-1.230511,-1.292037,-0.775222
2026-07-27T16:44:46.522893,2.5365,-0.244624,-0.104568,0.000000,-1.223122,-1.284279,-0.770567
2026-07-27T16:44:46.522926,2.5370,-0.243147,-0.105374,0.000000,-1.215736,-1.276523,-0.765914
2026-07-27T16:44:46.522958,2.5375,-0.249059,-0.102149,0.000000,-1.245295,-1.307560,-0.784536
2026-07-27T16:44:46.522992,2.5380,-0.247580,-0.102956,0.000000,-1.237902,-1.299797,-0.779878
2026-07-27T16:44:46.523028,2.5385,-0.246102,-0.103762,0.000000,-1.230511,-1.292037,-0.775222
2026-07-27T16:44:46.523061,2.5390,-0.244624,-0.104568,0.000000,-1.223122,-1.284279,-0.770567
2026-07-27T16:44:46.523093,2.5395,-0.243147,-0.105374,0.000000,-1.215736,-1.276523,-0.765914
2026-07-27T16:44:46.523126,2.5400,-0.249059,-0.102149,0.000000,-1.245295,-1.307560,-0.784536
2026-07-27T16:44:46.523159,2.5405,-0.247580,-0.102956,0.000000,-1.237902,-1.299797,-0.779878
2026-07-27T16:44:46.523192,2.5410,-0.246102,-0.103762,0.000000,-1.230511,-1.292037,-0.775222
2026-07-27T16:44:46.523225,2.5415,-0.244624,-0.104568,0.000000,-1.223122,-1.284279,-0.770567
2026-07-27T16:44:46.523257,2.5420,-0.243147,-0.105374,0.000000,-1.215736,-1.276523,-0.765914
2026-07-27T16:44:46.523298,2.5425,-0.249059,-0.102149,0.000000,-1.245295,-1.307560,-0.784536
2026-07-27T16:44:46.523331,2.5430,-0.247580,-0.102956,0.000000,-1.237902,-1.299797,-0.779878
2026-07-27T16:44:46.523364,2.5435,-0.246102,-0.103762,0.000000,-1.230511,-1.292037,-0.775222
2026-07-27T16:44:46.523475,2.5440,-0.244624,-0.104568,0.000000,-1.223122,-1.284279,-0.770567
2026-07-27T16:44:46.523510,2.5445,-0.243147,-0.105374,0.000000,-1.215736,-1.276523,-0.765914
2026-07-27T16:44:46.523543,2.5450,-0.249059,-0.102149,0.000000,-1.245295,-1.307560,-0.784536
2026-07-27T16:44:46.523577,2.5455,-0.247580,-0.102956,0.000000,-1.237902,-1.299797,-0.779878
2026-07-27T16:44:46.523611,2.5460,-0.246102,-0.103762,0.000000,-1.230511,-1.292037,-0.775222
2026-07-27T16:44:46.523643,2.5465,-0.244624,-0.104568,0.000000,-1.223122,-1.284279,-0.770567
2026-07-27T16:44:46.523679,2.5470,-0.243147,-0.105374,0.000000,-1.215736,-1.276523,-0.765914
2026-07-27T16:44:46.523711,2.5475,-0.249059,-0.102149,0.000000,-1.245295,-1.307560,-0.784536
2026-07-27T16:44:46.523745,2.5480,-0.247580,-0.102956,0.000000,-1.237902,-1.299797,-0.779878
2026-07-27T16:44:46.523780,2.5485,-0.246102,-0.103762,0.000000,-1.230511,-1.292037,-0.775222
2026-07-27T16:44:46.523813,2.5490,-0.244624,-0.104568,0.000000,-1.223122,-1.284279,-0.770567
2026-07-27T16:44:46.523846,2.5495,-0.243147,-0.105374,0.000000,-1.215736,-1.276523,-0.765914
2026-07-27T16:44:46.523879,2.5500,-0.249059,-0.102149,0.000000,-1.245295,-1.307560,-0.784536
2026-07-27T16:44:46.523914,2.5505,-0.247580,-0.102956,0.000000,-1.237902,-1.299797,-0.779878
2026-07-27T16:44:46.523946,2.5510,-0.246102,-0.103762,0.000000,-1.230511,-1.292037,-0.775222
2026-07-27T16:44:46.523976,2.5515,-0.244624,-0.104568,0.000000,-1.223122,-1.284279,-0.770567
2026-07-27T16:44:46.524006,2.5520,-0.243147,-0.105374,0.000000,-1.215736,-1.276523,-0.765914
2026-07-27T16:44:46.524036,2.5525,-0.249059,-0.102149,0.000000,-1.245295,-1.307560,-0.784536
2026-07-27T16:44:46.524067,2.5530,-0.247580,-0.102956,0.000000,-1.237902,-1.299797,-0.779878
2026-07-27T16:44:46.524097,2.5535,-0.246102,-0.103762,0.000000,-1.230511,-1.292037,-0.775222
2026-07-27T16:44:46.524127,2.5540,-0.244624,-0.104568,0.000000,-1.223122,-1.284279,-0.770567
2026-07-27T16:44:46.524157,2.5545,-0.243147,-0.105374,0.000000,-1.215736,-1.276523,-0.765914
2026-07-27T16:44:46.524188,2.5550,-0.249059,-0.102149,0.000000,-1.245295,-1.307560,-0.784536
2026-07-27T16:44:46.524218,2.5555,-0.247580,-0.102956,0.000000,-1.237902,-1.299797,-0.779878
2026-07-27T16:44:46.524249,2.5560,-0.246102,-0.103762,0.000000,-1.230511,-1.292037,-0.775222
2026-07-27T16:44:46.524287,2.5565,-0.244624,-0.104568,0.000000,-1.223122,-1.284279,-0.770567
2026-07-27T16:44:46.524317,2.5570,-0.243147,-0.105374,0.000000,-1.215736,-1.276523,-0.765914
2026-07-27T16:44:46.524349,2.5575,-0.249059,-0.102149,0.000000,-1.245295,-1.307560,-0.784536
2026-07-27T16:44:46.524379,2.5580,-0.247580,-0.102956,0.000000,-1.237902,-1.299797,-0.779878
2026-07-27T16:44:46.524410,2.5585,-0.246102,-0.103762,0.000000,-1.230511,-1.292037,-0.775222
2026-07-27T16:44:46.524441,2.5590,-0.244624,-0.104568,0.000000,-1.223122,-1.284279,-0.770567
2026-07-27T16:44:46.524471,2.5595,-0.243147,-0.105374,0.000000,-1.215736,-1.276523,-0.765914
2026-07-27T16:44:46.524502,2.5600,-0.249059,-0.102149,0.000000,-1.245295,-1.307560,-0.784536
2026-07-27T16:44:46.524535,2.5605,-0.247580,-0.102956,0.000000,-1.237902,-1.299797,-0.779878
2026-07-27T16:44:46.524565,2.5610,-0.246102,-0.103762,0.000000,-1.230511,-1.292037,-0.775222
2026-07-27T16:44:46.524596,2.5615,-0.244624,-0.104568,0.000000,-1.223122,-1.284279,-0.770567
2026-07-27T16:44:46.524626,2.5620,-0.243147,-0.105374,0.000000,-1.215736,-1.276523,-0.765914
2026-07-27T16:44:46.524656,2.5625,-0.249059,-0.102149,0.000000,-1.245295,-1.307560,-0.784536
2026-07-27T16:44:46.524687,2.5630,-0.247580,-0.102956,0.000000,-1.237902,-1.299797,-0.779878
2026-07-27T16:44:46.524717,2.5635,-0.246102,-0.103762,0.000000,-1.230511,-1.292037,-0.775222
2026-07-27T16:44:46.524748,2.5640,-0.244624,-0.104568,0.000000,-1.223122,-1.284279,-0.770567
2026-07-27T16:44:46.524778,2.5645,-0.243147,-0.105374,0.000000,-1.215736,-1.276523,-0.765914
2026-07-27T16:44:46.524808,2.5650,-0.249059,-0.102149,0.000000,-1.245295,-1.307560,-0.784536
2026-07-27T16:44:46.524839,2.5655,-0.247580,-0.102956,0.000000,-1.237902,-1.299797,-0.779878
2026-07-27T16:44:46.524871,2.5660,-0.246102,-0.103762,0.000000,-1.230511,-1.292037,-0.775222
2026-07-27T16:44:46.524901,2.5665,-0.244624,-0.104568,0.000000,-1.223122,-1.284279,-0.770567
2026-07-27T16:44:46.524932,2.5670,-0.243147,-0.105374,0.000000,-1.215736,-1.276523,-0.765914
2026-07-27T16:44:46.524962,2.5675,-0.249059,-0.102149,0.000000,-1.245295,-1.307560,-0.784536
2026-07-27T16:44:46.524992,2.5680,-0.247580,-0.102956,0.000000,-1.237902,-1.299797,-0.779878
2026-07-27T16:44:46.525022,2.5685,-0.246102,-0.103762,0.000000,-1.230511,-1.292037,-0.775222
2026-07-27T16:44:46.525054,2.5690,-0.244624,-0.104568,0.000000,-1.223122,-1.284279,-0.770567
2026-07-27T16:44:46.525084,2.5695,-0.243147,-0.105374,0.000000,-1.215736,-1.276523,-0.765914
2026-07-27T16:44:46.525114,2.5700,-0.249059,-0.102149,0.000000,-1.245295,-1.307560,-0.784536
2026-07-27T16:44:46.525145,2.5705,-0.247580,-0.102956,0.000000,-1.237902,-1.299797,-0.779878
2026-07-27T16:44:46.525176,2.5710,-0.246102,-0.103762,0.000000,-1.230511,-1.292037,-0.775222
2026-07-27T16:44:46.525206,2.5715,-0.244624,-0.104568,0.000000,-1.223122,-1.284279,-0.770567
2026-07-27T16:44:46.525236,2.5720,-0.243147,-0.105374,0.000000,-1.215736,-1.276523,-0.765914
2026-07-27T16:44:46.525274,2.5725,-0.249059,-0.102149,0.000000,-1.245295,-1.307560,-0.784536
2026-07-27T16:44:46.525305,2.5730,-0.247580,-0.102956,0.000000,-1.237902,-1.299797,-0.779878
2026-07-27T16:44:46.525336,2.5735,-0.246102,-0.103762,0.000000,-1.230511,-1.292037,-0.775222
2026-07-27T16:44:46.525366,2.5740,-0.244624,-0.104568,0.000000,-1.223122,-1.284279,-0.770567
2026-07-27T16:44:46.525396,2.5745,-0.243147,-0.105374,0.000000,-1.215736,-1.276523,-0.765914
2026-07-27T16:44:46.525426,2.5750,-0.249059,-0.102149,0.000000,-1.245295,-1.307560,-0.784536
2026-07-27T16:44:46.525458,2.5755,-0.247580,-0.102956,0.000000,-1.237902,-1.299797,-0.779878
2026-07-27T16:44:46.525489,2.5760,-0.246102,-0.103762,0.000000,-1.230511,-1.292037,-0.775222
2026-07-27T16:44:46.525520,2.5765,-0.244624,-0.104568,0.000000,-1.223122,-1.284279,-0.770567
2026-07-27T16:44:46.525550,2.5770,-0.243147,-0.105374,0.000000,-1.215736,-1.276523,-0.765914
2026-07-27T16:44:46.525580,2.5775,-0.249059,-0.102149,0.000000,-1.245295,-1.307560,-0.784536
2026-07-27T16:44:46.525611,2.5780,-0.247580,-0.102956,0.000000,-1.237902,-1.299797,-0.779878
2026-07-27T16:44:46.525641,2.5785,-0.246102,-0.103762,0.000000,-1.230511,-1.292037,-0.775222
2026-07-27T16:44:46.525671,2.5790,-0.244624,-0.104568,0.000000,-1.223122,-1.284279,-0.770567
2026-07-27T16:44:46.525702,2.5795,-0.243147,-0.105374,0.000000,-1.215736,-1.276523,-0.765914
2026-07-27T16:44:46.525731,2.5800,-0.249059,-0.102149,0.000000,-1.245295,-1.307560,-0.784536
2026-07-27T16:44:46.525761,2.5805,-0.247580,-0.102956,0.000000,-1.237902,-1.299797,-0.779878
2026-07-27T16:44:46.525790,2.5810,-0.246102,-0.103762,0.000000,-1.230511,-1.292037,-0.775222
2026-07-27T16:44:46.525818,2.5815,-0.244624,-0.104568,0.000000,-1.223122,-1.284279,-0.770567
2026-07-27T16:44:46.525847,2.5820,-0.243147,-0.105374,0.000000,-1.215736,-1.276523,-0.765914
2026-07-27T16:44:46.525876,2.5825,-0.249059,-0.102149,0.000000,-1.245295,-1.307560,-0.784536
2026-07-27T16:44:46.525905,2.5830,-0.247580,-0.102956,0.000000,-1.237902,-1.299797,-0.779878
2026-07-27T16:44:46.525934,2.5835,-0.246102,-0.103762,0.000000,-1.230511,-1.292037,-0.775222
2026-07-27T16:44:46.525962,2.5840,-0.244624,-0.104568,0.000000,-1.223122,-1.284279,-0.770567
2026-07-27T16:44:46.525991,2.5845,-0.243147,-0.105374,0.000000,-1.215736,-1.276523,-0.765914
2026-07-27T16:44:46.526020,2.5850,-0.249059,-0.102149,0.000000,-1.245295,-1.307560,-0.784536
2026-07-27T16:44:46.526049,2.5855,-0.247580,-0.102956,0.000000,-1.237902,-1.299797,-0.779878
2026-07-27T16:44:46.526078,2.5860,-0.246102,-0.103762,0.000000,-1.230511,-1.292037,-0.775222
2026-07-27T16:44:46.526106,2.5865,-0.244624,-0.104568,0.000000,-1.223122,-1.284279,-0.770567
2026-07-27T16:44:46.526134,2.5870,-0.243147,-0.105374,0.000000,-1.215736,-1.276523,-0.765914
2026-07-27T16:44:46.526179,2.5875,-0.249059,-0.102149,0.000000,-1.245295,-1.307560,-0.784536
2026-07-27T16:44:46.526209,2.5880,-0.247580,-0.102956,0.000000,-1.237902,-1.299797,-0.779878
2026-07-27T16:44:46.526237,2.5885,-0.246102,-0.103762,0.000000,-1.230511,-1.292037,-0.775222
2026-07-27T16:44:46.526271,2.5890,-0.244624,-0.104568,0.000000,-1.223122,-1.284279,-0.770567
2026-07-27T16:44:46.526301,2.5895,-0.243147,-0.105374,0.000000,-1.215736,-1.276523,-0.765914
2026-07-27T16:44:46.526329,2.5900,-0.249059,-0.102149,0.000000,-1.245295,-1.307560,-0.784536
2026-07-27T16:44:46.526358,2.5905,-0.247580,-0.102956,0.000000,-1.237902,-1.299797,-0.779878
2026-07-27T16:44:46.526387,2.5910,-0.246102,-0.103762,0.000000,-1.230511,-1.292037,-0.775222
2026-07-27T16:44:46.526416,2.5915,-0.244624,-0.104568,0.000000,-1.223122,-1.284279,-0.770567
2026-07-27T16:44:46.526445,2.5920,-0.243147,-0.105374,0.000000,-1.215736,-1.276523,-0.765914
2026-07-27T16:44:46.526474,2.5925,-0.249059,-0.102149,0.000000,-1.245295,-1.307560,-0.784536
2026-07-27T16:44:46.526501,2.5930,-0.247580,-0.102956,0.000000,-1.237902,-1.299797,-0.779878
2026-07-27T16:44:46.526530,2.5935,-0.246102,-0.103762,0.000000,-1.230511,-1.292037,-0.775222
2026-07-27T16:44:46.526558,2.5940,-0.244624,-0.104568,0.000000,-1.223122,-1.284279,-0.770567
2026-07-27T16:44:46.526587,2.5945,-0.243147,-0.105374,0.000000,-1.215736,-1.276523,-0.765914
2026-07-27T16:44:46.526615,2.5950,-0.249059,-0.102149,0.000000,-1.245295,-1.307560,-0.784536
2026-07-27T16:44:46.526644,2.5955,-0.247580,-0.102956,0.000000,-1.237902,-1.299797,-0.779878
2026-07-27T16:44:46.526672,2.5960,-0.246102,-0.103762,0.000000,-1.230511,-1.292037,-0.775222
2026-07-27T16:44:46.526701,2.5965,-0.244624,-0.104568,0.000000,-1.223122,-1.284279,-0.770567
2026-07-27T16:44:46.526729,2.5970,-0.243147,-0.105374,0.000000,-1.215736,-1.276523,-0.765914
2026-07-27T16:44:46.526757,2.5975,-0.249059,-0.102149,0.000000,-1.245295,-1.307560,-0.784536
2026-07-27T16:44:46.526786,2.5980,-0.247580,-0.102956,0.000000,-1.237902,-1.299797,-0.779878
2026-07-27T16:44:46.526815,2.5985,-0.246102,-0.103762,0.000000,-1.230511,-1.292037,-0.775222
2026-07-27T16:44:46.526843,2.5990,-0.244624,-0.104568,0.000000,-1.223122,-1.284279,-0.770567
2026-07-27T16:44:46.526872,2.5995,-0.243147,-0.105374,0.000000,-1.215736,-1.276523,-0.765914
2026-07-27T16:44:46.618087,2.6000,-0.241670,-0.106179,0.000000,-1.208352,-1.268770,-0.761262
2026-07-27T16:44:46.618195,2.6005,-0.240194,-0.106984,0.000000,-1.200971,-1.261020,-0.756612
2026-07-27T16:44:46.618260,2.6010,-0.238718,-0.107789,0.000000,-1.193592,-1.253272,-0.751963
2026-07-27T16:44:46.618330,2.6015,-0.237243,-0.108594,0.000000,-1.186215,-1.245526,-0.747316
2026-07-27T16:44:46.618388,2.6020,-0.235768,-0.109399,0.000000,-1.178841,-1.237783,-0.742670
2026-07-27T16:44:46.618443,2.6025,-0.241670,-0.106179,0.000000,-1.208352,-1.268770,-0.761262
2026-07-27T16:44:46.618500,2.6030,-0.240194,-0.106984,0.000000,-1.200971,-1.261020,-0.756612
2026-07-27T16:44:46.618555,2.6035,-0.238718,-0.107789,0.000000,-1.193592,-1.253272,-0.751963
2026-07-27T16:44:46.618610,2.6040,-0.237243,-0.108594,0.000000,-1.186215,-1.245526,-0.747316
2026-07-27T16:44:46.618665,2.6045,-0.235768,-0.109399,0.000000,-1.178841,-1.237783,-0.742670
2026-07-27T16:44:46.618720,2.6050,-0.241670,-0.106179,0.000000,-1.208352,-1.268770,-0.761262
2026-07-27T16:44:46.618775,2.6055,-0.240194,-0.106984,0.000000,-1.200971,-1.261020,-0.756612
2026-07-27T16:44:46.618829,2.6060,-0.238718,-0.107789,0.000000,-1.193592,-1.253272,-0.751963
2026-07-27T16:44:46.618884,2.6065,-0.237243,-0.108594,0.000000,-1.186215,-1.245526,-0.747316
2026-07-27T16:44:46.618939,2.6070,-0.235768,-0.109399,0.000000,-1.178841,-1.237783,-0.742670
2026-07-27T16:44:46.618994,2.6075,-0.241670,-0.106179,0.000000,-1.208352,-1.268770,-0.761262
2026-07-27T16:44:46.619049,2.6080,-0.240194,-0.106984,0.000000,-1.200971,-1.261020,-0.756612
2026-07-27T16:44:46.619104,2.6085,-0.238718,-0.107789,0.000000,-1.193592,-1.253272,-0.751963
2026-07-27T16:44:46.619159,2.6090,-0.237243,-0.108594,0.000000,-1.186215,-1.245526,-0.747316
2026-07-27T16:44:46.619213,2.6095,-0.235768,-0.109399,0.000000,-1.178841,-1.237783,-0.742670
2026-07-27T16:44:46.619275,2.6100,-0.241670,-0.106179,0.000000,-1.208352,-1.268770,-0.761262
2026-07-27T16:44:46.619332,2.6105,-0.240194,-0.106984,0.000000,-1.200971,-1.261020,-0.756612
2026-07-27T16:44:46.619386,2.6110,-0.238718,-0.107789,0.000000,-1.193592,-1.253272,-0.751963
2026-07-27T16:44:46.619441,2.6115,-0.237243,-0.108594,0.000000,-1.186215,-1.245526,-0.747316
2026-07-27T16:44:46.619495,2.6120,-0.235768,-0.109399,0.000000,-1.178841,-1.237783,-0.742670
2026-07-27T16:44:46.619550,2.6125,-0.241670,-0.106179,0.000000,-1.208352,-1.268770,-0.761262
2026-07-27T16:44:46.619605,2.6130,-0.240194,-0.106984,0.000000,-1.200971,-1.261020,-0.756612
2026-07-27T16:44:46.619659,2.6135,-0.238718,-0.107789,0.000000,-1.193592,-1.253272,-0.751963
2026-07-27T16:44:46.619714,2.6140,-0.237243,-0.108594,0.000000,-1.186215,-1.245526,-0.747316
2026-07-27T16:44:46.619769,2.6145,-0.235768,-0.109399,0.000000,-1.178841,-1.237783,-0.742670
2026-07-27T16:44:46.619823,2.6150,-0.241670,-0.106179,0.000000,-1.208352,-1.268770,-0.761262
2026-07-27T16:44:46.619877,2.6155,-0.240194,-0.106984,0.000000,-1.200971,-1.261020,-0.756612
2026-07-27T16:44:46.619931,2.6160,-0.238718,-0.107789,0.000000,-1.193592,-1.253272,-0.751963
2026-07-27T16:44:46.619982,2.6165,-0.237243,-0.108594,0.000000,-1.186215,-1.245526,-0.747316
2026-07-27T16:44:46.620033,2.6170,-0.235768,-0.109399,0.000000,-1.178841,-1.237783,-0.742670
2026-07-27T16:44:46.620084,2.6175,-0.241670,-0.106179,0.000000,-1.208352,-1.268770,-0.761262
2026-07-27T16:44:46.620135,2.6180,-0.240194,-0.106984,0.000000,-1.200971,-1.261020,-0.756612
2026-07-27T16:44:46.620186,2.6185,-0.238718,-0.107789,0.000000,-1.193592,-1.253272,-0.751963
2026-07-27T16:44:46.620237,2.6190,-0.237243,-0.108594,0.000000,-1.186215,-1.245526,-0.747316
2026-07-27T16:44:46.620299,2.6195,-0.235768,-0.109399,0.000000,-1.178841,-1.237783,-0.742670
2026-07-27T16:44:46.620352,2.6200,-0.241670,-0.106179,0.000000,-1.208352,-1.268770,-0.761262
2026-07-27T16:44:46.620403,2.6205,-0.240194,-0.106984,0.000000,-1.200971,-1.261020,-0.756612
2026-07-27T16:44:46.620455,2.6210,-0.238718,-0.107789,0.000000,-1.193592,-1.253272,-0.751963
2026-07-27T16:44:46.620506,2.6215,-0.237243,-0.108594,0.000000,-1.186215,-1.245526,-0.747316
2026-07-27T16:44:46.620557,2.6220,-0.235768,-0.109399,0.000000,-1.178841,-1.237783,-0.742670
2026-07-27T16:44:46.620608,2.6225,-0.241670,-0.106179,0.000000,-1.208352,-1.268770,-0.761262
2026-07-27T16:44:46.620659,2.6230,-0.240194,-0.106984,0.000000,-1.200971,-1.261020,-0.756612
2026-07-27T16:44:46.620710,2.6235,-0.238718,-0.107789,0.000000,-1.193592,-1.253272,-0.751963
2026-07-27T16:44:46.620759,2.6240,-0.237243,-0.108594,0.000000,-1.186215,-1.245526,-0.747316
2026-07-27T16:44:46.620808,2.6245,-0.235768,-0.109399,0.000000,-1.178841,-1.237783,-0.742670
2026-07-27T16:44:46.620856,2.6250,-0.241670,-0.106179,0.000000,-1.208352,-1.268770,-0.761262
2026-07-27T16:44:46.620904,2.6255,-0.240194,-0.106984,0.000000,-1.200971,-1.261020,-0.756612
2026-07-27T16:44:46.620952,2.6260,-0.238718,-0.107789,0.000000,-1.193592,-1.253272,-0.751963
2026-07-27T16:44:46.621000,2.6265,-0.237243,-0.108594,0.000000,-1.186215,-1.245526,-0.747316
2026-07-27T16:44:46.621049,2.6270,-0.235768,-0.109399,0.000000,-1.178841,-1.237783,-0.742670
2026-07-27T16:44:46.621097,2.6275,-0.241670,-0.106179,0.000000,-1.208352,-1.268770,-0.761262
2026-07-27T16:44:46.621144,2.6280,-0.240194,-0.106984,0.000000,-1.200971,-1.261020,-0.756612
2026-07-27T16:44:46.621193,2.6285,-0.238718,-0.107789,0.000000,-1.193592,-1.253272,-0.751963
2026-07-27T16:44:46.621241,2.6290,-0.237243,-0.108594,0.000000,-1.186215,-1.245526,-0.747316
2026-07-27T16:44:46.621290,2.6295,-0.235768,-0.109399,0.000000,-1.178841,-1.237783,-0.742670
2026-07-27T16:44:46.621337,2.6300,-0.241670,-0.106179,0.000000,-1.208352,-1.268770,-0.761262
2026-07-27T16:44:46.621382,2.6305,-0.240194,-0.106984,0.000000,-1.200971,-1.261020,-0.756612
2026-07-27T16:44:46.621427,2.6310,-0.238718,-0.107789,0.000000,-1.193592,-1.253272,-0.751963
2026-07-27T16:44:46.621473,2.6315,-0.237243,-0.108594,0.000000,-1.186215,-1.245526,-0.747316
2026-07-27T16:44:46.621519,2.6320,-0.235768,-0.109399,0.000000,-1.178841,-1.237783,-0.742670
2026-07-27T16:44:46.621565,2.6325,-0.241670,-0.106179,0.000000,-1.208352,-1.268770,-0.761262
2026-07-27T16:44:46.621611,2.6330,-0.240194,-0.106984,0.000000,-1.200971,-1.261020,-0.756612
2026-07-27T16:44:46.621656,2.6335,-0.238718,-0.107789,0.000000,-1.193592,-1.253272,-0.751963
2026-07-27T16:44:46.621703,2.6340,-0.237243,-0.108594,0.000000,-1.186215,-1.245526,-0.747316
2026-07-27T16:44:46.621748,2.6345,-0.235768,-0.109399,0.000000,-1.178841,-1.237783,-0.742670
2026-07-27T16:44:46.621793,2.6350,-0.241670,-0.106179,0.000000,-1.208352,-1.268770,-0.761262
2026-07-27T16:44:46.621838,2.6355,-0.240194,-0.106984,0.000000,-1.200971,-1.261020,-0.756612
2026-07-27T16:44:46.621883,2.6360,-0.238718,-0.107789,0.000000,-1.193592,-1.253272,-0.751963
2026-07-27T16:44:46.621928,2.6365,-0.237243,-0.108594,0.000000,-1.186215,-1.245526,-0.747316
2026-07-27T16:44:46.621971,2.6370,-0.235768,-0.109399,0.000000,-1.178841,-1.237783,-0.742670
2026-07-27T16:44:46.622014,2.6375,-0.241670,-0.106179,0.000000,-1.208352,-1.268770,-0.761262
2026-07-27T16:44:46.622057,2.6380,-0.240194,-0.106984,0.000000,-1.200971,-1.261020,-0.756612
2026-07-27T16:44:46.622102,2.6385,-0.238718,-0.107789,0.000000,-1.193592,-1.253272,-0.751963
2026-07-27T16:44:46.622145,2.6390,-0.237243,-0.108594,0.000000,-1.186215,-1.245526,-0.747316
2026-07-27T16:44:46.622188,2.6395,-0.235768,-0.109399,0.000000,-1.178841,-1.237783,-0.742670
2026-07-27T16:44:46.622231,2.6400,-0.241670,-0.106179,0.000000,-1.208352,-1.268770,-0.761262
2026-07-27T16:44:46.622284,2.6405,-0.240194,-0.106984,0.000000,-1.200971,-1.261020,-0.756612
2026-07-27T16:44:46.622329,2.6410,-0.238718,-0.107789,0.000000,-1.193592,-1.253272,-0.751963
2026-07-27T16:44:46.622372,2.6415,-0.237243,-0.108594,0.000000,-1.186215,-1.245526,-0.747316
2026-07-27T16:44:46.622415,2.6420,-0.235768,-0.109399,0.000000,-1.178841,-1.237783,-0.742670
2026-07-27T16:44:46.622459,2.6425,-0.241670,-0.106179,0.000000,-1.208352,-1.268770,-0.761262
2026-07-27T16:44:46.622502,2.6430,-0.240194,-0.106984,0.000000,-1.200971,-1.261020,-0.756612
2026-07-27T16:44:46.622545,2.6435,-0.238718,-0.107789,0.000000,-1.193592,-1.253272,-0.751963
2026-07-27T16:44:46.622649,2.6440,-0.237243,-0.108594,0.000000,-1.186215,-1.245526,-0.747316
2026-07-27T16:44:46.622695,2.6445,-0.235768,-0.109399,0.000000,-1.178841,-1.237783,-0.742670
2026-07-27T16:44:46.622738,2.6450,-0.241670,-0.106179,0.000000,-1.208352,-1.268770,-0.761262
2026-07-27T16:44:46.622782,2.6455,-0.240194,-0.106984,0.000000,-1.200971,-1.261020,-0.756612
2026-07-27T16:44:46.622823,2.6460,-0.238718,-0.107789,0.000000,-1.193592,-1.253272,-0.751963
2026-07-27T16:44:46.622864,2.6465,-0.237243,-0.108594,0.000000,-1.186215,-1.245526,-0.747316
2026-07-27T16:44:46.622905,2.6470,-0.235768,-0.109399,0.000000,-1.178841,-1.237783,-0.742670
2026-07-27T16:44:46.622946,2.6475,-0.241670,-0.106179,0.000000,-1.208352,-1.268770,-0.761262
2026-07-27T16:44:46.622987,2.6480,-0.240194,-0.106984,0.000000,-1.200971,-1.261020,-0.756612
2026-07-27T16:44:46.623028,2.6485,-0.238718,-0.107789,0.000000,-1.193592,-1.253272,-0.751963
2026-07-27T16:44:46.623069,2.6490,-0.237243,-0.108594,0.000000,-1.186215,-1.245526,-0.747316
2026-07-27T16:44:46.623108,2.6495,-0.235768,-0.109399,0.000000,-1.178841,-1.237783,-0.742670
2026-07-27T16:44:46.623147,2.6500,-0.241670,-0.106179,0.000000,-1.208352,-1.268770,-0.761262
2026-07-27T16:44:46.623186,2.6505,-0.240194,-0.106984,0.000000,-1.200971,-1.261020,-0.756612
2026-07-27T16:44:46.623225,2.6510,-0.238718,-0.107789,0.000000,-1.193592,-1.253272,-0.751963
2026-07-27T16:44:46.623282,2.6515,-0.237243,-0.108594,0.000000,-1.186215,-1.245526,-0.747316
2026-07-27T16:44:46.623324,2.6520,-0.235768,-0.109399,0.000000,-1.178841,-1.237783,-0.742670
2026-07-27T16:44:46.623363,2.6525,-0.241670,-0.106179,0.000000,-1.208352,-1.268770,-0.761262
2026-07-27T16:44:46.623402,2.6530,-0.240194,-0.106984,0.000000,-1.200971,-1.261020,-0.756612
2026-07-27T16:44:46.623441,2.6535,-0.238718,-0.107789,0.000000,-1.193592,-1.253272,-0.751963
2026-07-27T16:44:46.623480,2.6540,-0.237243,-0.108594,0.000000,-1.186215,-1.245526,-0.747316
2026-07-27T16:44:46.623519,2.6545,-0.235768,-0.109399,0.000000,-1.178841,-1.237783,-0.742670
2026-07-27T16:44:46.623557,2.6550,-0.241670,-0.106179,0.000000,-1.208352,-1.268770,-0.761262
2026-07-27T16:44:46.623596,2.6555,-0.240194,-0.106984,0.000000,-1.200971,-1.261020,-0.756612
2026-07-27T16:44:46.623635,2.6560,-0.238718,-0.107789,0.000000,-1.193592,-1.253272,-0.751963
2026-07-27T16:44:46.623674,2.6565,-0.237243,-0.108594,0.000000,-1.186215,-1.245526,-0.747316
2026-07-27T16:44:46.623713,2.6570,-0.235768,-0.109399,0.000000,-1.178841,-1.237783,-0.742670
2026-07-27T16:44:46.623751,2.6575,-0.241670,-0.106179,0.000000,-1.208352,-1.268770,-0.761262
2026-07-27T16:44:46.623790,2.6580,-0.240194,-0.106984,0.000000,-1.200971,-1.261020,-0.756612
2026-07-27T16:44:46.623829,2.6585,-0.238718,-0.107789,0.000000,-1.193592,-1.253272,-0.751963
2026-07-27T16:44:46.623867,2.6590,-0.237243,-0.108594,0.000000,-1.186215,-1.245526,-0.747316
2026-07-27T16:44:46.623906,2.6595,-0.235768,-0.109399,0.000000,-1.178841,-1.237783,-0.742670
2026-07-27T16:44:46.623944,2.6600,-0.241670,-0.106179,0.000000,-1.208352,-1.268770,-0.761262
2026-07-27T16:44:46.623981,2.6605,-0.240194,-0.106984,0.000000,-1.200971,-1.261020,-0.756612
2026-07-27T16:44:46.624018,2.6610,-0.238718,-0.107789,0.000000,-1.193592,-1.253272,-0.751963
2026-07-27T16:44:46.624055,2.6615,-0.237243,-0.108594,0.000000,-1.186215,-1.245526,-0.747316
2026-07-27T16:44:46.624092,2.6620,-0.235768,-0.109399,0.000000,-1.178841,-1.237783,-0.742670
2026-07-27T16:44:46.624128,2.6625,-0.241670,-0.106179,0.000000,-1.208352,-1.268770,-0.761262
2026-07-27T16:44:46.624165,2.6630,-0.240194,-0.106984,0.000000,-1.200971,-1.261020,-0.756612
2026-07-27T16:44:46.624201,2.6635,-0.238718,-0.107789,0.000000,-1.193592,-1.253272,-0.751963
2026-07-27T16:44:46.624236,2.6640,-0.237243,-0.108594,0.000000,-1.186215,-1.245526,-0.747316
2026-07-27T16:44:46.624277,2.6645,-0.235768,-0.109399,0.000000,-1.178841,-1.237783,-0.742670
2026-07-27T16:44:46.624313,2.6650,-0.241670,-0.106179,0.000000,-1.208352,-1.268770,-0.761262
2026-07-27T16:44:46.624349,2.6655,-0.240194,-0.106984,0.000000,-1.200971,-1.261020,-0.756612
2026-07-27T16:44:46.624384,2.6660,-0.238718,-0.107789,0.000000,-1.193592,-1.253272,-0.751963
2026-07-27T16:44:46.624420,2.6665,-0.237243,-0.108594,0.000000,-1.186215,-1.245526,-0.747316
2026-07-27T16:44:46.624455,2.6670,-0.235768,-0.109399,0.000000,-1.178841,-1.237783,-0.742670
2026-07-27T16:44:46.624491,2.6675,-0.241670,-0.106179,0.000000,-1.208352,-1.268770,-0.761262
2026-07-27T16:44:46.624526,2.6680,-0.240194,-0.106984,0.000000,-1.200971,-1.261020,-0.756612
2026-07-27T16:44:46.624562,2.6685,-0.238718,-0.107789,0.000000,-1.193592,-1.253272,-0.751963
2026-07-27T16:44:46.624597,2.6690,-0.237243,-0.108594,0.000000,-1.186215,-1.245526,-0.747316
2026-07-27T16:44:46.624632,2.6695,-0.235768,-0.109399,0.000000,-1.178841,-1.237783,-0.742670
2026-07-27T16:44:46.624668,2.6700,-0.241670,-0.106179,0.000000,-1.208352,-1.268770,-0.761262
2026-07-27T16:44:46.624704,2.6705,-0.240194,-0.106984,0.000000,-1.200971,-1.261020,-0.756612
2026-07-27T16:44:46.624739,2.6710,-0.238718,-0.107789,0.000000,-1.193592,-1.253272,-0.751963
2026-07-27T16:44:46.624774,2.6715,-0.237243,-0.108594,0.000000,-1.186215,-1.245526,-0.747316
2026-07-27T16:44:46.624808,2.6720,-0.235768,-0.109399,0.000000,-1.178841,-1.237783,-0.742670
2026-07-27T16:44:46.624842,2.6725,-0.241670,-0.106179,0.000000,-1.208352,-1.268770,-0.761262
2026-07-27T16:44:46.624876,2.6730,-0.240194,-0.106984,0.000000,-1.200971,-1.261020,-0.756612
2026-07-27T16:44:46.624911,2.6735,-0.238718,-0.107789,0.000000,-1.193592,-1.253272,-0.751963
2026-07-27T16:44:46.624944,2.6740,-0.237243,-0.108594,0.000000,-1.186215,-1.245526,-0.747316
2026-07-27T16:44:46.624978,2.6745,-0.235768,-0.109399,0.000000,-1.178841,-1.237783,-0.742670
2026-07-27T16:44:46.625012,2.6750,-0.241670,-0.106179,0.000000,-1.208352,-1.268770,-0.761262
2026-07-27T16:44:46.625045,2.6755,-0.240194,-0.106984,0.000000,-1.200971,-1.261020,-0.756612
2026-07-27T16:44:46.625078,2.6760,-0.238718,-0.107789,0.000000,-1.193592,-1.253272,-0.751963
2026-07-27T16:44:46.625110,2.6765,-0.237243,-0.108594,0.000000,-1.186215,-1.245526,-0.747316
2026-07-27T16:44:46.625142,2.6770,-0.235768,-0.109399,0.000000,-1.178841,-1.237783,-0.742670
2026-07-27T16:44:46.625175,2.6775,-0.241670,-0.106179,0.000000,-1.208352,-1.268770,-0.761262
2026-07-27T16:44:46.625207,2.6780,-0.240194,-0.106984,0.000000,-1.200971,-1.261020,-0.756612
2026-07-27T16:44:46.625239,2.6785,-0.238718,-0.107789,0.000000,-1.193592,-1.253272,-0.751963
2026-07-27T16:44:46.625277,2.6790,-0.237243,-0.108594,0.000000,-1.186215,-1.245526,-0.747316
2026-07-27T16:44:46.625310,2.6795,-0.235768,-0.109399,0.000000,-1.178841,-1.237783,-0.742670
2026-07-27T16:44:46.625343,2.6800,-0.241670,-0.106179,0.000000,-1.208352,-1.268770,-0.761262
2026-07-27T16:44:46.625376,2.6805,-0.240194,-0.106984,0.000000,-1.200971,-1.261020,-0.756612
2026-07-27T16:44:46.625408,2.6810,-0.238718,-0.107789,0.000000,-1.193592,-1.253272,-0.751963
2026-07-27T16:44:46.625441,2.6815,-0.237243,-0.108594,0.000000,-1.186215,-1.245526,-0.747316
2026-07-27T16:44:46.625475,2.6820,-0.235768,-0.109399,0.000000,-1.178841,-1.237783,-0.742670
2026-07-27T16:44:46.625507,2.6825,-0.241670,-0.106179,0.000000,-1.208352,-1.268770,-0.761262
2026-07-27T16:44:46.625539,2.6830,-0.240194,-0.106984,0.000000,-1.200971,-1.261020,-0.756612
2026-07-27T16:44:46.625572,2.6835,-0.238718,-0.107789,0.000000,-1.193592,-1.253272,-0.751963
2026-07-27T16:44:46.625605,2.6840,-0.237243,-0.108594,0.000000,-1.186215,-1.245526,-0.747316
2026-07-27T16:44:46.625637,2.6845,-0.235768,-0.109399,0.000000,-1.178841,-1.237783,-0.742670
2026-07-27T16:44:46.625670,2.6850,-0.241670,-0.106179,0.000000,-1.208352,-1.268770,-0.761262
2026-07-27T16:44:46.625702,2.6855,-0.240194,-0.106984,0.000000,-1.200971,-1.261020,-0.756612
2026-07-27T16:44:46.625735,2.6860,-0.238718,-0.107789,0.000000,-1.193592,-1.253272,-0.751963
2026-07-27T16:44:46.625767,2.6865,-0.237243,-0.108594,0.000000,-1.186215,-1.245526,-0.747316
2026-07-27T16:44:46.625800,2.6870,-0.235768,-0.109399,0.000000,-1.178841,-1.237783,-0.742670
2026-07-27T16:44:46.625851,2.6875,-0.241670,-0.106179,0.000000,-1.208352,-1.268770,-0.761262
2026-07-27T16:44:46.625884,2.6880,-0.240194,-0.106984,0.000000,-1.200971,-1.261020,-0.756612
2026-07-27T16:44:46.625915,2.6885,-0.238718,-0.107789,0.000000,-1.193592,-1.253272,-0.751963
2026-07-27T16:44:46.625945,2.6890,-0.237243,-0.108594,0.000000,-1.186215,-1.245526,-0.747316
2026-07-27T16:44:46.625975,2.6895,-0.235768,-0.109399,0.000000,-1.178841,-1.237783,-0.742670
2026-07-27T16:44:46.626005,2.6900,-0.241670,-0.106179,0.000000,-1.208352,-1.268770,-0.761262
2026-07-27T16:44:46.626036,2.6905,-0.240194,-0.106984,0.000000,-1.200971,-1.261020,-0.756612
2026-07-27T16:44:46.626066,2.6910,-0.238718,-0.107789,0.000000,-1.193592,-1.253272,-0.751963
2026-07-27T16:44:46.626096,2.6915,-0.237243,-0.108594,0.000000,-1.186215,-1.245526,-0.747316
2026-07-27T16:44:46.626127,2.6920,-0.235768,-0.109399,0.000000,-1.178841,-1.237783,-0.742670
2026-07-27T16:44:46.626157,2.6925,-0.241670,-0.106179,0.000000,-1.208352,-1.268770,-0.761262
2026-07-27T16:44:46.626187,2.6930,-0.240194,-0.106984,0.000000,-1.200971,-1.261020,-0.756612
2026-07-27T16:44:46.626218,2.6935,-0.238718,-0.107789,0.000000,-1.193592,-1.253272,-0.751963
2026-07-27T16:44:46.626248,2.6940,-0.237243,-0.108594,0.000000,-1.186215,-1.245526,-0.747316
2026-07-27T16:44:46.626282,2.6945,-0.235768,-0.109399,0.000000,-1.178841,-1.237783,-0.742670
2026-07-27T16:44:46.626313,2.6950,-0.241670,-0.106179,0.000000,-1.208352,-1.268770,-0.761262
2026-07-27T16:44:46.626344,2.6955,-0.240194,-0.106984,0.000000,-1.200971,-1.261020,-0.756612
2026-07-27T16:44:46.626375,2.6960,-0.238718,-0.107789,0.000000,-1.193592,-1.253272,-0.751963
2026-07-27T16:44:46.626406,2.6965,-0.237243,-0.108594,0.000000,-1.186215,-1.245526,-0.747316
2026-07-27T16:44:46.626437,2.6970,-0.235768,-0.109399,0.000000,-1.178841,-1.237783,-0.742670
2026-07-27T16:44:46.626467,2.6975,-0.241670,-0.106179,0.000000,-1.208352,-1.268770,-0.761262
2026-07-27T16:44:46.626497,2.6980,-0.240194,-0.106984,0.000000,-1.200971,-1.261020,-0.756612
2026-07-27T16:44:46.626527,2.6985,-0.238718,-0.107789,0.000000,-1.193592,-1.253272,-0.751963
2026-07-27T16:44:46.626558,2.6990,-0.237243,-0.108594,0.000000,-1.186215,-1.245526,-0.747316
2026-07-27T16:44:46.626588,2.6995,-0.235768,-0.109399,0.000000,-1.178841,-1.237783,-0.742670
2026-07-27T16:44:46.717954,2.7000,-0.234294,-0.110203,0.000000,-1.171470,-1.230043,-0.738026
2026-07-27T16:44:46.718048,2.7005,-0.232820,-0.111007,0.000000,-1.164100,-1.222306,-0.733383
2026-07-27T16:44:46.718110,2.7010,-0.231347,-0.111810,0.000000,-1.156734,-1.214571,-0.728742
2026-07-27T16:44:46.718168,2.7015,-0.229874,-0.112614,0.000000,-1.149370,-1.206838,-0.724103
2026-07-27T16:44:46.718226,2.7020,-0.228402,-0.113417,0.000000,-1.142008,-1.199109,-0.719465
2026-07-27T16:44:46.718294,2.7025,-0.234294,-0.110203,0.000000,-1.171470,-1.230043,-0.738026
2026-07-27T16:44:46.718349,2.7030,-0.232820,-0.111007,0.000000,-1.164100,-1.222306,-0.733383
2026-07-27T16:44:46.718404,2.7035,-0.231347,-0.111810,0.000000,-1.156734,-1.214571,-0.728742
2026-07-27T16:44:46.718458,2.7040,-0.229874,-0.112614,0.000000,-1.149370,-1.206838,-0.724103
2026-07-27T16:44:46.718512,2.7045,-0.228402,-0.113417,0.000000,-1.142008,-1.199109,-0.719465
2026-07-27T16:44:46.718565,2.7050,-0.234294,-0.110203,0.000000,-1.171470,-1.230043,-0.738026
2026-07-27T16:44:46.718617,2.7055,-0.232820,-0.111007,0.000000,-1.164100,-1.222306,-0.733383
2026-07-27T16:44:46.718669,2.7060,-0.231347,-0.111810,0.000000,-1.156734,-1.214571,-0.728742
2026-07-27T16:44:46.718722,2.7065,-0.229874,-0.112614,0.000000,-1.149370,-1.206838,-0.724103
2026-07-27T16:44:46.718777,2.7070,-0.228402,-0.113417,0.000000,-1.142008,-1.199109,-0.719465
2026-07-27T16:44:46.718832,2.7075,-0.234294,-0.110203,0.000000,-1.171470,-1.230043,-0.738026
2026-07-27T16:44:46.718887,2.7080,-0.232820,-0.111007,0.000000,-1.164100,-1.222306,-0.733383
2026-07-27T16:44:46.718943,2.7085,-0.231347,-0.111810,0.000000,-1.156734,-1.214571,-0.728742
2026-07-27T16:44:46.719000,2.7090,-0.229874,-0.112614,0.000000,-1.149370,-1.206838,-0.724103
2026-07-27T16:44:46.719056,2.7095,-0.228402,-0.113417,0.000000,-1.142008,-1.199109,-0.719465
2026-07-27T16:44:46.719113,2.7100,-0.234294,-0.110203,0.000000,-1.171470,-1.230043,-0.738026
2026-07-27T16:44:46.719170,2.7105,-0.232820,-0.111007,0.000000,-1.164100,-1.222306,-0.733383
2026-07-27T16:44:46.719226,2.7110,-0.231347,-0.111810,0.000000,-1.156734,-1.214571,-0.728742
2026-07-27T16:44:46.719288,2.7115,-0.229874,-0.112614,0.000000,-1.149370,-1.206838,-0.724103
2026-07-27T16:44:46.719344,2.7120,-0.228402,-0.113417,0.000000,-1.142008,-1.199109,-0.719465
2026-07-27T16:44:46.719399,2.7125,-0.234294,-0.110203,0.000000,-1.171470,-1.230043,-0.738026
2026-07-27T16:44:46.719453,2.7130,-0.232820,-0.111007,0.000000,-1.164100,-1.222306,-0.733383
2026-07-27T16:44:46.719508,2.7135,-0.231347,-0.111810,0.000000,-1.156734,-1.214571,-0.728742
2026-07-27T16:44:46.719563,2.7140,-0.229874,-0.112614,0.000000,-1.149370,-1.206838,-0.724103
2026-07-27T16:44:46.719618,2.7145,-0.228402,-0.113417,0.000000,-1.142008,-1.199109,-0.719465
2026-07-27T16:44:46.719673,2.7150,-0.234294,-0.110203,0.000000,-1.171470,-1.230043,-0.738026
2026-07-27T16:44:46.719728,2.7155,-0.232820,-0.111007,0.000000,-1.164100,-1.222306,-0.733383
2026-07-27T16:44:46.719783,2.7160,-0.231347,-0.111810,0.000000,-1.156734,-1.214571,-0.728742
2026-07-27T16:44:46.719839,2.7165,-0.229874,-0.112614,0.000000,-1.149370,-1.206838,-0.724103
2026-07-27T16:44:46.719896,2.7170,-0.228402,-0.113417,0.000000,-1.142008,-1.199109,-0.719465
2026-07-27T16:44:46.719955,2.7175,-0.234294,-0.110203,0.000000,-1.171470,-1.230043,-0.738026
2026-07-27T16:44:46.720014,2.7180,-0.232820,-0.111007,0.000000,-1.164100,-1.222306,-0.733383
2026-07-27T16:44:46.720073,2.7185,-0.231347,-0.111810,0.000000,-1.156734,-1.214571,-0.728742
2026-07-27T16:44:46.720131,2.7190,-0.229874,-0.112614,0.000000,-1.149370,-1.206838,-0.724103
2026-07-27T16:44:46.720190,2.7195,-0.228402,-0.113417,0.000000,-1.142008,-1.199109,-0.719465
2026-07-27T16:44:46.720249,2.7200,-0.234294,-0.110203,0.000000,-1.171470,-1.230043,-0.738026
2026-07-27T16:44:46.720316,2.7205,-0.232820,-0.111007,0.000000,-1.164100,-1.222306,-0.733383
2026-07-27T16:44:46.720377,2.7210,-0.231347,-0.111810,0.000000,-1.156734,-1.214571,-0.728742
2026-07-27T16:44:46.720436,2.7215,-0.229874,-0.112614,0.000000,-1.149370,-1.206838,-0.724103
2026-07-27T16:44:46.720495,2.7220,-0.228402,-0.113417,0.000000,-1.142008,-1.199109,-0.719465
2026-07-27T16:44:46.720553,2.7225,-0.234294,-0.110203,0.000000,-1.171470,-1.230043,-0.738026
2026-07-27T16:44:46.720611,2.7230,-0.232820,-0.111007,0.000000,-1.164100,-1.222306,-0.733383
2026-07-27T16:44:46.720670,2.7235,-0.231347,-0.111810,0.000000,-1.156734,-1.214571,-0.728742
2026-07-27T16:44:46.720733,2.7240,-0.229874,-0.112614,0.000000,-1.149370,-1.206838,-0.724103
2026-07-27T16:44:46.720796,2.7245,-0.228402,-0.113417,0.000000,-1.142008,-1.199109,-0.719465
2026-07-27T16:44:46.720858,2.7250,-0.234294,-0.110203,0.000000,-1.171470,-1.230043,-0.738026
2026-07-27T16:44:46.720921,2.7255,-0.232820,-0.111007,0.000000,-1.164100,-1.222306,-0.733383
2026-07-27T16:44:46.720983,2.7260,-0.231347,-0.111810,0.000000,-1.156734,-1.214571,-0.728742
2026-07-27T16:44:46.721048,2.7265,-0.229874,-0.112614,0.000000,-1.149370,-1.206838,-0.724103
2026-07-27T16:44:46.721112,2.7270,-0.228402,-0.113417,0.000000,-1.142008,-1.199109,-0.719465
2026-07-27T16:44:46.721177,2.7275,-0.234294,-0.110203,0.000000,-1.171470,-1.230043,-0.738026
2026-07-27T16:44:46.721245,2.7280,-0.232820,-0.111007,0.000000,-1.164100,-1.222306,-0.733383
2026-07-27T16:44:46.721328,2.7285,-0.231347,-0.111810,0.000000,-1.156734,-1.214571,-0.728742
2026-07-27T16:44:46.721397,2.7290,-0.229874,-0.112614,0.000000,-1.149370,-1.206838,-0.724103
2026-07-27T16:44:46.721466,2.7295,-0.228402,-0.113417,0.000000,-1.142008,-1.199109,-0.719465
2026-07-27T16:44:46.721535,2.7300,-0.234294,-0.110203,0.000000,-1.171470,-1.230043,-0.738026
2026-07-27T16:44:46.721604,2.7305,-0.232820,-0.111007,0.000000,-1.164100,-1.222306,-0.733383
2026-07-27T16:44:46.721672,2.7310,-0.231347,-0.111810,0.000000,-1.156734,-1.214571,-0.728742
2026-07-27T16:44:46.721740,2.7315,-0.229874,-0.112614,0.000000,-1.149370,-1.206838,-0.724103
2026-07-27T16:44:46.721808,2.7320,-0.228402,-0.113417,0.000000,-1.142008,-1.199109,-0.719465
2026-07-27T16:44:46.721877,2.7325,-0.234294,-0.110203,0.000000,-1.171470,-1.230043,-0.738026
2026-07-27T16:44:46.721946,2.7330,-0.232820,-0.111007,0.000000,-1.164100,-1.222306,-0.733383
2026-07-27T16:44:46.722014,2.7335,-0.231347,-0.111810,0.000000,-1.156734,-1.214571,-0.728742
2026-07-27T16:44:46.722088,2.7340,-0.229874,-0.112614,0.000000,-1.149370,-1.206838,-0.724103
2026-07-27T16:44:46.722163,2.7345,-0.228402,-0.113417,0.000000,-1.142008,-1.199109,-0.719465
2026-07-27T16:44:46.722237,2.7350,-0.234294,-0.110203,0.000000,-1.171470,-1.230043,-0.738026
2026-07-27T16:44:46.722319,2.7355,-0.232820,-0.111007,0.000000,-1.164100,-1.222306,-0.733383
2026-07-27T16:44:46.722395,2.7360,-0.231347,-0.111810,0.000000,-1.156734,-1.214571,-0.728742
2026-07-27T16:44:46.722470,2.7365,-0.229874,-0.112614,0.000000,-1.149370,-1.206838,-0.724103
2026-07-27T16:44:46.722545,2.7370,-0.228402,-0.113417,0.000000,-1.142008,-1.199109,-0.719465
2026-07-27T16:44:46.722620,2.7375,-0.234294,-0.110203,0.000000,-1.171470,-1.230043,-0.738026
2026-07-27T16:44:46.722694,2.7380,-0.232820,-0.111007,0.000000,-1.164100,-1.222306,-0.733383
2026-07-27T16:44:46.722773,2.7385,-0.231347,-0.111810,0.000000,-1.156734,-1.214571,-0.728742
2026-07-27T16:44:46.722849,2.7390,-0.229874,-0.112614,0.000000,-1.149370,-1.206838,-0.724103
2026-07-27T16:44:46.722923,2.7395,-0.228402,-0.113417,0.000000,-1.142008,-1.199109,-0.719465
2026-07-27T16:44:46.722998,2.7400,-0.234294,-0.110203,0.000000,-1.171470,-1.230043,-0.738026
2026-07-27T16:44:46.723071,2.7405,-0.232820,-0.111007,0.000000,-1.164100,-1.222306,-0.733383
2026-07-27T16:44:46.723146,2.7410,-0.231347,-0.111810,0.000000,-1.156734,-1.214571,-0.728742
2026-07-27T16:44:46.723220,2.7415,-0.229874,-0.112614,0.000000,-1.149370,-1.206838,-0.724103
2026-07-27T16:44:46.723310,2.7420,-0.228402,-0.113417,0.000000,-1.142008,-1.199109,-0.719465
2026-07-27T16:44:46.723387,2.7425,-0.234294,-0.110203,0.000000,-1.171470,-1.230043,-0.738026
2026-07-27T16:44:46.723462,2.7430,-0.232820,-0.111007,0.000000,-1.164100,-1.222306,-0.733383
2026-07-27T16:44:46.723538,2.7435,-0.231347,-0.111810,0.000000,-1.156734,-1.214571,-0.728742
2026-07-27T16:44:46.723712,2.7440,-0.229874,-0.112614,0.000000,-1.149370,-1.206838,-0.724103
2026-07-27T16:44:46.723793,2.7445,-0.228402,-0.113417,0.000000,-1.142008,-1.199109,-0.719465
2026-07-27T16:44:46.723869,2.7450,-0.234294,-0.110203,0.000000,-1.171470,-1.230043,-0.738026
2026-07-27T16:44:46.723944,2.7455,-0.232820,-0.111007,0.000000,-1.164100,-1.222306,-0.733383
2026-07-27T16:44:46.724019,2.7460,-0.231347,-0.111810,0.000000,-1.156734,-1.214571,-0.728742
2026-07-27T16:44:46.724094,2.7465,-0.229874,-0.112614,0.000000,-1.149370,-1.206838,-0.724103
2026-07-27T16:44:46.724169,2.7470,-0.228402,-0.113417,0.000000,-1.142008,-1.199109,-0.719465
2026-07-27T16:44:46.724243,2.7475,-0.234294,-0.110203,0.000000,-1.171470,-1.230043,-0.738026
2026-07-27T16:44:46.724327,2.7480,-0.232820,-0.111007,0.000000,-1.164100,-1.222306,-0.733383
2026-07-27T16:44:46.724402,2.7485,-0.231347,-0.111810,0.000000,-1.156734,-1.214571,-0.728742
2026-07-27T16:44:46.724476,2.7490,-0.229874,-0.112614,0.000000,-1.149370,-1.206838,-0.724103
2026-07-27T16:44:46.724551,2.7495,-0.228402,-0.113417,0.000000,-1.142008,-1.199109,-0.719465
2026-07-27T16:44:46.724626,2.7500,-0.234294,-0.110203,0.000000,-1.171470,-1.230043,-0.738026
2026-07-27T16:44:46.724701,2.7505,-0.232820,-0.111007,0.000000,-1.164100,-1.222306,-0.733383
2026-07-27T16:44:46.724776,2.7510,-0.231347,-0.111810,0.000000,-1.156734,-1.214571,-0.728742
2026-07-27T16:44:46.724850,2.7515,-0.229874,-0.112614,0.000000,-1.149370,-1.206838,-0.724103
2026-07-27T16:44:46.724924,2.7520,-0.228402,-0.113417,0.000000,-1.142008,-1.199109,-0.719465
2026-07-27T16:44:46.724994,2.7525,-0.234294,-0.110203,0.000000,-1.171470,-1.230043,-0.738026
2026-07-27T16:44:46.725061,2.7530,-0.232820,-0.111007,0.000000,-1.164100,-1.222306,-0.733383
2026-07-27T16:44:46.725130,2.7535,-0.231347,-0.111810,0.000000,-1.156734,-1.214571,-0.728742
2026-07-27T16:44:46.725198,2.7540,-0.229874,-0.112614,0.000000,-1.149370,-1.206838,-0.724103
2026-07-27T16:44:46.725273,2.7545,-0.228402,-0.113417,0.000000,-1.142008,-1.199109,-0.719465
2026-07-27T16:44:46.725343,2.7550,-0.234294,-0.110203,0.000000,-1.171470,-1.230043,-0.738026
2026-07-27T16:44:46.725411,2.7555,-0.232820,-0.111007,0.000000,-1.164100,-1.222306,-0.733383
2026-07-27T16:44:46.725480,2.7560,-0.231347,-0.111810,0.000000,-1.156734,-1.214571,-0.728742
2026-07-27T16:44:46.725548,2.7565,-0.229874,-0.112614,0.000000,-1.149370,-1.206838,-0.724103
2026-07-27T16:44:46.725616,2.7570,-0.228402,-0.113417,0.000000,-1.142008,-1.199109,-0.719465
2026-07-27T16:44:46.725684,2.7575,-0.234294,-0.110203,0.000000,-1.171470,-1.230043,-0.738026
2026-07-27T16:44:46.725752,2.7580,-0.232820,-0.111007,0.000000,-1.164100,-1.222306,-0.733383
2026-07-27T16:44:46.725820,2.7585,-0.231347,-0.111810,0.000000,-1.156734,-1.214571,-0.728742
2026-07-27T16:44:46.725888,2.7590,-0.229874,-0.112614,0.000000,-1.149370,-1.206838,-0.724103
2026-07-27T16:44:46.725956,2.7595,-0.228402,-0.113417,0.000000,-1.142008,-1.199109,-0.719465
2026-07-27T16:44:46.726025,2.7600,-0.234294,-0.110203,0.000000,-1.171470,-1.230043,-0.738026
2026-07-27T16:44:46.726093,2.7605,-0.232820,-0.111007,0.000000,-1.164100,-1.222306,-0.733383
2026-07-27T16:44:46.726161,2.7610,-0.231347,-0.111810,0.000000,-1.156734,-1.214571,-0.728742
2026-07-27T16:44:46.726229,2.7615,-0.229874,-0.112614,0.000000,-1.149370,-1.206838,-0.724103
2026-07-27T16:44:46.726304,2.7620,-0.228402,-0.113417,0.000000,-1.142008,-1.199109,-0.719465
2026-07-27T16:44:46.726373,2.7625,-0.234294,-0.110203,0.000000,-1.171470,-1.230043,-0.738026
2026-07-27T16:44:46.726441,2.7630,-0.232820,-0.111007,0.000000,-1.164100,-1.222306,-0.733383
2026-07-27T16:44:46.726509,2.7635,-0.231347,-0.111810,0.000000,-1.156734,-1.214571,-0.728742
2026-07-27T16:44:46.726578,2.7640,-0.229874,-0.112614,0.000000,-1.149370,-1.206838,-0.724103
2026-07-27T16:44:46.726646,2.7645,-0.228402,-0.113417,0.000000,-1.142008,-1.199109,-0.719465
2026-07-27T16:44:46.726715,2.7650,-0.234294,-0.110203,0.000000,-1.171470,-1.230043,-0.738026
2026-07-27T16:44:46.726779,2.7655,-0.232820,-0.111007,0.000000,-1.164100,-1.222306,-0.733383
2026-07-27T16:44:46.726842,2.7660,-0.231347,-0.111810,0.000000,-1.156734,-1.214571,-0.728742
2026-07-27T16:44:46.726904,2.7665,-0.229874,-0.112614,0.000000,-1.149370,-1.206838,-0.724103
2026-07-27T16:44:46.726966,2.7670,-0.228402,-0.113417,0.000000,-1.142008,-1.199109,-0.719465
2026-07-27T16:44:46.727028,2.7675,-0.234294,-0.110203,0.000000,-1.171470,-1.230043,-0.738026
2026-07-27T16:44:46.727092,2.7680,-0.232820,-0.111007,0.000000,-1.164100,-1.222306,-0.733383
2026-07-27T16:44:46.727154,2.7685,-0.231347,-0.111810,0.000000,-1.156734,-1.214571,-0.728742
2026-07-27T16:44:46.727218,2.7690,-0.229874,-0.112614,0.000000,-1.149370,-1.206838,-0.724103
2026-07-27T16:44:46.727287,2.7695,-0.228402,-0.113417,0.000000,-1.142008,-1.199109,-0.719465
2026-07-27T16:44:46.727350,2.7700,-0.234294,-0.110203,0.000000,-1.171470,-1.230043,-0.738026
2026-07-27T16:44:46.727413,2.7705,-0.232820,-0.111007,0.000000,-1.164100,-1.222306,-0.733383
2026-07-27T16:44:46.727476,2.7710,-0.231347,-0.111810,0.000000,-1.156734,-1.214571,-0.728742
2026-07-27T16:44:46.727539,2.7715,-0.229874,-0.112614,0.000000,-1.149370,-1.206838,-0.724103
2026-07-27T16:44:46.727602,2.7720,-0.228402,-0.113417,0.000000,-1.142008,-1.199109,-0.719465
2026-07-27T16:44:46.727664,2.7725,-0.234294,-0.110203,0.000000,-1.171470,-1.230043,-0.738026
2026-07-27T16:44:46.727728,2.7730,-0.232820,-0.111007,0.000000,-1.164100,-1.222306,-0.733383
2026-07-27T16:44:46.727792,2.7735,-0.231347,-0.111810,0.000000,-1.156734,-1.214571,-0.728742
2026-07-27T16:44:46.727854,2.7740,-0.229874,-0.112614,0.000000,-1.149370,-1.206838,-0.724103
2026-07-27T16:44:46.727917,2.7745,-0.228402,-0.113417,0.000000,-1.142008,-1.199109,-0.719465
2026-07-27T16:44:46.727979,2.7750,-0.234294,-0.110203,0.000000,-1.171470,-1.230043,-0.738026
2026-07-27T16:44:46.728042,2.7755,-0.232820,-0.111007,0.000000,-1.164100,-1.222306,-0.733383
2026-07-27T16:44:46.728105,2.7760,-0.231347,-0.111810,0.000000,-1.156734,-1.214571,-0.728742
2026-07-27T16:44:46.728168,2.7765,-0.229874,-0.112614,0.000000,-1.149370,-1.206838,-0.724103
2026-07-27T16:44:46.728231,2.7770,-0.228402,-0.113417,0.000000,-1.142008,-1.199109,-0.719465
2026-07-27T16:44:46.728301,2.7775,-0.234294,-0.110203,0.000000,-1.171470,-1.230043,-0.738026
2026-07-27T16:44:46.728365,2.7780,-0.232820,-0.111007,0.000000,-1.164100,-1.222306,-0.733383
2026-07-27T16:44:46.728428,2.7785,-0.231347,-0.111810,0.000000,-1.156734,-1.214571,-0.728742
2026-07-27T16:44:46.728491,2.7790,-0.229874,-0.112614,0.000000,-1.149370,-1.206838,-0.724103
2026-07-27T16:44:46.728554,2.7795,-0.228402,-0.113417,0.000000,-1.142008,-1.199109,-0.719465
2026-07-27T16:44:46.728616,2.7800,-0.234294,-0.110203,0.000000,-1.171470,-1.230043,-0.738026
2026-07-27T16:44:46.728679,2.7805,-0.232820,-0.111007,0.000000,-1.164100,-1.222306,-0.733383
2026-07-27T16:44:46.728738,2.7810,-0.231347,-0.111810,0.000000,-1.156734,-1.214571,-0.728742
2026-07-27T16:44:46.728796,2.7815,-0.229874,-0.112614,0.000000,-1.149370,-1.206838,-0.724103
2026-07-27T16:44:46.728857,2.7820,-0.228402,-0.113417,0.000000,-1.142008,-1.199109,-0.719465
2026-07-27T16:44:46.728916,2.7825,-0.234294,-0.110203,0.000000,-1.171470,-1.230043,-0.738026
2026-07-27T16:44:46.728974,2.7830,-0.232820,-0.111007,0.000000,-1.164100,-1.222306,-0.733383
2026-07-27T16:44:46.729033,2.7835,-0.231347,-0.111810,0.000000,-1.156734,-1.214571,-0.728742
2026-07-27T16:44:46.729091,2.7840,-0.229874,-0.112614,0.000000,-1.149370,-1.206838,-0.724103
2026-07-27T16:44:46.729150,2.7845,-0.228402,-0.113417,0.000000,-1.142008,-1.199109,-0.719465
2026-07-27T16:44:46.729208,2.7850,-0.234294,-0.110203,0.000000,-1.171470,-1.230043,-0.738026
2026-07-27T16:44:46.729274,2.7855,-0.232820,-0.111007,0.000000,-1.164100,-1.222306,-0.733383
2026-07-27T16:44:46.729334,2.7860,-0.231347,-0.111810,0.000000,-1.156734,-1.214571,-0.728742
2026-07-27T16:44:46.729393,2.7865,-0.229874,-0.112614,0.000000,-1.149370,-1.206838,-0.724103
2026-07-27T16:44:46.729451,2.7870,-0.228402,-0.113417,0.000000,-1.142008,-1.199109,-0.719465
2026-07-27T16:44:46.729545,2.7875,-0.234294,-0.110203,0.000000,-1.171470,-1.230043,-0.738026
2026-07-27T16:44:46.729607,2.7880,-0.232820,-0.111007,0.000000,-1.164100,-1.222306,-0.733383
2026-07-27T16:44:46.729667,2.7885,-0.231347,-0.111810,0.000000,-1.156734,-1.214571,-0.728742
2026-07-27T16:44:46.729724,2.7890,-0.229874,-0.112614,0.000000,-1.149370,-1.206838,-0.724103
2026-07-27T16:44:46.729779,2.7895,-0.228402,-0.113417,0.000000,-1.142008,-1.199109,-0.719465
2026-07-27T16:44:46.729834,2.7900,-0.234294,-0.110203,0.000000,-1.171470,-1.230043,-0.738026
2026-07-27T16:44:46.729889,2.7905,-0.232820,-0.111007,0.000000,-1.164100,-1.222306,-0.733383
2026-07-27T16:44:46.729944,2.7910,-0.231347,-0.111810,0.000000,-1.156734,-1.214571,-0.728742
2026-07-27T16:44:46.730000,2.7915,-0.229874,-0.112614,0.000000,-1.149370,-1.206838,-0.724103
2026-07-27T16:44:46.730056,2.7920,-0.228402,-0.113417,0.000000,-1.142008,-1.199109,-0.719465
2026-07-27T16:44:46.730112,2.7925,-0.234294,-0.110203,0.000000,-1.171470,-1.230043,-0.738026
2026-07-27T16:44:46.730167,2.7930,-0.232820,-0.111007,0.000000,-1.164100,-1.222306,-0.733383
2026-07-27T16:44:46.730223,2.7935,-0.231347,-0.111810,0.000000,-1.156734,-1.214571,-0.728742
2026-07-27T16:44:46.730291,2.7940,-0.229874,-0.112614,0.000000,-1.149370,-1.206838,-0.724103
2026-07-27T16:44:46.730348,2.7945,-0.228402,-0.113417,0.000000,-1.142008,-1.199109,-0.719465
2026-07-27T16:44:46.730401,2.7950,-0.234294,-0.110203,0.000000,-1.171470,-1.230043,-0.738026
2026-07-27T16:44:46.730454,2.7955,-0.232820,-0.111007,0.000000,-1.164100,-1.222306,-0.733383
2026-07-27T16:44:46.730507,2.7960,-0.231347,-0.111810,0.000000,-1.156734,-1.214571,-0.728742
2026-07-27T16:44:46.730559,2.7965,-0.229874,-0.112614,0.000000,-1.149370,-1.206838,-0.724103
2026-07-27T16:44:46.730612,2.7970,-0.228402,-0.113417,0.000000,-1.142008,-1.199109,-0.719465
2026-07-27T16:44:46.730664,2.7975,-0.234294,-0.110203,0.000000,-1.171470,-1.230043,-0.738026
2026-07-27T16:44:46.730717,2.7980,-0.232820,-0.111007,0.000000,-1.164100,-1.222306,-0.733383
2026-07-27T16:44:46.730769,2.7985,-0.231347,-0.111810,0.000000,-1.156734,-1.214571,-0.728742
2026-07-27T16:44:46.730821,2.7990,-0.229874,-0.112614,0.000000,-1.149370,-1.206838,-0.724103
2026-07-27T16:44:46.730874,2.7995,-0.228402,-0.113417,0.000000,-1.142008,-1.199109,-0.719465
2026-07-27T16:44:46.817683,2.8000,-0.226930,-0.114220,0.000000,-1.134649,-1.191382,-0.714829
2026-07-27T16:44:46.817736,2.8005,-0.225459,-0.115022,0.000000,-1.127293,-1.183657,-0.710194
2026-07-27T16:44:46.817770,2.8010,-0.223988,-0.115824,0.000000,-1.119939,-1.175936,-0.705562
2026-07-27T16:44:46.817808,2.8015,-0.222518,-0.116626,0.000000,-1.112588,-1.168217,-0.700930
2026-07-27T16:44:46.817838,2.8020,-0.221048,-0.117428,0.000000,-1.105239,-1.160501,-0.696301
2026-07-27T16:44:46.817868,2.8025,-0.226930,-0.114220,0.000000,-1.134649,-1.191382,-0.714829
2026-07-27T16:44:46.817897,2.8030,-0.225459,-0.115022,0.000000,-1.127293,-1.183657,-0.710194
2026-07-27T16:44:46.817926,2.8035,-0.223988,-0.115824,0.000000,-1.119939,-1.175936,-0.705562
2026-07-27T16:44:46.817954,2.8040,-0.222518,-0.116626,0.000000,-1.112588,-1.168217,-0.700930
2026-07-27T16:44:46.817981,2.8045,-0.221048,-0.117428,0.000000,-1.105239,-1.160501,-0.696301
2026-07-27T16:44:46.818009,2.8050,-0.226930,-0.114220,0.000000,-1.134649,-1.191382,-0.714829
2026-07-27T16:44:46.818036,2.8055,-0.225459,-0.115022,0.000000,-1.127293,-1.183657,-0.710194
2026-07-27T16:44:46.818064,2.8060,-0.223988,-0.115824,0.000000,-1.119939,-1.175936,-0.705562
2026-07-27T16:44:46.818092,2.8065,-0.222518,-0.116626,0.000000,-1.112588,-1.168217,-0.700930
2026-07-27T16:44:46.818119,2.8070,-0.221048,-0.117428,0.000000,-1.105239,-1.160501,-0.696301
2026-07-27T16:44:46.818146,2.8075,-0.226930,-0.114220,0.000000,-1.134649,-1.191382,-0.714829
2026-07-27T16:44:46.818174,2.8080,-0.225459,-0.115022,0.000000,-1.127293,-1.183657,-0.710194
2026-07-27T16:44:46.818201,2.8085,-0.223988,-0.115824,0.000000,-1.119939,-1.175936,-0.705562
2026-07-27T16:44:46.818228,2.8090,-0.222518,-0.116626,0.000000,-1.112588,-1.168217,-0.700930
2026-07-27T16:44:46.818255,2.8095,-0.221048,-0.117428,0.000000,-1.105239,-1.160501,-0.696301
2026-07-27T16:44:46.818289,2.8100,-0.226930,-0.114220,0.000000,-1.134649,-1.191382,-0.714829
2026-07-27T16:44:46.818316,2.8105,-0.225459,-0.115022,0.000000,-1.127293,-1.183657,-0.710194
2026-07-27T16:44:46.818343,2.8110,-0.223988,-0.115824,0.000000,-1.119939,-1.175936,-0.705562
2026-07-27T16:44:46.818369,2.8115,-0.222518,-0.116626,0.000000,-1.112588,-1.168217,-0.700930
2026-07-27T16:44:46.818396,2.8120,-0.221048,-0.117428,0.000000,-1.105239,-1.160501,-0.696301
2026-07-27T16:44:46.818423,2.8125,-0.226930,-0.114220,0.000000,-1.134649,-1.191382,-0.714829
2026-07-27T16:44:46.818450,2.8130,-0.225459,-0.115022,0.000000,-1.127293,-1.183657,-0.710194
2026-07-27T16:44:46.818476,2.8135,-0.223988,-0.115824,0.000000,-1.119939,-1.175936,-0.705562
2026-07-27T16:44:46.818503,2.8140,-0.222518,-0.116626,0.000000,-1.112588,-1.168217,-0.700930
2026-07-27T16:44:46.818530,2.8145,-0.221048,-0.117428,0.000000,-1.105239,-1.160501,-0.696301
2026-07-27T16:44:46.818557,2.8150,-0.226930,-0.114220,0.000000,-1.134649,-1.191382,-0.714829
2026-07-27T16:44:46.818585,2.8155,-0.225459,-0.115022,0.000000,-1.127293,-1.183657,-0.710194
2026-07-27T16:44:46.818622,2.8160,-0.223988,-0.115824,0.000000,-1.119939,-1.175936,-0.705562
2026-07-27T16:44:46.818661,2.8165,-0.222518,-0.116626,0.000000,-1.112588,-1.168217,-0.700930
2026-07-27T16:44:46.818698,2.8170,-0.221048,-0.117428,0.000000,-1.105239,-1.160501,-0.696301
2026-07-27T16:44:46.818736,2.8175,-0.226930,-0.114220,0.000000,-1.134649,-1.191382,-0.714829
2026-07-27T16:44:46.818771,2.8180,-0.225459,-0.115022,0.000000,-1.127293,-1.183657,-0.710194
2026-07-27T16:44:46.818805,2.8185,-0.223988,-0.115824,0.000000,-1.119939,-1.175936,-0.705562
2026-07-27T16:44:46.818840,2.8190,-0.222518,-0.116626,0.000000,-1.112588,-1.168217,-0.700930
2026-07-27T16:44:46.818874,2.8195,-0.221048,-0.117428,0.000000,-1.105239,-1.160501,-0.696301
2026-07-27T16:44:46.818908,2.8200,-0.226930,-0.114220,0.000000,-1.134649,-1.191382,-0.714829
2026-07-27T16:44:46.818942,2.8205,-0.225459,-0.115022,0.000000,-1.127293,-1.183657,-0.710194
2026-07-27T16:44:46.818977,2.8210,-0.223988,-0.115824,0.000000,-1.119939,-1.175936,-0.705562
2026-07-27T16:44:46.819011,2.8215,-0.222518,-0.116626,0.000000,-1.112588,-1.168217,-0.700930
2026-07-27T16:44:46.819045,2.8220,-0.221048,-0.117428,0.000000,-1.105239,-1.160501,-0.696301
2026-07-27T16:44:46.819078,2.8225,-0.226930,-0.114220,0.000000,-1.134649,-1.191382,-0.714829
2026-07-27T16:44:46.819111,2.8230,-0.225459,-0.115022,0.000000,-1.127293,-1.183657,-0.710194
2026-07-27T16:44:46.819141,2.8235,-0.223988,-0.115824,0.000000,-1.119939,-1.175936,-0.705562
2026-07-27T16:44:46.819169,2.8240,-0.222518,-0.116626,0.000000,-1.112588,-1.168217,-0.700930
2026-07-27T16:44:46.819197,2.8245,-0.221048,-0.117428,0.000000,-1.105239,-1.160501,-0.696301
2026-07-27T16:44:46.819225,2.8250,-0.226930,-0.114220,0.000000,-1.134649,-1.191382,-0.714829
2026-07-27T16:44:46.819254,2.8255,-0.225459,-0.115022,0.000000,-1.127293,-1.183657,-0.710194
2026-07-27T16:44:46.819286,2.8260,-0.223988,-0.115824,0.000000,-1.119939,-1.175936,-0.705562
2026-07-27T16:44:46.819315,2.8265,-0.222518,-0.116626,0.000000,-1.112588,-1.168217,-0.700930
2026-07-27T16:44:46.819344,2.8270,-0.221048,-0.117428,0.000000,-1.105239,-1.160501,-0.696301
2026-07-27T16:44:46.819374,2.8275,-0.226930,-0.114220,0.000000,-1.134649,-1.191382,-0.714829
2026-07-27T16:44:46.819411,2.8280,-0.225459,-0.115022,0.000000,-1.127293,-1.183657,-0.710194
2026-07-27T16:44:46.819449,2.8285,-0.223988,-0.115824,0.000000,-1.119939,-1.175936,-0.705562
2026-07-27T16:44:46.819486,2.8290,-0.222518,-0.116626,0.000000,-1.112588,-1.168217,-0.700930
2026-07-27T16:44:46.819524,2.8295,-0.221048,-0.117428,0.000000,-1.105239,-1.160501,-0.696301
2026-07-27T16:44:46.819561,2.8300,-0.226930,-0.114220,0.000000,-1.134649,-1.191382,-0.714829
2026-07-27T16:44:46.819598,2.8305,-0.225459,-0.115022,0.000000,-1.127293,-1.183657,-0.710194
2026-07-27T16:44:46.819636,2.8310,-0.223988,-0.115824,0.000000,-1.119939,-1.175936,-0.705562
2026-07-27T16:44:46.819666,2.8315,-0.222518,-0.116626,0.000000,-1.112588,-1.168217,-0.700930
2026-07-27T16:44:46.819692,2.8320,-0.221048,-0.117428,0.000000,-1.105239,-1.160501,-0.696301
2026-07-27T16:44:46.819720,2.8325,-0.226930,-0.114220,0.000000,-1.134649,-1.191382,-0.714829
2026-07-27T16:44:46.819746,2.8330,-0.225459,-0.115022,0.000000,-1.127293,-1.183657,-0.710194
2026-07-27T16:44:46.819773,2.8335,-0.223988,-0.115824,0.000000,-1.119939,-1.175936,-0.705562
2026-07-27T16:44:46.819799,2.8340,-0.222518,-0.116626,0.000000,-1.112588,-1.168217,-0.700930
2026-07-27T16:44:46.819826,2.8345,-0.221048,-0.117428,0.000000,-1.105239,-1.160501,-0.696301
2026-07-27T16:44:46.819853,2.8350,-0.226930,-0.114220,0.000000,-1.134649,-1.191382,-0.714829
2026-07-27T16:44:46.819879,2.8355,-0.225459,-0.115022,0.000000,-1.127293,-1.183657,-0.710194
2026-07-27T16:44:46.819906,2.8360,-0.223988,-0.115824,0.000000,-1.119939,-1.175936,-0.705562
2026-07-27T16:44:46.819932,2.8365,-0.222518,-0.116626,0.000000,-1.112588,-1.168217,-0.700930
2026-07-27T16:44:46.819959,2.8370,-0.221048,-0.117428,0.000000,-1.105239,-1.160501,-0.696301
2026-07-27T16:44:46.819985,2.8375,-0.226930,-0.114220,0.000000,-1.134649,-1.191382,-0.714829
2026-07-27T16:44:46.820012,2.8380,-0.225459,-0.115022,0.000000,-1.127293,-1.183657,-0.710194
2026-07-27T16:44:46.820040,2.8385,-0.223988,-0.115824,0.000000,-1.119939,-1.175936,-0.705562
2026-07-27T16:44:46.820067,2.8390,-0.222518,-0.116626,0.000000,-1.112588,-1.168217,-0.700930
2026-07-27T16:44:46.820093,2.8395,-0.221048,-0.117428,0.000000,-1.105239,-1.160501,-0.696301
2026-07-27T16:44:46.820120,2.8400,-0.226930,-0.114220,0.000000,-1.134649,-1.191382,-0.714829
2026-07-27T16:44:46.820146,2.8405,-0.225459,-0.115022,0.000000,-1.127293,-1.183657,-0.710194
2026-07-27T16:44:46.820173,2.8410,-0.223988,-0.115824,0.000000,-1.119939,-1.175936,-0.705562
2026-07-27T16:44:46.820200,2.8415,-0.222518,-0.116626,0.000000,-1.112588,-1.168217,-0.700930
2026-07-27T16:44:46.820227,2.8420,-0.221048,-0.117428,0.000000,-1.105239,-1.160501,-0.696301
2026-07-27T16:44:46.820253,2.8425,-0.226930,-0.114220,0.000000,-1.134649,-1.191382,-0.714829
2026-07-27T16:44:46.820284,2.8430,-0.225459,-0.115022,0.000000,-1.127293,-1.183657,-0.710194
2026-07-27T16:44:46.820311,2.8435,-0.223988,-0.115824,0.000000,-1.119939,-1.175936,-0.705562
2026-07-27T16:44:46.820393,2.8440,-0.222518,-0.116626,0.000000,-1.112588,-1.168217,-0.700930
2026-07-27T16:44:46.820423,2.8445,-0.221048,-0.117428,0.000000,-1.105239,-1.160501,-0.696301
2026-07-27T16:44:46.820450,2.8450,-0.226930,-0.114220,0.000000,-1.134649,-1.191382,-0.714829
2026-07-27T16:44:46.820477,2.8455,-0.225459,-0.115022,0.000000,-1.127293,-1.183657,-0.710194
2026-07-27T16:44:46.820505,2.8460,-0.223988,-0.115824,0.000000,-1.119939,-1.175936,-0.705562
2026-07-27T16:44:46.820531,2.8465,-0.222518,-0.116626,0.000000,-1.112588,-1.168217,-0.700930
2026-07-27T16:44:46.820558,2.8470,-0.221048,-0.117428,0.000000,-1.105239,-1.160501,-0.696301
2026-07-27T16:44:46.820586,2.8475,-0.226930,-0.114220,0.000000,-1.134649,-1.191382,-0.714829
2026-07-27T16:44:46.820613,2.8480,-0.225459,-0.115022,0.000000,-1.127293,-1.183657,-0.710194
2026-07-27T16:44:46.820639,2.8485,-0.223988,-0.115824,0.000000,-1.119939,-1.175936,-0.705562
2026-07-27T16:44:46.820666,2.8490,-0.222518,-0.116626,0.000000,-1.112588,-1.168217,-0.700930
2026-07-27T16:44:46.820693,2.8495,-0.221048,-0.117428,0.000000,-1.105239,-1.160501,-0.696301
2026-07-27T16:44:46.820720,2.8500,-0.226930,-0.114220,0.000000,-1.134649,-1.191382,-0.714829
2026-07-27T16:44:46.820747,2.8505,-0.225459,-0.115022,0.000000,-1.127293,-1.183657,-0.710194
2026-07-27T16:44:46.820774,2.8510,-0.223988,-0.115824,0.000000,-1.119939,-1.175936,-0.705562
2026-07-27T16:44:46.820800,2.8515,-0.222518,-0.116626,0.000000,-1.112588,-1.168217,-0.700930
2026-07-27T16:44:46.820827,2.8520,-0.221048,-0.117428,0.000000,-1.105239,-1.160501,-0.696301
2026-07-27T16:44:46.820854,2.8525,-0.226930,-0.114220,0.000000,-1.134649,-1.191382,-0.714829
2026-07-27T16:44:46.820882,2.8530,-0.225459,-0.115022,0.000000,-1.127293,-1.183657,-0.710194
2026-07-27T16:44:46.820910,2.8535,-0.223988,-0.115824,0.000000,-1.119939,-1.175936,-0.705562
2026-07-27T16:44:46.820936,2.8540,-0.222518,-0.116626,0.000000,-1.112588,-1.168217,-0.700930
2026-07-27T16:44:46.820964,2.8545,-0.221048,-0.117428,0.000000,-1.105239,-1.160501,-0.696301
2026-07-27T16:44:46.820992,2.8550,-0.226930,-0.114220,0.000000,-1.134649,-1.191382,-0.714829
2026-07-27T16:44:46.821019,2.8555,-0.225459,-0.115022,0.000000,-1.127293,-1.183657,-0.710194
2026-07-27T16:44:46.821046,2.8560,-0.223988,-0.115824,0.000000,-1.119939,-1.175936,-0.705562
2026-07-27T16:44:46.821073,2.8565,-0.222518,-0.116626,0.000000,-1.112588,-1.168217,-0.700930
2026-07-27T16:44:46.821100,2.8570,-0.221048,-0.117428,0.000000,-1.105239,-1.160501,-0.696301
2026-07-27T16:44:46.821127,2.8575,-0.226930,-0.114220,0.000000,-1.134649,-1.191382,-0.714829
2026-07-27T16:44:46.821154,2.8580,-0.225459,-0.115022,0.000000,-1.127293,-1.183657,-0.710194
2026-07-27T16:44:46.821181,2.8585,-0.223988,-0.115824,0.000000,-1.119939,-1.175936,-0.705562
2026-07-27T16:44:46.821208,2.8590,-0.222518,-0.116626,0.000000,-1.112588,-1.168217,-0.700930
2026-07-27T16:44:46.821235,2.8595,-0.221048,-0.117428,0.000000,-1.105239,-1.160501,-0.696301
2026-07-27T16:44:46.821270,2.8600,-0.226930,-0.114220,0.000000,-1.134649,-1.191382,-0.714829
2026-07-27T16:44:46.821298,2.8605,-0.225459,-0.115022,0.000000,-1.127293,-1.183657,-0.710194
2026-07-27T16:44:46.821328,2.8610,-0.223988,-0.115824,0.000000,-1.119939,-1.175936,-0.705562
2026-07-27T16:44:46.821355,2.8615,-0.222518,-0.116626,0.000000,-1.112588,-1.168217,-0.700930
2026-07-27T16:44:46.821382,2.8620,-0.221048,-0.117428,0.000000,-1.105239,-1.160501,-0.696301
2026-07-27T16:44:46.821409,2.8625,-0.226930,-0.114220,0.000000,-1.134649,-1.191382,-0.714829
2026-07-27T16:44:46.821436,2.8630,-0.225459,-0.115022,0.000000,-1.127293,-1.183657,-0.710194
2026-07-27T16:44:46.821463,2.8635,-0.223988,-0.115824,0.000000,-1.119939,-1.175936,-0.705562
2026-07-27T16:44:46.821489,2.8640,-0.222518,-0.116626,0.000000,-1.112588,-1.168217,-0.700930
2026-07-27T16:44:46.821516,2.8645,-0.221048,-0.117428,0.000000,-1.105239,-1.160501,-0.696301
2026-07-27T16:44:46.821543,2.8650,-0.226930,-0.114220,0.000000,-1.134649,-1.191382,-0.714829
2026-07-27T16:44:46.821571,2.8655,-0.225459,-0.115022,0.000000,-1.127293,-1.183657,-0.710194
2026-07-27T16:44:46.821601,2.8660,-0.223988,-0.115824,0.000000,-1.119939,-1.175936,-0.705562
2026-07-27T16:44:46.821628,2.8665,-0.222518,-0.116626,0.000000,-1.112588,-1.168217,-0.700930
2026-07-27T16:44:46.821654,2.8670,-0.221048,-0.117428,0.000000,-1.105239,-1.160501,-0.696301
2026-07-27T16:44:46.821680,2.8675,-0.226930,-0.114220,0.000000,-1.134649,-1.191382,-0.714829
2026-07-27T16:44:46.821706,2.8680,-0.225459,-0.115022,0.000000,-1.127293,-1.183657,-0.710194
2026-07-27T16:44:46.821733,2.8685,-0.223988,-0.115824,0.000000,-1.119939,-1.175936,-0.705562
2026-07-27T16:44:46.821760,2.8690,-0.222518,-0.116626,0.000000,-1.112588,-1.168217,-0.700930
2026-07-27T16:44:46.821787,2.8695,-0.221048,-0.117428,0.000000,-1.105239,-1.160501,-0.696301
2026-07-27T16:44:46.821814,2.8700,-0.226930,-0.114220,0.000000,-1.134649,-1.191382,-0.714829
2026-07-27T16:44:46.821840,2.8705,-0.225459,-0.115022,0.000000,-1.127293,-1.183657,-0.710194
2026-07-27T16:44:46.821867,2.8710,-0.223988,-0.115824,0.000000,-1.119939,-1.175936,-0.705562
2026-07-27T16:44:46.821894,2.8715,-0.222518,-0.116626,0.000000,-1.112588,-1.168217,-0.700930
2026-07-27T16:44:46.821920,2.8720,-0.221048,-0.117428,0.000000,-1.105239,-1.160501,-0.696301
2026-07-27T16:44:46.821947,2.8725,-0.226930,-0.114220,0.000000,-1.134649,-1.191382,-0.714829
2026-07-27T16:44:46.821973,2.8730,-0.225459,-0.115022,0.000000,-1.127293,-1.183657,-0.710194
2026-07-27T16:44:46.822000,2.8735,-0.223988,-0.115824,0.000000,-1.119939,-1.175936,-0.705562
2026-07-27T16:44:46.822026,2.8740,-0.222518,-0.116626,0.000000,-1.112588,-1.168217,-0.700930
2026-07-27T16:44:46.822053,2.8745,-0.221048,-0.117428,0.000000,-1.105239,-1.160501,-0.696301
2026-07-27T16:44:46.822080,2.8750,-0.226930,-0.114220,0.000000,-1.134649,-1.191382,-0.714829
2026-07-27T16:44:46.822107,2.8755,-0.225459,-0.115022,0.000000,-1.127293,-1.183657,-0.710194
2026-07-27T16:44:46.822133,2.8760,-0.223988,-0.115824,0.000000,-1.119939,-1.175936,-0.705562
2026-07-27T16:44:46.822160,2.8765,-0.222518,-0.116626,0.000000,-1.112588,-1.168217,-0.700930
2026-07-27T16:44:46.822187,2.8770,-0.221048,-0.117428,0.000000,-1.105239,-1.160501,-0.696301
2026-07-27T16:44:46.822213,2.8775,-0.226930,-0.114220,0.000000,-1.134649,-1.191382,-0.714829
2026-07-27T16:44:46.822240,2.8780,-0.225459,-0.115022,0.000000,-1.127293,-1.183657,-0.710194
2026-07-27T16:44:46.822270,2.8785,-0.223988,-0.115824,0.000000,-1.119939,-1.175936,-0.705562
2026-07-27T16:44:46.822298,2.8790,-0.222518,-0.116626,0.000000,-1.112588,-1.168217,-0.700930
2026-07-27T16:44:46.822324,2.8795,-0.221048,-0.117428,0.000000,-1.105239,-1.160501,-0.696301
2026-07-27T16:44:46.822351,2.8800,-0.226930,-0.114220,0.000000,-1.134649,-1.191382,-0.714829
2026-07-27T16:44:46.822377,2.8805,-0.225459,-0.115022,0.000000,-1.127293,-1.183657,-0.710194
2026-07-27T16:44:46.822404,2.8810,-0.223988,-0.115824,0.000000,-1.119939,-1.175936,-0.705562
2026-07-27T16:44:46.822431,2.8815,-0.222518,-0.116626,0.000000,-1.112588,-1.168217,-0.700930
2026-07-27T16:44:46.822458,2.8820,-0.221048,-0.117428,0.000000,-1.105239,-1.160501,-0.696301
2026-07-27T16:44:46.822485,2.8825,-0.226930,-0.114220,0.000000,-1.134649,-1.191382,-0.714829
2026-07-27T16:44:46.822512,2.8830,-0.225459,-0.115022,0.000000,-1.127293,-1.183657,-0.710194
2026-07-27T16:44:46.822539,2.8835,-0.223988,-0.115824,0.000000,-1.119939,-1.175936,-0.705562
2026-07-27T16:44:46.822566,2.8840,-0.222518,-0.116626,0.000000,-1.112588,-1.168217,-0.700930
2026-07-27T16:44:46.822593,2.8845,-0.221048,-0.117428,0.000000,-1.105239,-1.160501,-0.696301
2026-07-27T16:44:46.822620,2.8850,-0.226930,-0.114220,0.000000,-1.134649,-1.191382,-0.714829
2026-07-27T16:44:46.822647,2.8855,-0.225459,-0.115022,0.000000,-1.127293,-1.183657,-0.710194
2026-07-27T16:44:46.822673,2.8860,-0.223988,-0.115824,0.000000,-1.119939,-1.175936,-0.705562
2026-07-27T16:44:46.822700,2.8865,-0.222518,-0.116626,0.000000,-1.112588,-1.168217,-0.700930
2026-07-27T16:44:46.822727,2.8870,-0.221048,-0.117428,0.000000,-1.105239,-1.160501,-0.696301
2026-07-27T16:44:46.822778,2.8875,-0.226930,-0.114220,0.000000,-1.134649,-1.191382,-0.714829
2026-07-27T16:44:46.822807,2.8880,-0.225459,-0.115022,0.000000,-1.127293,-1.183657,-0.710194
2026-07-27T16:44:46.822833,2.8885,-0.223988,-0.115824,0.000000,-1.119939,-1.175936,-0.705562
2026-07-27T16:44:46.822860,2.8890,-0.222518,-0.116626,0.000000,-1.112588,-1.168217,-0.700930
2026-07-27T16:44:46.822887,2.8895,-0.221048,-0.117428,0.000000,-1.105239,-1.160501,-0.696301
2026-07-27T16:44:46.822913,2.8900,-0.226930,-0.114220,0.000000,-1.134649,-1.191382,-0.714829
2026-07-27T16:44:46.822940,2.8905,-0.225459,-0.115022,0.000000,-1.127293,-1.183657,-0.710194
2026-07-27T16:44:46.822966,2.8910,-0.223988,-0.115824,0.000000,-1.119939,-1.175936,-0.705562
2026-07-27T16:44:46.822993,2.8915,-0.222518,-0.116626,0.000000,-1.112588,-1.168217,-0.700930
2026-07-27T16:44:46.823019,2.8920,-0.221048,-0.117428,0.000000,-1.105239,-1.160501,-0.696301
2026-07-27T16:44:46.823046,2.8925,-0.226930,-0.114220,0.000000,-1.134649,-1.191382,-0.714829
2026-07-27T16:44:46.823072,2.8930,-0.225459,-0.115022,0.000000,-1.127293,-1.183657,-0.710194
2026-07-27T16:44:46.823099,2.8935,-0.223988,-0.115824,0.000000,-1.119939,-1.175936,-0.705562
2026-07-27T16:44:46.823126,2.8940,-0.222518,-0.116626,0.000000,-1.112588,-1.168217,-0.700930
2026-07-27T16:44:46.823153,2.8945,-0.221048,-0.117428,0.000000,-1.105239,-1.160501,-0.696301
2026-07-27T16:44:46.823180,2.8950,-0.226930,-0.114220,0.000000,-1.134649,-1.191382,-0.714829
2026-07-27T16:44:46.823207,2.8955,-0.225459,-0.115022,0.000000,-1.127293,-1.183657,-0.710194
2026-07-27T16:44:46.823234,2.8960,-0.223988,-0.115824,0.000000,-1.119939,-1.175936,-0.705562
2026-07-27T16:44:46.823261,2.8965,-0.222518,-0.116626,0.000000,-1.112588,-1.168217,-0.700930
2026-07-27T16:44:46.823292,2.8970,-0.221048,-0.117428,0.000000,-1.105239,-1.160501,-0.696301
2026-07-27T16:44:46.823320,2.8975,-0.226930,-0.114220,0.000000,-1.134649,-1.191382,-0.714829
2026-07-27T16:44:46.823347,2.8980,-0.225459,-0.115022,0.000000,-1.127293,-1.183657,-0.710194
2026-07-27T16:44:46.823374,2.8985,-0.223988,-0.115824,0.000000,-1.119939,-1.175936,-0.705562
2026-07-27T16:44:46.823400,2.8990,-0.222518,-0.116626,0.000000,-1.112588,-1.168217,-0.700930
2026-07-27T16:44:46.823427,2.8995,-0.221048,-0.117428,0.000000,-1.105239,-1.160501,-0.696301
2026-07-27T16:44:46.917664,2.9000,-0.219579,-0.118229,0.000000,-1.097893,-1.152788,-0.691673
2026-07-27T16:44:46.917720,2.9005,-0.218110,-0.119030,0.000000,-1.090550,-1.145078,-0.687047
2026-07-27T16:44:46.917754,2.9010,-0.216642,-0.119831,0.000000,-1.083210,-1.137370,-0.682422
2026-07-27T16:44:46.917786,2.9015,-0.215174,-0.120632,0.000000,-1.075872,-1.129665,-0.677799
2026-07-27T16:44:46.917816,2.9020,-0.213707,-0.121432,0.000000,-1.068537,-1.121963,-0.673178
2026-07-27T16:44:46.917849,2.9025,-0.219579,-0.118229,0.000000,-1.097893,-1.152788,-0.691673
2026-07-27T16:44:46.917878,2.9030,-0.218110,-0.119030,0.000000,-1.090550,-1.145078,-0.687047
2026-07-27T16:44:46.917907,2.9035,-0.216642,-0.119831,0.000000,-1.083210,-1.137370,-0.682422
2026-07-27T16:44:46.917934,2.9040,-0.215174,-0.120632,0.000000,-1.075872,-1.129665,-0.677799
2026-07-27T16:44:46.917963,2.9045,-0.213707,-0.121432,0.000000,-1.068537,-1.121963,-0.673178
2026-07-27T16:44:46.917990,2.9050,-0.219579,-0.118229,0.000000,-1.097893,-1.152788,-0.691673
2026-07-27T16:44:46.918019,2.9055,-0.218110,-0.119030,0.000000,-1.090550,-1.145078,-0.687047
2026-07-27T16:44:46.918049,2.9060,-0.216642,-0.119831,0.000000,-1.083210,-1.137370,-0.682422
2026-07-27T16:44:46.918078,2.9065,-0.215174,-0.120632,0.000000,-1.075872,-1.129665,-0.677799
2026-07-27T16:44:46.918108,2.9070,-0.213707,-0.121432,0.000000,-1.068537,-1.121963,-0.673178
2026-07-27T16:44:46.918137,2.9075,-0.219579,-0.118229,0.000000,-1.097893,-1.152788,-0.691673
2026-07-27T16:44:46.918167,2.9080,-0.218110,-0.119030,0.000000,-1.090550,-1.145078,-0.687047
2026-07-27T16:44:46.918196,2.9085,-0.216642,-0.119831,0.000000,-1.083210,-1.137370,-0.682422
2026-07-27T16:44:46.918225,2.9090,-0.215174,-0.120632,0.000000,-1.075872,-1.129665,-0.677799
2026-07-27T16:44:46.918255,2.9095,-0.213707,-0.121432,0.000000,-1.068537,-1.121963,-0.673178
2026-07-27T16:44:46.918292,2.9100,-0.219579,-0.118229,0.000000,-1.097893,-1.152788,-0.691673
2026-07-27T16:44:46.918323,2.9105,-0.218110,-0.119030,0.000000,-1.090550,-1.145078,-0.687047
2026-07-27T16:44:46.918357,2.9110,-0.216642,-0.119831,0.000000,-1.083210,-1.137370,-0.682422
2026-07-27T16:44:46.918391,2.9115,-0.215174,-0.120632,0.000000,-1.075872,-1.129665,-0.677799
2026-07-27T16:44:46.918424,2.9120,-0.213707,-0.121432,0.000000,-1.068537,-1.121963,-0.673178
2026-07-27T16:44:46.918465,2.9125,-0.219579,-0.118229,0.000000,-1.097893,-1.152788,-0.691673
2026-07-27T16:44:46.918503,2.9130,-0.218110,-0.119030,0.000000,-1.090550,-1.145078,-0.687047
2026-07-27T16:44:46.918543,2.9135,-0.216642,-0.119831,0.000000,-1.083210,-1.137370,-0.682422
2026-07-27T16:44:46.918582,2.9140,-0.215174,-0.120632,0.000000,-1.075872,-1.129665,-0.677799
2026-07-27T16:44:46.918620,2.9145,-0.213707,-0.121432,0.000000,-1.068537,-1.121963,-0.673178
2026-07-27T16:44:46.918656,2.9150,-0.219579,-0.118229,0.000000,-1.097893,-1.152788,-0.691673
2026-07-27T16:44:46.918687,2.9155,-0.218110,-0.119030,0.000000,-1.090550,-1.145078,-0.687047
2026-07-27T16:44:46.918718,2.9160,-0.216642,-0.119831,0.000000,-1.083210,-1.137370,-0.682422
2026-07-27T16:44:46.918750,2.9165,-0.215174,-0.120632,0.000000,-1.075872,-1.129665,-0.677799
2026-07-27T16:44:46.918782,2.9170,-0.213707,-0.121432,0.000000,-1.068537,-1.121963,-0.673178
2026-07-27T16:44:46.918813,2.9175,-0.219579,-0.118229,0.000000,-1.097893,-1.152788,-0.691673
2026-07-27T16:44:46.918845,2.9180,-0.218110,-0.119030,0.000000,-1.090550,-1.145078,-0.687047
2026-07-27T16:44:46.918874,2.9185,-0.216642,-0.119831,0.000000,-1.083210,-1.137370,-0.682422
2026-07-27T16:44:46.918904,2.9190,-0.215174,-0.120632,0.000000,-1.075872,-1.129665,-0.677799
2026-07-27T16:44:46.918933,2.9195,-0.213707,-0.121432,0.000000,-1.068537,-1.121963,-0.673178
2026-07-27T16:44:46.918962,2.9200,-0.219579,-0.118229,0.000000,-1.097893,-1.152788,-0.691673
2026-07-27T16:44:46.918992,2.9205,-0.218110,-0.119030,0.000000,-1.090550,-1.145078,-0.687047
2026-07-27T16:44:46.919021,2.9210,-0.216642,-0.119831,0.000000,-1.083210,-1.137370,-0.682422
2026-07-27T16:44:46.919051,2.9215,-0.215174,-0.120632,0.000000,-1.075872,-1.129665,-0.677799
2026-07-27T16:44:46.919080,2.9220,-0.213707,-0.121432,0.000000,-1.068537,-1.121963,-0.673178
2026-07-27T16:44:46.919110,2.9225,-0.219579,-0.118229,0.000000,-1.097893,-1.152788,-0.691673
2026-07-27T16:44:46.919139,2.9230,-0.218110,-0.119030,0.000000,-1.090550,-1.145078,-0.687047
2026-07-27T16:44:46.919168,2.9235,-0.216642,-0.119831,0.000000,-1.083210,-1.137370,-0.682422
2026-07-27T16:44:46.919197,2.9240,-0.215174,-0.120632,0.000000,-1.075872,-1.129665,-0.677799
2026-07-27T16:44:46.919227,2.9245,-0.213707,-0.121432,0.000000,-1.068537,-1.121963,-0.673178
2026-07-27T16:44:46.919256,2.9250,-0.219579,-0.118229,0.000000,-1.097893,-1.152788,-0.691673
2026-07-27T16:44:46.919290,2.9255,-0.218110,-0.119030,0.000000,-1.090550,-1.145078,-0.687047
2026-07-27T16:44:46.919321,2.9260,-0.216642,-0.119831,0.000000,-1.083210,-1.137370,-0.682422
2026-07-27T16:44:46.919355,2.9265,-0.215174,-0.120632,0.000000,-1.075872,-1.129665,-0.677799
2026-07-27T16:44:46.919389,2.9270,-0.213707,-0.121432,0.000000,-1.068537,-1.121963,-0.673178
2026-07-27T16:44:46.919424,2.9275,-0.219579,-0.118229,0.000000,-1.097893,-1.152788,-0.691673
2026-07-27T16:44:46.919458,2.9280,-0.218110,-0.119030,0.000000,-1.090550,-1.145078,-0.687047
2026-07-27T16:44:46.919492,2.9285,-0.216642,-0.119831,0.000000,-1.083210,-1.137370,-0.682422
2026-07-27T16:44:46.919526,2.9290,-0.215174,-0.120632,0.000000,-1.075872,-1.129665,-0.677799
2026-07-27T16:44:46.919560,2.9295,-0.213707,-0.121432,0.000000,-1.068537,-1.121963,-0.673178
2026-07-27T16:44:46.919594,2.9300,-0.219579,-0.118229,0.000000,-1.097893,-1.152788,-0.691673
2026-07-27T16:44:46.919628,2.9305,-0.218110,-0.119030,0.000000,-1.090550,-1.145078,-0.687047
2026-07-27T16:44:46.919659,2.9310,-0.216642,-0.119831,0.000000,-1.083210,-1.137370,-0.682422
2026-07-27T16:44:46.919690,2.9315,-0.215174,-0.120632,0.000000,-1.075872,-1.129665,-0.677799
2026-07-27T16:44:46.919722,2.9320,-0.213707,-0.121432,0.000000,-1.068537,-1.121963,-0.673178
2026-07-27T16:44:46.919754,2.9325,-0.219579,-0.118229,0.000000,-1.097893,-1.152788,-0.691673
2026-07-27T16:44:46.919782,2.9330,-0.218110,-0.119030,0.000000,-1.090550,-1.145078,-0.687047
2026-07-27T16:44:46.919810,2.9335,-0.216642,-0.119831,0.000000,-1.083210,-1.137370,-0.682422
2026-07-27T16:44:46.919837,2.9340,-0.215174,-0.120632,0.000000,-1.075872,-1.129665,-0.677799
2026-07-27T16:44:46.919864,2.9345,-0.213707,-0.121432,0.000000,-1.068537,-1.121963,-0.673178
2026-07-27T16:44:46.919891,2.9350,-0.219579,-0.118229,0.000000,-1.097893,-1.152788,-0.691673
2026-07-27T16:44:46.919919,2.9355,-0.218110,-0.119030,0.000000,-1.090550,-1.145078,-0.687047
2026-07-27T16:44:46.919946,2.9360,-0.216642,-0.119831,0.000000,-1.083210,-1.137370,-0.682422
2026-07-27T16:44:46.919973,2.9365,-0.215174,-0.120632,0.000000,-1.075872,-1.129665,-0.677799
2026-07-27T16:44:46.920000,2.9370,-0.213707,-0.121432,0.000000,-1.068537,-1.121963,-0.673178
2026-07-27T16:44:46.920027,2.9375,-0.219579,-0.118229,0.000000,-1.097893,-1.152788,-0.691673
2026-07-27T16:44:46.920055,2.9380,-0.218110,-0.119030,0.000000,-1.090550,-1.145078,-0.687047
2026-07-27T16:44:46.920084,2.9385,-0.216642,-0.119831,0.000000,-1.083210,-1.137370,-0.682422
2026-07-27T16:44:46.920112,2.9390,-0.215174,-0.120632,0.000000,-1.075872,-1.129665,-0.677799
2026-07-27T16:44:46.920139,2.9395,-0.213707,-0.121432,0.000000,-1.068537,-1.121963,-0.673178
2026-07-27T16:44:46.920167,2.9400,-0.219579,-0.118229,0.000000,-1.097893,-1.152788,-0.691673
2026-07-27T16:44:46.920194,2.9405,-0.218110,-0.119030,0.000000,-1.090550,-1.145078,-0.687047
2026-07-27T16:44:46.920222,2.9410,-0.216642,-0.119831,0.000000,-1.083210,-1.137370,-0.682422
2026-07-27T16:44:46.920249,2.9415,-0.215174,-0.120632,0.000000,-1.075872,-1.129665,-0.677799
2026-07-27T16:44:46.920282,2.9420,-0.213707,-0.121432,0.000000,-1.068537,-1.121963,-0.673178
2026-07-27T16:44:46.920310,2.9425,-0.219579,-0.118229,0.000000,-1.097893,-1.152788,-0.691673
2026-07-27T16:44:46.920336,2.9430,-0.218110,-0.119030,0.000000,-1.090550,-1.145078,-0.687047
2026-07-27T16:44:46.920370,2.9435,-0.216642,-0.119831,0.000000,-1.083210,-1.137370,-0.682422
2026-07-27T16:44:46.920444,2.9440,-0.215174,-0.120632,0.000000,-1.075872,-1.129665,-0.677799
2026-07-27T16:44:46.920474,2.9445,-0.213707,-0.121432,0.000000,-1.068537,-1.121963,-0.673178
2026-07-27T16:44:46.920502,2.9450,-0.219579,-0.118229,0.000000,-1.097893,-1.152788,-0.691673
2026-07-27T16:44:46.920529,2.9455,-0.218110,-0.119030,0.000000,-1.090550,-1.145078,-0.687047
2026-07-27T16:44:46.920556,2.9460,-0.216642,-0.119831,0.000000,-1.083210,-1.137370,-0.682422
2026-07-27T16:44:46.920583,2.9465,-0.215174,-0.120632,0.000000,-1.075872,-1.129665,-0.677799
2026-07-27T16:44:46.920610,2.9470,-0.213707,-0.121432,0.000000,-1.068537,-1.121963,-0.673178
2026-07-27T16:44:46.920637,2.9475,-0.219579,-0.118229,0.000000,-1.097893,-1.152788,-0.691673
2026-07-27T16:44:46.920664,2.9480,-0.218110,-0.119030,0.000000,-1.090550,-1.145078,-0.687047
2026-07-27T16:44:46.920691,2.9485,-0.216642,-0.119831,0.000000,-1.083210,-1.137370,-0.682422
2026-07-27T16:44:46.920719,2.9490,-0.215174,-0.120632,0.000000,-1.075872,-1.129665,-0.677799
2026-07-27T16:44:46.920747,2.9495,-0.213707,-0.121432,0.000000,-1.068537,-1.121963,-0.673178
2026-07-27T16:44:46.920774,2.9500,-0.219579,-0.118229,0.000000,-1.097893,-1.152788,-0.691673
2026-07-27T16:44:46.920801,2.9505,-0.218110,-0.119030,0.000000,-1.090550,-1.145078,-0.687047
2026-07-27T16:44:46.920828,2.9510,-0.216642,-0.119831,0.000000,-1.083210,-1.137370,-0.682422
2026-07-27T16:44:46.920856,2.9515,-0.215174,-0.120632,0.000000,-1.075872,-1.129665,-0.677799
2026-07-27T16:44:46.920883,2.9520,-0.213707,-0.121432,0.000000,-1.068537,-1.121963,-0.673178
2026-07-27T16:44:46.920911,2.9525,-0.219579,-0.118229,0.000000,-1.097893,-1.152788,-0.691673
2026-07-27T16:44:46.920937,2.9530,-0.218110,-0.119030,0.000000,-1.090550,-1.145078,-0.687047
2026-07-27T16:44:46.920965,2.9535,-0.216642,-0.119831,0.000000,-1.083210,-1.137370,-0.682422
2026-07-27T16:44:46.920992,2.9540,-0.215174,-0.120632,0.000000,-1.075872,-1.129665,-0.677799
2026-07-27T16:44:46.921019,2.9545,-0.213707,-0.121432,0.000000,-1.068537,-1.121963,-0.673178
2026-07-27T16:44:46.921046,2.9550,-0.219579,-0.118229,0.000000,-1.097893,-1.152788,-0.691673
2026-07-27T16:44:46.921074,2.9555,-0.218110,-0.119030,0.000000,-1.090550,-1.145078,-0.687047
2026-07-27T16:44:46.921102,2.9560,-0.216642,-0.119831,0.000000,-1.083210,-1.137370,-0.682422
2026-07-27T16:44:46.921129,2.9565,-0.215174,-0.120632,0.000000,-1.075872,-1.129665,-0.677799
2026-07-27T16:44:46.921157,2.9570,-0.213707,-0.121432,0.000000,-1.068537,-1.121963,-0.673178
2026-07-27T16:44:46.921184,2.9575,-0.219579,-0.118229,0.000000,-1.097893,-1.152788,-0.691673
2026-07-27T16:44:46.921211,2.9580,-0.218110,-0.119030,0.000000,-1.090550,-1.145078,-0.687047
2026-07-27T16:44:46.921239,2.9585,-0.216642,-0.119831,0.000000,-1.083210,-1.137370,-0.682422
2026-07-27T16:44:46.921278,2.9590,-0.215174,-0.120632,0.000000,-1.075872,-1.129665,-0.677799
2026-07-27T16:44:46.921312,2.9595,-0.213707,-0.121432,0.000000,-1.068537,-1.121963,-0.673178
2026-07-27T16:44:46.921340,2.9600,-0.219579,-0.118229,0.000000,-1.097893,-1.152788,-0.691673
2026-07-27T16:44:46.921373,2.9605,-0.218110,-0.119030,0.000000,-1.090550,-1.145078,-0.687047
2026-07-27T16:44:46.921400,2.9610,-0.216642,-0.119831,0.000000,-1.083210,-1.137370,-0.682422
2026-07-27T16:44:46.921428,2.9615,-0.215174,-0.120632,0.000000,-1.075872,-1.129665,-0.677799
2026-07-27T16:44:46.921455,2.9620,-0.213707,-0.121432,0.000000,-1.068537,-1.121963,-0.673178
2026-07-27T16:44:46.921482,2.9625,-0.219579,-0.118229,0.000000,-1.097893,-1.152788,-0.691673
2026-07-27T16:44:46.921509,2.9630,-0.218110,-0.119030,0.000000,-1.090550,-1.145078,-0.687047
2026-07-27T16:44:46.921537,2.9635,-0.216642,-0.119831,0.000000,-1.083210,-1.137370,-0.682422
2026-07-27T16:44:46.921564,2.9640,-0.215174,-0.120632,0.000000,-1.075872,-1.129665,-0.677799
2026-07-27T16:44:46.921591,2.9645,-0.213707,-0.121432,0.000000,-1.068537,-1.121963,-0.673178
2026-07-27T16:44:46.921619,2.9650,-0.219579,-0.118229,0.000000,-1.097893,-1.152788,-0.691673
2026-07-27T16:44:46.921646,2.9655,-0.218110,-0.119030,0.000000,-1.090550,-1.145078,-0.687047
2026-07-27T16:44:46.921673,2.9660,-0.216642,-0.119831,0.000000,-1.083210,-1.137370,-0.682422
2026-07-27T16:44:46.921700,2.9665,-0.215174,-0.120632,0.000000,-1.075872,-1.129665,-0.677799
2026-07-27T16:44:46.921727,2.9670,-0.213707,-0.121432,0.000000,-1.068537,-1.121963,-0.673178
2026-07-27T16:44:46.921754,2.9675,-0.219579,-0.118229,0.000000,-1.097893,-1.152788,-0.691673
2026-07-27T16:44:46.921781,2.9680,-0.218110,-0.119030,0.000000,-1.090550,-1.145078,-0.687047
2026-07-27T16:44:46.921809,2.9685,-0.216642,-0.119831,0.000000,-1.083210,-1.137370,-0.682422
2026-07-27T16:44:46.921836,2.9690,-0.215174,-0.120632,0.000000,-1.075872,-1.129665,-0.677799
2026-07-27T16:44:46.921864,2.9695,-0.213707,-0.121432,0.000000,-1.068537,-1.121963,-0.673178
2026-07-27T16:44:46.921891,2.9700,-0.219579,-0.118229,0.000000,-1.097893,-1.152788,-0.691673
2026-07-27T16:44:46.921918,2.9705,-0.218110,-0.119030,0.000000,-1.090550,-1.145078,-0.687047
2026-07-27T16:44:46.921945,2.9710,-0.216642,-0.119831,0.000000,-1.083210,-1.137370,-0.682422
2026-07-27T16:44:46.921972,2.9715,-0.215174,-0.120632,0.000000,-1.075872,-1.129665,-0.677799
2026-07-27T16:44:46.922000,2.9720,-0.213707,-0.121432,0.000000,-1.068537,-1.121963,-0.673178
2026-07-27T16:44:46.922028,2.9725,-0.219579,-0.118229,0.000000,-1.097893,-1.152788,-0.691673
2026-07-27T16:44:46.922055,2.9730,-0.218110,-0.119030,0.000000,-1.090550,-1.145078,-0.687047
2026-07-27T16:44:46.922082,2.9735,-0.216642,-0.119831,0.000000,-1.083210,-1.137370,-0.682422
2026-07-27T16:44:46.922110,2.9740,-0.215174,-0.120632,0.000000,-1.075872,-1.129665,-0.677799
2026-07-27T16:44:46.922137,2.9745,-0.213707,-0.121432,0.000000,-1.068537,-1.121963,-0.673178
2026-07-27T16:44:46.922164,2.9750,-0.219579,-0.118229,0.000000,-1.097893,-1.152788,-0.691673
2026-07-27T16:44:46.922191,2.9755,-0.218110,-0.119030,0.000000,-1.090550,-1.145078,-0.687047
2026-07-27T16:44:46.922218,2.9760,-0.216642,-0.119831,0.000000,-1.083210,-1.137370,-0.682422
2026-07-27T16:44:46.922245,2.9765,-0.215174,-0.120632,0.000000,-1.075872,-1.129665,-0.677799
2026-07-27T16:44:46.922280,2.9770,-0.213707,-0.121432,0.000000,-1.068537,-1.121963,-0.673178
2026-07-27T16:44:46.922309,2.9775,-0.219579,-0.118229,0.000000,-1.097893,-1.152788,-0.691673
2026-07-27T16:44:46.922336,2.9780,-0.218110,-0.119030,0.000000,-1.090550,-1.145078,-0.687047
2026-07-27T16:44:46.922364,2.9785,-0.216642,-0.119831,0.000000,-1.083210,-1.137370,-0.682422
2026-07-27T16:44:46.922393,2.9790,-0.215174,-0.120632,0.000000,-1.075872,-1.129665,-0.677799
2026-07-27T16:44:46.922421,2.9795,-0.213707,-0.121432,0.000000,-1.068537,-1.121963,-0.673178
2026-07-27T16:44:46.922454,2.9800,-0.219579,-0.118229,0.000000,-1.097893,-1.152788,-0.691673
2026-07-27T16:44:46.922482,2.9805,-0.218110,-0.119030,0.000000,-1.090550,-1.145078,-0.687047
2026-07-27T16:44:46.922509,2.9810,-0.216642,-0.119831,0.000000,-1.083210,-1.137370,-0.682422
2026-07-27T16:44:46.922537,2.9815,-0.215174,-0.120632,0.000000,-1.075872,-1.129665,-0.677799
2026-07-27T16:44:46.922566,2.9820,-0.213707,-0.121432,0.000000,-1.068537,-1.121963,-0.673178
2026-07-27T16:44:46.922599,2.9825,-0.219579,-0.118229,0.000000,-1.097893,-1.152788,-0.691673
2026-07-27T16:44:46.922627,2.9830,-0.218110,-0.119030,0.000000,-1.090550,-1.145078,-0.687047
2026-07-27T16:44:46.922655,2.9835,-0.216642,-0.119831,0.000000,-1.083210,-1.137370,-0.682422
2026-07-27T16:44:46.922682,2.9840,-0.215174,-0.120632,0.000000,-1.075872,-1.129665,-0.677799
2026-07-27T16:44:46.922711,2.9845,-0.213707,-0.121432,0.000000,-1.068537,-1.121963,-0.673178
2026-07-27T16:44:46.922740,2.9850,-0.219579,-0.118229,0.000000,-1.097893,-1.152788,-0.691673
2026-07-27T16:44:46.922769,2.9855,-0.218110,-0.119030,0.000000,-1.090550,-1.145078,-0.687047
2026-07-27T16:44:46.922797,2.9860,-0.216642,-0.119831,0.000000,-1.083210,-1.137370,-0.682422
2026-07-27T16:44:46.922826,2.9865,-0.215174,-0.120632,0.000000,-1.075872,-1.129665,-0.677799
2026-07-27T16:44:46.922855,2.9870,-0.213707,-0.121432,0.000000,-1.068537,-1.121963,-0.673178
2026-07-27T16:44:46.922920,2.9875,-0.219579,-0.118229,0.000000,-1.097893,-1.152788,-0.691673
2026-07-27T16:44:46.922950,2.9880,-0.218110,-0.119030,0.000000,-1.090550,-1.145078,-0.687047
2026-07-27T16:44:46.922979,2.9885,-0.216642,-0.119831,0.000000,-1.083210,-1.137370,-0.682422
2026-07-27T16:44:46.923010,2.9890,-0.215174,-0.120632,0.000000,-1.075872,-1.129665,-0.677799
2026-07-27T16:44:46.923038,2.9895,-0.213707,-0.121432,0.000000,-1.068537,-1.121963,-0.673178
2026-07-27T16:44:46.923067,2.9900,-0.219579,-0.118229,0.000000,-1.097893,-1.152788,-0.691673
2026-07-27T16:44:46.923095,2.9905,-0.218110,-0.119030,0.000000,-1.090550,-1.145078,-0.687047
2026-07-27T16:44:46.923124,2.9910,-0.216642,-0.119831,0.000000,-1.083210,-1.137370,-0.682422
2026-07-27T16:44:46.923153,2.9915,-0.215174,-0.120632,0.000000,-1.075872,-1.129665,-0.677799
2026-07-27T16:44:46.923181,2.9920,-0.213707,-0.121432,0.000000,-1.068537,-1.121963,-0.673178
2026-07-27T16:44:46.923210,2.9925,-0.219579,-0.118229,0.000000,-1.097893,-1.152788,-0.691673
2026-07-27T16:44:46.923238,2.9930,-0.218110,-0.119030,0.000000,-1.090550,-1.145078,-0.687047
2026-07-27T16:44:46.923274,2.9935,-0.216642,-0.119831,0.000000,-1.083210,-1.137370,-0.682422
2026-07-27T16:44:46.923305,2.9940,-0.215174,-0.120632,0.000000,-1.075872,-1.129665,-0.677799
2026-07-27T16:44:46.923333,2.9945,-0.213707,-0.121432,0.000000,-1.068537,-1.121963,-0.673178
2026-07-27T16:44:46.923363,2.9950,-0.219579,-0.118229,0.000000,-1.097893,-1.152788,-0.691673
2026-07-27T16:44:46.923391,2.9955,-0.218110,-0.119030,0.000000,-1.090550,-1.145078,-0.687047
2026-07-27T16:44:46.923419,2.9960,-0.216642,-0.119831,0.000000,-1.083210,-1.137370,-0.682422
2026-07-27T16:44:46.923447,2.9965,-0.215174,-0.120632,0.000000,-1.075872,-1.129665,-0.677799
2026-07-27T16:44:46.923475,2.9970,-0.213707,-0.121432,0.000000,-1.068537,-1.121963,-0.673178
2026-07-27T16:44:46.923505,2.9975,-0.219579,-0.118229,0.000000,-1.097893,-1.152788,-0.691673
2026-07-27T16:44:46.923534,2.9980,-0.218110,-0.119030,0.000000,-1.090550,-1.145078,-0.687047
2026-07-27T16:44:46.923561,2.9985,-0.216642,-0.119831,0.000000,-1.083210,-1.137370,-0.682422
2026-07-27T16:44:46.923589,2.9990,-0.215174,-0.120632,0.000000,-1.075872,-1.129665,-0.677799
2026-07-27T16:44:46.923617,2.9995,-0.213707,-0.121432,0.000000,-1.068537,-1.121963,-0.673178
2026-07-27T16:44:47.017724,3.0000,-0.212241,-0.122232,0.000000,-1.061204,-1.114264,-0.668559
2026-07-27T16:44:47.017782,3.0005,-0.210775,-0.123031,0.000000,-1.053875,-1.106568,-0.663941
2026-07-27T16:44:47.017818,3.0010,-0.209310,-0.123831,0.000000,-1.046548,-1.098875,-0.659325
2026-07-27T16:44:47.017850,3.0015,-0.207845,-0.124630,0.000000,-1.039224,-1.091185,-0.654711
2026-07-27T16:44:47.017880,3.0020,-0.206381,-0.125428,0.000000,-1.031903,-1.083498,-0.650099
2026-07-27T16:44:47.017910,3.0025,-0.212241,-0.122232,0.000000,-1.061204,-1.114264,-0.668559
2026-07-27T16:44:47.017939,3.0030,-0.210775,-0.123031,0.000000,-1.053875,-1.106568,-0.663941
2026-07-27T16:44:47.017967,3.0035,-0.209310,-0.123831,0.000000,-1.046548,-1.098875,-0.659325
2026-07-27T16:44:47.017995,3.0040,-0.207845,-0.124630,0.000000,-1.039224,-1.091185,-0.654711
2026-07-27T16:44:47.018024,3.0045,-0.206381,-0.125428,0.000000,-1.031903,-1.083498,-0.650099
2026-07-27T16:44:47.018052,3.0050,-0.212241,-0.122232,0.000000,-1.061204,-1.114264,-0.668559
2026-07-27T16:44:47.018084,3.0055,-0.210775,-0.123031,0.000000,-1.053875,-1.106568,-0.663941
2026-07-27T16:44:47.018112,3.0060,-0.209310,-0.123831,0.000000,-1.046548,-1.098875,-0.659325
2026-07-27T16:44:47.018139,3.0065,-0.207845,-0.124630,0.000000,-1.039224,-1.091185,-0.654711
2026-07-27T16:44:47.018168,3.0070,-0.206381,-0.125428,0.000000,-1.031903,-1.083498,-0.650099
2026-07-27T16:44:47.018196,3.0075,-0.212241,-0.122232,0.000000,-1.061204,-1.114264,-0.668559
2026-07-27T16:44:47.018223,3.0080,-0.210775,-0.123031,0.000000,-1.053875,-1.106568,-0.663941
2026-07-27T16:44:47.018251,3.0085,-0.209310,-0.123831,0.000000,-1.046548,-1.098875,-0.659325
2026-07-27T16:44:47.018284,3.0090,-0.207845,-0.124630,0.000000,-1.039224,-1.091185,-0.654711
2026-07-27T16:44:47.018312,3.0095,-0.206381,-0.125428,0.000000,-1.031903,-1.083498,-0.650099
2026-07-27T16:44:47.018342,3.0100,-0.212241,-0.122232,0.000000,-1.061204,-1.114264,-0.668559
2026-07-27T16:44:47.018369,3.0105,-0.210775,-0.123031,0.000000,-1.053875,-1.106568,-0.663941
2026-07-27T16:44:47.018397,3.0110,-0.209310,-0.123831,0.000000,-1.046548,-1.098875,-0.659325
2026-07-27T16:44:47.018425,3.0115,-0.207845,-0.124630,0.000000,-1.039224,-1.091185,-0.654711
2026-07-27T16:44:47.018452,3.0120,-0.206381,-0.125428,0.000000,-1.031903,-1.083498,-0.650099
2026-07-27T16:44:47.018480,3.0125,-0.212241,-0.122232,0.000000,-1.061204,-1.114264,-0.668559
2026-07-27T16:44:47.018509,3.0130,-0.210775,-0.123031,0.000000,-1.053875,-1.106568,-0.663941
2026-07-27T16:44:47.018547,3.0135,-0.209310,-0.123831,0.000000,-1.046548,-1.098875,-0.659325
2026-07-27T16:44:47.018599,3.0140,-0.207845,-0.124630,0.000000,-1.039224,-1.091185,-0.654711
2026-07-27T16:44:47.018635,3.0145,-0.206381,-0.125428,0.000000,-1.031903,-1.083498,-0.650099
2026-07-27T16:44:47.018666,3.0150,-0.212241,-0.122232,0.000000,-1.061204,-1.114264,-0.668559
2026-07-27T16:44:47.018699,3.0155,-0.210775,-0.123031,0.000000,-1.053875,-1.106568,-0.663941
2026-07-27T16:44:47.018730,3.0160,-0.209310,-0.123831,0.000000,-1.046548,-1.098875,-0.659325
2026-07-27T16:44:47.018763,3.0165,-0.207845,-0.124630,0.000000,-1.039224,-1.091185,-0.654711
2026-07-27T16:44:47.018794,3.0170,-0.206381,-0.125428,0.000000,-1.031903,-1.083498,-0.650099
2026-07-27T16:44:47.018826,3.0175,-0.212241,-0.122232,0.000000,-1.061204,-1.114264,-0.668559
2026-07-27T16:44:47.018858,3.0180,-0.210775,-0.123031,0.000000,-1.053875,-1.106568,-0.663941
2026-07-27T16:44:47.018890,3.0185,-0.209310,-0.123831,0.000000,-1.046548,-1.098875,-0.659325
2026-07-27T16:44:47.018922,3.0190,-0.207845,-0.124630,0.000000,-1.039224,-1.091185,-0.654711
2026-07-27T16:44:47.018954,3.0195,-0.206381,-0.125428,0.000000,-1.031903,-1.083498,-0.650099
2026-07-27T16:44:47.018985,3.0200,-0.212241,-0.122232,0.000000,-1.061204,-1.114264,-0.668559
2026-07-27T16:44:47.019017,3.0205,-0.210775,-0.123031,0.000000,-1.053875,-1.106568,-0.663941
2026-07-27T16:44:47.019048,3.0210,-0.209310,-0.123831,0.000000,-1.046548,-1.098875,-0.659325
2026-07-27T16:44:47.019080,3.0215,-0.207845,-0.124630,0.000000,-1.039224,-1.091185,-0.654711
2026-07-27T16:44:47.019112,3.0220,-0.206381,-0.125428,0.000000,-1.031903,-1.083498,-0.650099
2026-07-27T16:44:47.019144,3.0225,-0.212241,-0.122232,0.000000,-1.061204,-1.114264,-0.668559
2026-07-27T16:44:47.019175,3.0230,-0.210775,-0.123031,0.000000,-1.053875,-1.106568,-0.663941
2026-07-27T16:44:47.019208,3.0235,-0.209310,-0.123831,0.000000,-1.046548,-1.098875,-0.659325
2026-07-27T16:44:47.019240,3.0240,-0.207845,-0.124630,0.000000,-1.039224,-1.091185,-0.654711
2026-07-27T16:44:47.019278,3.0245,-0.206381,-0.125428,0.000000,-1.031903,-1.083498,-0.650099
2026-07-27T16:44:47.019311,3.0250,-0.212241,-0.122232,0.000000,-1.061204,-1.114264,-0.668559
2026-07-27T16:44:47.019354,3.0255,-0.210775,-0.123031,0.000000,-1.053875,-1.106568,-0.663941
2026-07-27T16:44:47.019394,3.0260,-0.209310,-0.123831,0.000000,-1.046548,-1.098875,-0.659325
2026-07-27T16:44:47.019434,3.0265,-0.207845,-0.124630,0.000000,-1.039224,-1.091185,-0.654711
2026-07-27T16:44:47.019473,3.0270,-0.206381,-0.125428,0.000000,-1.031903,-1.083498,-0.650099
2026-07-27T16:44:47.019513,3.0275,-0.212241,-0.122232,0.000000,-1.061204,-1.114264,-0.668559
2026-07-27T16:44:47.019558,3.0280,-0.210775,-0.123031,0.000000,-1.053875,-1.106568,-0.663941
2026-07-27T16:44:47.019598,3.0285,-0.209310,-0.123831,0.000000,-1.046548,-1.098875,-0.659325
2026-07-27T16:44:47.019637,3.0290,-0.207845,-0.124630,0.000000,-1.039224,-1.091185,-0.654711
2026-07-27T16:44:47.019675,3.0295,-0.206381,-0.125428,0.000000,-1.031903,-1.083498,-0.650099
2026-07-27T16:44:47.019710,3.0300,-0.212241,-0.122232,0.000000,-1.061204,-1.114264,-0.668559
2026-07-27T16:44:47.019748,3.0305,-0.210775,-0.123031,0.000000,-1.053875,-1.106568,-0.663941
2026-07-27T16:44:47.019784,3.0310,-0.209310,-0.123831,0.000000,-1.046548,-1.098875,-0.659325
2026-07-27T16:44:47.019822,3.0315,-0.207845,-0.124630,0.000000,-1.039224,-1.091185,-0.654711
2026-07-27T16:44:47.019854,3.0320,-0.206381,-0.125428,0.000000,-1.031903,-1.083498,-0.650099
2026-07-27T16:44:47.019886,3.0325,-0.212241,-0.122232,0.000000,-1.061204,-1.114264,-0.668559
2026-07-27T16:44:47.019917,3.0330,-0.210775,-0.123031,0.000000,-1.053875,-1.106568,-0.663941
2026-07-27T16:44:47.019947,3.0335,-0.209310,-0.123831,0.000000,-1.046548,-1.098875,-0.659325
2026-07-27T16:44:47.019977,3.0340,-0.207845,-0.124630,0.000000,-1.039224,-1.091185,-0.654711
2026-07-27T16:44:47.020007,3.0345,-0.206381,-0.125428,0.000000,-1.031903,-1.083498,-0.650099
2026-07-27T16:44:47.020037,3.0350,-0.212241,-0.122232,0.000000,-1.061204,-1.114264,-0.668559
2026-07-27T16:44:47.020066,3.0355,-0.210775,-0.123031,0.000000,-1.053875,-1.106568,-0.663941
2026-07-27T16:44:47.020096,3.0360,-0.209310,-0.123831,0.000000,-1.046548,-1.098875,-0.659325
2026-07-27T16:44:47.020125,3.0365,-0.207845,-0.124630,0.000000,-1.039224,-1.091185,-0.654711
2026-07-27T16:44:47.020155,3.0370,-0.206381,-0.125428,0.000000,-1.031903,-1.083498,-0.650099
2026-07-27T16:44:47.020185,3.0375,-0.212241,-0.122232,0.000000,-1.061204,-1.114264,-0.668559
2026-07-27T16:44:47.020215,3.0380,-0.210775,-0.123031,0.000000,-1.053875,-1.106568,-0.663941
2026-07-27T16:44:47.020246,3.0385,-0.209310,-0.123831,0.000000,-1.046548,-1.098875,-0.659325
2026-07-27T16:44:47.020280,3.0390,-0.207845,-0.124630,0.000000,-1.039224,-1.091185,-0.654711
2026-07-27T16:44:47.020309,3.0395,-0.206381,-0.125428,0.000000,-1.031903,-1.083498,-0.650099
2026-07-27T16:44:47.020447,3.0400,-0.212241,-0.122232,0.000000,-1.061204,-1.114264,-0.668559
2026-07-27T16:44:47.020478,3.0405,-0.210775,-0.123031,0.000000,-1.053875,-1.106568,-0.663941
2026-07-27T16:44:47.020497,3.0410,-0.209310,-0.123831,0.000000,-1.046548,-1.098875,-0.659325
2026-07-27T16:44:47.020514,3.0415,-0.207845,-0.124630,0.000000,-1.039224,-1.091185,-0.654711
2026-07-27T16:44:47.020536,3.0420,-0.206381,-0.125428,0.000000,-1.031903,-1.083498,-0.650099
2026-07-27T16:44:47.020551,3.0425,-0.212241,-0.122232,0.000000,-1.061204,-1.114264,-0.668559
2026-07-27T16:44:47.020567,3.0430,-0.210775,-0.123031,0.000000,-1.053875,-1.106568,-0.663941
2026-07-27T16:44:47.020581,3.0435,-0.209310,-0.123831,0.000000,-1.046548,-1.098875,-0.659325
2026-07-27T16:44:47.020637,3.0440,-0.207845,-0.124630,0.000000,-1.039224,-1.091185,-0.654711
2026-07-27T16:44:47.020650,3.0445,-0.206381,-0.125428,0.000000,-1.031903,-1.083498,-0.650099
2026-07-27T16:44:47.020663,3.0450,-0.212241,-0.122232,0.000000,-1.061204,-1.114264,-0.668559
2026-07-27T16:44:47.020676,3.0455,-0.210775,-0.123031,0.000000,-1.053875,-1.106568,-0.663941
2026-07-27T16:44:47.020688,3.0460,-0.209310,-0.123831,0.000000,-1.046548,-1.098875,-0.659325
2026-07-27T16:44:47.020700,3.0465,-0.207845,-0.124630,0.000000,-1.039224,-1.091185,-0.654711
2026-07-27T16:44:47.020712,3.0470,-0.206381,-0.125428,0.000000,-1.031903,-1.083498,-0.650099
2026-07-27T16:44:47.020724,3.0475,-0.212241,-0.122232,0.000000,-1.061204,-1.114264,-0.668559
2026-07-27T16:44:47.020737,3.0480,-0.210775,-0.123031,0.000000,-1.053875,-1.106568,-0.663941
2026-07-27T16:44:47.020749,3.0485,-0.209310,-0.123831,0.000000,-1.046548,-1.098875,-0.659325
2026-07-27T16:44:47.020762,3.0490,-0.207845,-0.124630,0.000000,-1.039224,-1.091185,-0.654711
2026-07-27T16:44:47.020774,3.0495,-0.206381,-0.125428,0.000000,-1.031903,-1.083498,-0.650099
2026-07-27T16:44:47.020787,3.0500,-0.212241,-0.122232,0.000000,-1.061204,-1.114264,-0.668559
2026-07-27T16:44:47.020799,3.0505,-0.210775,-0.123031,0.000000,-1.053875,-1.106568,-0.663941
2026-07-27T16:44:47.020814,3.0510,-0.209310,-0.123831,0.000000,-1.046548,-1.098875,-0.659325
2026-07-27T16:44:47.020825,3.0515,-0.207845,-0.124630,0.000000,-1.039224,-1.091185,-0.654711
2026-07-27T16:44:47.020837,3.0520,-0.206381,-0.125428,0.000000,-1.031903,-1.083498,-0.650099
2026-07-27T16:44:47.020848,3.0525,-0.212241,-0.122232,0.000000,-1.061204,-1.114264,-0.668559
2026-07-27T16:44:47.020858,3.0530,-0.210775,-0.123031,0.000000,-1.053875,-1.106568,-0.663941
2026-07-27T16:44:47.020870,3.0535,-0.209310,-0.123831,0.000000,-1.046548,-1.098875,-0.659325
2026-07-27T16:44:47.020885,3.0540,-0.207845,-0.124630,0.000000,-1.039224,-1.091185,-0.654711
2026-07-27T16:44:47.020894,3.0545,-0.206381,-0.125428,0.000000,-1.031903,-1.083498,-0.650099
2026-07-27T16:44:47.020903,3.0550,-0.212241,-0.122232,0.000000,-1.061204,-1.114264,-0.668559
2026-07-27T16:44:47.020913,3.0555,-0.210775,-0.123031,0.000000,-1.053875,-1.106568,-0.663941
2026-07-27T16:44:47.020922,3.0560,-0.209310,-0.123831,0.000000,-1.046548,-1.098875,-0.659325
2026-07-27T16:44:47.020931,3.0565,-0.207845,-0.124630,0.000000,-1.039224,-1.091185,-0.654711
2026-07-27T16:44:47.020940,3.0570,-0.206381,-0.125428,0.000000,-1.031903,-1.083498,-0.650099
2026-07-27T16:44:47.020950,3.0575,-0.212241,-0.122232,0.000000,-1.061204,-1.114264,-0.668559
2026-07-27T16:44:47.020959,3.0580,-0.210775,-0.123031,0.000000,-1.053875,-1.106568,-0.663941
2026-07-27T16:44:47.020968,3.0585,-0.209310,-0.123831,0.000000,-1.046548,-1.098875,-0.659325
2026-07-27T16:44:47.020978,3.0590,-0.207845,-0.124630,0.000000,-1.039224,-1.091185,-0.654711
2026-07-27T16:44:47.020987,3.0595,-0.206381,-0.125428,0.000000,-1.031903,-1.083498,-0.650099
2026-07-27T16:44:47.020997,3.0600,-0.212241,-0.122232,0.000000,-1.061204,-1.114264,-0.668559
2026-07-27T16:44:47.021006,3.0605,-0.210775,-0.123031,0.000000,-1.053875,-1.106568,-0.663941
2026-07-27T16:44:47.021015,3.0610,-0.209310,-0.123831,0.000000,-1.046548,-1.098875,-0.659325
2026-07-27T16:44:47.021025,3.0615,-0.207845,-0.124630,0.000000,-1.039224,-1.091185,-0.654711
2026-07-27T16:44:47.021034,3.0620,-0.206381,-0.125428,0.000000,-1.031903,-1.083498,-0.650099
2026-07-27T16:44:47.021043,3.0625,-0.212241,-0.122232,0.000000,-1.061204,-1.114264,-0.668559
2026-07-27T16:44:47.021052,3.0630,-0.210775,-0.123031,0.000000,-1.053875,-1.106568,-0.663941
2026-07-27T16:44:47.021062,3.0635,-0.209310,-0.123831,0.000000,-1.046548,-1.098875,-0.659325
2026-07-27T16:44:47.021071,3.0640,-0.207845,-0.124630,0.000000,-1.039224,-1.091185,-0.654711
2026-07-27T16:44:47.021080,3.0645,-0.206381,-0.125428,0.000000,-1.031903,-1.083498,-0.650099
2026-07-27T16:44:47.021090,3.0650,-0.212241,-0.122232,0.000000,-1.061204,-1.114264,-0.668559
2026-07-27T16:44:47.021100,3.0655,-0.210775,-0.123031,0.000000,-1.053875,-1.106568,-0.663941
2026-07-27T16:44:47.021109,3.0660,-0.209310,-0.123831,0.000000,-1.046548,-1.098875,-0.659325
2026-07-27T16:44:47.021119,3.0665,-0.207845,-0.124630,0.000000,-1.039224,-1.091185,-0.654711
2026-07-27T16:44:47.021129,3.0670,-0.206381,-0.125428,0.000000,-1.031903,-1.083498,-0.650099
2026-07-27T16:44:47.021138,3.0675,-0.212241,-0.122232,0.000000,-1.061204,-1.114264,-0.668559
2026-07-27T16:44:47.021147,3.0680,-0.210775,-0.123031,0.000000,-1.053875,-1.106568,-0.663941
2026-07-27T16:44:47.021157,3.0685,-0.209310,-0.123831,0.000000,-1.046548,-1.098875,-0.659325
2026-07-27T16:44:47.021167,3.0690,-0.207845,-0.124630,0.000000,-1.039224,-1.091185,-0.654711
2026-07-27T16:44:47.021177,3.0695,-0.206381,-0.125428,0.000000,-1.031903,-1.083498,-0.650099
2026-07-27T16:44:47.021186,3.0700,-0.212241,-0.122232,0.000000,-1.061204,-1.114264,-0.668559
2026-07-27T16:44:47.021195,3.0705,-0.210775,-0.123031,0.000000,-1.053875,-1.106568,-0.663941
2026-07-27T16:44:47.021205,3.0710,-0.209310,-0.123831,0.000000,-1.046548,-1.098875,-0.659325
2026-07-27T16:44:47.021214,3.0715,-0.207845,-0.124630,0.000000,-1.039224,-1.091185,-0.654711
2026-07-27T16:44:47.021223,3.0720,-0.206381,-0.125428,0.000000,-1.031903,-1.083498,-0.650099
2026-07-27T16:44:47.021232,3.0725,-0.212241,-0.122232,0.000000,-1.061204,-1.114264,-0.668559
2026-07-27T16:44:47.021242,3.0730,-0.210775,-0.123031,0.000000,-1.053875,-1.106568,-0.663941
2026-07-27T16:44:47.021251,3.0735,-0.209310,-0.123831,0.000000,-1.046548,-1.098875,-0.659325
2026-07-27T16:44:47.021261,3.0740,-0.207845,-0.124630,0.000000,-1.039224,-1.091185,-0.654711
2026-07-27T16:44:47.021274,3.0745,-0.206381,-0.125428,0.000000,-1.031903,-1.083498,-0.650099
2026-07-27T16:44:47.021283,3.0750,-0.212241,-0.122232,0.000000,-1.061204,-1.114264,-0.668559
2026-07-27T16:44:47.021292,3.0755,-0.210775,-0.123031,0.000000,-1.053875,-1.106568,-0.663941
2026-07-27T16:44:47.021302,3.0760,-0.209310,-0.123831,0.000000,-1.046548,-1.098875,-0.659325
2026-07-27T16:44:47.021311,3.0765,-0.207845,-0.124630,0.000000,-1.039224,-1.091185,-0.654711
2026-07-27T16:44:47.021320,3.0770,-0.206381,-0.125428,0.000000,-1.031903,-1.083498,-0.650099
2026-07-27T16:44:47.021329,3.0775,-0.212241,-0.122232,0.000000,-1.061204,-1.114264,-0.668559
2026-07-27T16:44:47.021348,3.0780,-0.210775,-0.123031,0.000000,-1.053875,-1.106568,-0.663941
2026-07-27T16:44:47.021358,3.0785,-0.209310,-0.123831,0.000000,-1.046548,-1.098875,-0.659325
2026-07-27T16:44:47.021370,3.0790,-0.207845,-0.124630,0.000000,-1.039224,-1.091185,-0.654711
2026-07-27T16:44:47.021381,3.0795,-0.206381,-0.125428,0.000000,-1.031903,-1.083498,-0.650099
2026-07-27T16:44:47.021392,3.0800,-0.212241,-0.122232,0.000000,-1.061204,-1.114264,-0.668559
2026-07-27T16:44:47.021402,3.0805,-0.210775,-0.123031,0.000000,-1.053875,-1.106568,-0.663941
2026-07-27T16:44:47.021412,3.0810,-0.209310,-0.123831,0.000000,-1.046548,-1.098875,-0.659325
2026-07-27T16:44:47.021423,3.0815,-0.207845,-0.124630,0.000000,-1.039224,-1.091185,-0.654711
2026-07-27T16:44:47.021434,3.0820,-0.206381,-0.125428,0.000000,-1.031903,-1.083498,-0.650099
2026-07-27T16:44:47.021445,3.0825,-0.212241,-0.122232,0.000000,-1.061204,-1.114264,-0.668559
2026-07-27T16:44:47.021455,3.0830,-0.210775,-0.123031,0.000000,-1.053875,-1.106568,-0.663941
2026-07-27T16:44:47.021466,3.0835,-0.209310,-0.123831,0.000000,-1.046548,-1.098875,-0.659325
2026-07-27T16:44:47.021477,3.0840,-0.207845,-0.124630,0.000000,-1.039224,-1.091185,-0.654711
2026-07-27T16:44:47.021487,3.0845,-0.206381,-0.125428,0.000000,-1.031903,-1.083498,-0.650099
2026-07-27T16:44:47.021497,3.0850,-0.212241,-0.122232,0.000000,-1.061204,-1.114264,-0.668559
2026-07-27T16:44:47.021511,3.0855,-0.210775,-0.123031,0.000000,-1.053875,-1.106568,-0.663941
2026-07-27T16:44:47.021521,3.0860,-0.209310,-0.123831,0.000000,-1.046548,-1.098875,-0.659325
2026-07-27T16:44:47.021532,3.0865,-0.207845,-0.124630,0.000000,-1.039224,-1.091185,-0.654711
2026-07-27T16:44:47.021543,3.0870,-0.206381,-0.125428,0.000000,-1.031903,-1.083498,-0.650099
2026-07-27T16:44:47.021560,3.0875,-0.212241,-0.122232,0.000000,-1.061204,-1.114264,-0.668559
2026-07-27T16:44:47.021571,3.0880,-0.210775,-0.123031,0.000000,-1.053875,-1.106568,-0.663941
2026-07-27T16:44:47.021582,3.0885,-0.209310,-0.123831,0.000000,-1.046548,-1.098875,-0.659325
2026-07-27T16:44:47.021595,3.0890,-0.207845,-0.124630,0.000000,-1.039224,-1.091185,-0.654711
2026-07-27T16:44:47.021606,3.0895,-0.206381,-0.125428,0.000000,-1.031903,-1.083498,-0.650099
2026-07-27T16:44:47.021616,3.0900,-0.212241,-0.122232,0.000000,-1.061204,-1.114264,-0.668559
2026-07-27T16:44:47.021626,3.0905,-0.210775,-0.123031,0.000000,-1.053875,-1.106568,-0.663941
2026-07-27T16:44:47.021636,3.0910,-0.209310,-0.123831,0.000000,-1.046548,-1.098875,-0.659325
2026-07-27T16:44:47.021645,3.0915,-0.207845,-0.124630,0.000000,-1.039224,-1.091185,-0.654711
2026-07-27T16:44:47.021655,3.0920,-0.206381,-0.125428,0.000000,-1.031903,-1.083498,-0.650099
2026-07-27T16:44:47.021666,3.0925,-0.212241,-0.122232,0.000000,-1.061204,-1.114264,-0.668559
2026-07-27T16:44:47.021675,3.0930,-0.210775,-0.123031,0.000000,-1.053875,-1.106568,-0.663941
2026-07-27T16:44:47.021685,3.0935,-0.209310,-0.123831,0.000000,-1.046548,-1.098875,-0.659325
2026-07-27T16:44:47.021695,3.0940,-0.207845,-0.124630,0.000000,-1.039224,-1.091185,-0.654711
2026-07-27T16:44:47.021705,3.0945,-0.206381,-0.125428,0.000000,-1.031903,-1.083498,-0.650099
2026-07-27T16:44:47.021714,3.0950,-0.212241,-0.122232,0.000000,-1.061204,-1.114264,-0.668559
2026-07-27T16:44:47.021724,3.0955,-0.210775,-0.123031,0.000000,-1.053875,-1.106568,-0.663941
2026-07-27T16:44:47.021734,3.0960,-0.209310,-0.123831,0.000000,-1.046548,-1.098875,-0.659325
2026-07-27T16:44:47.021744,3.0965,-0.207845,-0.124630,0.000000,-1.039224,-1.091185,-0.654711
2026-07-27T16:44:47.021753,3.0970,-0.206381,-0.125428,0.000000,-1.031903,-1.083498,-0.650099
2026-07-27T16:44:47.021764,3.0975,-0.212241,-0.122232,0.000000,-1.061204,-1.114264,-0.668559
2026-07-27T16:44:47.021773,3.0980,-0.210775,-0.123031,0.000000,-1.053875,-1.106568,-0.663941
2026-07-27T16:44:47.021783,3.0985,-0.209310,-0.123831,0.000000,-1.046548,-1.098875,-0.659325
2026-07-27T16:44:47.021793,3.0990,-0.207845,-0.124630,0.000000,-1.039224,-1.091185,-0.654711
2026-07-27T16:44:47.021802,3.0995,-0.206381,-0.125428,0.000000,-1.031903,-1.083498,-0.650099
2026-07-27T16:44:47.117508,3.1000,-0.204917,-0.126227,0.000000,-1.024584,-1.075814,-0.645488
2026-07-27T16:44:47.117542,3.1005,-0.203454,-0.127025,0.000000,-1.017269,-1.068132,-0.640879
2026-07-27T16:44:47.117554,3.1010,-0.201991,-0.127822,0.000000,-1.009956,-1.060454,-0.636272
2026-07-27T16:44:47.117565,3.1015,-0.200529,-0.128620,0.000000,-1.002647,-1.052779,-0.631667
2026-07-27T16:44:47.117576,3.1020,-0.199068,-0.129417,0.000000,-0.995340,-1.045107,-0.627064
2026-07-27T16:44:47.117587,3.1025,-0.204917,-0.126227,0.000000,-1.024584,-1.075814,-0.645488
2026-07-27T16:44:47.117598,3.1030,-0.203454,-0.127025,0.000000,-1.017269,-1.068132,-0.640879
2026-07-27T16:44:47.117609,3.1035,-0.201991,-0.127822,0.000000,-1.009956,-1.060454,-0.636272
2026-07-27T16:44:47.117619,3.1040,-0.200529,-0.128620,0.000000,-1.002647,-1.052779,-0.631667
2026-07-27T16:44:47.117630,3.1045,-0.199068,-0.129417,0.000000,-0.995340,-1.045107,-0.627064
2026-07-27T16:44:47.117640,3.1050,-0.204917,-0.126227,0.000000,-1.024584,-1.075814,-0.645488
2026-07-27T16:44:47.117651,3.1055,-0.203454,-0.127025,0.000000,-1.017269,-1.068132,-0.640879
2026-07-27T16:44:47.117661,3.1060,-0.201991,-0.127822,0.000000,-1.009956,-1.060454,-0.636272
2026-07-27T16:44:47.117675,3.1065,-0.200529,-0.128620,0.000000,-1.002647,-1.052779,-0.631667
2026-07-27T16:44:47.117684,3.1070,-0.199068,-0.129417,0.000000,-0.995340,-1.045107,-0.627064
2026-07-27T16:44:47.117694,3.1075,-0.204917,-0.126227,0.000000,-1.024584,-1.075814,-0.645488
2026-07-27T16:44:47.117704,3.1080,-0.203454,-0.127025,0.000000,-1.017269,-1.068132,-0.640879
2026-07-27T16:44:47.117714,3.1085,-0.201991,-0.127822,0.000000,-1.009956,-1.060454,-0.636272
2026-07-27T16:44:47.117724,3.1090,-0.200529,-0.128620,0.000000,-1.002647,-1.052779,-0.631667
2026-07-27T16:44:47.117734,3.1095,-0.199068,-0.129417,0.000000,-0.995340,-1.045107,-0.627064
2026-07-27T16:44:47.117744,3.1100,-0.204917,-0.126227,0.000000,-1.024584,-1.075814,-0.645488
2026-07-27T16:44:47.117754,3.1105,-0.203454,-0.127025,0.000000,-1.017269,-1.068132,-0.640879
2026-07-27T16:44:47.117764,3.1110,-0.201991,-0.127822,0.000000,-1.009956,-1.060454,-0.636272
2026-07-27T16:44:47.117774,3.1115,-0.200529,-0.128620,0.000000,-1.002647,-1.052779,-0.631667
2026-07-27T16:44:47.117783,3.1120,-0.199068,-0.129417,0.000000,-0.995340,-1.045107,-0.627064
2026-07-27T16:44:47.117794,3.1125,-0.204917,-0.126227,0.000000,-1.024584,-1.075814,-0.645488
2026-07-27T16:44:47.117803,3.1130,-0.203454,-0.127025,0.000000,-1.017269,-1.068132,-0.640879
2026-07-27T16:44:47.117813,3.1135,-0.201991,-0.127822,0.000000,-1.009956,-1.060454,-0.636272
2026-07-27T16:44:47.117824,3.1140,-0.200529,-0.128620,0.000000,-1.002647,-1.052779,-0.631667
2026-07-27T16:44:47.117834,3.1145,-0.199068,-0.129417,0.000000,-0.995340,-1.045107,-0.627064
2026-07-27T16:44:47.117844,3.1150,-0.204917,-0.126227,0.000000,-1.024584,-1.075814,-0.645488
2026-07-27T16:44:47.117853,3.1155,-0.203454,-0.127025,0.000000,-1.017269,-1.068132,-0.640879
2026-07-27T16:44:47.117863,3.1160,-0.201991,-0.127822,0.000000,-1.009956,-1.060454,-0.636272
2026-07-27T16:44:47.117874,3.1165,-0.200529,-0.128620,0.000000,-1.002647,-1.052779,-0.631667
2026-07-27T16:44:47.117884,3.1170,-0.199068,-0.129417,0.000000,-0.995340,-1.045107,-0.627064
2026-07-27T16:44:47.117894,3.1175,-0.204917,-0.126227,0.000000,-1.024584,-1.075814,-0.645488
2026-07-27T16:44:47.117904,3.1180,-0.203454,-0.127025,0.000000,-1.017269,-1.068132,-0.640879
2026-07-27T16:44:47.117914,3.1185,-0.201991,-0.127822,0.000000,-1.009956,-1.060454,-0.636272
2026-07-27T16:44:47.117924,3.1190,-0.200529,-0.128620,0.000000,-1.002647,-1.052779,-0.631667
2026-07-27T16:44:47.117934,3.1195,-0.199068,-0.129417,0.000000,-0.995340,-1.045107,-0.627064
2026-07-27T16:44:47.117943,3.1200,-0.204917,-0.126227,0.000000,-1.024584,-1.075814,-0.645488
2026-07-27T16:44:47.117953,3.1205,-0.203454,-0.127025,0.000000,-1.017269,-1.068132,-0.640879
2026-07-27T16:44:47.117963,3.1210,-0.201991,-0.127822,0.000000,-1.009956,-1.060454,-0.636272
2026-07-27T16:44:47.117973,3.1215,-0.200529,-0.128620,0.000000,-1.002647,-1.052779,-0.631667
2026-07-27T16:44:47.117983,3.1220,-0.199068,-0.129417,0.000000,-0.995340,-1.045107,-0.627064
2026-07-27T16:44:47.117994,3.1225,-0.204917,-0.126227,0.000000,-1.024584,-1.075814,-0.645488
2026-07-27T16:44:47.118004,3.1230,-0.203454,-0.127025,0.000000,-1.017269,-1.068132,-0.640879
2026-07-27T16:44:47.118014,3.1235,-0.201991,-0.127822,0.000000,-1.009956,-1.060454,-0.636272
2026-07-27T16:44:47.118025,3.1240,-0.200529,-0.128620,0.000000,-1.002647,-1.052779,-0.631667
2026-07-27T16:44:47.118035,3.1245,-0.199068,-0.129417,0.000000,-0.995340,-1.045107,-0.627064
2026-07-27T16:44:47.118046,3.1250,-0.204917,-0.126227,0.000000,-1.024584,-1.075814,-0.645488
2026-07-27T16:44:47.118056,3.1255,-0.203454,-0.127025,0.000000,-1.017269,-1.068132,-0.640879
2026-07-27T16:44:47.118066,3.1260,-0.201991,-0.127822,0.000000,-1.009956,-1.060454,-0.636272
2026-07-27T16:44:47.118077,3.1265,-0.200529,-0.128620,0.000000,-1.002647,-1.052779,-0.631667
2026-07-27T16:44:47.118087,3.1270,-0.199068,-0.129417,0.000000,-0.995340,-1.045107,-0.627064
2026-07-27T16:44:47.118097,3.1275,-0.204917,-0.126227,0.000000,-1.024584,-1.075814,-0.645488
2026-07-27T16:44:47.118108,3.1280,-0.203454,-0.127025,0.000000,-1.017269,-1.068132,-0.640879
2026-07-27T16:44:47.118118,3.1285,-0.201991,-0.127822,0.000000,-1.009956,-1.060454,-0.636272
2026-07-27T16:44:47.118128,3.1290,-0.200529,-0.128620,0.000000,-1.002647,-1.052779,-0.631667
2026-07-27T16:44:47.118138,3.1295,-0.199068,-0.129417,0.000000,-0.995340,-1.045107,-0.627064
2026-07-27T16:44:47.118149,3.1300,-0.204917,-0.126227,0.000000,-1.024584,-1.075814,-0.645488
2026-07-27T16:44:47.118159,3.1305,-0.203454,-0.127025,0.000000,-1.017269,-1.068132,-0.640879
2026-07-27T16:44:47.118169,3.1310,-0.201991,-0.127822,0.000000,-1.009956,-1.060454,-0.636272
2026-07-27T16:44:47.118180,3.1315,-0.200529,-0.128620,0.000000,-1.002647,-1.052779,-0.631667
2026-07-27T16:44:47.118191,3.1320,-0.199068,-0.129417,0.000000,-0.995340,-1.045107,-0.627064
2026-07-27T16:44:47.118202,3.1325,-0.204917,-0.126227,0.000000,-1.024584,-1.075814,-0.645488
2026-07-27T16:44:47.118212,3.1330,-0.203454,-0.127025,0.000000,-1.017269,-1.068132,-0.640879
2026-07-27T16:44:47.118221,3.1335,-0.201991,-0.127822,0.000000,-1.009956,-1.060454,-0.636272
2026-07-27T16:44:47.118231,3.1340,-0.200529,-0.128620,0.000000,-1.002647,-1.052779,-0.631667
2026-07-27T16:44:47.118240,3.1345,-0.199068,-0.129417,0.000000,-0.995340,-1.045107,-0.627064
2026-07-27T16:44:47.118250,3.1350,-0.204917,-0.126227,0.000000,-1.024584,-1.075814,-0.645488
2026-07-27T16:44:47.118260,3.1355,-0.203454,-0.127025,0.000000,-1.017269,-1.068132,-0.640879
2026-07-27T16:44:47.118278,3.1360,-0.201991,-0.127822,0.000000,-1.009956,-1.060454,-0.636272
2026-07-27T16:44:47.118287,3.1365,-0.200529,-0.128620,0.000000,-1.002647,-1.052779,-0.631667
2026-07-27T16:44:47.118297,3.1370,-0.199068,-0.129417,0.000000,-0.995340,-1.045107,-0.627064
2026-07-27T16:44:47.118308,3.1375,-0.204917,-0.126227,0.000000,-1.024584,-1.075814,-0.645488
2026-07-27T16:44:47.118321,3.1380,-0.203454,-0.127025,0.000000,-1.017269,-1.068132,-0.640879
2026-07-27T16:44:47.118335,3.1385,-0.201991,-0.127822,0.000000,-1.009956,-1.060454,-0.636272
2026-07-27T16:44:47.118350,3.1390,-0.200529,-0.128620,0.000000,-1.002647,-1.052779,-0.631667
2026-07-27T16:44:47.118365,3.1395,-0.199068,-0.129417,0.000000,-0.995340,-1.045107,-0.627064
2026-07-27T16:44:47.118381,3.1400,-0.204917,-0.126227,0.000000,-1.024584,-1.075814,-0.645488
2026-07-27T16:44:47.118396,3.1405,-0.203454,-0.127025,0.000000,-1.017269,-1.068132,-0.640879
2026-07-27T16:44:47.118411,3.1410,-0.201991,-0.127822,0.000000,-1.009956,-1.060454,-0.636272
2026-07-27T16:44:47.118426,3.1415,-0.200529,-0.128620,0.000000,-1.002647,-1.052779,-0.631667
2026-07-27T16:44:47.118442,3.1420,-0.199068,-0.129417,0.000000,-0.995340,-1.045107,-0.627064
2026-07-27T16:44:47.118457,3.1425,-0.204917,-0.126227,0.000000,-1.024584,-1.075814,-0.645488
2026-07-27T16:44:47.118472,3.1430,-0.203454,-0.127025,0.000000,-1.017269,-1.068132,-0.640879
2026-07-27T16:44:47.118487,3.1435,-0.201991,-0.127822,0.000000,-1.009956,-1.060454,-0.636272
2026-07-27T16:44:47.118544,3.1440,-0.200529,-0.128620,0.000000,-1.002647,-1.052779,-0.631667
2026-07-27T16:44:47.118560,3.1445,-0.199068,-0.129417,0.000000,-0.995340,-1.045107,-0.627064
2026-07-27T16:44:47.118575,3.1450,-0.204917,-0.126227,0.000000,-1.024584,-1.075814,-0.645488
2026-07-27T16:44:47.118590,3.1455,-0.203454,-0.127025,0.000000,-1.017269,-1.068132,-0.640879
2026-07-27T16:44:47.118605,3.1460,-0.201991,-0.127822,0.000000,-1.009956,-1.060454,-0.636272
2026-07-27T16:44:47.118620,3.1465,-0.200529,-0.128620,0.000000,-1.002647,-1.052779,-0.631667
2026-07-27T16:44:47.118633,3.1470,-0.199068,-0.129417,0.000000,-0.995340,-1.045107,-0.627064
2026-07-27T16:44:47.118645,3.1475,-0.204917,-0.126227,0.000000,-1.024584,-1.075814,-0.645488
2026-07-27T16:44:47.118658,3.1480,-0.203454,-0.127025,0.000000,-1.017269,-1.068132,-0.640879
2026-07-27T16:44:47.118670,3.1485,-0.201991,-0.127822,0.000000,-1.009956,-1.060454,-0.636272
2026-07-27T16:44:47.118682,3.1490,-0.200529,-0.128620,0.000000,-1.002647,-1.052779,-0.631667
2026-07-27T16:44:47.118695,3.1495,-0.199068,-0.129417,0.000000,-0.995340,-1.045107,-0.627064
2026-07-27T16:44:47.118708,3.1500,-0.204917,-0.126227,0.000000,-1.024584,-1.075814,-0.645488
2026-07-27T16:44:47.118720,3.1505,-0.203454,-0.127025,0.000000,-1.017269,-1.068132,-0.640879
2026-07-27T16:44:47.118731,3.1510,-0.201991,-0.127822,0.000000,-1.009956,-1.060454,-0.636272
2026-07-27T16:44:47.118743,3.1515,-0.200529,-0.128620,0.000000,-1.002647,-1.052779,-0.631667
2026-07-27T16:44:47.118757,3.1520,-0.199068,-0.129417,0.000000,-0.995340,-1.045107,-0.627064
2026-07-27T16:44:47.118771,3.1525,-0.204917,-0.126227,0.000000,-1.024584,-1.075814,-0.645488
2026-07-27T16:44:47.118784,3.1530,-0.203454,-0.127025,0.000000,-1.017269,-1.068132,-0.640879
2026-07-27T16:44:47.118798,3.1535,-0.201991,-0.127822,0.000000,-1.009956,-1.060454,-0.636272
2026-07-27T16:44:47.118812,3.1540,-0.200529,-0.128620,0.000000,-1.002647,-1.052779,-0.631667
2026-07-27T16:44:47.118825,3.1545,-0.199068,-0.129417,0.000000,-0.995340,-1.045107,-0.627064
2026-07-27T16:44:47.118839,3.1550,-0.204917,-0.126227,0.000000,-1.024584,-1.075814,-0.645488
2026-07-27T16:44:47.118852,3.1555,-0.203454,-0.127025,0.000000,-1.017269,-1.068132,-0.640879
2026-07-27T16:44:47.118865,3.1560,-0.201991,-0.127822,0.000000,-1.009956,-1.060454,-0.636272
2026-07-27T16:44:47.118879,3.1565,-0.200529,-0.128620,0.000000,-1.002647,-1.052779,-0.631667
2026-07-27T16:44:47.118892,3.1570,-0.199068,-0.129417,0.000000,-0.995340,-1.045107,-0.627064
2026-07-27T16:44:47.118906,3.1575,-0.204917,-0.126227,0.000000,-1.024584,-1.075814,-0.645488
2026-07-27T16:44:47.118919,3.1580,-0.203454,-0.127025,0.000000,-1.017269,-1.068132,-0.640879
2026-07-27T16:44:47.118933,3.1585,-0.201991,-0.127822,0.000000,-1.009956,-1.060454,-0.636272
2026-07-27T16:44:47.118946,3.1590,-0.200529,-0.128620,0.000000,-1.002647,-1.052779,-0.631667
2026-07-27T16:44:47.118959,3.1595,-0.199068,-0.129417,0.000000,-0.995340,-1.045107,-0.627064
2026-07-27T16:44:47.118973,3.1600,-0.204917,-0.126227,0.000000,-1.024584,-1.075814,-0.645488
2026-07-27T16:44:47.118987,3.1605,-0.203454,-0.127025,0.000000,-1.017269,-1.068132,-0.640879
2026-07-27T16:44:47.119001,3.1610,-0.201991,-0.127822,0.000000,-1.009956,-1.060454,-0.636272
2026-07-27T16:44:47.119014,3.1615,-0.200529,-0.128620,0.000000,-1.002647,-1.052779,-0.631667
2026-07-27T16:44:47.119028,3.1620,-0.199068,-0.129417,0.000000,-0.995340,-1.045107,-0.627064
2026-07-27T16:44:47.119042,3.1625,-0.204917,-0.126227,0.000000,-1.024584,-1.075814,-0.645488
2026-07-27T16:44:47.119055,3.1630,-0.203454,-0.127025,0.000000,-1.017269,-1.068132,-0.640879
2026-07-27T16:44:47.119069,3.1635,-0.201991,-0.127822,0.000000,-1.009956,-1.060454,-0.636272
2026-07-27T16:44:47.119083,3.1640,-0.200529,-0.128620,0.000000,-1.002647,-1.052779,-0.631667
2026-07-27T16:44:47.119096,3.1645,-0.199068,-0.129417,0.000000,-0.995340,-1.045107,-0.627064
2026-07-27T16:44:47.119107,3.1650,-0.204917,-0.126227,0.000000,-1.024584,-1.075814,-0.645488
2026-07-27T16:44:47.119118,3.1655,-0.203454,-0.127025,0.000000,-1.017269,-1.068132,-0.640879
2026-07-27T16:44:47.119130,3.1660,-0.201991,-0.127822,0.000000,-1.009956,-1.060454,-0.636272
2026-07-27T16:44:47.119141,3.1665,-0.200529,-0.128620,0.000000,-1.002647,-1.052779,-0.631667
2026-07-27T16:44:47.119153,3.1670,-0.199068,-0.129417,0.000000,-0.995340,-1.045107,-0.627064
2026-07-27T16:44:47.119165,3.1675,-0.204917,-0.126227,0.000000,-1.024584,-1.075814,-0.645488
2026-07-27T16:44:47.119176,3.1680,-0.203454,-0.127025,0.000000,-1.017269,-1.068132,-0.640879
2026-07-27T16:44:47.119187,3.1685,-0.201991,-0.127822,0.000000,-1.009956,-1.060454,-0.636272
2026-07-27T16:44:47.119199,3.1690,-0.200529,-0.128620,0.000000,-1.002647,-1.052779,-0.631667
2026-07-27T16:44:47.119210,3.1695,-0.199068,-0.129417,0.000000,-0.995340,-1.045107,-0.627064
2026-07-27T16:44:47.119222,3.1700,-0.204917,-0.126227,0.000000,-1.024584,-1.075814,-0.645488
2026-07-27T16:44:47.119233,3.1705,-0.203454,-0.127025,0.000000,-1.017269,-1.068132,-0.640879
2026-07-27T16:44:47.119245,3.1710,-0.201991,-0.127822,0.000000,-1.009956,-1.060454,-0.636272
2026-07-27T16:44:47.119257,3.1715,-0.200529,-0.128620,0.000000,-1.002647,-1.052779,-0.631667
2026-07-27T16:44:47.119280,3.1720,-0.199068,-0.129417,0.000000,-0.995340,-1.045107,-0.627064
2026-07-27T16:44:47.119300,3.1725,-0.204917,-0.126227,0.000000,-1.024584,-1.075814,-0.645488
2026-07-27T16:44:47.119314,3.1730,-0.203454,-0.127025,0.000000,-1.017269,-1.068132,-0.640879
2026-07-27T16:44:47.119329,3.1735,-0.201991,-0.127822,0.000000,-1.009956,-1.060454,-0.636272
2026-07-27T16:44:47.119346,3.1740,-0.200529,-0.128620,0.000000,-1.002647,-1.052779,-0.631667
2026-07-27T16:44:47.119361,3.1745,-0.199068,-0.129417,0.000000,-0.995340,-1.045107,-0.627064
2026-07-27T16:44:47.119376,3.1750,-0.204917,-0.126227,0.000000,-1.024584,-1.075814,-0.645488
2026-07-27T16:44:47.119391,3.1755,-0.203454,-0.127025,0.000000,-1.017269,-1.068132,-0.640879
2026-07-27T16:44:47.119406,3.1760,-0.201991,-0.127822,0.000000,-1.009956,-1.060454,-0.636272
2026-07-27T16:44:47.119421,3.1765,-0.200529,-0.128620,0.000000,-1.002647,-1.052779,-0.631667
2026-07-27T16:44:47.119436,3.1770,-0.199068,-0.129417,0.000000,-0.995340,-1.045107,-0.627064
2026-07-27T16:44:47.119451,3.1775,-0.204917,-0.126227,0.000000,-1.024584,-1.075814,-0.645488
2026-07-27T16:44:47.119467,3.1780,-0.203454,-0.127025,0.000000,-1.017269,-1.068132,-0.640879
2026-07-27T16:44:47.119489,3.1785,-0.201991,-0.127822,0.000000,-1.009956,-1.060454,-0.636272
2026-07-27T16:44:47.119505,3.1790,-0.200529,-0.128620,0.000000,-1.002647,-1.052779,-0.631667
2026-07-27T16:44:47.119520,3.1795,-0.199068,-0.129417,0.000000,-0.995340,-1.045107,-0.627064
2026-07-27T16:44:47.119535,3.1800,-0.204917,-0.126227,0.000000,-1.024584,-1.075814,-0.645488
2026-07-27T16:44:47.119551,3.1805,-0.203454,-0.127025,0.000000,-1.017269,-1.068132,-0.640879
2026-07-27T16:44:47.119566,3.1810,-0.201991,-0.127822,0.000000,-1.009956,-1.060454,-0.636272
2026-07-27T16:44:47.119581,3.1815,-0.200529,-0.128620,0.000000,-1.002647,-1.052779,-0.631667
2026-07-27T16:44:47.119597,3.1820,-0.199068,-0.129417,0.000000,-0.995340,-1.045107,-0.627064
2026-07-27T16:44:47.119613,3.1825,-0.204917,-0.126227,0.000000,-1.024584,-1.075814,-0.645488
2026-07-27T16:44:47.119628,3.1830,-0.203454,-0.127025,0.000000,-1.017269,-1.068132,-0.640879
2026-07-27T16:44:47.119643,3.1835,-0.201991,-0.127822,0.000000,-1.009956,-1.060454,-0.636272
2026-07-27T16:44:47.119658,3.1840,-0.200529,-0.128620,0.000000,-1.002647,-1.052779,-0.631667
2026-07-27T16:44:47.119673,3.1845,-0.199068,-0.129417,0.000000,-0.995340,-1.045107,-0.627064
2026-07-27T16:44:47.119688,3.1850,-0.204917,-0.126227,0.000000,-1.024584,-1.075814,-0.645488
2026-07-27T16:44:47.119698,3.1855,-0.203454,-0.127025,0.000000,-1.017269,-1.068132,-0.640879
2026-07-27T16:44:47.119708,3.1860,-0.201991,-0.127822,0.000000,-1.009956,-1.060454,-0.636272
2026-07-27T16:44:47.119718,3.1865,-0.200529,-0.128620,0.000000,-1.002647,-1.052779,-0.631667
2026-07-27T16:44:47.119729,3.1870,-0.199068,-0.129417,0.000000,-0.995340,-1.045107,-0.627064
2026-07-27T16:44:47.119749,3.1875,-0.204917,-0.126227,0.000000,-1.024584,-1.075814,-0.645488
2026-07-27T16:44:47.119760,3.1880,-0.203454,-0.127025,0.000000,-1.017269,-1.068132,-0.640879
2026-07-27T16:44:47.119770,3.1885,-0.201991,-0.127822,0.000000,-1.009956,-1.060454,-0.636272
2026-07-27T16:44:47.119779,3.1890,-0.200529,-0.128620,0.000000,-1.002647,-1.052779,-0.631667
2026-07-27T16:44:47.119789,3.1895,-0.199068,-0.129417,0.000000,-0.995340,-1.045107,-0.627064
2026-07-27T16:44:47.119799,3.1900,-0.204917,-0.126227,0.000000,-1.024584,-1.075814,-0.645488
2026-07-27T16:44:47.119809,3.1905,-0.203454,-0.127025,0.000000,-1.017269,-1.068132,-0.640879
2026-07-27T16:44:47.119819,3.1910,-0.201991,-0.127822,0.000000,-1.009956,-1.060454,-0.636272
2026-07-27T16:44:47.119828,3.1915,-0.200529,-0.128620,0.000000,-1.002647,-1.052779,-0.631667
2026-07-27T16:44:47.119838,3.1920,-0.199068,-0.129417,0.000000,-0.995340,-1.045107,-0.627064
2026-07-27T16:44:47.119852,3.1925,-0.204917,-0.126227,0.000000,-1.024584,-1.075814,-0.645488
2026-07-27T16:44:47.119863,3.1930,-0.203454,-0.127025,0.000000,-1.017269,-1.068132,-0.640879
2026-07-27T16:44:47.119873,3.1935,-0.201991,-0.127822,0.000000,-1.009956,-1.060454,-0.636272
2026-07-27T16:44:47.119883,3.1940,-0.200529,-0.128620,0.000000,-1.002647,-1.052779,-0.631667
2026-07-27T16:44:47.119892,3.1945,-0.199068,-0.129417,0.000000,-0.995340,-1.045107,-0.627064
2026-07-27T16:44:47.119902,3.1950,-0.204917,-0.126227,0.000000,-1.024584,-1.075814,-0.645488
2026-07-27T16:44:47.119911,3.1955,-0.203454,-0.127025,0.000000,-1.017269,-1.068132,-0.640879
2026-07-27T16:44:47.119921,3.1960,-0.201991,-0.127822,0.000000,-1.009956,-1.060454,-0.636272
2026-07-27T16:44:47.119930,3.1965,-0.200529,-0.128620,0.000000,-1.002647,-1.052779,-0.631667
2026-07-27T16:44:47.119940,3.1970,-0.199068,-0.129417,0.000000,-0.995340,-1.045107,-0.627064
2026-07-27T16:44:47.119949,3.1975,-0.204917,-0.126227,0.000000,-1.024584,-1.075814,-0.645488
2026-07-27T16:44:47.119959,3.1980,-0.203454,-0.127025,0.000000,-1.017269,-1.068132,-0.640879
2026-07-27T16:44:47.119968,3.1985,-0.201991,-0.127822,0.000000,-1.009956,-1.060454,-0.636272
2026-07-27T16:44:47.119977,3.1990,-0.200529,-0.128620,0.000000,-1.002647,-1.052779,-0.631667
2026-07-27T16:44:47.119987,3.1995,-0.199068,-0.129417,0.000000,-0.995340,-1.045107,-0.627064
2026-07-27T16:44:47.217543,3.2000,-0.197607,-0.130214,0.000000,-0.988036,-1.037438,-0.622463
2026-07-27T16:44:47.217576,3.2005,-0.196147,-0.131010,0.000000,-0.980735,-1.029772,-0.617863
2026-07-27T16:44:47.217589,3.2010,-0.194687,-0.131806,0.000000,-0.973437,-1.022109,-0.613265
2026-07-27T16:44:47.217601,3.2015,-0.193228,-0.132602,0.000000,-0.966142,-1.014449,-0.608669
2026-07-27T16:44:47.217611,3.2020,-0.191770,-0.133398,0.000000,-0.958850,-1.006792,-0.604075
2026-07-27T16:44:47.217625,3.2025,-0.197607,-0.130214,0.000000,-0.988036,-1.037438,-0.622463
2026-07-27T16:44:47.217635,3.2030,-0.196147,-0.131010,0.000000,-0.980735,-1.029772,-0.617863
2026-07-27T16:44:47.217647,3.2035,-0.194687,-0.131806,0.000000,-0.973437,-1.022109,-0.613265
2026-07-27T16:44:47.217657,3.2040,-0.193228,-0.132602,0.000000,-0.966142,-1.014449,-0.608669
2026-07-27T16:44:47.217667,3.2045,-0.191770,-0.133398,0.000000,-0.958850,-1.006792,-0.604075
2026-07-27T16:44:47.217677,3.2050,-0.197607,-0.130214,0.000000,-0.988036,-1.037438,-0.622463
2026-07-27T16:44:47.217690,3.2055,-0.196147,-0.131010,0.000000,-0.980735,-1.029772,-0.617863
2026-07-27T16:44:47.217699,3.2060,-0.194687,-0.131806,0.000000,-0.973437,-1.022109,-0.613265
2026-07-27T16:44:47.217708,3.2065,-0.193228,-0.132602,0.000000,-0.966142,-1.014449,-0.608669
2026-07-27T16:44:47.217717,3.2070,-0.191770,-0.133398,0.000000,-0.958850,-1.006792,-0.604075
2026-07-27T16:44:47.217726,3.2075,-0.197607,-0.130214,0.000000,-0.988036,-1.037438,-0.622463
2026-07-27T16:44:47.217736,3.2080,-0.196147,-0.131010,0.000000,-0.980735,-1.029772,-0.617863
2026-07-27T16:44:47.217745,3.2085,-0.194687,-0.131806,0.000000,-0.973437,-1.022109,-0.613265
2026-07-27T16:44:47.217754,3.2090,-0.193228,-0.132602,0.000000,-0.966142,-1.014449,-0.608669
2026-07-27T16:44:47.217763,3.2095,-0.191770,-0.133398,0.000000,-0.958850,-1.006792,-0.604075
2026-07-27T16:44:47.217773,3.2100,-0.197607,-0.130214,0.000000,-0.988036,-1.037438,-0.622463
2026-07-27T16:44:47.217782,3.2105,-0.196147,-0.131010,0.000000,-0.980735,-1.029772,-0.617863
2026-07-27T16:44:47.217791,3.2110,-0.194687,-0.131806,0.000000,-0.973437,-1.022109,-0.613265
2026-07-27T16:44:47.217800,3.2115,-0.193228,-0.132602,0.000000,-0.966142,-1.014449,-0.608669
2026-07-27T16:44:47.217809,3.2120,-0.191770,-0.133398,0.000000,-0.958850,-1.006792,-0.604075
2026-07-27T16:44:47.217819,3.2125,-0.197607,-0.130214,0.000000,-0.988036,-1.037438,-0.622463
2026-07-27T16:44:47.217829,3.2130,-0.196147,-0.131010,0.000000,-0.980735,-1.029772,-0.617863
2026-07-27T16:44:47.217847,3.2135,-0.194687,-0.131806,0.000000,-0.973437,-1.022109,-0.613265
2026-07-27T16:44:47.217860,3.2140,-0.193228,-0.132602,0.000000,-0.966142,-1.014449,-0.608669
2026-07-27T16:44:47.217870,3.2145,-0.191770,-0.133398,0.000000,-0.958850,-1.006792,-0.604075
2026-07-27T16:44:47.217880,3.2150,-0.197607,-0.130214,0.000000,-0.988036,-1.037438,-0.622463
2026-07-27T16:44:47.217890,3.2155,-0.196147,-0.131010,0.000000,-0.980735,-1.029772,-0.617863
2026-07-27T16:44:47.217900,3.2160,-0.194687,-0.131806,0.000000,-0.973437,-1.022109,-0.613265
2026-07-27T16:44:47.217910,3.2165,-0.193228,-0.132602,0.000000,-0.966142,-1.014449,-0.608669
2026-07-27T16:44:47.217922,3.2170,-0.191770,-0.133398,0.000000,-0.958850,-1.006792,-0.604075
2026-07-27T16:44:47.217932,3.2175,-0.197607,-0.130214,0.000000,-0.988036,-1.037438,-0.622463
2026-07-27T16:44:47.217942,3.2180,-0.196147,-0.131010,0.000000,-0.980735,-1.029772,-0.617863
2026-07-27T16:44:47.217952,3.2185,-0.194687,-0.131806,0.000000,-0.973437,-1.022109,-0.613265
2026-07-27T16:44:47.217962,3.2190,-0.193228,-0.132602,0.000000,-0.966142,-1.014449,-0.608669
2026-07-27T16:44:47.217972,3.2195,-0.191770,-0.133398,0.000000,-0.958850,-1.006792,-0.604075
2026-07-27T16:44:47.217982,3.2200,-0.197607,-0.130214,0.000000,-0.988036,-1.037438,-0.622463
2026-07-27T16:44:47.217992,3.2205,-0.196147,-0.131010,0.000000,-0.980735,-1.029772,-0.617863
2026-07-27T16:44:47.218002,3.2210,-0.194687,-0.131806,0.000000,-0.973437,-1.022109,-0.613265
2026-07-27T16:44:47.218012,3.2215,-0.193228,-0.132602,0.000000,-0.966142,-1.014449,-0.608669
2026-07-27T16:44:47.218022,3.2220,-0.191770,-0.133398,0.000000,-0.958850,-1.006792,-0.604075
2026-07-27T16:44:47.218032,3.2225,-0.197607,-0.130214,0.000000,-0.988036,-1.037438,-0.622463
2026-07-27T16:44:47.218042,3.2230,-0.196147,-0.131010,0.000000,-0.980735,-1.029772,-0.617863
2026-07-27T16:44:47.218052,3.2235,-0.194687,-0.131806,0.000000,-0.973437,-1.022109,-0.613265
2026-07-27T16:44:47.218061,3.2240,-0.193228,-0.132602,0.000000,-0.966142,-1.014449,-0.608669
2026-07-27T16:44:47.218071,3.2245,-0.191770,-0.133398,0.000000,-0.958850,-1.006792,-0.604075
2026-07-27T16:44:47.218081,3.2250,-0.197607,-0.130214,0.000000,-0.988036,-1.037438,-0.622463
2026-07-27T16:44:47.218091,3.2255,-0.196147,-0.131010,0.000000,-0.980735,-1.029772,-0.617863
2026-07-27T16:44:47.218101,3.2260,-0.194687,-0.131806,0.000000,-0.973437,-1.022109,-0.613265
2026-07-27T16:44:47.218111,3.2265,-0.193228,-0.132602,0.000000,-0.966142,-1.014449,-0.608669
2026-07-27T16:44:47.218121,3.2270,-0.191770,-0.133398,0.000000,-0.958850,-1.006792,-0.604075
2026-07-27T16:44:47.218131,3.2275,-0.197607,-0.130214,0.000000,-0.988036,-1.037438,-0.622463
2026-07-27T16:44:47.218141,3.2280,-0.196147,-0.131010,0.000000,-0.980735,-1.029772,-0.617863
2026-07-27T16:44:47.218151,3.2285,-0.194687,-0.131806,0.000000,-0.973437,-1.022109,-0.613265
2026-07-27T16:44:47.218161,3.2290,-0.193228,-0.132602,0.000000,-0.966142,-1.014449,-0.608669
2026-07-27T16:44:47.218171,3.2295,-0.191770,-0.133398,0.000000,-0.958850,-1.006792,-0.604075
2026-07-27T16:44:47.218180,3.2300,-0.197607,-0.130214,0.000000,-0.988036,-1.037438,-0.622463
2026-07-27T16:44:47.218190,3.2305,-0.196147,-0.131010,0.000000,-0.980735,-1.029772,-0.617863
2026-07-27T16:44:47.218200,3.2310,-0.194687,-0.131806,0.000000,-0.973437,-1.022109,-0.613265
2026-07-27T16:44:47.218210,3.2315,-0.193228,-0.132602,0.000000,-0.966142,-1.014449,-0.608669
2026-07-27T16:44:47.218220,3.2320,-0.191770,-0.133398,0.000000,-0.958850,-1.006792,-0.604075
2026-07-27T16:44:47.218231,3.2325,-0.197607,-0.130214,0.000000,-0.988036,-1.037438,-0.622463
2026-07-27T16:44:47.218240,3.2330,-0.196147,-0.131010,0.000000,-0.980735,-1.029772,-0.617863
2026-07-27T16:44:47.218250,3.2335,-0.194687,-0.131806,0.000000,-0.973437,-1.022109,-0.613265
2026-07-27T16:44:47.218260,3.2340,-0.193228,-0.132602,0.000000,-0.966142,-1.014449,-0.608669
2026-07-27T16:44:47.218282,3.2345,-0.191770,-0.133398,0.000000,-0.958850,-1.006792,-0.604075
2026-07-27T16:44:47.218293,3.2350,-0.197607,-0.130214,0.000000,-0.988036,-1.037438,-0.622463
2026-07-27T16:44:47.218303,3.2355,-0.196147,-0.131010,0.000000,-0.980735,-1.029772,-0.617863
2026-07-27T16:44:47.218313,3.2360,-0.194687,-0.131806,0.000000,-0.973437,-1.022109,-0.613265
2026-07-27T16:44:47.218323,3.2365,-0.193228,-0.132602,0.000000,-0.966142,-1.014449,-0.608669
2026-07-27T16:44:47.218334,3.2370,-0.191770,-0.133398,0.000000,-0.958850,-1.006792,-0.604075
2026-07-27T16:44:47.218345,3.2375,-0.197607,-0.130214,0.000000,-0.988036,-1.037438,-0.622463
2026-07-27T16:44:47.218356,3.2380,-0.196147,-0.131010,0.000000,-0.980735,-1.029772,-0.617863
2026-07-27T16:44:47.218369,3.2385,-0.194687,-0.131806,0.000000,-0.973437,-1.022109,-0.613265
2026-07-27T16:44:47.218379,3.2390,-0.193228,-0.132602,0.000000,-0.966142,-1.014449,-0.608669
2026-07-27T16:44:47.218390,3.2395,-0.191770,-0.133398,0.000000,-0.958850,-1.006792,-0.604075
2026-07-27T16:44:47.218400,3.2400,-0.197607,-0.130214,0.000000,-0.988036,-1.037438,-0.622463
2026-07-27T16:44:47.218411,3.2405,-0.196147,-0.131010,0.000000,-0.980735,-1.029772,-0.617863
2026-07-27T16:44:47.218422,3.2410,-0.194687,-0.131806,0.000000,-0.973437,-1.022109,-0.613265
2026-07-27T16:44:47.218437,3.2415,-0.193228,-0.132602,0.000000,-0.966142,-1.014449,-0.608669
2026-07-27T16:44:47.218454,3.2420,-0.191770,-0.133398,0.000000,-0.958850,-1.006792,-0.604075
2026-07-27T16:44:47.218474,3.2425,-0.197607,-0.130214,0.000000,-0.988036,-1.037438,-0.622463
2026-07-27T16:44:47.218485,3.2430,-0.196147,-0.131010,0.000000,-0.980735,-1.029772,-0.617863
2026-07-27T16:44:47.218496,3.2435,-0.194687,-0.131806,0.000000,-0.973437,-1.022109,-0.613265
2026-07-27T16:44:47.218597,3.2440,-0.193228,-0.132602,0.000000,-0.966142,-1.014449,-0.608669
2026-07-27T16:44:47.218613,3.2445,-0.191770,-0.133398,0.000000,-0.958850,-1.006792,-0.604075
2026-07-27T16:44:47.218628,3.2450,-0.197607,-0.130214,0.000000,-0.988036,-1.037438,-0.622463
2026-07-27T16:44:47.218642,3.2455,-0.196147,-0.131010,0.000000,-0.980735,-1.029772,-0.617863
2026-07-27T16:44:47.218655,3.2460,-0.194687,-0.131806,0.000000,-0.973437,-1.022109,-0.613265
2026-07-27T16:44:47.218668,3.2465,-0.193228,-0.132602,0.000000,-0.966142,-1.014449,-0.608669
2026-07-27T16:44:47.218681,3.2470,-0.191770,-0.133398,0.000000,-0.958850,-1.006792,-0.604075
2026-07-27T16:44:47.218695,3.2475,-0.197607,-0.130214,0.000000,-0.988036,-1.037438,-0.622463
2026-07-27T16:44:47.218708,3.2480,-0.196147,-0.131010,0.000000,-0.980735,-1.029772,-0.617863
2026-07-27T16:44:47.218721,3.2485,-0.194687,-0.131806,0.000000,-0.973437,-1.022109,-0.613265
2026-07-27T16:44:47.218734,3.2490,-0.193228,-0.132602,0.000000,-0.966142,-1.014449,-0.608669
2026-07-27T16:44:47.218747,3.2495,-0.191770,-0.133398,0.000000,-0.958850,-1.006792,-0.604075
2026-07-27T16:44:47.218761,3.2500,-0.197607,-0.130214,0.000000,-0.988036,-1.037438,-0.622463
2026-07-27T16:44:47.218775,3.2505,-0.196147,-0.131010,0.000000,-0.980735,-1.029772,-0.617863
2026-07-27T16:44:47.218789,3.2510,-0.194687,-0.131806,0.000000,-0.973437,-1.022109,-0.613265
2026-07-27T16:44:47.218802,3.2515,-0.193228,-0.132602,0.000000,-0.966142,-1.014449,-0.608669
2026-07-27T16:44:47.218815,3.2520,-0.191770,-0.133398,0.000000,-0.958850,-1.006792,-0.604075
2026-07-27T16:44:47.218829,3.2525,-0.197607,-0.130214,0.000000,-0.988036,-1.037438,-0.622463
2026-07-27T16:44:47.218842,3.2530,-0.196147,-0.131010,0.000000,-0.980735,-1.029772,-0.617863
2026-07-27T16:44:47.218856,3.2535,-0.194687,-0.131806,0.000000,-0.973437,-1.022109,-0.613265
2026-07-27T16:44:47.218871,3.2540,-0.193228,-0.132602,0.000000,-0.966142,-1.014449,-0.608669
2026-07-27T16:44:47.218883,3.2545,-0.191770,-0.133398,0.000000,-0.958850,-1.006792,-0.604075
2026-07-27T16:44:47.218895,3.2550,-0.197607,-0.130214,0.000000,-0.988036,-1.037438,-0.622463
2026-07-27T16:44:47.218907,3.2555,-0.196147,-0.131010,0.000000,-0.980735,-1.029772,-0.617863
2026-07-27T16:44:47.218920,3.2560,-0.194687,-0.131806,0.000000,-0.973437,-1.022109,-0.613265
2026-07-27T16:44:47.218933,3.2565,-0.193228,-0.132602,0.000000,-0.966142,-1.014449,-0.608669
2026-07-27T16:44:47.218946,3.2570,-0.191770,-0.133398,0.000000,-0.958850,-1.006792,-0.604075
2026-07-27T16:44:47.218958,3.2575,-0.197607,-0.130214,0.000000,-0.988036,-1.037438,-0.622463
2026-07-27T16:44:47.218971,3.2580,-0.196147,-0.131010,0.000000,-0.980735,-1.029772,-0.617863
2026-07-27T16:44:47.218984,3.2585,-0.194687,-0.131806,0.000000,-0.973437,-1.022109,-0.613265
2026-07-27T16:44:47.218996,3.2590,-0.193228,-0.132602,0.000000,-0.966142,-1.014449,-0.608669
2026-07-27T16:44:47.219008,3.2595,-0.191770,-0.133398,0.000000,-0.958850,-1.006792,-0.604075
2026-07-27T16:44:47.219021,3.2600,-0.197607,-0.130214,0.000000,-0.988036,-1.037438,-0.622463
2026-07-27T16:44:47.219034,3.2605,-0.196147,-0.131010,0.000000,-0.980735,-1.029772,-0.617863
2026-07-27T16:44:47.219047,3.2610,-0.194687,-0.131806,0.000000,-0.973437,-1.022109,-0.613265
2026-07-27T16:44:47.219059,3.2615,-0.193228,-0.132602,0.000000,-0.966142,-1.014449,-0.608669
2026-07-27T16:44:47.219073,3.2620,-0.191770,-0.133398,0.000000,-0.958850,-1.006792,-0.604075
2026-07-27T16:44:47.219084,3.2625,-0.197607,-0.130214,0.000000,-0.988036,-1.037438,-0.622463
2026-07-27T16:44:47.219095,3.2630,-0.196147,-0.131010,0.000000,-0.980735,-1.029772,-0.617863
2026-07-27T16:44:47.219105,3.2635,-0.194687,-0.131806,0.000000,-0.973437,-1.022109,-0.613265
2026-07-27T16:44:47.219118,3.2640,-0.193228,-0.132602,0.000000,-0.966142,-1.014449,-0.608669
2026-07-27T16:44:47.219128,3.2645,-0.191770,-0.133398,0.000000,-0.958850,-1.006792,-0.604075
2026-07-27T16:44:47.219139,3.2650,-0.197607,-0.130214,0.000000,-0.988036,-1.037438,-0.622463
2026-07-27T16:44:47.219151,3.2655,-0.196147,-0.131010,0.000000,-0.980735,-1.029772,-0.617863
2026-07-27T16:44:47.219161,3.2660,-0.194687,-0.131806,0.000000,-0.973437,-1.022109,-0.613265
2026-07-27T16:44:47.219172,3.2665,-0.193228,-0.132602,0.000000,-0.966142,-1.014449,-0.608669
2026-07-27T16:44:47.219183,3.2670,-0.191770,-0.133398,0.000000,-0.958850,-1.006792,-0.604075
2026-07-27T16:44:47.219194,3.2675,-0.197607,-0.130214,0.000000,-0.988036,-1.037438,-0.622463
2026-07-27T16:44:47.219206,3.2680,-0.196147,-0.131010,0.000000,-0.980735,-1.029772,-0.617863
2026-07-27T16:44:47.219217,3.2685,-0.194687,-0.131806,0.000000,-0.973437,-1.022109,-0.613265
2026-07-27T16:44:47.219228,3.2690,-0.193228,-0.132602,0.000000,-0.966142,-1.014449,-0.608669
2026-07-27T16:44:47.219238,3.2695,-0.191770,-0.133398,0.000000,-0.958850,-1.006792,-0.604075
2026-07-27T16:44:47.219249,3.2700,-0.197607,-0.130214,0.000000,-0.988036,-1.037438,-0.622463
2026-07-27T16:44:47.219260,3.2705,-0.196147,-0.131010,0.000000,-0.980735,-1.029772,-0.617863
2026-07-27T16:44:47.219282,3.2710,-0.194687,-0.131806,0.000000,-0.973437,-1.022109,-0.613265
2026-07-27T16:44:47.219293,3.2715,-0.193228,-0.132602,0.000000,-0.966142,-1.014449,-0.608669
2026-07-27T16:44:47.219305,3.2720,-0.191770,-0.133398,0.000000,-0.958850,-1.006792,-0.604075
2026-07-27T16:44:47.219316,3.2725,-0.197607,-0.130214,0.000000,-0.988036,-1.037438,-0.622463
2026-07-27T16:44:47.219328,3.2730,-0.196147,-0.131010,0.000000,-0.980735,-1.029772,-0.617863
2026-07-27T16:44:47.219343,3.2735,-0.194687,-0.131806,0.000000,-0.973437,-1.022109,-0.613265
2026-07-27T16:44:47.219356,3.2740,-0.193228,-0.132602,0.000000,-0.966142,-1.014449,-0.608669
2026-07-27T16:44:47.219371,3.2745,-0.191770,-0.133398,0.000000,-0.958850,-1.006792,-0.604075
2026-07-27T16:44:47.219386,3.2750,-0.197607,-0.130214,0.000000,-0.988036,-1.037438,-0.622463
2026-07-27T16:44:47.219400,3.2755,-0.196147,-0.131010,0.000000,-0.980735,-1.029772,-0.617863
2026-07-27T16:44:47.219414,3.2760,-0.194687,-0.131806,0.000000,-0.973437,-1.022109,-0.613265
2026-07-27T16:44:47.219431,3.2765,-0.193228,-0.132602,0.000000,-0.966142,-1.014449,-0.608669
2026-07-27T16:44:47.219457,3.2770,-0.191770,-0.133398,0.000000,-0.958850,-1.006792,-0.604075
2026-07-27T16:44:47.219473,3.2775,-0.197607,-0.130214,0.000000,-0.988036,-1.037438,-0.622463
2026-07-27T16:44:47.219488,3.2780,-0.196147,-0.131010,0.000000,-0.980735,-1.029772,-0.617863
2026-07-27T16:44:47.219503,3.2785,-0.194687,-0.131806,0.000000,-0.973437,-1.022109,-0.613265
2026-07-27T16:44:47.219519,3.2790,-0.193228,-0.132602,0.000000,-0.966142,-1.014449,-0.608669
2026-07-27T16:44:47.219534,3.2795,-0.191770,-0.133398,0.000000,-0.958850,-1.006792,-0.604075
2026-07-27T16:44:47.219550,3.2800,-0.197607,-0.130214,0.000000,-0.988036,-1.037438,-0.622463
2026-07-27T16:44:47.219565,3.2805,-0.196147,-0.131010,0.000000,-0.980735,-1.029772,-0.617863
2026-07-27T16:44:47.219581,3.2810,-0.194687,-0.131806,0.000000,-0.973437,-1.022109,-0.613265
2026-07-27T16:44:47.219596,3.2815,-0.193228,-0.132602,0.000000,-0.966142,-1.014449,-0.608669
2026-07-27T16:44:47.219614,3.2820,-0.191770,-0.133398,0.000000,-0.958850,-1.006792,-0.604075
2026-07-27T16:44:47.219629,3.2825,-0.197607,-0.130214,0.000000,-0.988036,-1.037438,-0.622463
2026-07-27T16:44:47.219644,3.2830,-0.196147,-0.131010,0.000000,-0.980735,-1.029772,-0.617863
2026-07-27T16:44:47.219659,3.2835,-0.194687,-0.131806,0.000000,-0.973437,-1.022109,-0.613265
2026-07-27T16:44:47.219674,3.2840,-0.193228,-0.132602,0.000000,-0.966142,-1.014449,-0.608669
2026-07-27T16:44:47.219688,3.2845,-0.191770,-0.133398,0.000000,-0.958850,-1.006792,-0.604075
2026-07-27T16:44:47.219702,3.2850,-0.197607,-0.130214,0.000000,-0.988036,-1.037438,-0.622463
2026-07-27T16:44:47.219719,3.2855,-0.196147,-0.131010,0.000000,-0.980735,-1.029772,-0.617863
2026-07-27T16:44:47.219734,3.2860,-0.194687,-0.131806,0.000000,-0.973437,-1.022109,-0.613265
2026-07-27T16:44:47.219748,3.2865,-0.193228,-0.132602,0.000000,-0.966142,-1.014449,-0.608669
2026-07-27T16:44:47.219764,3.2870,-0.191770,-0.133398,0.000000,-0.958850,-1.006792,-0.604075
2026-07-27T16:44:47.219794,3.2875,-0.197607,-0.130214,0.000000,-0.988036,-1.037438,-0.622463
2026-07-27T16:44:47.219808,3.2880,-0.196147,-0.131010,0.000000,-0.980735,-1.029772,-0.617863
2026-07-27T16:44:47.219823,3.2885,-0.194687,-0.131806,0.000000,-0.973437,-1.022109,-0.613265
2026-07-27T16:44:47.219838,3.2890,-0.193228,-0.132602,0.000000,-0.966142,-1.014449,-0.608669
2026-07-27T16:44:47.219852,3.2895,-0.191770,-0.133398,0.000000,-0.958850,-1.006792,-0.604075
2026-07-27T16:44:47.219867,3.2900,-0.197607,-0.130214,0.000000,-0.988036,-1.037438,-0.622463
2026-07-27T16:44:47.219883,3.2905,-0.196147,-0.131010,0.000000,-0.980735,-1.029772,-0.617863
2026-07-27T16:44:47.219905,3.2910,-0.194687,-0.131806,0.000000,-0.973437,-1.022109,-0.613265
2026-07-27T16:44:47.219922,3.2915,-0.193228,-0.132602,0.000000,-0.966142,-1.014449,-0.608669
2026-07-27T16:44:47.219937,3.2920,-0.191770,-0.133398,0.000000,-0.958850,-1.006792,-0.604075
2026-07-27T16:44:47.219952,3.2925,-0.197607,-0.130214,0.000000,-0.988036,-1.037438,-0.622463
2026-07-27T16:44:47.219966,3.2930,-0.196147,-0.131010,0.000000,-0.980735,-1.029772,-0.617863
2026-07-27T16:44:47.219981,3.2935,-0.194687,-0.131806,0.000000,-0.973437,-1.022109,-0.613265
2026-07-27T16:44:47.219995,3.2940,-0.193228,-0.132602,0.000000,-0.966142,-1.014449,-0.608669
2026-07-27T16:44:47.220010,3.2945,-0.191770,-0.133398,0.000000,-0.958850,-1.006792,-0.604075
2026-07-27T16:44:47.220024,3.2950,-0.197607,-0.130214,0.000000,-0.988036,-1.037438,-0.622463
2026-07-27T16:44:47.220039,3.2955,-0.196147,-0.131010,0.000000,-0.980735,-1.029772,-0.617863
2026-07-27T16:44:47.220054,3.2960,-0.194687,-0.131806,0.000000,-0.973437,-1.022109,-0.613265
2026-07-27T16:44:47.220068,3.2965,-0.193228,-0.132602,0.000000,-0.966142,-1.014449,-0.608669
2026-07-27T16:44:47.220082,3.2970,-0.191770,-0.133398,0.000000,-0.958850,-1.006792,-0.604075
2026-07-27T16:44:47.220096,3.2975,-0.197607,-0.130214,0.000000,-0.988036,-1.037438,-0.622463
2026-07-27T16:44:47.220109,3.2980,-0.196147,-0.131010,0.000000,-0.980735,-1.029772,-0.617863
2026-07-27T16:44:47.220123,3.2985,-0.194687,-0.131806,0.000000,-0.973437,-1.022109,-0.613265
2026-07-27T16:44:47.220137,3.2990,-0.193228,-0.132602,0.000000,-0.966142,-1.014449,-0.608669
2026-07-27T16:44:47.220150,3.2995,-0.191770,-0.133398,0.000000,-0.958850,-1.006792,-0.604075
2026-07-27T16:44:47.317976,3.3000,-0.190312,-0.134193,0.000000,-0.951561,-0.999139,-0.599483
2026-07-27T16:44:47.318058,3.3005,-0.188855,-0.134988,0.000000,-0.944275,-0.991489,-0.594893
2026-07-27T16:44:47.318097,3.3010,-0.187398,-0.135782,0.000000,-0.936992,-0.983842,-0.590305
2026-07-27T16:44:47.318132,3.3015,-0.185942,-0.136576,0.000000,-0.929712,-0.976198,-0.585719
2026-07-27T16:44:47.318167,3.3020,-0.184487,-0.137370,0.000000,-0.922435,-0.968557,-0.581134
2026-07-27T16:44:47.318201,3.3025,-0.190312,-0.134193,0.000000,-0.951561,-0.999139,-0.599483
2026-07-27T16:44:47.318235,3.3030,-0.188855,-0.134988,0.000000,-0.944275,-0.991489,-0.594893
2026-07-27T16:44:47.318278,3.3035,-0.187398,-0.135782,0.000000,-0.936992,-0.983842,-0.590305
2026-07-27T16:44:47.318311,3.3040,-0.185942,-0.136576,0.000000,-0.929712,-0.976198,-0.585719
2026-07-27T16:44:47.318345,3.3045,-0.184487,-0.137370,0.000000,-0.922435,-0.968557,-0.581134
2026-07-27T16:44:47.318378,3.3050,-0.190312,-0.134193,0.000000,-0.951561,-0.999139,-0.599483
2026-07-27T16:44:47.318411,3.3055,-0.188855,-0.134988,0.000000,-0.944275,-0.991489,-0.594893
2026-07-27T16:44:47.318445,3.3060,-0.187398,-0.135782,0.000000,-0.936992,-0.983842,-0.590305
2026-07-27T16:44:47.318478,3.3065,-0.185942,-0.136576,0.000000,-0.929712,-0.976198,-0.585719
2026-07-27T16:44:47.318511,3.3070,-0.184487,-0.137370,0.000000,-0.922435,-0.968557,-0.581134
2026-07-27T16:44:47.318544,3.3075,-0.190312,-0.134193,0.000000,-0.951561,-0.999139,-0.599483
2026-07-27T16:44:47.318576,3.3080,-0.188855,-0.134988,0.000000,-0.944275,-0.991489,-0.594893
2026-07-27T16:44:47.318609,3.3085,-0.187398,-0.135782,0.000000,-0.936992,-0.983842,-0.590305
2026-07-27T16:44:47.318642,3.3090,-0.185942,-0.136576,0.000000,-0.929712,-0.976198,-0.585719
2026-07-27T16:44:47.318674,3.3095,-0.184487,-0.137370,0.000000,-0.922435,-0.968557,-0.581134
2026-07-27T16:44:47.318707,3.3100,-0.190312,-0.134193,0.000000,-0.951561,-0.999139,-0.599483
2026-07-27T16:44:47.318740,3.3105,-0.188855,-0.134988,0.000000,-0.944275,-0.991489,-0.594893
2026-07-27T16:44:47.318772,3.3110,-0.187398,-0.135782,0.000000,-0.936992,-0.983842,-0.590305
2026-07-27T16:44:47.318805,3.3115,-0.185942,-0.136576,0.000000,-0.929712,-0.976198,-0.585719
2026-07-27T16:44:47.318838,3.3120,-0.184487,-0.137370,0.000000,-0.922435,-0.968557,-0.581134
2026-07-27T16:44:47.318872,3.3125,-0.190312,-0.134193,0.000000,-0.951561,-0.999139,-0.599483
2026-07-27T16:44:47.318904,3.3130,-0.188855,-0.134988,0.000000,-0.944275,-0.991489,-0.594893
2026-07-27T16:44:47.318937,3.3135,-0.187398,-0.135782,0.000000,-0.936992,-0.983842,-0.590305
2026-07-27T16:44:47.318970,3.3140,-0.185942,-0.136576,0.000000,-0.929712,-0.976198,-0.585719
2026-07-27T16:44:47.319003,3.3145,-0.184487,-0.137370,0.000000,-0.922435,-0.968557,-0.581134
2026-07-27T16:44:47.319034,3.3150,-0.190312,-0.134193,0.000000,-0.951561,-0.999139,-0.599483
2026-07-27T16:44:47.319079,3.3155,-0.188855,-0.134988,0.000000,-0.944275,-0.991489,-0.594893
2026-07-27T16:44:47.319115,3.3160,-0.187398,-0.135782,0.000000,-0.936992,-0.983842,-0.590305
2026-07-27T16:44:47.319147,3.3165,-0.185942,-0.136576,0.000000,-0.929712,-0.976198,-0.585719
2026-07-27T16:44:47.319178,3.3170,-0.184487,-0.137370,0.000000,-0.922435,-0.968557,-0.581134
2026-07-27T16:44:47.319210,3.3175,-0.190312,-0.134193,0.000000,-0.951561,-0.999139,-0.599483
2026-07-27T16:44:47.319240,3.3180,-0.188855,-0.134988,0.000000,-0.944275,-0.991489,-0.594893
2026-07-27T16:44:47.319281,3.3185,-0.187398,-0.135782,0.000000,-0.936992,-0.983842,-0.590305
2026-07-27T16:44:47.319312,3.3190,-0.185942,-0.136576,0.000000,-0.929712,-0.976198,-0.585719
2026-07-27T16:44:47.319342,3.3195,-0.184487,-0.137370,0.000000,-0.922435,-0.968557,-0.581134
2026-07-27T16:44:47.319373,3.3200,-0.190312,-0.134193,0.000000,-0.951561,-0.999139,-0.599483
2026-07-27T16:44:47.319404,3.3205,-0.188855,-0.134988,0.000000,-0.944275,-0.991489,-0.594893
2026-07-27T16:44:47.319435,3.3210,-0.187398,-0.135782,0.000000,-0.936992,-0.983842,-0.590305
2026-07-27T16:44:47.319465,3.3215,-0.185942,-0.136576,0.000000,-0.929712,-0.976198,-0.585719
2026-07-27T16:44:47.319495,3.3220,-0.184487,-0.137370,0.000000,-0.922435,-0.968557,-0.581134
2026-07-27T16:44:47.319526,3.3225,-0.190312,-0.134193,0.000000,-0.951561,-0.999139,-0.599483
2026-07-27T16:44:47.319557,3.3230,-0.188855,-0.134988,0.000000,-0.944275,-0.991489,-0.594893
2026-07-27T16:44:47.319587,3.3235,-0.187398,-0.135782,0.000000,-0.936992,-0.983842,-0.590305
2026-07-27T16:44:47.319617,3.3240,-0.185942,-0.136576,0.000000,-0.929712,-0.976198,-0.585719
2026-07-27T16:44:47.319647,3.3245,-0.184487,-0.137370,0.000000,-0.922435,-0.968557,-0.581134
2026-07-27T16:44:47.319678,3.3250,-0.190312,-0.134193,0.000000,-0.951561,-0.999139,-0.599483
2026-07-27T16:44:47.319718,3.3255,-0.188855,-0.134988,0.000000,-0.944275,-0.991489,-0.594893
2026-07-27T16:44:47.319767,3.3260,-0.187398,-0.135782,0.000000,-0.936992,-0.983842,-0.590305
2026-07-27T16:44:47.319818,3.3265,-0.185942,-0.136576,0.000000,-0.929712,-0.976198,-0.585719
2026-07-27T16:44:47.319855,3.3270,-0.184487,-0.137370,0.000000,-0.922435,-0.968557,-0.581134
2026-07-27T16:44:47.319886,3.3275,-0.190312,-0.134193,0.000000,-0.951561,-0.999139,-0.599483
2026-07-27T16:44:47.319916,3.3280,-0.188855,-0.134988,0.000000,-0.944275,-0.991489,-0.594893
2026-07-27T16:44:47.319948,3.3285,-0.187398,-0.135782,0.000000,-0.936992,-0.983842,-0.590305
2026-07-27T16:44:47.319978,3.3290,-0.185942,-0.136576,0.000000,-0.929712,-0.976198,-0.585719
2026-07-27T16:44:47.320008,3.3295,-0.184487,-0.137370,0.000000,-0.922435,-0.968557,-0.581134
2026-07-27T16:44:47.320039,3.3300,-0.190312,-0.134193,0.000000,-0.951561,-0.999139,-0.599483
2026-07-27T16:44:47.320068,3.3305,-0.188855,-0.134988,0.000000,-0.944275,-0.991489,-0.594893
2026-07-27T16:44:47.320096,3.3310,-0.187398,-0.135782,0.000000,-0.936992,-0.983842,-0.590305
2026-07-27T16:44:47.320125,3.3315,-0.185942,-0.136576,0.000000,-0.929712,-0.976198,-0.585719
2026-07-27T16:44:47.320153,3.3320,-0.184487,-0.137370,0.000000,-0.922435,-0.968557,-0.581134
2026-07-27T16:44:47.320184,3.3325,-0.190312,-0.134193,0.000000,-0.951561,-0.999139,-0.599483
2026-07-27T16:44:47.320213,3.3330,-0.188855,-0.134988,0.000000,-0.944275,-0.991489,-0.594893
2026-07-27T16:44:47.320241,3.3335,-0.187398,-0.135782,0.000000,-0.936992,-0.983842,-0.590305
2026-07-27T16:44:47.320281,3.3340,-0.185942,-0.136576,0.000000,-0.929712,-0.976198,-0.585719
2026-07-27T16:44:47.320310,3.3345,-0.184487,-0.137370,0.000000,-0.922435,-0.968557,-0.581134
2026-07-27T16:44:47.320340,3.3350,-0.190312,-0.134193,0.000000,-0.951561,-0.999139,-0.599483
2026-07-27T16:44:47.320369,3.3355,-0.188855,-0.134988,0.000000,-0.944275,-0.991489,-0.594893
2026-07-27T16:44:47.320398,3.3360,-0.187398,-0.135782,0.000000,-0.936992,-0.983842,-0.590305
2026-07-27T16:44:47.320427,3.3365,-0.185942,-0.136576,0.000000,-0.929712,-0.976198,-0.585719
2026-07-27T16:44:47.320453,3.3370,-0.184487,-0.137370,0.000000,-0.922435,-0.968557,-0.581134
2026-07-27T16:44:47.320480,3.3375,-0.190312,-0.134193,0.000000,-0.951561,-0.999139,-0.599483
2026-07-27T16:44:47.320507,3.3380,-0.188855,-0.134988,0.000000,-0.944275,-0.991489,-0.594893
2026-07-27T16:44:47.320538,3.3385,-0.187398,-0.135782,0.000000,-0.936992,-0.983842,-0.590305
2026-07-27T16:44:47.320565,3.3390,-0.185942,-0.136576,0.000000,-0.929712,-0.976198,-0.585719
2026-07-27T16:44:47.320592,3.3395,-0.184487,-0.137370,0.000000,-0.922435,-0.968557,-0.581134
2026-07-27T16:44:47.320619,3.3400,-0.190312,-0.134193,0.000000,-0.951561,-0.999139,-0.599483
2026-07-27T16:44:47.320646,3.3405,-0.188855,-0.134988,0.000000,-0.944275,-0.991489,-0.594893
2026-07-27T16:44:47.320673,3.3410,-0.187398,-0.135782,0.000000,-0.936992,-0.983842,-0.590305
2026-07-27T16:44:47.320700,3.3415,-0.185942,-0.136576,0.000000,-0.929712,-0.976198,-0.585719
2026-07-27T16:44:47.320728,3.3420,-0.184487,-0.137370,0.000000,-0.922435,-0.968557,-0.581134
2026-07-27T16:44:47.320755,3.3425,-0.190312,-0.134193,0.000000,-0.951561,-0.999139,-0.599483
2026-07-27T16:44:47.320781,3.3430,-0.188855,-0.134988,0.000000,-0.944275,-0.991489,-0.594893
2026-07-27T16:44:47.320807,3.3435,-0.187398,-0.135782,0.000000,-0.936992,-0.983842,-0.590305
2026-07-27T16:44:47.320922,3.3440,-0.185942,-0.136576,0.000000,-0.929712,-0.976198,-0.585719
2026-07-27T16:44:47.320950,3.3445,-0.184487,-0.137370,0.000000,-0.922435,-0.968557,-0.581134
2026-07-27T16:44:47.320977,3.3450,-0.190312,-0.134193,0.000000,-0.951561,-0.999139,-0.599483
2026-07-27T16:44:47.321004,3.3455,-0.188855,-0.134988,0.000000,-0.944275,-0.991489,-0.594893
2026-07-27T16:44:47.321030,3.3460,-0.187398,-0.135782,0.000000,-0.936992,-0.983842,-0.590305
2026-07-27T16:44:47.321063,3.3465,-0.185942,-0.136576,0.000000,-0.929712,-0.976198,-0.585719
2026-07-27T16:44:47.321118,3.3470,-0.184487,-0.137370,0.000000,-0.922435,-0.968557,-0.581134
2026-07-27T16:44:47.321171,3.3475,-0.190312,-0.134193,0.000000,-0.951561,-0.999139,-0.599483
2026-07-27T16:44:47.321225,3.3480,-0.188855,-0.134988,0.000000,-0.944275,-0.991489,-0.594893
2026-07-27T16:44:47.321291,3.3485,-0.187398,-0.135782,0.000000,-0.936992,-0.983842,-0.590305
2026-07-27T16:44:47.321344,3.3490,-0.185942,-0.136576,0.000000,-0.929712,-0.976198,-0.585719
2026-07-27T16:44:47.321398,3.3495,-0.184487,-0.137370,0.000000,-0.922435,-0.968557,-0.581134
2026-07-27T16:44:47.321452,3.3500,-0.190312,-0.134193,0.000000,-0.951561,-0.999139,-0.599483
2026-07-27T16:44:47.321505,3.3505,-0.188855,-0.134988,0.000000,-0.944275,-0.991489,-0.594893
2026-07-27T16:44:47.321562,3.3510,-0.187398,-0.135782,0.000000,-0.936992,-0.983842,-0.590305
2026-07-27T16:44:47.321617,3.3515,-0.185942,-0.136576,0.000000,-0.929712,-0.976198,-0.585719
2026-07-27T16:44:47.321672,3.3520,-0.184487,-0.137370,0.000000,-0.922435,-0.968557,-0.581134
2026-07-27T16:44:47.321726,3.3525,-0.190312,-0.134193,0.000000,-0.951561,-0.999139,-0.599483
2026-07-27T16:44:47.321779,3.3530,-0.188855,-0.134988,0.000000,-0.944275,-0.991489,-0.594893
2026-07-27T16:44:47.321832,3.3535,-0.187398,-0.135782,0.000000,-0.936992,-0.983842,-0.590305
2026-07-27T16:44:47.321886,3.3540,-0.185942,-0.136576,0.000000,-0.929712,-0.976198,-0.585719
2026-07-27T16:44:47.321934,3.3545,-0.184487,-0.137370,0.000000,-0.922435,-0.968557,-0.581134
2026-07-27T16:44:47.321963,3.3550,-0.190312,-0.134193,0.000000,-0.951561,-0.999139,-0.599483
2026-07-27T16:44:47.321993,3.3555,-0.188855,-0.134988,0.000000,-0.944275,-0.991489,-0.594893
2026-07-27T16:44:47.322034,3.3560,-0.187398,-0.135782,0.000000,-0.936992,-0.983842,-0.590305
2026-07-27T16:44:47.322072,3.3565,-0.185942,-0.136576,0.000000,-0.929712,-0.976198,-0.585719
2026-07-27T16:44:47.322100,3.3570,-0.184487,-0.137370,0.000000,-0.922435,-0.968557,-0.581134
2026-07-27T16:44:47.322129,3.3575,-0.190312,-0.134193,0.000000,-0.951561,-0.999139,-0.599483
2026-07-27T16:44:47.322156,3.3580,-0.188855,-0.134988,0.000000,-0.944275,-0.991489,-0.594893
2026-07-27T16:44:47.322184,3.3585,-0.187398,-0.135782,0.000000,-0.936992,-0.983842,-0.590305
2026-07-27T16:44:47.322212,3.3590,-0.185942,-0.136576,0.000000,-0.929712,-0.976198,-0.585719
2026-07-27T16:44:47.322240,3.3595,-0.184487,-0.137370,0.000000,-0.922435,-0.968557,-0.581134
2026-07-27T16:44:47.322279,3.3600,-0.190312,-0.134193,0.000000,-0.951561,-0.999139,-0.599483
2026-07-27T16:44:47.322310,3.3605,-0.188855,-0.134988,0.000000,-0.944275,-0.991489,-0.594893
2026-07-27T16:44:47.322341,3.3610,-0.187398,-0.135782,0.000000,-0.936992,-0.983842,-0.590305
2026-07-27T16:44:47.322371,3.3615,-0.185942,-0.136576,0.000000,-0.929712,-0.976198,-0.585719
2026-07-27T16:44:47.322401,3.3620,-0.184487,-0.137370,0.000000,-0.922435,-0.968557,-0.581134
2026-07-27T16:44:47.322437,3.3625,-0.190312,-0.134193,0.000000,-0.951561,-0.999139,-0.599483
2026-07-27T16:44:47.322468,3.3630,-0.188855,-0.134988,0.000000,-0.944275,-0.991489,-0.594893
2026-07-27T16:44:47.322499,3.3635,-0.187398,-0.135782,0.000000,-0.936992,-0.983842,-0.590305
2026-07-27T16:44:47.322529,3.3640,-0.185942,-0.136576,0.000000,-0.929712,-0.976198,-0.585719
2026-07-27T16:44:47.322565,3.3645,-0.184487,-0.137370,0.000000,-0.922435,-0.968557,-0.581134
2026-07-27T16:44:47.322595,3.3650,-0.190312,-0.134193,0.000000,-0.951561,-0.999139,-0.599483
2026-07-27T16:44:47.322625,3.3655,-0.188855,-0.134988,0.000000,-0.944275,-0.991489,-0.594893
2026-07-27T16:44:47.322655,3.3660,-0.187398,-0.135782,0.000000,-0.936992,-0.983842,-0.590305
2026-07-27T16:44:47.322685,3.3665,-0.185942,-0.136576,0.000000,-0.929712,-0.976198,-0.585719
2026-07-27T16:44:47.322716,3.3670,-0.184487,-0.137370,0.000000,-0.922435,-0.968557,-0.581134
2026-07-27T16:44:47.322746,3.3675,-0.190312,-0.134193,0.000000,-0.951561,-0.999139,-0.599483
2026-07-27T16:44:47.322776,3.3680,-0.188855,-0.134988,0.000000,-0.944275,-0.991489,-0.594893
2026-07-27T16:44:47.322807,3.3685,-0.187398,-0.135782,0.000000,-0.936992,-0.983842,-0.590305
2026-07-27T16:44:47.322837,3.3690,-0.185942,-0.136576,0.000000,-0.929712,-0.976198,-0.585719
2026-07-27T16:44:47.322868,3.3695,-0.184487,-0.137370,0.000000,-0.922435,-0.968557,-0.581134
2026-07-27T16:44:47.322900,3.3700,-0.190312,-0.134193,0.000000,-0.951561,-0.999139,-0.599483
2026-07-27T16:44:47.322929,3.3705,-0.188855,-0.134988,0.000000,-0.944275,-0.991489,-0.594893
2026-07-27T16:44:47.322958,3.3710,-0.187398,-0.135782,0.000000,-0.936992,-0.983842,-0.590305
2026-07-27T16:44:47.322990,3.3715,-0.185942,-0.136576,0.000000,-0.929712,-0.976198,-0.585719
2026-07-27T16:44:47.323021,3.3720,-0.184487,-0.137370,0.000000,-0.922435,-0.968557,-0.581134
2026-07-27T16:44:47.323049,3.3725,-0.190312,-0.134193,0.000000,-0.951561,-0.999139,-0.599483
2026-07-27T16:44:47.323078,3.3730,-0.188855,-0.134988,0.000000,-0.944275,-0.991489,-0.594893
2026-07-27T16:44:47.323107,3.3735,-0.187398,-0.135782,0.000000,-0.936992,-0.983842,-0.590305
2026-07-27T16:44:47.323136,3.3740,-0.185942,-0.136576,0.000000,-0.929712,-0.976198,-0.585719
2026-07-27T16:44:47.323163,3.3745,-0.184487,-0.137370,0.000000,-0.922435,-0.968557,-0.581134
2026-07-27T16:44:47.323191,3.3750,-0.190312,-0.134193,0.000000,-0.951561,-0.999139,-0.599483
2026-07-27T16:44:47.323218,3.3755,-0.188855,-0.134988,0.000000,-0.944275,-0.991489,-0.594893
2026-07-27T16:44:47.323247,3.3760,-0.187398,-0.135782,0.000000,-0.936992,-0.983842,-0.590305
2026-07-27T16:44:47.323281,3.3765,-0.185942,-0.136576,0.000000,-0.929712,-0.976198,-0.585719
2026-07-27T16:44:47.323310,3.3770,-0.184487,-0.137370,0.000000,-0.922435,-0.968557,-0.581134
2026-07-27T16:44:47.323338,3.3775,-0.190312,-0.134193,0.000000,-0.951561,-0.999139,-0.599483
2026-07-27T16:44:47.323366,3.3780,-0.188855,-0.134988,0.000000,-0.944275,-0.991489,-0.594893
2026-07-27T16:44:47.323393,3.3785,-0.187398,-0.135782,0.000000,-0.936992,-0.983842,-0.590305
2026-07-27T16:44:47.323421,3.3790,-0.185942,-0.136576,0.000000,-0.929712,-0.976198,-0.585719
2026-07-27T16:44:47.323450,3.3795,-0.184487,-0.137370,0.000000,-0.922435,-0.968557,-0.581134
2026-07-27T16:44:47.323478,3.3800,-0.190312,-0.134193,0.000000,-0.951561,-0.999139,-0.599483
2026-07-27T16:44:47.323506,3.3805,-0.188855,-0.134988,0.000000,-0.944275,-0.991489,-0.594893
2026-07-27T16:44:47.323535,3.3810,-0.187398,-0.135782,0.000000,-0.936992,-0.983842,-0.590305
2026-07-27T16:44:47.323564,3.3815,-0.185942,-0.136576,0.000000,-0.929712,-0.976198,-0.585719
2026-07-27T16:44:47.323593,3.3820,-0.184487,-0.137370,0.000000,-0.922435,-0.968557,-0.581134
2026-07-27T16:44:47.323622,3.3825,-0.190312,-0.134193,0.000000,-0.951561,-0.999139,-0.599483
2026-07-27T16:44:47.323650,3.3830,-0.188855,-0.134988,0.000000,-0.944275,-0.991489,-0.594893
2026-07-27T16:44:47.323678,3.3835,-0.187398,-0.135782,0.000000,-0.936992,-0.983842,-0.590305
2026-07-27T16:44:47.323706,3.3840,-0.185942,-0.136576,0.000000,-0.929712,-0.976198,-0.585719
2026-07-27T16:44:47.323735,3.3845,-0.184487,-0.137370,0.000000,-0.922435,-0.968557,-0.581134
2026-07-27T16:44:47.323766,3.3850,-0.190312,-0.134193,0.000000,-0.951561,-0.999139,-0.599483
2026-07-27T16:44:47.323796,3.3855,-0.188855,-0.134988,0.000000,-0.944275,-0.991489,-0.594893
2026-07-27T16:44:47.323826,3.3860,-0.187398,-0.135782,0.000000,-0.936992,-0.983842,-0.590305
2026-07-27T16:44:47.323856,3.3865,-0.185942,-0.136576,0.000000,-0.929712,-0.976198,-0.585719
2026-07-27T16:44:47.323886,3.3870,-0.184487,-0.137370,0.000000,-0.922435,-0.968557,-0.581134
2026-07-27T16:44:47.323935,3.3875,-0.190312,-0.134193,0.000000,-0.951561,-0.999139,-0.599483
2026-07-27T16:44:47.323966,3.3880,-0.188855,-0.134988,0.000000,-0.944275,-0.991489,-0.594893
2026-07-27T16:44:47.323996,3.3885,-0.187398,-0.135782,0.000000,-0.936992,-0.983842,-0.590305
2026-07-27T16:44:47.324026,3.3890,-0.185942,-0.136576,0.000000,-0.929712,-0.976198,-0.585719
2026-07-27T16:44:47.324056,3.3895,-0.184487,-0.137370,0.000000,-0.922435,-0.968557,-0.581134
2026-07-27T16:44:47.324086,3.3900,-0.190312,-0.134193,0.000000,-0.951561,-0.999139,-0.599483
2026-07-27T16:44:47.324117,3.3905,-0.188855,-0.134988,0.000000,-0.944275,-0.991489,-0.594893
2026-07-27T16:44:47.324147,3.3910,-0.187398,-0.135782,0.000000,-0.936992,-0.983842,-0.590305
2026-07-27T16:44:47.324178,3.3915,-0.185942,-0.136576,0.000000,-0.929712,-0.976198,-0.585719
2026-07-27T16:44:47.324207,3.3920,-0.184487,-0.137370,0.000000,-0.922435,-0.968557,-0.581134
2026-07-27T16:44:47.324238,3.3925,-0.190312,-0.134193,0.000000,-0.951561,-0.999139,-0.599483
2026-07-27T16:44:47.324278,3.3930,-0.188855,-0.134988,0.000000,-0.944275,-0.991489,-0.594893
2026-07-27T16:44:47.324309,3.3935,-0.187398,-0.135782,0.000000,-0.936992,-0.983842,-0.590305
2026-07-27T16:44:47.324340,3.3940,-0.185942,-0.136576,0.000000,-0.929712,-0.976198,-0.585719
2026-07-27T16:44:47.324370,3.3945,-0.184487,-0.137370,0.000000,-0.922435,-0.968557,-0.581134
2026-07-27T16:44:47.324401,3.3950,-0.190312,-0.134193,0.000000,-0.951561,-0.999139,-0.599483
2026-07-27T16:44:47.324431,3.3955,-0.188855,-0.134988,0.000000,-0.944275,-0.991489,-0.594893
2026-07-27T16:44:47.324462,3.3960,-0.187398,-0.135782,0.000000,-0.936992,-0.983842,-0.590305
2026-07-27T16:44:47.324493,3.3965,-0.185942,-0.136576,0.000000,-0.929712,-0.976198,-0.585719
2026-07-27T16:44:47.324524,3.3970,-0.184487,-0.137370,0.000000,-0.922435,-0.968557,-0.581134
2026-07-27T16:44:47.324556,3.3975,-0.190312,-0.134193,0.000000,-0.951561,-0.999139,-0.599483
2026-07-27T16:44:47.324587,3.3980,-0.188855,-0.134988,0.000000,-0.944275,-0.991489,-0.594893
2026-07-27T16:44:47.324616,3.3985,-0.187398,-0.135782,0.000000,-0.936992,-0.983842,-0.590305
2026-07-27T16:44:47.324646,3.3990,-0.185942,-0.136576,0.000000,-0.929712,-0.976198,-0.585719
2026-07-27T16:44:47.324677,3.3995,-0.184487,-0.137370,0.000000,-0.922435,-0.968557,-0.581134
2026-07-27T16:44:47.418316,3.4000,-0.183032,-0.138164,0.000000,-0.915162,-0.960920,-0.576552
2026-07-27T16:44:47.418433,3.4005,-0.181578,-0.138957,0.000000,-0.907891,-0.953286,-0.571972
2026-07-27T16:44:47.418496,3.4010,-0.180125,-0.139750,0.000000,-0.900624,-0.945655,-0.567393
2026-07-27T16:44:47.418553,3.4015,-0.178672,-0.140542,0.000000,-0.893360,-0.938028,-0.562817
2026-07-27T16:44:47.418607,3.4020,-0.177220,-0.141334,0.000000,-0.886099,-0.930404,-0.558242
2026-07-27T16:44:47.418663,3.4025,-0.183032,-0.138164,0.000000,-0.915162,-0.960920,-0.576552
2026-07-27T16:44:47.418716,3.4030,-0.181578,-0.138957,0.000000,-0.907891,-0.953286,-0.571972
2026-07-27T16:44:47.418770,3.4035,-0.180125,-0.139750,0.000000,-0.900624,-0.945655,-0.567393
2026-07-27T16:44:47.418826,3.4040,-0.178672,-0.140542,0.000000,-0.893360,-0.938028,-0.562817
2026-07-27T16:44:47.418881,3.4045,-0.177220,-0.141334,0.000000,-0.886099,-0.930404,-0.558242
2026-07-27T16:44:47.418935,3.4050,-0.183032,-0.138164,0.000000,-0.915162,-0.960920,-0.576552
2026-07-27T16:44:47.418990,3.4055,-0.181578,-0.138957,0.000000,-0.907891,-0.953286,-0.571972
2026-07-27T16:44:47.419042,3.4060,-0.180125,-0.139750,0.000000,-0.900624,-0.945655,-0.567393
2026-07-27T16:44:47.419096,3.4065,-0.178672,-0.140542,0.000000,-0.893360,-0.938028,-0.562817
2026-07-27T16:44:47.419149,3.4070,-0.177220,-0.141334,0.000000,-0.886099,-0.930404,-0.558242
2026-07-27T16:44:47.419203,3.4075,-0.183032,-0.138164,0.000000,-0.915162,-0.960920,-0.576552
2026-07-27T16:44:47.419255,3.4080,-0.181578,-0.138957,0.000000,-0.907891,-0.953286,-0.571972
2026-07-27T16:44:47.419326,3.4085,-0.180125,-0.139750,0.000000,-0.900624,-0.945655,-0.567393
2026-07-27T16:44:47.419380,3.4090,-0.178672,-0.140542,0.000000,-0.893360,-0.938028,-0.562817
2026-07-27T16:44:47.419434,3.4095,-0.177220,-0.141334,0.000000,-0.886099,-0.930404,-0.558242
2026-07-27T16:44:47.419487,3.4100,-0.183032,-0.138164,0.000000,-0.915162,-0.960920,-0.576552
2026-07-27T16:44:47.419544,3.4105,-0.181578,-0.138957,0.000000,-0.907891,-0.953286,-0.571972
2026-07-27T16:44:47.419597,3.4110,-0.180125,-0.139750,0.000000,-0.900624,-0.945655,-0.567393
2026-07-27T16:44:47.419652,3.4115,-0.178672,-0.140542,0.000000,-0.893360,-0.938028,-0.562817
2026-07-27T16:44:47.419705,3.4120,-0.177220,-0.141334,0.000000,-0.886099,-0.930404,-0.558242
2026-07-27T16:44:47.419758,3.4125,-0.183032,-0.138164,0.000000,-0.915162,-0.960920,-0.576552
2026-07-27T16:44:47.419811,3.4130,-0.181578,-0.138957,0.000000,-0.907891,-0.953286,-0.571972
2026-07-27T16:44:47.419865,3.4135,-0.180125,-0.139750,0.000000,-0.900624,-0.945655,-0.567393
2026-07-27T16:44:47.419918,3.4140,-0.178672,-0.140542,0.000000,-0.893360,-0.938028,-0.562817
2026-07-27T16:44:47.419971,3.4145,-0.177220,-0.141334,0.000000,-0.886099,-0.930404,-0.558242
2026-07-27T16:44:47.420025,3.4150,-0.183032,-0.138164,0.000000,-0.915162,-0.960920,-0.576552
2026-07-27T16:44:47.420079,3.4155,-0.181578,-0.138957,0.000000,-0.907891,-0.953286,-0.571972
2026-07-27T16:44:47.420133,3.4160,-0.180125,-0.139750,0.000000,-0.900624,-0.945655,-0.567393
2026-07-27T16:44:47.420187,3.4165,-0.178672,-0.140542,0.000000,-0.893360,-0.938028,-0.562817
2026-07-27T16:44:47.420239,3.4170,-0.177220,-0.141334,0.000000,-0.886099,-0.930404,-0.558242
2026-07-27T16:44:47.420313,3.4175,-0.183032,-0.138164,0.000000,-0.915162,-0.960920,-0.576552
2026-07-27T16:44:47.420368,3.4180,-0.181578,-0.138957,0.000000,-0.907891,-0.953286,-0.571972
2026-07-27T16:44:47.420421,3.4185,-0.180125,-0.139750,0.000000,-0.900624,-0.945655,-0.567393
2026-07-27T16:44:47.420475,3.4190,-0.178672,-0.140542,0.000000,-0.893360,-0.938028,-0.562817
2026-07-27T16:44:47.420528,3.4195,-0.177220,-0.141334,0.000000,-0.886099,-0.930404,-0.558242
2026-07-27T16:44:47.420582,3.4200,-0.183032,-0.138164,0.000000,-0.915162,-0.960920,-0.576552
2026-07-27T16:44:47.420637,3.4205,-0.181578,-0.138957,0.000000,-0.907891,-0.953286,-0.571972
2026-07-27T16:44:47.420691,3.4210,-0.180125,-0.139750,0.000000,-0.900624,-0.945655,-0.567393
2026-07-27T16:44:47.420744,3.4215,-0.178672,-0.140542,0.000000,-0.893360,-0.938028,-0.562817
2026-07-27T16:44:47.420797,3.4220,-0.177220,-0.141334,0.000000,-0.886099,-0.930404,-0.558242
2026-07-27T16:44:47.420852,3.4225,-0.183032,-0.138164,0.000000,-0.915162,-0.960920,-0.576552
2026-07-27T16:44:47.420905,3.4230,-0.181578,-0.138957,0.000000,-0.907891,-0.953286,-0.571972
2026-07-27T16:44:47.420957,3.4235,-0.180125,-0.139750,0.000000,-0.900624,-0.945655,-0.567393
2026-07-27T16:44:47.421009,3.4240,-0.178672,-0.140542,0.000000,-0.893360,-0.938028,-0.562817
2026-07-27T16:44:47.421062,3.4245,-0.177220,-0.141334,0.000000,-0.886099,-0.930404,-0.558242
2026-07-27T16:44:47.421115,3.4250,-0.183032,-0.138164,0.000000,-0.915162,-0.960920,-0.576552
2026-07-27T16:44:47.421171,3.4255,-0.181578,-0.138957,0.000000,-0.907891,-0.953286,-0.571972
2026-07-27T16:44:47.421224,3.4260,-0.180125,-0.139750,0.000000,-0.900624,-0.945655,-0.567393
2026-07-27T16:44:47.421288,3.4265,-0.178672,-0.140542,0.000000,-0.893360,-0.938028,-0.562817
2026-07-27T16:44:47.421343,3.4270,-0.177220,-0.141334,0.000000,-0.886099,-0.930404,-0.558242
2026-07-27T16:44:47.421397,3.4275,-0.183032,-0.138164,0.000000,-0.915162,-0.960920,-0.576552
2026-07-27T16:44:47.421452,3.4280,-0.181578,-0.138957,0.000000,-0.907891,-0.953286,-0.571972
2026-07-27T16:44:47.421506,3.4285,-0.180125,-0.139750,0.000000,-0.900624,-0.945655,-0.567393
2026-07-27T16:44:47.421560,3.4290,-0.178672,-0.140542,0.000000,-0.893360,-0.938028,-0.562817
2026-07-27T16:44:47.421614,3.4295,-0.177220,-0.141334,0.000000,-0.886099,-0.930404,-0.558242
2026-07-27T16:44:47.421672,3.4300,-0.183032,-0.138164,0.000000,-0.915162,-0.960920,-0.576552
2026-07-27T16:44:47.421728,3.4305,-0.181578,-0.138957,0.000000,-0.907891,-0.953286,-0.571972
2026-07-27T16:44:47.421782,3.4310,-0.180125,-0.139750,0.000000,-0.900624,-0.945655,-0.567393
2026-07-27T16:44:47.421834,3.4315,-0.178672,-0.140542,0.000000,-0.893360,-0.938028,-0.562817
2026-07-27T16:44:47.421888,3.4320,-0.177220,-0.141334,0.000000,-0.886099,-0.930404,-0.558242
2026-07-27T16:44:47.421944,3.4325,-0.183032,-0.138164,0.000000,-0.915162,-0.960920,-0.576552
2026-07-27T16:44:47.421997,3.4330,-0.181578,-0.138957,0.000000,-0.907891,-0.953286,-0.571972
2026-07-27T16:44:47.422052,3.4335,-0.180125,-0.139750,0.000000,-0.900624,-0.945655,-0.567393
2026-07-27T16:44:47.422107,3.4340,-0.178672,-0.140542,0.000000,-0.893360,-0.938028,-0.562817
2026-07-27T16:44:47.422161,3.4345,-0.177220,-0.141334,0.000000,-0.886099,-0.930404,-0.558242
2026-07-27T16:44:47.422216,3.4350,-0.183032,-0.138164,0.000000,-0.915162,-0.960920,-0.576552
2026-07-27T16:44:47.422282,3.4355,-0.181578,-0.138957,0.000000,-0.907891,-0.953286,-0.571972
2026-07-27T16:44:47.422337,3.4360,-0.180125,-0.139750,0.000000,-0.900624,-0.945655,-0.567393
2026-07-27T16:44:47.422390,3.4365,-0.178672,-0.140542,0.000000,-0.893360,-0.938028,-0.562817
2026-07-27T16:44:47.422444,3.4370,-0.177220,-0.141334,0.000000,-0.886099,-0.930404,-0.558242
2026-07-27T16:44:47.422497,3.4375,-0.183032,-0.138164,0.000000,-0.915162,-0.960920,-0.576552
2026-07-27T16:44:47.422552,3.4380,-0.181578,-0.138957,0.000000,-0.907891,-0.953286,-0.571972
2026-07-27T16:44:47.422611,3.4385,-0.180125,-0.139750,0.000000,-0.900624,-0.945655,-0.567393
2026-07-27T16:44:47.422668,3.4390,-0.178672,-0.140542,0.000000,-0.893360,-0.938028,-0.562817
2026-07-27T16:44:47.422720,3.4395,-0.177220,-0.141334,0.000000,-0.886099,-0.930404,-0.558242
2026-07-27T16:44:47.422775,3.4400,-0.183032,-0.138164,0.000000,-0.915162,-0.960920,-0.576552
2026-07-27T16:44:47.422828,3.4405,-0.181578,-0.138957,0.000000,-0.907891,-0.953286,-0.571972
2026-07-27T16:44:47.422881,3.4410,-0.180125,-0.139750,0.000000,-0.900624,-0.945655,-0.567393
2026-07-27T16:44:47.422933,3.4415,-0.178672,-0.140542,0.000000,-0.893360,-0.938028,-0.562817
2026-07-27T16:44:47.422987,3.4420,-0.177220,-0.141334,0.000000,-0.886099,-0.930404,-0.558242
2026-07-27T16:44:47.423040,3.4425,-0.183032,-0.138164,0.000000,-0.915162,-0.960920,-0.576552
2026-07-27T16:44:47.423093,3.4430,-0.181578,-0.138957,0.000000,-0.907891,-0.953286,-0.571972
2026-07-27T16:44:47.423147,3.4435,-0.180125,-0.139750,0.000000,-0.900624,-0.945655,-0.567393
2026-07-27T16:44:47.423400,3.4440,-0.178672,-0.140542,0.000000,-0.893360,-0.938028,-0.562817
2026-07-27T16:44:47.423476,3.4445,-0.177220,-0.141334,0.000000,-0.886099,-0.930404,-0.558242
2026-07-27T16:44:47.423531,3.4450,-0.183032,-0.138164,0.000000,-0.915162,-0.960920,-0.576552
2026-07-27T16:44:47.423585,3.4455,-0.181578,-0.138957,0.000000,-0.907891,-0.953286,-0.571972
2026-07-27T16:44:47.423638,3.4460,-0.180125,-0.139750,0.000000,-0.900624,-0.945655,-0.567393
2026-07-27T16:44:47.423690,3.4465,-0.178672,-0.140542,0.000000,-0.893360,-0.938028,-0.562817
2026-07-27T16:44:47.423742,3.4470,-0.177220,-0.141334,0.000000,-0.886099,-0.930404,-0.558242
2026-07-27T16:44:47.423797,3.4475,-0.183032,-0.138164,0.000000,-0.915162,-0.960920,-0.576552
2026-07-27T16:44:47.423850,3.4480,-0.181578,-0.138957,0.000000,-0.907891,-0.953286,-0.571972
2026-07-27T16:44:47.423902,3.4485,-0.180125,-0.139750,0.000000,-0.900624,-0.945655,-0.567393
2026-07-27T16:44:47.423955,3.4490,-0.178672,-0.140542,0.000000,-0.893360,-0.938028,-0.562817
2026-07-27T16:44:47.424008,3.4495,-0.177220,-0.141334,0.000000,-0.886099,-0.930404,-0.558242
2026-07-27T16:44:47.424061,3.4500,-0.183032,-0.138164,0.000000,-0.915162,-0.960920,-0.576552
2026-07-27T16:44:47.424115,3.4505,-0.181578,-0.138957,0.000000,-0.907891,-0.953286,-0.571972
2026-07-27T16:44:47.424170,3.4510,-0.180125,-0.139750,0.000000,-0.900624,-0.945655,-0.567393
2026-07-27T16:44:47.424225,3.4515,-0.178672,-0.140542,0.000000,-0.893360,-0.938028,-0.562817
2026-07-27T16:44:47.424301,3.4520,-0.177220,-0.141334,0.000000,-0.886099,-0.930404,-0.558242
2026-07-27T16:44:47.424358,3.4525,-0.183032,-0.138164,0.000000,-0.915162,-0.960920,-0.576552
2026-07-27T16:44:47.424412,3.4530,-0.181578,-0.138957,0.000000,-0.907891,-0.953286,-0.571972
2026-07-27T16:44:47.424464,3.4535,-0.180125,-0.139750,0.000000,-0.900624,-0.945655,-0.567393
2026-07-27T16:44:47.424517,3.4540,-0.178672,-0.140542,0.000000,-0.893360,-0.938028,-0.562817
2026-07-27T16:44:47.424569,3.4545,-0.177220,-0.141334,0.000000,-0.886099,-0.930404,-0.558242
2026-07-27T16:44:47.424625,3.4550,-0.183032,-0.138164,0.000000,-0.915162,-0.960920,-0.576552
2026-07-27T16:44:47.424679,3.4555,-0.181578,-0.138957,0.000000,-0.907891,-0.953286,-0.571972
2026-07-27T16:44:47.424734,3.4560,-0.180125,-0.139750,0.000000,-0.900624,-0.945655,-0.567393
2026-07-27T16:44:47.424789,3.4565,-0.178672,-0.140542,0.000000,-0.893360,-0.938028,-0.562817
2026-07-27T16:44:47.424843,3.4570,-0.177220,-0.141334,0.000000,-0.886099,-0.930404,-0.558242
2026-07-27T16:44:47.424896,3.4575,-0.183032,-0.138164,0.000000,-0.915162,-0.960920,-0.576552
2026-07-27T16:44:47.424949,3.4580,-0.181578,-0.138957,0.000000,-0.907891,-0.953286,-0.571972
2026-07-27T16:44:47.425003,3.4585,-0.180125,-0.139750,0.000000,-0.900624,-0.945655,-0.567393
2026-07-27T16:44:47.425055,3.4590,-0.178672,-0.140542,0.000000,-0.893360,-0.938028,-0.562817
2026-07-27T16:44:47.425111,3.4595,-0.177220,-0.141334,0.000000,-0.886099,-0.930404,-0.558242
2026-07-27T16:44:47.425188,3.4600,-0.183032,-0.138164,0.000000,-0.915162,-0.960920,-0.576552
2026-07-27T16:44:47.425243,3.4605,-0.181578,-0.138957,0.000000,-0.907891,-0.953286,-0.571972
2026-07-27T16:44:47.425315,3.4610,-0.180125,-0.139750,0.000000,-0.900624,-0.945655,-0.567393
2026-07-27T16:44:47.425383,3.4615,-0.178672,-0.140542,0.000000,-0.893360,-0.938028,-0.562817
2026-07-27T16:44:47.425437,3.4620,-0.177220,-0.141334,0.000000,-0.886099,-0.930404,-0.558242
2026-07-27T16:44:47.425490,3.4625,-0.183032,-0.138164,0.000000,-0.915162,-0.960920,-0.576552
2026-07-27T16:44:47.425542,3.4630,-0.181578,-0.138957,0.000000,-0.907891,-0.953286,-0.571972
2026-07-27T16:44:47.425602,3.4635,-0.180125,-0.139750,0.000000,-0.900624,-0.945655,-0.567393
2026-07-27T16:44:47.425656,3.4640,-0.178672,-0.140542,0.000000,-0.893360,-0.938028,-0.562817
2026-07-27T16:44:47.425711,3.4645,-0.177220,-0.141334,0.000000,-0.886099,-0.930404,-0.558242
2026-07-27T16:44:47.425765,3.4650,-0.183032,-0.138164,0.000000,-0.915162,-0.960920,-0.576552
2026-07-27T16:44:47.425818,3.4655,-0.181578,-0.138957,0.000000,-0.907891,-0.953286,-0.571972
2026-07-27T16:44:47.425871,3.4660,-0.180125,-0.139750,0.000000,-0.900624,-0.945655,-0.567393
2026-07-27T16:44:47.425924,3.4665,-0.178672,-0.140542,0.000000,-0.893360,-0.938028,-0.562817
2026-07-27T16:44:47.425977,3.4670,-0.177220,-0.141334,0.000000,-0.886099,-0.930404,-0.558242
2026-07-27T16:44:47.426029,3.4675,-0.183032,-0.138164,0.000000,-0.915162,-0.960920,-0.576552
2026-07-27T16:44:47.426082,3.4680,-0.181578,-0.138957,0.000000,-0.907891,-0.953286,-0.571972
2026-07-27T16:44:47.426136,3.4685,-0.180125,-0.139750,0.000000,-0.900624,-0.945655,-0.567393
2026-07-27T16:44:47.426189,3.4690,-0.178672,-0.140542,0.000000,-0.893360,-0.938028,-0.562817
2026-07-27T16:44:47.426242,3.4695,-0.177220,-0.141334,0.000000,-0.886099,-0.930404,-0.558242
2026-07-27T16:44:47.426312,3.4700,-0.183032,-0.138164,0.000000,-0.915162,-0.960920,-0.576552
2026-07-27T16:44:47.426368,3.4705,-0.181578,-0.138957,0.000000,-0.907891,-0.953286,-0.571972
2026-07-27T16:44:47.426423,3.4710,-0.180125,-0.139750,0.000000,-0.900624,-0.945655,-0.567393
2026-07-27T16:44:47.426476,3.4715,-0.178672,-0.140542,0.000000,-0.893360,-0.938028,-0.562817
2026-07-27T16:44:47.426530,3.4720,-0.177220,-0.141334,0.000000,-0.886099,-0.930404,-0.558242
2026-07-27T16:44:47.426584,3.4725,-0.183032,-0.138164,0.000000,-0.915162,-0.960920,-0.576552
2026-07-27T16:44:47.426638,3.4730,-0.181578,-0.138957,0.000000,-0.907891,-0.953286,-0.571972
2026-07-27T16:44:47.426692,3.4735,-0.180125,-0.139750,0.000000,-0.900624,-0.945655,-0.567393
2026-07-27T16:44:47.426745,3.4740,-0.178672,-0.140542,0.000000,-0.893360,-0.938028,-0.562817
2026-07-27T16:44:47.426799,3.4745,-0.177220,-0.141334,0.000000,-0.886099,-0.930404,-0.558242
2026-07-27T16:44:47.426851,3.4750,-0.183032,-0.138164,0.000000,-0.915162,-0.960920,-0.576552
2026-07-27T16:44:47.426906,3.4755,-0.181578,-0.138957,0.000000,-0.907891,-0.953286,-0.571972
2026-07-27T16:44:47.426961,3.4760,-0.180125,-0.139750,0.000000,-0.900624,-0.945655,-0.567393
2026-07-27T16:44:47.427012,3.4765,-0.178672,-0.140542,0.000000,-0.893360,-0.938028,-0.562817
2026-07-27T16:44:47.427065,3.4770,-0.177220,-0.141334,0.000000,-0.886099,-0.930404,-0.558242
2026-07-27T16:44:47.427120,3.4775,-0.183032,-0.138164,0.000000,-0.915162,-0.960920,-0.576552
2026-07-27T16:44:47.427175,3.4780,-0.181578,-0.138957,0.000000,-0.907891,-0.953286,-0.571972
2026-07-27T16:44:47.427224,3.4785,-0.180125,-0.139750,0.000000,-0.900624,-0.945655,-0.567393
2026-07-27T16:44:47.427290,3.4790,-0.178672,-0.140542,0.000000,-0.893360,-0.938028,-0.562817
2026-07-27T16:44:47.427338,3.4795,-0.177220,-0.141334,0.000000,-0.886099,-0.930404,-0.558242
2026-07-27T16:44:47.427385,3.4800,-0.183032,-0.138164,0.000000,-0.915162,-0.960920,-0.576552
2026-07-27T16:44:47.427453,3.4805,-0.181578,-0.138957,0.000000,-0.907891,-0.953286,-0.571972
2026-07-27T16:44:47.427503,3.4810,-0.180125,-0.139750,0.000000,-0.900624,-0.945655,-0.567393
2026-07-27T16:44:47.427551,3.4815,-0.178672,-0.140542,0.000000,-0.893360,-0.938028,-0.562817
2026-07-27T16:44:47.427601,3.4820,-0.177220,-0.141334,0.000000,-0.886099,-0.930404,-0.558242
2026-07-27T16:44:47.427650,3.4825,-0.183032,-0.138164,0.000000,-0.915162,-0.960920,-0.576552
2026-07-27T16:44:47.427711,3.4830,-0.181578,-0.138957,0.000000,-0.907891,-0.953286,-0.571972
2026-07-27T16:44:47.427761,3.4835,-0.180125,-0.139750,0.000000,-0.900624,-0.945655,-0.567393
2026-07-27T16:44:47.427819,3.4840,-0.178672,-0.140542,0.000000,-0.893360,-0.938028,-0.562817
2026-07-27T16:44:47.427867,3.4845,-0.177220,-0.141334,0.000000,-0.886099,-0.930404,-0.558242
2026-07-27T16:44:47.427916,3.4850,-0.183032,-0.138164,0.000000,-0.915162,-0.960920,-0.576552
2026-07-27T16:44:47.427964,3.4855,-0.181578,-0.138957,0.000000,-0.907891,-0.953286,-0.571972
2026-07-27T16:44:47.428011,3.4860,-0.180125,-0.139750,0.000000,-0.900624,-0.945655,-0.567393
2026-07-27T16:44:47.428059,3.4865,-0.178672,-0.140542,0.000000,-0.893360,-0.938028,-0.562817
2026-07-27T16:44:47.428106,3.4870,-0.177220,-0.141334,0.000000,-0.886099,-0.930404,-0.558242
2026-07-27T16:44:47.428188,3.4875,-0.183032,-0.138164,0.000000,-0.915162,-0.960920,-0.576552
2026-07-27T16:44:47.428231,3.4880,-0.181578,-0.138957,0.000000,-0.907891,-0.953286,-0.571972
2026-07-27T16:44:47.428292,3.4885,-0.180125,-0.139750,0.000000,-0.900624,-0.945655,-0.567393
2026-07-27T16:44:47.428336,3.4890,-0.178672,-0.140542,0.000000,-0.893360,-0.938028,-0.562817
2026-07-27T16:44:47.428380,3.4895,-0.177220,-0.141334,0.000000,-0.886099,-0.930404,-0.558242
2026-07-27T16:44:47.428422,3.4900,-0.183032,-0.138164,0.000000,-0.915162,-0.960920,-0.576552
2026-07-27T16:44:47.428468,3.4905,-0.181578,-0.138957,0.000000,-0.907891,-0.953286,-0.571972
2026-07-27T16:44:47.428511,3.4910,-0.180125,-0.139750,0.000000,-0.900624,-0.945655,-0.567393
2026-07-27T16:44:47.428555,3.4915,-0.178672,-0.140542,0.000000,-0.893360,-0.938028,-0.562817
2026-07-27T16:44:47.428597,3.4920,-0.177220,-0.141334,0.000000,-0.886099,-0.930404,-0.558242
2026-07-27T16:44:47.428641,3.4925,-0.183032,-0.138164,0.000000,-0.915162,-0.960920,-0.576552
2026-07-27T16:44:47.428685,3.4930,-0.181578,-0.138957,0.000000,-0.907891,-0.953286,-0.571972
2026-07-27T16:44:47.428729,3.4935,-0.180125,-0.139750,0.000000,-0.900624,-0.945655,-0.567393
2026-07-27T16:44:47.428773,3.4940,-0.178672,-0.140542,0.000000,-0.893360,-0.938028,-0.562817
2026-07-27T16:44:47.428816,3.4945,-0.177220,-0.141334,0.000000,-0.886099,-0.930404,-0.558242
2026-07-27T16:44:47.428860,3.4950,-0.183032,-0.138164,0.000000,-0.915162,-0.960920,-0.576552
2026-07-27T16:44:47.428903,3.4955,-0.181578,-0.138957,0.000000,-0.907891,-0.953286,-0.571972
2026-07-27T16:44:47.428946,3.4960,-0.180125,-0.139750,0.000000,-0.900624,-0.945655,-0.567393
2026-07-27T16:44:47.428987,3.4965,-0.178672,-0.140542,0.000000,-0.893360,-0.938028,-0.562817
2026-07-27T16:44:47.429026,3.4970,-0.177220,-0.141334,0.000000,-0.886099,-0.930404,-0.558242
2026-07-27T16:44:47.429065,3.4975,-0.183032,-0.138164,0.000000,-0.915162,-0.960920,-0.576552
2026-07-27T16:44:47.429104,3.4980,-0.181578,-0.138957,0.000000,-0.907891,-0.953286,-0.571972
2026-07-27T16:44:47.429148,3.4985,-0.180125,-0.139750,0.000000,-0.900624,-0.945655,-0.567393
2026-07-27T16:44:47.429188,3.4990,-0.178672,-0.140542,0.000000,-0.893360,-0.938028,-0.562817
2026-07-27T16:44:47.429226,3.4995,-0.177220,-0.141334,0.000000,-0.886099,-0.930404,-0.558242
2026-07-27T16:44:47.517653,3.5000,-0.175768,-0.142126,0.000000,-0.878841,-0.922783,-0.553670
2026-07-27T16:44:47.517696,3.5005,-0.174317,-0.142917,0.000000,-0.871586,-0.915166,-0.549099
2026-07-27T16:44:47.517715,3.5010,-0.172867,-0.143708,0.000000,-0.864335,-0.907552,-0.544531
2026-07-27T16:44:47.517733,3.5015,-0.171417,-0.144499,0.000000,-0.857087,-0.899941,-0.539965
2026-07-27T16:44:47.517750,3.5020,-0.169968,-0.145289,0.000000,-0.849842,-0.892334,-0.535400
2026-07-27T16:44:47.517766,3.5025,-0.175768,-0.142126,0.000000,-0.878841,-0.922783,-0.553670
2026-07-27T16:44:47.517783,3.5030,-0.174317,-0.142917,0.000000,-0.871586,-0.915166,-0.549099
2026-07-27T16:44:47.517800,3.5035,-0.172867,-0.143708,0.000000,-0.864335,-0.907552,-0.544531
2026-07-27T16:44:47.517816,3.5040,-0.171417,-0.144499,0.000000,-0.857087,-0.899941,-0.539965
2026-07-27T16:44:47.517836,3.5045,-0.169968,-0.145289,0.000000,-0.849842,-0.892334,-0.535400
2026-07-27T16:44:47.517865,3.5050,-0.175768,-0.142126,0.000000,-0.878841,-0.922783,-0.553670
2026-07-27T16:44:47.517891,3.5055,-0.174317,-0.142917,0.000000,-0.871586,-0.915166,-0.549099
2026-07-27T16:44:47.517916,3.5060,-0.172867,-0.143708,0.000000,-0.864335,-0.907552,-0.544531
2026-07-27T16:44:47.517944,3.5065,-0.171417,-0.144499,0.000000,-0.857087,-0.899941,-0.539965
2026-07-27T16:44:47.517968,3.5070,-0.169968,-0.145289,0.000000,-0.849842,-0.892334,-0.535400
2026-07-27T16:44:47.517991,3.5075,-0.175768,-0.142126,0.000000,-0.878841,-0.922783,-0.553670
2026-07-27T16:44:47.518016,3.5080,-0.174317,-0.142917,0.000000,-0.871586,-0.915166,-0.549099
2026-07-27T16:44:47.518043,3.5085,-0.172867,-0.143708,0.000000,-0.864335,-0.907552,-0.544531
2026-07-27T16:44:47.518066,3.5090,-0.171417,-0.144499,0.000000,-0.857087,-0.899941,-0.539965
2026-07-27T16:44:47.518092,3.5095,-0.169968,-0.145289,0.000000,-0.849842,-0.892334,-0.535400
2026-07-27T16:44:47.518212,3.5100,-0.175768,-0.142126,0.000000,-0.878841,-0.922783,-0.553670
2026-07-27T16:44:47.518315,3.5105,-0.174317,-0.142917,0.000000,-0.871586,-0.915166,-0.549099
2026-07-27T16:44:47.518371,3.5110,-0.172867,-0.143708,0.000000,-0.864335,-0.907552,-0.544531
2026-07-27T16:44:47.518422,3.5115,-0.171417,-0.144499,0.000000,-0.857087,-0.899941,-0.539965
2026-07-27T16:44:47.518472,3.5120,-0.169968,-0.145289,0.000000,-0.849842,-0.892334,-0.535400
2026-07-27T16:44:47.518520,3.5125,-0.175768,-0.142126,0.000000,-0.878841,-0.922783,-0.553670
2026-07-27T16:44:47.518568,3.5130,-0.174317,-0.142917,0.000000,-0.871586,-0.915166,-0.549099
2026-07-27T16:44:47.518619,3.5135,-0.172867,-0.143708,0.000000,-0.864335,-0.907552,-0.544531
2026-07-27T16:44:47.518673,3.5140,-0.171417,-0.144499,0.000000,-0.857087,-0.899941,-0.539965
2026-07-27T16:44:47.518723,3.5145,-0.169968,-0.145289,0.000000,-0.849842,-0.892334,-0.535400
2026-07-27T16:44:47.518783,3.5150,-0.175768,-0.142126,0.000000,-0.878841,-0.922783,-0.553670
2026-07-27T16:44:47.518831,3.5155,-0.174317,-0.142917,0.000000,-0.871586,-0.915166,-0.549099
2026-07-27T16:44:47.518879,3.5160,-0.172867,-0.143708,0.000000,-0.864335,-0.907552,-0.544531
2026-07-27T16:44:47.518932,3.5165,-0.171417,-0.144499,0.000000,-0.857087,-0.899941,-0.539965
2026-07-27T16:44:47.518979,3.5170,-0.169968,-0.145289,0.000000,-0.849842,-0.892334,-0.535400
2026-07-27T16:44:47.519033,3.5175,-0.175768,-0.142126,0.000000,-0.878841,-0.922783,-0.553670
2026-07-27T16:44:47.519084,3.5180,-0.174317,-0.142917,0.000000,-0.871586,-0.915166,-0.549099
2026-07-27T16:44:47.519135,3.5185,-0.172867,-0.143708,0.000000,-0.864335,-0.907552,-0.544531
2026-07-27T16:44:47.519187,3.5190,-0.171417,-0.144499,0.000000,-0.857087,-0.899941,-0.539965
2026-07-27T16:44:47.519239,3.5195,-0.169968,-0.145289,0.000000,-0.849842,-0.892334,-0.535400
2026-07-27T16:44:47.519307,3.5200,-0.175768,-0.142126,0.000000,-0.878841,-0.922783,-0.553670
2026-07-27T16:44:47.519361,3.5205,-0.174317,-0.142917,0.000000,-0.871586,-0.915166,-0.549099
2026-07-27T16:44:47.519412,3.5210,-0.172867,-0.143708,0.000000,-0.864335,-0.907552,-0.544531
2026-07-27T16:44:47.519461,3.5215,-0.171417,-0.144499,0.000000,-0.857087,-0.899941,-0.539965
2026-07-27T16:44:47.519510,3.5220,-0.169968,-0.145289,0.000000,-0.849842,-0.892334,-0.535400
2026-07-27T16:44:47.519558,3.5225,-0.175768,-0.142126,0.000000,-0.878841,-0.922783,-0.553670
2026-07-27T16:44:47.519608,3.5230,-0.174317,-0.142917,0.000000,-0.871586,-0.915166,-0.549099
2026-07-27T16:44:47.519660,3.5235,-0.172867,-0.143708,0.000000,-0.864335,-0.907552,-0.544531
2026-07-27T16:44:47.519710,3.5240,-0.171417,-0.144499,0.000000,-0.857087,-0.899941,-0.539965
2026-07-27T16:44:47.519759,3.5245,-0.169968,-0.145289,0.000000,-0.849842,-0.892334,-0.535400
2026-07-27T16:44:47.519807,3.5250,-0.175768,-0.142126,0.000000,-0.878841,-0.922783,-0.553670
2026-07-27T16:44:47.519855,3.5255,-0.174317,-0.142917,0.000000,-0.871586,-0.915166,-0.549099
2026-07-27T16:44:47.519904,3.5260,-0.172867,-0.143708,0.000000,-0.864335,-0.907552,-0.544531
2026-07-27T16:44:47.519954,3.5265,-0.171417,-0.144499,0.000000,-0.857087,-0.899941,-0.539965
2026-07-27T16:44:47.520002,3.5270,-0.169968,-0.145289,0.000000,-0.849842,-0.892334,-0.535400
2026-07-27T16:44:47.520051,3.5275,-0.175768,-0.142126,0.000000,-0.878841,-0.922783,-0.553670
2026-07-27T16:44:47.520102,3.5280,-0.174317,-0.142917,0.000000,-0.871586,-0.915166,-0.549099
2026-07-27T16:44:47.520154,3.5285,-0.172867,-0.143708,0.000000,-0.864335,-0.907552,-0.544531
2026-07-27T16:44:47.520206,3.5290,-0.171417,-0.144499,0.000000,-0.857087,-0.899941,-0.539965
2026-07-27T16:44:47.520258,3.5295,-0.169968,-0.145289,0.000000,-0.849842,-0.892334,-0.535400
2026-07-27T16:44:47.520315,3.5300,-0.175768,-0.142126,0.000000,-0.878841,-0.922783,-0.553670
2026-07-27T16:44:47.520368,3.5305,-0.174317,-0.142917,0.000000,-0.871586,-0.915166,-0.549099
2026-07-27T16:44:47.520419,3.5310,-0.172867,-0.143708,0.000000,-0.864335,-0.907552,-0.544531
2026-07-27T16:44:47.520470,3.5315,-0.171417,-0.144499,0.000000,-0.857087,-0.899941,-0.539965
2026-07-27T16:44:47.520522,3.5320,-0.169968,-0.145289,0.000000,-0.849842,-0.892334,-0.535400
2026-07-27T16:44:47.520574,3.5325,-0.175768,-0.142126,0.000000,-0.878841,-0.922783,-0.553670
2026-07-27T16:44:47.520625,3.5330,-0.174317,-0.142917,0.000000,-0.871586,-0.915166,-0.549099
2026-07-27T16:44:47.520677,3.5335,-0.172867,-0.143708,0.000000,-0.864335,-0.907552,-0.544531
2026-07-27T16:44:47.520728,3.5340,-0.171417,-0.144499,0.000000,-0.857087,-0.899941,-0.539965
2026-07-27T16:44:47.520780,3.5345,-0.169968,-0.145289,0.000000,-0.849842,-0.892334,-0.535400
2026-07-27T16:44:47.520832,3.5350,-0.175768,-0.142126,0.000000,-0.878841,-0.922783,-0.553670
2026-07-27T16:44:47.520883,3.5355,-0.174317,-0.142917,0.000000,-0.871586,-0.915166,-0.549099
2026-07-27T16:44:47.520939,3.5360,-0.172867,-0.143708,0.000000,-0.864335,-0.907552,-0.544531
2026-07-27T16:44:47.520993,3.5365,-0.171417,-0.144499,0.000000,-0.857087,-0.899941,-0.539965
2026-07-27T16:44:47.521048,3.5370,-0.169968,-0.145289,0.000000,-0.849842,-0.892334,-0.535400
2026-07-27T16:44:47.521103,3.5375,-0.175768,-0.142126,0.000000,-0.878841,-0.922783,-0.553670
2026-07-27T16:44:47.521158,3.5380,-0.174317,-0.142917,0.000000,-0.871586,-0.915166,-0.549099
2026-07-27T16:44:47.521216,3.5385,-0.172867,-0.143708,0.000000,-0.864335,-0.907552,-0.544531
2026-07-27T16:44:47.521277,3.5390,-0.171417,-0.144499,0.000000,-0.857087,-0.899941,-0.539965
2026-07-27T16:44:47.521333,3.5395,-0.169968,-0.145289,0.000000,-0.849842,-0.892334,-0.535400
2026-07-27T16:44:47.521388,3.5400,-0.175768,-0.142126,0.000000,-0.878841,-0.922783,-0.553670
2026-07-27T16:44:47.521443,3.5405,-0.174317,-0.142917,0.000000,-0.871586,-0.915166,-0.549099
2026-07-27T16:44:47.521498,3.5410,-0.172867,-0.143708,0.000000,-0.864335,-0.907552,-0.544531
2026-07-27T16:44:47.521553,3.5415,-0.171417,-0.144499,0.000000,-0.857087,-0.899941,-0.539965
2026-07-27T16:44:47.521608,3.5420,-0.169968,-0.145289,0.000000,-0.849842,-0.892334,-0.535400
2026-07-27T16:44:47.521663,3.5425,-0.175768,-0.142126,0.000000,-0.878841,-0.922783,-0.553670
2026-07-27T16:44:47.521720,3.5430,-0.174317,-0.142917,0.000000,-0.871586,-0.915166,-0.549099
2026-07-27T16:44:47.521778,3.5435,-0.172867,-0.143708,0.000000,-0.864335,-0.907552,-0.544531
2026-07-27T16:44:47.521925,3.5440,-0.171417,-0.144499,0.000000,-0.857087,-0.899941,-0.539965
2026-07-27T16:44:47.521988,3.5445,-0.169968,-0.145289,0.000000,-0.849842,-0.892334,-0.535400
2026-07-27T16:44:47.522047,3.5450,-0.175768,-0.142126,0.000000,-0.878841,-0.922783,-0.553670
2026-07-27T16:44:47.522106,3.5455,-0.174317,-0.142917,0.000000,-0.871586,-0.915166,-0.549099
2026-07-27T16:44:47.522164,3.5460,-0.172867,-0.143708,0.000000,-0.864335,-0.907552,-0.544531
2026-07-27T16:44:47.522223,3.5465,-0.171417,-0.144499,0.000000,-0.857087,-0.899941,-0.539965
2026-07-27T16:44:47.522290,3.5470,-0.169968,-0.145289,0.000000,-0.849842,-0.892334,-0.535400
2026-07-27T16:44:47.522350,3.5475,-0.175768,-0.142126,0.000000,-0.878841,-0.922783,-0.553670
2026-07-27T16:44:47.522410,3.5480,-0.174317,-0.142917,0.000000,-0.871586,-0.915166,-0.549099
2026-07-27T16:44:47.522469,3.5485,-0.172867,-0.143708,0.000000,-0.864335,-0.907552,-0.544531
2026-07-27T16:44:47.522528,3.5490,-0.171417,-0.144499,0.000000,-0.857087,-0.899941,-0.539965
2026-07-27T16:44:47.522586,3.5495,-0.169968,-0.145289,0.000000,-0.849842,-0.892334,-0.535400
2026-07-27T16:44:47.522645,3.5500,-0.175768,-0.142126,0.000000,-0.878841,-0.922783,-0.553670
2026-07-27T16:44:47.522704,3.5505,-0.174317,-0.142917,0.000000,-0.871586,-0.915166,-0.549099
2026-07-27T16:44:47.522763,3.5510,-0.172867,-0.143708,0.000000,-0.864335,-0.907552,-0.544531
2026-07-27T16:44:47.522821,3.5515,-0.171417,-0.144499,0.000000,-0.857087,-0.899941,-0.539965
2026-07-27T16:44:47.522880,3.5520,-0.169968,-0.145289,0.000000,-0.849842,-0.892334,-0.535400
2026-07-27T16:44:47.522939,3.5525,-0.175768,-0.142126,0.000000,-0.878841,-0.922783,-0.553670
2026-07-27T16:44:47.522998,3.5530,-0.174317,-0.142917,0.000000,-0.871586,-0.915166,-0.549099
2026-07-27T16:44:47.523056,3.5535,-0.172867,-0.143708,0.000000,-0.864335,-0.907552,-0.544531
2026-07-27T16:44:47.523115,3.5540,-0.171417,-0.144499,0.000000,-0.857087,-0.899941,-0.539965
2026-07-27T16:44:47.523179,3.5545,-0.169968,-0.145289,0.000000,-0.849842,-0.892334,-0.535400
2026-07-27T16:44:47.523242,3.5550,-0.175768,-0.142126,0.000000,-0.878841,-0.922783,-0.553670
2026-07-27T16:44:47.523323,3.5555,-0.174317,-0.142917,0.000000,-0.871586,-0.915166,-0.549099
2026-07-27T16:44:47.523388,3.5560,-0.172867,-0.143708,0.000000,-0.864335,-0.907552,-0.544531
2026-07-27T16:44:47.523451,3.5565,-0.171417,-0.144499,0.000000,-0.857087,-0.899941,-0.539965
2026-07-27T16:44:47.523515,3.5570,-0.169968,-0.145289,0.000000,-0.849842,-0.892334,-0.535400
2026-07-27T16:44:47.523578,3.5575,-0.175768,-0.142126,0.000000,-0.878841,-0.922783,-0.553670
2026-07-27T16:44:47.523641,3.5580,-0.174317,-0.142917,0.000000,-0.871586,-0.915166,-0.549099
2026-07-27T16:44:47.523705,3.5585,-0.172867,-0.143708,0.000000,-0.864335,-0.907552,-0.544531
2026-07-27T16:44:47.523768,3.5590,-0.171417,-0.144499,0.000000,-0.857087,-0.899941,-0.539965
2026-07-27T16:44:47.523831,3.5595,-0.169968,-0.145289,0.000000,-0.849842,-0.892334,-0.535400
2026-07-27T16:44:47.523894,3.5600,-0.175768,-0.142126,0.000000,-0.878841,-0.922783,-0.553670
2026-07-27T16:44:47.523958,3.5605,-0.174317,-0.142917,0.000000,-0.871586,-0.915166,-0.549099
2026-07-27T16:44:47.524023,3.5610,-0.172867,-0.143708,0.000000,-0.864335,-0.907552,-0.544531
2026-07-27T16:44:47.524091,3.5615,-0.171417,-0.144499,0.000000,-0.857087,-0.899941,-0.539965
2026-07-27T16:44:47.524159,3.5620,-0.169968,-0.145289,0.000000,-0.849842,-0.892334,-0.535400
2026-07-27T16:44:47.524227,3.5625,-0.175768,-0.142126,0.000000,-0.878841,-0.922783,-0.553670
2026-07-27T16:44:47.524317,3.5630,-0.174317,-0.142917,0.000000,-0.871586,-0.915166,-0.549099
2026-07-27T16:44:47.524387,3.5635,-0.172867,-0.143708,0.000000,-0.864335,-0.907552,-0.544531
2026-07-27T16:44:47.524455,3.5640,-0.171417,-0.144499,0.000000,-0.857087,-0.899941,-0.539965
2026-07-27T16:44:47.524524,3.5645,-0.169968,-0.145289,0.000000,-0.849842,-0.892334,-0.535400
2026-07-27T16:44:47.524592,3.5650,-0.175768,-0.142126,0.000000,-0.878841,-0.922783,-0.553670
2026-07-27T16:44:47.524661,3.5655,-0.174317,-0.142917,0.000000,-0.871586,-0.915166,-0.549099
2026-07-27T16:44:47.524729,3.5660,-0.172867,-0.143708,0.000000,-0.864335,-0.907552,-0.544531
2026-07-27T16:44:47.524797,3.5665,-0.171417,-0.144499,0.000000,-0.857087,-0.899941,-0.539965
2026-07-27T16:44:47.524864,3.5670,-0.169968,-0.145289,0.000000,-0.849842,-0.892334,-0.535400
2026-07-27T16:44:47.524932,3.5675,-0.175768,-0.142126,0.000000,-0.878841,-0.922783,-0.553670
2026-07-27T16:44:47.525001,3.5680,-0.174317,-0.142917,0.000000,-0.871586,-0.915166,-0.549099
2026-07-27T16:44:47.525068,3.5685,-0.172867,-0.143708,0.000000,-0.864335,-0.907552,-0.544531
2026-07-27T16:44:47.525139,3.5690,-0.171417,-0.144499,0.000000,-0.857087,-0.899941,-0.539965
2026-07-27T16:44:47.525213,3.5695,-0.169968,-0.145289,0.000000,-0.849842,-0.892334,-0.535400
2026-07-27T16:44:47.525297,3.5700,-0.175768,-0.142126,0.000000,-0.878841,-0.922783,-0.553670
2026-07-27T16:44:47.525373,3.5705,-0.174317,-0.142917,0.000000,-0.871586,-0.915166,-0.549099
2026-07-27T16:44:47.525448,3.5710,-0.172867,-0.143708,0.000000,-0.864335,-0.907552,-0.544531
2026-07-27T16:44:47.525524,3.5715,-0.171417,-0.144499,0.000000,-0.857087,-0.899941,-0.539965
2026-07-27T16:44:47.525598,3.5720,-0.169968,-0.145289,0.000000,-0.849842,-0.892334,-0.535400
2026-07-27T16:44:47.525679,3.5725,-0.175768,-0.142126,0.000000,-0.878841,-0.922783,-0.553670
2026-07-27T16:44:47.525760,3.5730,-0.174317,-0.142917,0.000000,-0.871586,-0.915166,-0.549099
2026-07-27T16:44:47.525838,3.5735,-0.172867,-0.143708,0.000000,-0.864335,-0.907552,-0.544531
2026-07-27T16:44:47.525913,3.5740,-0.171417,-0.144499,0.000000,-0.857087,-0.899941,-0.539965
2026-07-27T16:44:47.525987,3.5745,-0.169968,-0.145289,0.000000,-0.849842,-0.892334,-0.535400
2026-07-27T16:44:47.526061,3.5750,-0.175768,-0.142126,0.000000,-0.878841,-0.922783,-0.553670
2026-07-27T16:44:47.526135,3.5755,-0.174317,-0.142917,0.000000,-0.871586,-0.915166,-0.549099
2026-07-27T16:44:47.526210,3.5760,-0.172867,-0.143708,0.000000,-0.864335,-0.907552,-0.544531
2026-07-27T16:44:47.526295,3.5765,-0.171417,-0.144499,0.000000,-0.857087,-0.899941,-0.539965
2026-07-27T16:44:47.526373,3.5770,-0.169968,-0.145289,0.000000,-0.849842,-0.892334,-0.535400
2026-07-27T16:44:47.526448,3.5775,-0.175768,-0.142126,0.000000,-0.878841,-0.922783,-0.553670
2026-07-27T16:44:47.526523,3.5780,-0.174317,-0.142917,0.000000,-0.871586,-0.915166,-0.549099
2026-07-27T16:44:47.526597,3.5785,-0.172867,-0.143708,0.000000,-0.864335,-0.907552,-0.544531
2026-07-27T16:44:47.526671,3.5790,-0.171417,-0.144499,0.000000,-0.857087,-0.899941,-0.539965
2026-07-27T16:44:47.526745,3.5795,-0.169968,-0.145289,0.000000,-0.849842,-0.892334,-0.535400
2026-07-27T16:44:47.526820,3.5800,-0.175768,-0.142126,0.000000,-0.878841,-0.922783,-0.553670
2026-07-27T16:44:47.526895,3.5805,-0.174317,-0.142917,0.000000,-0.871586,-0.915166,-0.549099
2026-07-27T16:44:47.526970,3.5810,-0.172867,-0.143708,0.000000,-0.864335,-0.907552,-0.544531
2026-07-27T16:44:47.527044,3.5815,-0.171417,-0.144499,0.000000,-0.857087,-0.899941,-0.539965
2026-07-27T16:44:47.527120,3.5820,-0.169968,-0.145289,0.000000,-0.849842,-0.892334,-0.535400
2026-07-27T16:44:47.527196,3.5825,-0.175768,-0.142126,0.000000,-0.878841,-0.922783,-0.553670
2026-07-27T16:44:47.527279,3.5830,-0.174317,-0.142917,0.000000,-0.871586,-0.915166,-0.549099
2026-07-27T16:44:47.527355,3.5835,-0.172867,-0.143708,0.000000,-0.864335,-0.907552,-0.544531
2026-07-27T16:44:47.527429,3.5840,-0.171417,-0.144499,0.000000,-0.857087,-0.899941,-0.539965
2026-07-27T16:44:47.527503,3.5845,-0.169968,-0.145289,0.000000,-0.849842,-0.892334,-0.535400
2026-07-27T16:44:47.527578,3.5850,-0.175768,-0.142126,0.000000,-0.878841,-0.922783,-0.553670
2026-07-27T16:44:47.527653,3.5855,-0.174317,-0.142917,0.000000,-0.871586,-0.915166,-0.549099
2026-07-27T16:44:47.527727,3.5860,-0.172867,-0.143708,0.000000,-0.864335,-0.907552,-0.544531
2026-07-27T16:44:47.527801,3.5865,-0.171417,-0.144499,0.000000,-0.857087,-0.899941,-0.539965
2026-07-27T16:44:47.527876,3.5870,-0.169968,-0.145289,0.000000,-0.849842,-0.892334,-0.535400
2026-07-27T16:44:47.527998,3.5875,-0.175768,-0.142126,0.000000,-0.878841,-0.922783,-0.553670
2026-07-27T16:44:47.528076,3.5880,-0.174317,-0.142917,0.000000,-0.871586,-0.915166,-0.549099
2026-07-27T16:44:47.528151,3.5885,-0.172867,-0.143708,0.000000,-0.864335,-0.907552,-0.544531
2026-07-27T16:44:47.528225,3.5890,-0.171417,-0.144499,0.000000,-0.857087,-0.899941,-0.539965
2026-07-27T16:44:47.528310,3.5895,-0.169968,-0.145289,0.000000,-0.849842,-0.892334,-0.535400
2026-07-27T16:44:47.528386,3.5900,-0.175768,-0.142126,0.000000,-0.878841,-0.922783,-0.553670
2026-07-27T16:44:47.528466,3.5905,-0.174317,-0.142917,0.000000,-0.871586,-0.915166,-0.549099
2026-07-27T16:44:47.528543,3.5910,-0.172867,-0.143708,0.000000,-0.864335,-0.907552,-0.544531
2026-07-27T16:44:47.528618,3.5915,-0.171417,-0.144499,0.000000,-0.857087,-0.899941,-0.539965
2026-07-27T16:44:47.528693,3.5920,-0.169968,-0.145289,0.000000,-0.849842,-0.892334,-0.535400
2026-07-27T16:44:47.528768,3.5925,-0.175768,-0.142126,0.000000,-0.878841,-0.922783,-0.553670
2026-07-27T16:44:47.528843,3.5930,-0.174317,-0.142917,0.000000,-0.871586,-0.915166,-0.549099
2026-07-27T16:44:47.528917,3.5935,-0.172867,-0.143708,0.000000,-0.864335,-0.907552,-0.544531
2026-07-27T16:44:47.528991,3.5940,-0.171417,-0.144499,0.000000,-0.857087,-0.899941,-0.539965
2026-07-27T16:44:47.529060,3.5945,-0.169968,-0.145289,0.000000,-0.849842,-0.892334,-0.535400
2026-07-27T16:44:47.529128,3.5950,-0.175768,-0.142126,0.000000,-0.878841,-0.922783,-0.553670
2026-07-27T16:44:47.529196,3.5955,-0.174317,-0.142917,0.000000,-0.871586,-0.915166,-0.549099
2026-07-27T16:44:47.529273,3.5960,-0.172867,-0.143708,0.000000,-0.864335,-0.907552,-0.544531
2026-07-27T16:44:47.529347,3.5965,-0.171417,-0.144499,0.000000,-0.857087,-0.899941,-0.539965
2026-07-27T16:44:47.529421,3.5970,-0.169968,-0.145289,0.000000,-0.849842,-0.892334,-0.535400
2026-07-27T16:44:47.529495,3.5975,-0.175768,-0.142126,0.000000,-0.878841,-0.922783,-0.553670
2026-07-27T16:44:47.529572,3.5980,-0.174317,-0.142917,0.000000,-0.871586,-0.915166,-0.549099
2026-07-27T16:44:47.529645,3.5985,-0.172867,-0.143708,0.000000,-0.864335,-0.907552,-0.544531
2026-07-27T16:44:47.529718,3.5990,-0.171417,-0.144499,0.000000,-0.857087,-0.899941,-0.539965
2026-07-27T16:44:47.529790,3.5995,-0.169968,-0.145289,0.000000,-0.849842,-0.892334,-0.535400
2026-07-27T16:44:47.618857,3.6000,-0.168520,-0.146079,0.000000,-0.842600,-0.884730,-0.530838
2026-07-27T16:44:47.619026,3.6005,-0.167072,-0.146869,0.000000,-0.835362,-0.877130,-0.526278
2026-07-27T16:44:47.619148,3.6010,-0.165625,-0.147658,0.000000,-0.828127,-0.869534,-0.521720
2026-07-27T16:44:47.619282,3.6015,-0.164179,-0.148447,0.000000,-0.820896,-0.861940,-0.517164
2026-07-27T16:44:47.619396,3.6020,-0.162733,-0.149236,0.000000,-0.813667,-0.854351,-0.512610
2026-07-27T16:44:47.619502,3.6025,-0.168520,-0.146079,0.000000,-0.842600,-0.884730,-0.530838
2026-07-27T16:44:47.619605,3.6030,-0.167072,-0.146869,0.000000,-0.835362,-0.877130,-0.526278
2026-07-27T16:44:47.619706,3.6035,-0.165625,-0.147658,0.000000,-0.828127,-0.869534,-0.521720
2026-07-27T16:44:47.619805,3.6040,-0.164179,-0.148447,0.000000,-0.820896,-0.861940,-0.517164
2026-07-27T16:44:47.619905,3.6045,-0.162733,-0.149236,0.000000,-0.813667,-0.854351,-0.512610
2026-07-27T16:44:47.619997,3.6050,-0.168520,-0.146079,0.000000,-0.842600,-0.884730,-0.530838
2026-07-27T16:44:47.620084,3.6055,-0.167072,-0.146869,0.000000,-0.835362,-0.877130,-0.526278
2026-07-27T16:44:47.620171,3.6060,-0.165625,-0.147658,0.000000,-0.828127,-0.869534,-0.521720
2026-07-27T16:44:47.620257,3.6065,-0.164179,-0.148447,0.000000,-0.820896,-0.861940,-0.517164
2026-07-27T16:44:47.620360,3.6070,-0.162733,-0.149236,0.000000,-0.813667,-0.854351,-0.512610
2026-07-27T16:44:47.620447,3.6075,-0.168520,-0.146079,0.000000,-0.842600,-0.884730,-0.530838
2026-07-27T16:44:47.620533,3.6080,-0.167072,-0.146869,0.000000,-0.835362,-0.877130,-0.526278
2026-07-27T16:44:47.620619,3.6085,-0.165625,-0.147658,0.000000,-0.828127,-0.869534,-0.521720
2026-07-27T16:44:47.620704,3.6090,-0.164179,-0.148447,0.000000,-0.820896,-0.861940,-0.517164
2026-07-27T16:44:47.620788,3.6095,-0.162733,-0.149236,0.000000,-0.813667,-0.854351,-0.512610
2026-07-27T16:44:47.620873,3.6100,-0.168520,-0.146079,0.000000,-0.842600,-0.884730,-0.530838
2026-07-27T16:44:47.620967,3.6105,-0.167072,-0.146869,0.000000,-0.835362,-0.877130,-0.526278
2026-07-27T16:44:47.621059,3.6110,-0.165625,-0.147658,0.000000,-0.828127,-0.869534,-0.521720
2026-07-27T16:44:47.621152,3.6115,-0.164179,-0.148447,0.000000,-0.820896,-0.861940,-0.517164
2026-07-27T16:44:47.621245,3.6120,-0.162733,-0.149236,0.000000,-0.813667,-0.854351,-0.512610
2026-07-27T16:44:47.621355,3.6125,-0.168520,-0.146079,0.000000,-0.842600,-0.884730,-0.530838
2026-07-27T16:44:47.621449,3.6130,-0.167072,-0.146869,0.000000,-0.835362,-0.877130,-0.526278
2026-07-27T16:44:47.621545,3.6135,-0.165625,-0.147658,0.000000,-0.828127,-0.869534,-0.521720
2026-07-27T16:44:47.621650,3.6140,-0.164179,-0.148447,0.000000,-0.820896,-0.861940,-0.517164
2026-07-27T16:44:47.621751,3.6145,-0.162733,-0.149236,0.000000,-0.813667,-0.854351,-0.512610
2026-07-27T16:44:47.621852,3.6150,-0.168520,-0.146079,0.000000,-0.842600,-0.884730,-0.530838
2026-07-27T16:44:47.621952,3.6155,-0.167072,-0.146869,0.000000,-0.835362,-0.877130,-0.526278
2026-07-27T16:44:47.622049,3.6160,-0.165625,-0.147658,0.000000,-0.828127,-0.869534,-0.521720
2026-07-27T16:44:47.622158,3.6165,-0.164179,-0.148447,0.000000,-0.820896,-0.861940,-0.517164
2026-07-27T16:44:47.622281,3.6170,-0.162733,-0.149236,0.000000,-0.813667,-0.854351,-0.512610
2026-07-27T16:44:47.622397,3.6175,-0.168520,-0.146079,0.000000,-0.842600,-0.884730,-0.530838
2026-07-27T16:44:47.622496,3.6180,-0.167072,-0.146869,0.000000,-0.835362,-0.877130,-0.526278
2026-07-27T16:44:47.622594,3.6185,-0.165625,-0.147658,0.000000,-0.828127,-0.869534,-0.521720
2026-07-27T16:44:47.622692,3.6190,-0.164179,-0.148447,0.000000,-0.820896,-0.861940,-0.517164
2026-07-27T16:44:47.622790,3.6195,-0.162733,-0.149236,0.000000,-0.813667,-0.854351,-0.512610
2026-07-27T16:44:47.622887,3.6200,-0.168520,-0.146079,0.000000,-0.842600,-0.884730,-0.530838
2026-07-27T16:44:47.622983,3.6205,-0.167072,-0.146869,0.000000,-0.835362,-0.877130,-0.526278
2026-07-27T16:44:47.623079,3.6210,-0.165625,-0.147658,0.000000,-0.828127,-0.869534,-0.521720
2026-07-27T16:44:47.623176,3.6215,-0.164179,-0.148447,0.000000,-0.820896,-0.861940,-0.517164
2026-07-27T16:44:47.623286,3.6220,-0.162733,-0.149236,0.000000,-0.813667,-0.854351,-0.512610
2026-07-27T16:44:47.623396,3.6225,-0.168520,-0.146079,0.000000,-0.842600,-0.884730,-0.530838
2026-07-27T16:44:47.623509,3.6230,-0.167072,-0.146869,0.000000,-0.835362,-0.877130,-0.526278
2026-07-27T16:44:47.623617,3.6235,-0.165625,-0.147658,0.000000,-0.828127,-0.869534,-0.521720
2026-07-27T16:44:47.623727,3.6240,-0.164179,-0.148447,0.000000,-0.820896,-0.861940,-0.517164
2026-07-27T16:44:47.623832,3.6245,-0.162733,-0.149236,0.000000,-0.813667,-0.854351,-0.512610
2026-07-27T16:44:47.623938,3.6250,-0.168520,-0.146079,0.000000,-0.842600,-0.884730,-0.530838
2026-07-27T16:44:47.624046,3.6255,-0.167072,-0.146869,0.000000,-0.835362,-0.877130,-0.526278
2026-07-27T16:44:47.624152,3.6260,-0.165625,-0.147658,0.000000,-0.828127,-0.869534,-0.521720
2026-07-27T16:44:47.624261,3.6265,-0.164179,-0.148447,0.000000,-0.820896,-0.861940,-0.517164
2026-07-27T16:44:47.624399,3.6270,-0.162733,-0.149236,0.000000,-0.813667,-0.854351,-0.512610
2026-07-27T16:44:47.624505,3.6275,-0.168520,-0.146079,0.000000,-0.842600,-0.884730,-0.530838
2026-07-27T16:44:47.624611,3.6280,-0.167072,-0.146869,0.000000,-0.835362,-0.877130,-0.526278
2026-07-27T16:44:47.624722,3.6285,-0.165625,-0.147658,0.000000,-0.828127,-0.869534,-0.521720
2026-07-27T16:44:47.624830,3.6290,-0.164179,-0.148447,0.000000,-0.820896,-0.861940,-0.517164
2026-07-27T16:44:47.624938,3.6295,-0.162733,-0.149236,0.000000,-0.813667,-0.854351,-0.512610
2026-07-27T16:44:47.625043,3.6300,-0.168520,-0.146079,0.000000,-0.842600,-0.884730,-0.530838
2026-07-27T16:44:47.625148,3.6305,-0.167072,-0.146869,0.000000,-0.835362,-0.877130,-0.526278
2026-07-27T16:44:47.625253,3.6310,-0.165625,-0.147658,0.000000,-0.828127,-0.869534,-0.521720
2026-07-27T16:44:47.625376,3.6315,-0.164179,-0.148447,0.000000,-0.820896,-0.861940,-0.517164
2026-07-27T16:44:47.625470,3.6320,-0.162733,-0.149236,0.000000,-0.813667,-0.854351,-0.512610
2026-07-27T16:44:47.625556,3.6325,-0.168520,-0.146079,0.000000,-0.842600,-0.884730,-0.530838
2026-07-27T16:44:47.625640,3.6330,-0.167072,-0.146869,0.000000,-0.835362,-0.877130,-0.526278
2026-07-27T16:44:47.625724,3.6335,-0.165625,-0.147658,0.000000,-0.828127,-0.869534,-0.521720
2026-07-27T16:44:47.625811,3.6340,-0.164179,-0.148447,0.000000,-0.820896,-0.861940,-0.517164
2026-07-27T16:44:47.625897,3.6345,-0.162733,-0.149236,0.000000,-0.813667,-0.854351,-0.512610
2026-07-27T16:44:47.625984,3.6350,-0.168520,-0.146079,0.000000,-0.842600,-0.884730,-0.530838
2026-07-27T16:44:47.626074,3.6355,-0.167072,-0.146869,0.000000,-0.835362,-0.877130,-0.526278
2026-07-27T16:44:47.626172,3.6360,-0.165625,-0.147658,0.000000,-0.828127,-0.869534,-0.521720
2026-07-27T16:44:47.626259,3.6365,-0.164179,-0.148447,0.000000,-0.820896,-0.861940,-0.517164
2026-07-27T16:44:47.626363,3.6370,-0.162733,-0.149236,0.000000,-0.813667,-0.854351,-0.512610
2026-07-27T16:44:47.626454,3.6375,-0.168520,-0.146079,0.000000,-0.842600,-0.884730,-0.530838
2026-07-27T16:44:47.626542,3.6380,-0.167072,-0.146869,0.000000,-0.835362,-0.877130,-0.526278
2026-07-27T16:44:47.626633,3.6385,-0.165625,-0.147658,0.000000,-0.828127,-0.869534,-0.521720
2026-07-27T16:44:47.626718,3.6390,-0.164179,-0.148447,0.000000,-0.820896,-0.861940,-0.517164
2026-07-27T16:44:47.626801,3.6395,-0.162733,-0.149236,0.000000,-0.813667,-0.854351,-0.512610
2026-07-27T16:44:47.626880,3.6400,-0.168520,-0.146079,0.000000,-0.842600,-0.884730,-0.530838
2026-07-27T16:44:47.626959,3.6405,-0.167072,-0.146869,0.000000,-0.835362,-0.877130,-0.526278
2026-07-27T16:44:47.627035,3.6410,-0.165625,-0.147658,0.000000,-0.828127,-0.869534,-0.521720
2026-07-27T16:44:47.627113,3.6415,-0.164179,-0.148447,0.000000,-0.820896,-0.861940,-0.517164
2026-07-27T16:44:47.627191,3.6420,-0.162733,-0.149236,0.000000,-0.813667,-0.854351,-0.512610
2026-07-27T16:44:47.627284,3.6425,-0.168520,-0.146079,0.000000,-0.842600,-0.884730,-0.530838
2026-07-27T16:44:47.627367,3.6430,-0.167072,-0.146869,0.000000,-0.835362,-0.877130,-0.526278
2026-07-27T16:44:47.627448,3.6435,-0.165625,-0.147658,0.000000,-0.828127,-0.869534,-0.521720
2026-07-27T16:44:47.627624,3.6440,-0.164179,-0.148447,0.000000,-0.820896,-0.861940,-0.517164
2026-07-27T16:44:47.627709,3.6445,-0.162733,-0.149236,0.000000,-0.813667,-0.854351,-0.512610
2026-07-27T16:44:47.627795,3.6450,-0.168520,-0.146079,0.000000,-0.842600,-0.884730,-0.530838
2026-07-27T16:44:47.627893,3.6455,-0.167072,-0.146869,0.000000,-0.835362,-0.877130,-0.526278
2026-07-27T16:44:47.627988,3.6460,-0.165625,-0.147658,0.000000,-0.828127,-0.869534,-0.521720
2026-07-27T16:44:47.628081,3.6465,-0.164179,-0.148447,0.000000,-0.820896,-0.861940,-0.517164
2026-07-27T16:44:47.628178,3.6470,-0.162733,-0.149236,0.000000,-0.813667,-0.854351,-0.512610
2026-07-27T16:44:47.628290,3.6475,-0.168520,-0.146079,0.000000,-0.842600,-0.884730,-0.530838
2026-07-27T16:44:47.628387,3.6480,-0.167072,-0.146869,0.000000,-0.835362,-0.877130,-0.526278
2026-07-27T16:44:47.628481,3.6485,-0.165625,-0.147658,0.000000,-0.828127,-0.869534,-0.521720
2026-07-27T16:44:47.628574,3.6490,-0.164179,-0.148447,0.000000,-0.820896,-0.861940,-0.517164
2026-07-27T16:44:47.628669,3.6495,-0.162733,-0.149236,0.000000,-0.813667,-0.854351,-0.512610
2026-07-27T16:44:47.628762,3.6500,-0.168520,-0.146079,0.000000,-0.842600,-0.884730,-0.530838
2026-07-27T16:44:47.628858,3.6505,-0.167072,-0.146869,0.000000,-0.835362,-0.877130,-0.526278
2026-07-27T16:44:47.628951,3.6510,-0.165625,-0.147658,0.000000,-0.828127,-0.869534,-0.521720
2026-07-27T16:44:47.629032,3.6515,-0.164179,-0.148447,0.000000,-0.820896,-0.861940,-0.517164
2026-07-27T16:44:47.629098,3.6520,-0.162733,-0.149236,0.000000,-0.813667,-0.854351,-0.512610
2026-07-27T16:44:47.629162,3.6525,-0.168520,-0.146079,0.000000,-0.842600,-0.884730,-0.530838
2026-07-27T16:44:47.629227,3.6530,-0.167072,-0.146869,0.000000,-0.835362,-0.877130,-0.526278
2026-07-27T16:44:47.629304,3.6535,-0.165625,-0.147658,0.000000,-0.828127,-0.869534,-0.521720
2026-07-27T16:44:47.629370,3.6540,-0.164179,-0.148447,0.000000,-0.820896,-0.861940,-0.517164
2026-07-27T16:44:47.629435,3.6545,-0.162733,-0.149236,0.000000,-0.813667,-0.854351,-0.512610
2026-07-27T16:44:47.629501,3.6550,-0.168520,-0.146079,0.000000,-0.842600,-0.884730,-0.530838
2026-07-27T16:44:47.629567,3.6555,-0.167072,-0.146869,0.000000,-0.835362,-0.877130,-0.526278
2026-07-27T16:44:47.629634,3.6560,-0.165625,-0.147658,0.000000,-0.828127,-0.869534,-0.521720
2026-07-27T16:44:47.629698,3.6565,-0.164179,-0.148447,0.000000,-0.820896,-0.861940,-0.517164
2026-07-27T16:44:47.629762,3.6570,-0.162733,-0.149236,0.000000,-0.813667,-0.854351,-0.512610
2026-07-27T16:44:47.629827,3.6575,-0.168520,-0.146079,0.000000,-0.842600,-0.884730,-0.530838
2026-07-27T16:44:47.629896,3.6580,-0.167072,-0.146869,0.000000,-0.835362,-0.877130,-0.526278
2026-07-27T16:44:47.629957,3.6585,-0.165625,-0.147658,0.000000,-0.828127,-0.869534,-0.521720
2026-07-27T16:44:47.630016,3.6590,-0.164179,-0.148447,0.000000,-0.820896,-0.861940,-0.517164
2026-07-27T16:44:47.630077,3.6595,-0.162733,-0.149236,0.000000,-0.813667,-0.854351,-0.512610
2026-07-27T16:44:47.630139,3.6600,-0.168520,-0.146079,0.000000,-0.842600,-0.884730,-0.530838
2026-07-27T16:44:47.630199,3.6605,-0.167072,-0.146869,0.000000,-0.835362,-0.877130,-0.526278
2026-07-27T16:44:47.630259,3.6610,-0.165625,-0.147658,0.000000,-0.828127,-0.869534,-0.521720
2026-07-27T16:44:47.630344,3.6615,-0.164179,-0.148447,0.000000,-0.820896,-0.861940,-0.517164
2026-07-27T16:44:47.630406,3.6620,-0.162733,-0.149236,0.000000,-0.813667,-0.854351,-0.512610
2026-07-27T16:44:47.630468,3.6625,-0.168520,-0.146079,0.000000,-0.842600,-0.884730,-0.530838
2026-07-27T16:44:47.630529,3.6630,-0.167072,-0.146869,0.000000,-0.835362,-0.877130,-0.526278
2026-07-27T16:44:47.630590,3.6635,-0.165625,-0.147658,0.000000,-0.828127,-0.869534,-0.521720
2026-07-27T16:44:47.630653,3.6640,-0.164179,-0.148447,0.000000,-0.820896,-0.861940,-0.517164
2026-07-27T16:44:47.630715,3.6645,-0.162733,-0.149236,0.000000,-0.813667,-0.854351,-0.512610
2026-07-27T16:44:47.630775,3.6650,-0.168520,-0.146079,0.000000,-0.842600,-0.884730,-0.530838
2026-07-27T16:44:47.630832,3.6655,-0.167072,-0.146869,0.000000,-0.835362,-0.877130,-0.526278
2026-07-27T16:44:47.630889,3.6660,-0.165625,-0.147658,0.000000,-0.828127,-0.869534,-0.521720
2026-07-27T16:44:47.630948,3.6665,-0.164179,-0.148447,0.000000,-0.820896,-0.861940,-0.517164
2026-07-27T16:44:47.631006,3.6670,-0.162733,-0.149236,0.000000,-0.813667,-0.854351,-0.512610
2026-07-27T16:44:47.631065,3.6675,-0.168520,-0.146079,0.000000,-0.842600,-0.884730,-0.530838
2026-07-27T16:44:47.631123,3.6680,-0.167072,-0.146869,0.000000,-0.835362,-0.877130,-0.526278
2026-07-27T16:44:47.631181,3.6685,-0.165625,-0.147658,0.000000,-0.828127,-0.869534,-0.521720
2026-07-27T16:44:47.631235,3.6690,-0.164179,-0.148447,0.000000,-0.820896,-0.861940,-0.517164
2026-07-27T16:44:47.631304,3.6695,-0.162733,-0.149236,0.000000,-0.813667,-0.854351,-0.512610
2026-07-27T16:44:47.631362,3.6700,-0.168520,-0.146079,0.000000,-0.842600,-0.884730,-0.530838
2026-07-27T16:44:47.631416,3.6705,-0.167072,-0.146869,0.000000,-0.835362,-0.877130,-0.526278
2026-07-27T16:44:47.631470,3.6710,-0.165625,-0.147658,0.000000,-0.828127,-0.869534,-0.521720
2026-07-27T16:44:47.631522,3.6715,-0.164179,-0.148447,0.000000,-0.820896,-0.861940,-0.517164
2026-07-27T16:44:47.631576,3.6720,-0.162733,-0.149236,0.000000,-0.813667,-0.854351,-0.512610
2026-07-27T16:44:47.631630,3.6725,-0.168520,-0.146079,0.000000,-0.842600,-0.884730,-0.530838
2026-07-27T16:44:47.631685,3.6730,-0.167072,-0.146869,0.000000,-0.835362,-0.877130,-0.526278
2026-07-27T16:44:47.631738,3.6735,-0.165625,-0.147658,0.000000,-0.828127,-0.869534,-0.521720
2026-07-27T16:44:47.631792,3.6740,-0.164179,-0.148447,0.000000,-0.820896,-0.861940,-0.517164
2026-07-27T16:44:47.631846,3.6745,-0.162733,-0.149236,0.000000,-0.813667,-0.854351,-0.512610
2026-07-27T16:44:47.631900,3.6750,-0.168520,-0.146079,0.000000,-0.842600,-0.884730,-0.530838
2026-07-27T16:44:47.631954,3.6755,-0.167072,-0.146869,0.000000,-0.835362,-0.877130,-0.526278
2026-07-27T16:44:47.632009,3.6760,-0.165625,-0.147658,0.000000,-0.828127,-0.869534,-0.521720
2026-07-27T16:44:47.632062,3.6765,-0.164179,-0.148447,0.000000,-0.820896,-0.861940,-0.517164
2026-07-27T16:44:47.632122,3.6770,-0.162733,-0.149236,0.000000,-0.813667,-0.854351,-0.512610
2026-07-27T16:44:47.632182,3.6775,-0.168520,-0.146079,0.000000,-0.842600,-0.884730,-0.530838
2026-07-27T16:44:47.632245,3.6780,-0.167072,-0.146869,0.000000,-0.835362,-0.877130,-0.526278
2026-07-27T16:44:47.632322,3.6785,-0.165625,-0.147658,0.000000,-0.828127,-0.869534,-0.521720
2026-07-27T16:44:47.632380,3.6790,-0.164179,-0.148447,0.000000,-0.820896,-0.861940,-0.517164
2026-07-27T16:44:47.632438,3.6795,-0.162733,-0.149236,0.000000,-0.813667,-0.854351,-0.512610
2026-07-27T16:44:47.632496,3.6800,-0.168520,-0.146079,0.000000,-0.842600,-0.884730,-0.530838
2026-07-27T16:44:47.632555,3.6805,-0.167072,-0.146869,0.000000,-0.835362,-0.877130,-0.526278
2026-07-27T16:44:47.632615,3.6810,-0.165625,-0.147658,0.000000,-0.828127,-0.869534,-0.521720
2026-07-27T16:44:47.632674,3.6815,-0.164179,-0.148447,0.000000,-0.820896,-0.861940,-0.517164
2026-07-27T16:44:47.632737,3.6820,-0.162733,-0.149236,0.000000,-0.813667,-0.854351,-0.512610
2026-07-27T16:44:47.632796,3.6825,-0.168520,-0.146079,0.000000,-0.842600,-0.884730,-0.530838
2026-07-27T16:44:47.632855,3.6830,-0.167072,-0.146869,0.000000,-0.835362,-0.877130,-0.526278
2026-07-27T16:44:47.632914,3.6835,-0.165625,-0.147658,0.000000,-0.828127,-0.869534,-0.521720
2026-07-27T16:44:47.632974,3.6840,-0.164179,-0.148447,0.000000,-0.820896,-0.861940,-0.517164
2026-07-27T16:44:47.633030,3.6845,-0.162733,-0.149236,0.000000,-0.813667,-0.854351,-0.512610
2026-07-27T16:44:47.633077,3.6850,-0.168520,-0.146079,0.000000,-0.842600,-0.884730,-0.530838
2026-07-27T16:44:47.633123,3.6855,-0.167072,-0.146869,0.000000,-0.835362,-0.877130,-0.526278
2026-07-27T16:44:47.633168,3.6860,-0.165625,-0.147658,0.000000,-0.828127,-0.869534,-0.521720
2026-07-27T16:44:47.633213,3.6865,-0.164179,-0.148447,0.000000,-0.820896,-0.861940,-0.517164
2026-07-27T16:44:47.633273,3.6870,-0.162733,-0.149236,0.000000,-0.813667,-0.854351,-0.512610
2026-07-27T16:44:47.633444,3.6875,-0.168520,-0.146079,0.000000,-0.842600,-0.884730,-0.530838
2026-07-27T16:44:47.633495,3.6880,-0.167072,-0.146869,0.000000,-0.835362,-0.877130,-0.526278
2026-07-27T16:44:47.633541,3.6885,-0.165625,-0.147658,0.000000,-0.828127,-0.869534,-0.521720
2026-07-27T16:44:47.633586,3.6890,-0.164179,-0.148447,0.000000,-0.820896,-0.861940,-0.517164
2026-07-27T16:44:47.633631,3.6895,-0.162733,-0.149236,0.000000,-0.813667,-0.854351,-0.512610
2026-07-27T16:44:47.633674,3.6900,-0.168520,-0.146079,0.000000,-0.842600,-0.884730,-0.530838
2026-07-27T16:44:47.633718,3.6905,-0.167072,-0.146869,0.000000,-0.835362,-0.877130,-0.526278
2026-07-27T16:44:47.633763,3.6910,-0.165625,-0.147658,0.000000,-0.828127,-0.869534,-0.521720
2026-07-27T16:44:47.633807,3.6915,-0.164179,-0.148447,0.000000,-0.820896,-0.861940,-0.517164
2026-07-27T16:44:47.633852,3.6920,-0.162733,-0.149236,0.000000,-0.813667,-0.854351,-0.512610
2026-07-27T16:44:47.633896,3.6925,-0.168520,-0.146079,0.000000,-0.842600,-0.884730,-0.530838
2026-07-27T16:44:47.633941,3.6930,-0.167072,-0.146869,0.000000,-0.835362,-0.877130,-0.526278
2026-07-27T16:44:47.633986,3.6935,-0.165625,-0.147658,0.000000,-0.828127,-0.869534,-0.521720
2026-07-27T16:44:47.634031,3.6940,-0.164179,-0.148447,0.000000,-0.820896,-0.861940,-0.517164
2026-07-27T16:44:47.634073,3.6945,-0.162733,-0.149236,0.000000,-0.813667,-0.854351,-0.512610
2026-07-27T16:44:47.634113,3.6950,-0.168520,-0.146079,0.000000,-0.842600,-0.884730,-0.530838
2026-07-27T16:44:47.634153,3.6955,-0.167072,-0.146869,0.000000,-0.835362,-0.877130,-0.526278
2026-07-27T16:44:47.634193,3.6960,-0.165625,-0.147658,0.000000,-0.828127,-0.869534,-0.521720
2026-07-27T16:44:47.634233,3.6965,-0.164179,-0.148447,0.000000,-0.820896,-0.861940,-0.517164
2026-07-27T16:44:47.634282,3.6970,-0.162733,-0.149236,0.000000,-0.813667,-0.854351,-0.512610
2026-07-27T16:44:47.634324,3.6975,-0.168520,-0.146079,0.000000,-0.842600,-0.884730,-0.530838
2026-07-27T16:44:47.634365,3.6980,-0.167072,-0.146869,0.000000,-0.835362,-0.877130,-0.526278
2026-07-27T16:44:47.634406,3.6985,-0.165625,-0.147658,0.000000,-0.828127,-0.869534,-0.521720
2026-07-27T16:44:47.634446,3.6990,-0.164179,-0.148447,0.000000,-0.820896,-0.861940,-0.517164
2026-07-27T16:44:47.634488,3.6995,-0.162733,-0.149236,0.000000,-0.813667,-0.854351,-0.512610
2026-07-27T16:44:47.718656,3.7000,-0.161288,-0.150024,0.000000,-0.806442,-0.846765,-0.508059
2026-07-27T16:44:47.718825,3.7005,-0.159844,-0.150812,0.000000,-0.799221,-0.839182,-0.503509
2026-07-27T16:44:47.718946,3.7010,-0.158401,-0.151599,0.000000,-0.792003,-0.831603,-0.498962
2026-07-27T16:44:47.719058,3.7015,-0.156958,-0.152386,0.000000,-0.784788,-0.824028,-0.494417
2026-07-27T16:44:47.719166,3.7020,-0.155515,-0.153173,0.000000,-0.777577,-0.816456,-0.489874
2026-07-27T16:44:47.719291,3.7025,-0.161288,-0.150024,0.000000,-0.806442,-0.846765,-0.508059
2026-07-27T16:44:47.719400,3.7030,-0.159844,-0.150812,0.000000,-0.799221,-0.839182,-0.503509
2026-07-27T16:44:47.719506,3.7035,-0.158401,-0.151599,0.000000,-0.792003,-0.831603,-0.498962
2026-07-27T16:44:47.719610,3.7040,-0.156958,-0.152386,0.000000,-0.784788,-0.824028,-0.494417
2026-07-27T16:44:47.719715,3.7045,-0.155515,-0.153173,0.000000,-0.777577,-0.816456,-0.489874
2026-07-27T16:44:47.719820,3.7050,-0.161288,-0.150024,0.000000,-0.806442,-0.846765,-0.508059
2026-07-27T16:44:47.719925,3.7055,-0.159844,-0.150812,0.000000,-0.799221,-0.839182,-0.503509
2026-07-27T16:44:47.720028,3.7060,-0.158401,-0.151599,0.000000,-0.792003,-0.831603,-0.498962
2026-07-27T16:44:47.720132,3.7065,-0.156958,-0.152386,0.000000,-0.784788,-0.824028,-0.494417
2026-07-27T16:44:47.720238,3.7070,-0.155515,-0.153173,0.000000,-0.777577,-0.816456,-0.489874
2026-07-27T16:44:47.720370,3.7075,-0.161288,-0.150024,0.000000,-0.806442,-0.846765,-0.508059
2026-07-27T16:44:47.720477,3.7080,-0.159844,-0.150812,0.000000,-0.799221,-0.839182,-0.503509
2026-07-27T16:44:47.720581,3.7085,-0.158401,-0.151599,0.000000,-0.792003,-0.831603,-0.498962
2026-07-27T16:44:47.720686,3.7090,-0.156958,-0.152386,0.000000,-0.784788,-0.824028,-0.494417
2026-07-27T16:44:47.720790,3.7095,-0.155515,-0.153173,0.000000,-0.777577,-0.816456,-0.489874
2026-07-27T16:44:47.720895,3.7100,-0.161288,-0.150024,0.000000,-0.806442,-0.846765,-0.508059
2026-07-27T16:44:47.720999,3.7105,-0.159844,-0.150812,0.000000,-0.799221,-0.839182,-0.503509
2026-07-27T16:44:47.721096,3.7110,-0.158401,-0.151599,0.000000,-0.792003,-0.831603,-0.498962
2026-07-27T16:44:47.721188,3.7115,-0.156958,-0.152386,0.000000,-0.784788,-0.824028,-0.494417
2026-07-27T16:44:47.721295,3.7120,-0.155515,-0.153173,0.000000,-0.777577,-0.816456,-0.489874
2026-07-27T16:44:47.721391,3.7125,-0.161288,-0.150024,0.000000,-0.806442,-0.846765,-0.508059
2026-07-27T16:44:47.721483,3.7130,-0.159844,-0.150812,0.000000,-0.799221,-0.839182,-0.503509
2026-07-27T16:44:47.721576,3.7135,-0.158401,-0.151599,0.000000,-0.792003,-0.831603,-0.498962
2026-07-27T16:44:47.721669,3.7140,-0.156958,-0.152386,0.000000,-0.784788,-0.824028,-0.494417
2026-07-27T16:44:47.721761,3.7145,-0.155515,-0.153173,0.000000,-0.777577,-0.816456,-0.489874
2026-07-27T16:44:47.721852,3.7150,-0.161288,-0.150024,0.000000,-0.806442,-0.846765,-0.508059
2026-07-27T16:44:47.721943,3.7155,-0.159844,-0.150812,0.000000,-0.799221,-0.839182,-0.503509
2026-07-27T16:44:47.722035,3.7160,-0.158401,-0.151599,0.000000,-0.792003,-0.831603,-0.498962
2026-07-27T16:44:47.722126,3.7165,-0.156958,-0.152386,0.000000,-0.784788,-0.824028,-0.494417
2026-07-27T16:44:47.722218,3.7170,-0.155515,-0.153173,0.000000,-0.777577,-0.816456,-0.489874
2026-07-27T16:44:47.722325,3.7175,-0.161288,-0.150024,0.000000,-0.806442,-0.846765,-0.508059
2026-07-27T16:44:47.722417,3.7180,-0.159844,-0.150812,0.000000,-0.799221,-0.839182,-0.503509
2026-07-27T16:44:47.722510,3.7185,-0.158401,-0.151599,0.000000,-0.792003,-0.831603,-0.498962
2026-07-27T16:44:47.722602,3.7190,-0.156958,-0.152386,0.000000,-0.784788,-0.824028,-0.494417
2026-07-27T16:44:47.722694,3.7195,-0.155515,-0.153173,0.000000,-0.777577,-0.816456,-0.489874
2026-07-27T16:44:47.722786,3.7200,-0.161288,-0.150024,0.000000,-0.806442,-0.846765,-0.508059
2026-07-27T16:44:47.722878,3.7205,-0.159844,-0.150812,0.000000,-0.799221,-0.839182,-0.503509
2026-07-27T16:44:47.722968,3.7210,-0.158401,-0.151599,0.000000,-0.792003,-0.831603,-0.498962
2026-07-27T16:44:47.723050,3.7215,-0.156958,-0.152386,0.000000,-0.784788,-0.824028,-0.494417
2026-07-27T16:44:47.723132,3.7220,-0.155515,-0.153173,0.000000,-0.777577,-0.816456,-0.489874
2026-07-27T16:44:47.723215,3.7225,-0.161288,-0.150024,0.000000,-0.806442,-0.846765,-0.508059
2026-07-27T16:44:47.723313,3.7230,-0.159844,-0.150812,0.000000,-0.799221,-0.839182,-0.503509
2026-07-27T16:44:47.723396,3.7235,-0.158401,-0.151599,0.000000,-0.792003,-0.831603,-0.498962
2026-07-27T16:44:47.723479,3.7240,-0.156958,-0.152386,0.000000,-0.784788,-0.824028,-0.494417
2026-07-27T16:44:47.723561,3.7245,-0.155515,-0.153173,0.000000,-0.777577,-0.816456,-0.489874
2026-07-27T16:44:47.723644,3.7250,-0.161288,-0.150024,0.000000,-0.806442,-0.846765,-0.508059
2026-07-27T16:44:47.723726,3.7255,-0.159844,-0.150812,0.000000,-0.799221,-0.839182,-0.503509
2026-07-27T16:44:47.723809,3.7260,-0.158401,-0.151599,0.000000,-0.792003,-0.831603,-0.498962
2026-07-27T16:44:47.723886,3.7265,-0.156958,-0.152386,0.000000,-0.784788,-0.824028,-0.494417
2026-07-27T16:44:47.723961,3.7270,-0.155515,-0.153173,0.000000,-0.777577,-0.816456,-0.489874
2026-07-27T16:44:47.724036,3.7275,-0.161288,-0.150024,0.000000,-0.806442,-0.846765,-0.508059
2026-07-27T16:44:47.724111,3.7280,-0.159844,-0.150812,0.000000,-0.799221,-0.839182,-0.503509
2026-07-27T16:44:47.724186,3.7285,-0.158401,-0.151599,0.000000,-0.792003,-0.831603,-0.498962
2026-07-27T16:44:47.724274,3.7290,-0.156958,-0.152386,0.000000,-0.784788,-0.824028,-0.494417
2026-07-27T16:44:47.724352,3.7295,-0.155515,-0.153173,0.000000,-0.777577,-0.816456,-0.489874
2026-07-27T16:44:47.724428,3.7300,-0.161288,-0.150024,0.000000,-0.806442,-0.846765,-0.508059
2026-07-27T16:44:47.724503,3.7305,-0.159844,-0.150812,0.000000,-0.799221,-0.839182,-0.503509
2026-07-27T16:44:47.724578,3.7310,-0.158401,-0.151599,0.000000,-0.792003,-0.831603,-0.498962
2026-07-27T16:44:47.724652,3.7315,-0.156958,-0.152386,0.000000,-0.784788,-0.824028,-0.494417
2026-07-27T16:44:47.724726,3.7320,-0.155515,-0.153173,0.000000,-0.777577,-0.816456,-0.489874
2026-07-27T16:44:47.724801,3.7325,-0.161288,-0.150024,0.000000,-0.806442,-0.846765,-0.508059
2026-07-27T16:44:47.724876,3.7330,-0.159844,-0.150812,0.000000,-0.799221,-0.839182,-0.503509
2026-07-27T16:44:47.724944,3.7335,-0.158401,-0.151599,0.000000,-0.792003,-0.831603,-0.498962
2026-07-27T16:44:47.725013,3.7340,-0.156958,-0.152386,0.000000,-0.784788,-0.824028,-0.494417
2026-07-27T16:44:47.725082,3.7345,-0.155515,-0.153173,0.000000,-0.777577,-0.816456,-0.489874
2026-07-27T16:44:47.725150,3.7350,-0.161288,-0.150024,0.000000,-0.806442,-0.846765,-0.508059
2026-07-27T16:44:47.725218,3.7355,-0.159844,-0.150812,0.000000,-0.799221,-0.839182,-0.503509
2026-07-27T16:44:47.725295,3.7360,-0.158401,-0.151599,0.000000,-0.792003,-0.831603,-0.498962
2026-07-27T16:44:47.725364,3.7365,-0.156958,-0.152386,0.000000,-0.784788,-0.824028,-0.494417
2026-07-27T16:44:47.725433,3.7370,-0.155515,-0.153173,0.000000,-0.777577,-0.816456,-0.489874
2026-07-27T16:44:47.725502,3.7375,-0.161288,-0.150024,0.000000,-0.806442,-0.846765,-0.508059
2026-07-27T16:44:47.725571,3.7380,-0.159844,-0.150812,0.000000,-0.799221,-0.839182,-0.503509
2026-07-27T16:44:47.725644,3.7385,-0.158401,-0.151599,0.000000,-0.792003,-0.831603,-0.498962
2026-07-27T16:44:47.725713,3.7390,-0.156958,-0.152386,0.000000,-0.784788,-0.824028,-0.494417
2026-07-27T16:44:47.725782,3.7395,-0.155515,-0.153173,0.000000,-0.777577,-0.816456,-0.489874
2026-07-27T16:44:47.725850,3.7400,-0.161288,-0.150024,0.000000,-0.806442,-0.846765,-0.508059
2026-07-27T16:44:47.725920,3.7405,-0.159844,-0.150812,0.000000,-0.799221,-0.839182,-0.503509
2026-07-27T16:44:47.725986,3.7410,-0.158401,-0.151599,0.000000,-0.792003,-0.831603,-0.498962
2026-07-27T16:44:47.726049,3.7415,-0.156958,-0.152386,0.000000,-0.784788,-0.824028,-0.494417
2026-07-27T16:44:47.726112,3.7420,-0.155515,-0.153173,0.000000,-0.777577,-0.816456,-0.489874
2026-07-27T16:44:47.726176,3.7425,-0.161288,-0.150024,0.000000,-0.806442,-0.846765,-0.508059
2026-07-27T16:44:47.726240,3.7430,-0.159844,-0.150812,0.000000,-0.799221,-0.839182,-0.503509
2026-07-27T16:44:47.726310,3.7435,-0.158401,-0.151599,0.000000,-0.792003,-0.831603,-0.498962
2026-07-27T16:44:47.726468,3.7440,-0.156958,-0.152386,0.000000,-0.784788,-0.824028,-0.494417
2026-07-27T16:44:47.726539,3.7445,-0.155515,-0.153173,0.000000,-0.777577,-0.816456,-0.489874
2026-07-27T16:44:47.726603,3.7450,-0.161288,-0.150024,0.000000,-0.806442,-0.846765,-0.508059
2026-07-27T16:44:47.726667,3.7455,-0.159844,-0.150812,0.000000,-0.799221,-0.839182,-0.503509
2026-07-27T16:44:47.726730,3.7460,-0.158401,-0.151599,0.000000,-0.792003,-0.831603,-0.498962
2026-07-27T16:44:47.726794,3.7465,-0.156958,-0.152386,0.000000,-0.784788,-0.824028,-0.494417
2026-07-27T16:44:47.726857,3.7470,-0.155515,-0.153173,0.000000,-0.777577,-0.816456,-0.489874
2026-07-27T16:44:47.726920,3.7475,-0.161288,-0.150024,0.000000,-0.806442,-0.846765,-0.508059
2026-07-27T16:44:47.726985,3.7480,-0.159844,-0.150812,0.000000,-0.799221,-0.839182,-0.503509
2026-07-27T16:44:47.727048,3.7485,-0.158401,-0.151599,0.000000,-0.792003,-0.831603,-0.498962
2026-07-27T16:44:47.727112,3.7490,-0.156958,-0.152386,0.000000,-0.784788,-0.824028,-0.494417
2026-07-27T16:44:47.727175,3.7495,-0.155515,-0.153173,0.000000,-0.777577,-0.816456,-0.489874
2026-07-27T16:44:47.727240,3.7500,-0.161288,-0.150024,0.000000,-0.806442,-0.846765,-0.508059
2026-07-27T16:44:47.727314,3.7505,-0.159844,-0.150812,0.000000,-0.799221,-0.839182,-0.503509
2026-07-27T16:44:47.727379,3.7510,-0.158401,-0.151599,0.000000,-0.792003,-0.831603,-0.498962
2026-07-27T16:44:47.727443,3.7515,-0.156958,-0.152386,0.000000,-0.784788,-0.824028,-0.494417
2026-07-27T16:44:47.727507,3.7520,-0.155515,-0.153173,0.000000,-0.777577,-0.816456,-0.489874
2026-07-27T16:44:47.727571,3.7525,-0.161288,-0.150024,0.000000,-0.806442,-0.846765,-0.508059
2026-07-27T16:44:47.727634,3.7530,-0.159844,-0.150812,0.000000,-0.799221,-0.839182,-0.503509
2026-07-27T16:44:47.727698,3.7535,-0.158401,-0.151599,0.000000,-0.792003,-0.831603,-0.498962
2026-07-27T16:44:47.727761,3.7540,-0.156958,-0.152386,0.000000,-0.784788,-0.824028,-0.494417
2026-07-27T16:44:47.727824,3.7545,-0.155515,-0.153173,0.000000,-0.777577,-0.816456,-0.489874
2026-07-27T16:44:47.727884,3.7550,-0.161288,-0.150024,0.000000,-0.806442,-0.846765,-0.508059
2026-07-27T16:44:47.727943,3.7555,-0.159844,-0.150812,0.000000,-0.799221,-0.839182,-0.503509
2026-07-27T16:44:47.728002,3.7560,-0.158401,-0.151599,0.000000,-0.792003,-0.831603,-0.498962
2026-07-27T16:44:47.728061,3.7565,-0.156958,-0.152386,0.000000,-0.784788,-0.824028,-0.494417
2026-07-27T16:44:47.728119,3.7570,-0.155515,-0.153173,0.000000,-0.777577,-0.816456,-0.489874
2026-07-27T16:44:47.728178,3.7575,-0.161288,-0.150024,0.000000,-0.806442,-0.846765,-0.508059
2026-07-27T16:44:47.728236,3.7580,-0.159844,-0.150812,0.000000,-0.799221,-0.839182,-0.503509
2026-07-27T16:44:47.728302,3.7585,-0.158401,-0.151599,0.000000,-0.792003,-0.831603,-0.498962
2026-07-27T16:44:47.728362,3.7590,-0.156958,-0.152386,0.000000,-0.784788,-0.824028,-0.494417
2026-07-27T16:44:47.728421,3.7595,-0.155515,-0.153173,0.000000,-0.777577,-0.816456,-0.489874
2026-07-27T16:44:47.728482,3.7600,-0.161288,-0.150024,0.000000,-0.806442,-0.846765,-0.508059
2026-07-27T16:44:47.728541,3.7605,-0.159844,-0.150812,0.000000,-0.799221,-0.839182,-0.503509
2026-07-27T16:44:47.728600,3.7610,-0.158401,-0.151599,0.000000,-0.792003,-0.831603,-0.498962
2026-07-27T16:44:47.728660,3.7615,-0.156958,-0.152386,0.000000,-0.784788,-0.824028,-0.494417
2026-07-27T16:44:47.728719,3.7620,-0.155515,-0.153173,0.000000,-0.777577,-0.816456,-0.489874
2026-07-27T16:44:47.728779,3.7625,-0.161288,-0.150024,0.000000,-0.806442,-0.846765,-0.508059
2026-07-27T16:44:47.728838,3.7630,-0.159844,-0.150812,0.000000,-0.799221,-0.839182,-0.503509
2026-07-27T16:44:47.728897,3.7635,-0.158401,-0.151599,0.000000,-0.792003,-0.831603,-0.498962
2026-07-27T16:44:47.728957,3.7640,-0.156958,-0.152386,0.000000,-0.784788,-0.824028,-0.494417
2026-07-27T16:44:47.729017,3.7645,-0.155515,-0.153173,0.000000,-0.777577,-0.816456,-0.489874
2026-07-27T16:44:47.729080,3.7650,-0.161288,-0.150024,0.000000,-0.806442,-0.846765,-0.508059
2026-07-27T16:44:47.729140,3.7655,-0.159844,-0.150812,0.000000,-0.799221,-0.839182,-0.503509
2026-07-27T16:44:47.729199,3.7660,-0.158401,-0.151599,0.000000,-0.792003,-0.831603,-0.498962
2026-07-27T16:44:47.729258,3.7665,-0.156958,-0.152386,0.000000,-0.784788,-0.824028,-0.494417
2026-07-27T16:44:47.729329,3.7670,-0.155515,-0.153173,0.000000,-0.777577,-0.816456,-0.489874
2026-07-27T16:44:47.729389,3.7675,-0.161288,-0.150024,0.000000,-0.806442,-0.846765,-0.508059
2026-07-27T16:44:47.729449,3.7680,-0.159844,-0.150812,0.000000,-0.799221,-0.839182,-0.503509
2026-07-27T16:44:47.729508,3.7685,-0.158401,-0.151599,0.000000,-0.792003,-0.831603,-0.498962
2026-07-27T16:44:47.729568,3.7690,-0.156958,-0.152386,0.000000,-0.784788,-0.824028,-0.494417
2026-07-27T16:44:47.729628,3.7695,-0.155515,-0.153173,0.000000,-0.777577,-0.816456,-0.489874
2026-07-27T16:44:47.729688,3.7700,-0.161288,-0.150024,0.000000,-0.806442,-0.846765,-0.508059
2026-07-27T16:44:47.729747,3.7705,-0.159844,-0.150812,0.000000,-0.799221,-0.839182,-0.503509
2026-07-27T16:44:47.729806,3.7710,-0.158401,-0.151599,0.000000,-0.792003,-0.831603,-0.498962
2026-07-27T16:44:47.729868,3.7715,-0.156958,-0.152386,0.000000,-0.784788,-0.824028,-0.494417
2026-07-27T16:44:47.729932,3.7720,-0.155515,-0.153173,0.000000,-0.777577,-0.816456,-0.489874
2026-07-27T16:44:47.729995,3.7725,-0.161288,-0.150024,0.000000,-0.806442,-0.846765,-0.508059
2026-07-27T16:44:47.730059,3.7730,-0.159844,-0.150812,0.000000,-0.799221,-0.839182,-0.503509
2026-07-27T16:44:47.730123,3.7735,-0.158401,-0.151599,0.000000,-0.792003,-0.831603,-0.498962
2026-07-27T16:44:47.730186,3.7740,-0.156958,-0.152386,0.000000,-0.784788,-0.824028,-0.494417
2026-07-27T16:44:47.730249,3.7745,-0.155515,-0.153173,0.000000,-0.777577,-0.816456,-0.489874
2026-07-27T16:44:47.730419,3.7750,-0.161288,-0.150024,0.000000,-0.806442,-0.846765,-0.508059
2026-07-27T16:44:47.730578,3.7755,-0.159844,-0.150812,0.000000,-0.799221,-0.839182,-0.503509
2026-07-27T16:44:47.730623,3.7760,-0.158401,-0.151599,0.000000,-0.792003,-0.831603,-0.498962
2026-07-27T16:44:47.730660,3.7765,-0.156958,-0.152386,0.000000,-0.784788,-0.824028,-0.494417
2026-07-27T16:44:47.730693,3.7770,-0.155515,-0.153173,0.000000,-0.777577,-0.816456,-0.489874
2026-07-27T16:44:47.730726,3.7775,-0.161288,-0.150024,0.000000,-0.806442,-0.846765,-0.508059
2026-07-27T16:44:47.730760,3.7780,-0.159844,-0.150812,0.000000,-0.799221,-0.839182,-0.503509
2026-07-27T16:44:47.730793,3.7785,-0.158401,-0.151599,0.000000,-0.792003,-0.831603,-0.498962
2026-07-27T16:44:47.730825,3.7790,-0.156958,-0.152386,0.000000,-0.784788,-0.824028,-0.494417
2026-07-27T16:44:47.730857,3.7795,-0.155515,-0.153173,0.000000,-0.777577,-0.816456,-0.489874
2026-07-27T16:44:47.730889,3.7800,-0.161288,-0.150024,0.000000,-0.806442,-0.846765,-0.508059
2026-07-27T16:44:47.730922,3.7805,-0.159844,-0.150812,0.000000,-0.799221,-0.839182,-0.503509
2026-07-27T16:44:47.730955,3.7810,-0.158401,-0.151599,0.000000,-0.792003,-0.831603,-0.498962
2026-07-27T16:44:47.730988,3.7815,-0.156958,-0.152386,0.000000,-0.784788,-0.824028,-0.494417
2026-07-27T16:44:47.731024,3.7820,-0.155515,-0.153173,0.000000,-0.777577,-0.816456,-0.489874
2026-07-27T16:44:47.731052,3.7825,-0.161288,-0.150024,0.000000,-0.806442,-0.846765,-0.508059
2026-07-27T16:44:47.731081,3.7830,-0.159844,-0.150812,0.000000,-0.799221,-0.839182,-0.503509
2026-07-27T16:44:47.731110,3.7835,-0.158401,-0.151599,0.000000,-0.792003,-0.831603,-0.498962
2026-07-27T16:44:47.731139,3.7840,-0.156958,-0.152386,0.000000,-0.784788,-0.824028,-0.494417
2026-07-27T16:44:47.731167,3.7845,-0.155515,-0.153173,0.000000,-0.777577,-0.816456,-0.489874
2026-07-27T16:44:47.731195,3.7850,-0.161288,-0.150024,0.000000,-0.806442,-0.846765,-0.508059
2026-07-27T16:44:47.731224,3.7855,-0.159844,-0.150812,0.000000,-0.799221,-0.839182,-0.503509
2026-07-27T16:44:47.731252,3.7860,-0.158401,-0.151599,0.000000,-0.792003,-0.831603,-0.498962
2026-07-27T16:44:47.731298,3.7865,-0.156958,-0.152386,0.000000,-0.784788,-0.824028,-0.494417
2026-07-27T16:44:47.731339,3.7870,-0.155515,-0.153173,0.000000,-0.777577,-0.816456,-0.489874
2026-07-27T16:44:47.731432,3.7875,-0.161288,-0.150024,0.000000,-0.806442,-0.846765,-0.508059
2026-07-27T16:44:47.731462,3.7880,-0.159844,-0.150812,0.000000,-0.799221,-0.839182,-0.503509
2026-07-27T16:44:47.731490,3.7885,-0.158401,-0.151599,0.000000,-0.792003,-0.831603,-0.498962
2026-07-27T16:44:47.731519,3.7890,-0.156958,-0.152386,0.000000,-0.784788,-0.824028,-0.494417
2026-07-27T16:44:47.731548,3.7895,-0.155515,-0.153173,0.000000,-0.777577,-0.816456,-0.489874
2026-07-27T16:44:47.731577,3.7900,-0.161288,-0.150024,0.000000,-0.806442,-0.846765,-0.508059
2026-07-27T16:44:47.731606,3.7905,-0.159844,-0.150812,0.000000,-0.799221,-0.839182,-0.503509
2026-07-27T16:44:47.731637,3.7910,-0.158401,-0.151599,0.000000,-0.792003,-0.831603,-0.498962
2026-07-27T16:44:47.731667,3.7915,-0.156958,-0.152386,0.000000,-0.784788,-0.824028,-0.494417
2026-07-27T16:44:47.731695,3.7920,-0.155515,-0.153173,0.000000,-0.777577,-0.816456,-0.489874
2026-07-27T16:44:47.731724,3.7925,-0.161288,-0.150024,0.000000,-0.806442,-0.846765,-0.508059
2026-07-27T16:44:47.731753,3.7930,-0.159844,-0.150812,0.000000,-0.799221,-0.839182,-0.503509
2026-07-27T16:44:47.731781,3.7935,-0.158401,-0.151599,0.000000,-0.792003,-0.831603,-0.498962
2026-07-27T16:44:47.731809,3.7940,-0.156958,-0.152386,0.000000,-0.784788,-0.824028,-0.494417
2026-07-27T16:44:47.731838,3.7945,-0.155515,-0.153173,0.000000,-0.777577,-0.816456,-0.489874
2026-07-27T16:44:47.731866,3.7950,-0.161288,-0.150024,0.000000,-0.806442,-0.846765,-0.508059
2026-07-27T16:44:47.731896,3.7955,-0.159844,-0.150812,0.000000,-0.799221,-0.839182,-0.503509
2026-07-27T16:44:47.731925,3.7960,-0.158401,-0.151599,0.000000,-0.792003,-0.831603,-0.498962
2026-07-27T16:44:47.731955,3.7965,-0.156958,-0.152386,0.000000,-0.784788,-0.824028,-0.494417
2026-07-27T16:44:47.731984,3.7970,-0.155515,-0.153173,0.000000,-0.777577,-0.816456,-0.489874
2026-07-27T16:44:47.732015,3.7975,-0.161288,-0.150024,0.000000,-0.806442,-0.846765,-0.508059
2026-07-27T16:44:47.732045,3.7980,-0.159844,-0.150812,0.000000,-0.799221,-0.839182,-0.503509
2026-07-27T16:44:47.732074,3.7985,-0.158401,-0.151599,0.000000,-0.792003,-0.831603,-0.498962
2026-07-27T16:44:47.732104,3.7990,-0.156958,-0.152386,0.000000,-0.784788,-0.824028,-0.494417
2026-07-27T16:44:47.732139,3.7995,-0.155515,-0.153173,0.000000,-0.777577,-0.816456,-0.489874
2026-07-27T16:44:47.818361,3.8000,-0.154074,-0.153959,0.000000,-0.770369,-0.808888,-0.485333
2026-07-27T16:44:47.818480,3.8005,-0.152633,-0.154745,0.000000,-0.763165,-0.801323,-0.480794
2026-07-27T16:44:47.818540,3.8010,-0.151193,-0.155531,0.000000,-0.755964,-0.793763,-0.476258
2026-07-27T16:44:47.818593,3.8015,-0.149753,-0.156316,0.000000,-0.748767,-0.786205,-0.471723
2026-07-27T16:44:47.818642,3.8020,-0.148315,-0.157101,0.000000,-0.741573,-0.778652,-0.467191
2026-07-27T16:44:47.818715,3.8025,-0.154074,-0.153959,0.000000,-0.770369,-0.808888,-0.485333
2026-07-27T16:44:47.818788,3.8030,-0.152633,-0.154745,0.000000,-0.763165,-0.801323,-0.480794
2026-07-27T16:44:47.818846,3.8035,-0.151193,-0.155531,0.000000,-0.755964,-0.793763,-0.476258
2026-07-27T16:44:47.818893,3.8040,-0.149753,-0.156316,0.000000,-0.748767,-0.786205,-0.471723
2026-07-27T16:44:47.818943,3.8045,-0.148315,-0.157101,0.000000,-0.741573,-0.778652,-0.467191
2026-07-27T16:44:47.818991,3.8050,-0.154074,-0.153959,0.000000,-0.770369,-0.808888,-0.485333
2026-07-27T16:44:47.819038,3.8055,-0.152633,-0.154745,0.000000,-0.763165,-0.801323,-0.480794
2026-07-27T16:44:47.819089,3.8060,-0.151193,-0.155531,0.000000,-0.755964,-0.793763,-0.476258
2026-07-27T16:44:47.819152,3.8065,-0.149753,-0.156316,0.000000,-0.748767,-0.786205,-0.471723
2026-07-27T16:44:47.819200,3.8070,-0.148315,-0.157101,0.000000,-0.741573,-0.778652,-0.467191
2026-07-27T16:44:47.819248,3.8075,-0.154074,-0.153959,0.000000,-0.770369,-0.808888,-0.485333
2026-07-27T16:44:47.819314,3.8080,-0.152633,-0.154745,0.000000,-0.763165,-0.801323,-0.480794
2026-07-27T16:44:47.819364,3.8085,-0.151193,-0.155531,0.000000,-0.755964,-0.793763,-0.476258
2026-07-27T16:44:47.819414,3.8090,-0.149753,-0.156316,0.000000,-0.748767,-0.786205,-0.471723
2026-07-27T16:44:47.819460,3.8095,-0.148315,-0.157101,0.000000,-0.741573,-0.778652,-0.467191
2026-07-27T16:44:47.819511,3.8100,-0.154074,-0.153959,0.000000,-0.770369,-0.808888,-0.485333
2026-07-27T16:44:47.819559,3.8105,-0.152633,-0.154745,0.000000,-0.763165,-0.801323,-0.480794
2026-07-27T16:44:47.819606,3.8110,-0.151193,-0.155531,0.000000,-0.755964,-0.793763,-0.476258
2026-07-27T16:44:47.819655,3.8115,-0.149753,-0.156316,0.000000,-0.748767,-0.786205,-0.471723
2026-07-27T16:44:47.819702,3.8120,-0.148315,-0.157101,0.000000,-0.741573,-0.778652,-0.467191
2026-07-27T16:44:47.819749,3.8125,-0.154074,-0.153959,0.000000,-0.770369,-0.808888,-0.485333
2026-07-27T16:44:47.819800,3.8130,-0.152633,-0.154745,0.000000,-0.763165,-0.801323,-0.480794
2026-07-27T16:44:47.819866,3.8135,-0.151193,-0.155531,0.000000,-0.755964,-0.793763,-0.476258
2026-07-27T16:44:47.819932,3.8140,-0.149753,-0.156316,0.000000,-0.748767,-0.786205,-0.471723
2026-07-27T16:44:47.819981,3.8145,-0.148315,-0.157101,0.000000,-0.741573,-0.778652,-0.467191
2026-07-27T16:44:47.820029,3.8150,-0.154074,-0.153959,0.000000,-0.770369,-0.808888,-0.485333
2026-07-27T16:44:47.820075,3.8155,-0.152633,-0.154745,0.000000,-0.763165,-0.801323,-0.480794
2026-07-27T16:44:47.820123,3.8160,-0.151193,-0.155531,0.000000,-0.755964,-0.793763,-0.476258
2026-07-27T16:44:47.820178,3.8165,-0.149753,-0.156316,0.000000,-0.748767,-0.786205,-0.471723
2026-07-27T16:44:47.820227,3.8170,-0.148315,-0.157101,0.000000,-0.741573,-0.778652,-0.467191
2026-07-27T16:44:47.820289,3.8175,-0.154074,-0.153959,0.000000,-0.770369,-0.808888,-0.485333
2026-07-27T16:44:47.820337,3.8180,-0.152633,-0.154745,0.000000,-0.763165,-0.801323,-0.480794
2026-07-27T16:44:47.820385,3.8185,-0.151193,-0.155531,0.000000,-0.755964,-0.793763,-0.476258
2026-07-27T16:44:47.820432,3.8190,-0.149753,-0.156316,0.000000,-0.748767,-0.786205,-0.471723
2026-07-27T16:44:47.820479,3.8195,-0.148315,-0.157101,0.000000,-0.741573,-0.778652,-0.467191
2026-07-27T16:44:47.820525,3.8200,-0.154074,-0.153959,0.000000,-0.770369,-0.808888,-0.485333
2026-07-27T16:44:47.820575,3.8205,-0.152633,-0.154745,0.000000,-0.763165,-0.801323,-0.480794
2026-07-27T16:44:47.820623,3.8210,-0.151193,-0.155531,0.000000,-0.755964,-0.793763,-0.476258
2026-07-27T16:44:47.820669,3.8215,-0.149753,-0.156316,0.000000,-0.748767,-0.786205,-0.471723
2026-07-27T16:44:47.820718,3.8220,-0.148315,-0.157101,0.000000,-0.741573,-0.778652,-0.467191
2026-07-27T16:44:47.820765,3.8225,-0.154074,-0.153959,0.000000,-0.770369,-0.808888,-0.485333
2026-07-27T16:44:47.820811,3.8230,-0.152633,-0.154745,0.000000,-0.763165,-0.801323,-0.480794
2026-07-27T16:44:47.820859,3.8235,-0.151193,-0.155531,0.000000,-0.755964,-0.793763,-0.476258
2026-07-27T16:44:47.820906,3.8240,-0.149753,-0.156316,0.000000,-0.748767,-0.786205,-0.471723
2026-07-27T16:44:47.820953,3.8245,-0.148315,-0.157101,0.000000,-0.741573,-0.778652,-0.467191
2026-07-27T16:44:47.821001,3.8250,-0.154074,-0.153959,0.000000,-0.770369,-0.808888,-0.485333
2026-07-27T16:44:47.821048,3.8255,-0.152633,-0.154745,0.000000,-0.763165,-0.801323,-0.480794
2026-07-27T16:44:47.821095,3.8260,-0.151193,-0.155531,0.000000,-0.755964,-0.793763,-0.476258
2026-07-27T16:44:47.821142,3.8265,-0.149753,-0.156316,0.000000,-0.748767,-0.786205,-0.471723
2026-07-27T16:44:47.821191,3.8270,-0.148315,-0.157101,0.000000,-0.741573,-0.778652,-0.467191
2026-07-27T16:44:47.821240,3.8275,-0.154074,-0.153959,0.000000,-0.770369,-0.808888,-0.485333
2026-07-27T16:44:47.821312,3.8280,-0.152633,-0.154745,0.000000,-0.763165,-0.801323,-0.480794
2026-07-27T16:44:47.821359,3.8285,-0.151193,-0.155531,0.000000,-0.755964,-0.793763,-0.476258
2026-07-27T16:44:47.821413,3.8290,-0.149753,-0.156316,0.000000,-0.748767,-0.786205,-0.471723
2026-07-27T16:44:47.821461,3.8295,-0.148315,-0.157101,0.000000,-0.741573,-0.778652,-0.467191
2026-07-27T16:44:47.821508,3.8300,-0.154074,-0.153959,0.000000,-0.770369,-0.808888,-0.485333
2026-07-27T16:44:47.821559,3.8305,-0.152633,-0.154745,0.000000,-0.763165,-0.801323,-0.480794
2026-07-27T16:44:47.821605,3.8310,-0.151193,-0.155531,0.000000,-0.755964,-0.793763,-0.476258
2026-07-27T16:44:47.821652,3.8315,-0.149753,-0.156316,0.000000,-0.748767,-0.786205,-0.471723
2026-07-27T16:44:47.821699,3.8320,-0.148315,-0.157101,0.000000,-0.741573,-0.778652,-0.467191
2026-07-27T16:44:47.821747,3.8325,-0.154074,-0.153959,0.000000,-0.770369,-0.808888,-0.485333
2026-07-27T16:44:47.821794,3.8330,-0.152633,-0.154745,0.000000,-0.763165,-0.801323,-0.480794
2026-07-27T16:44:47.821841,3.8335,-0.151193,-0.155531,0.000000,-0.755964,-0.793763,-0.476258
2026-07-27T16:44:47.821889,3.8340,-0.149753,-0.156316,0.000000,-0.748767,-0.786205,-0.471723
2026-07-27T16:44:47.821936,3.8345,-0.148315,-0.157101,0.000000,-0.741573,-0.778652,-0.467191
2026-07-27T16:44:47.821983,3.8350,-0.154074,-0.153959,0.000000,-0.770369,-0.808888,-0.485333
2026-07-27T16:44:47.822030,3.8355,-0.152633,-0.154745,0.000000,-0.763165,-0.801323,-0.480794
2026-07-27T16:44:47.822076,3.8360,-0.151193,-0.155531,0.000000,-0.755964,-0.793763,-0.476258
2026-07-27T16:44:47.822124,3.8365,-0.149753,-0.156316,0.000000,-0.748767,-0.786205,-0.471723
2026-07-27T16:44:47.822172,3.8370,-0.148315,-0.157101,0.000000,-0.741573,-0.778652,-0.467191
2026-07-27T16:44:47.822220,3.8375,-0.154074,-0.153959,0.000000,-0.770369,-0.808888,-0.485333
2026-07-27T16:44:47.822288,3.8380,-0.152633,-0.154745,0.000000,-0.763165,-0.801323,-0.480794
2026-07-27T16:44:47.822340,3.8385,-0.151193,-0.155531,0.000000,-0.755964,-0.793763,-0.476258
2026-07-27T16:44:47.822387,3.8390,-0.149753,-0.156316,0.000000,-0.748767,-0.786205,-0.471723
2026-07-27T16:44:47.822434,3.8395,-0.148315,-0.157101,0.000000,-0.741573,-0.778652,-0.467191
2026-07-27T16:44:47.822483,3.8400,-0.154074,-0.153959,0.000000,-0.770369,-0.808888,-0.485333
2026-07-27T16:44:47.822530,3.8405,-0.152633,-0.154745,0.000000,-0.763165,-0.801323,-0.480794
2026-07-27T16:44:47.822577,3.8410,-0.151193,-0.155531,0.000000,-0.755964,-0.793763,-0.476258
2026-07-27T16:44:47.822625,3.8415,-0.149753,-0.156316,0.000000,-0.748767,-0.786205,-0.471723
2026-07-27T16:44:47.822681,3.8420,-0.148315,-0.157101,0.000000,-0.741573,-0.778652,-0.467191
2026-07-27T16:44:47.822728,3.8425,-0.154074,-0.153959,0.000000,-0.770369,-0.808888,-0.485333
2026-07-27T16:44:47.822775,3.8430,-0.152633,-0.154745,0.000000,-0.763165,-0.801323,-0.480794
2026-07-27T16:44:47.822822,3.8435,-0.151193,-0.155531,0.000000,-0.755964,-0.793763,-0.476258
2026-07-27T16:44:47.822972,3.8440,-0.149753,-0.156316,0.000000,-0.748767,-0.786205,-0.471723
2026-07-27T16:44:47.823021,3.8445,-0.148315,-0.157101,0.000000,-0.741573,-0.778652,-0.467191
2026-07-27T16:44:47.823070,3.8450,-0.154074,-0.153959,0.000000,-0.770369,-0.808888,-0.485333
2026-07-27T16:44:47.823116,3.8455,-0.152633,-0.154745,0.000000,-0.763165,-0.801323,-0.480794
2026-07-27T16:44:47.823164,3.8460,-0.151193,-0.155531,0.000000,-0.755964,-0.793763,-0.476258
2026-07-27T16:44:47.823212,3.8465,-0.149753,-0.156316,0.000000,-0.748767,-0.786205,-0.471723
2026-07-27T16:44:47.823282,3.8470,-0.148315,-0.157101,0.000000,-0.741573,-0.778652,-0.467191
2026-07-27T16:44:47.823333,3.8475,-0.154074,-0.153959,0.000000,-0.770369,-0.808888,-0.485333
2026-07-27T16:44:47.823383,3.8480,-0.152633,-0.154745,0.000000,-0.763165,-0.801323,-0.480794
2026-07-27T16:44:47.823430,3.8485,-0.151193,-0.155531,0.000000,-0.755964,-0.793763,-0.476258
2026-07-27T16:44:47.823478,3.8490,-0.149753,-0.156316,0.000000,-0.748767,-0.786205,-0.471723
2026-07-27T16:44:47.823527,3.8495,-0.148315,-0.157101,0.000000,-0.741573,-0.778652,-0.467191
2026-07-27T16:44:47.823575,3.8500,-0.154074,-0.153959,0.000000,-0.770369,-0.808888,-0.485333
2026-07-27T16:44:47.823622,3.8505,-0.152633,-0.154745,0.000000,-0.763165,-0.801323,-0.480794
2026-07-27T16:44:47.823669,3.8510,-0.151193,-0.155531,0.000000,-0.755964,-0.793763,-0.476258
2026-07-27T16:44:47.823715,3.8515,-0.149753,-0.156316,0.000000,-0.748767,-0.786205,-0.471723
2026-07-27T16:44:47.823762,3.8520,-0.148315,-0.157101,0.000000,-0.741573,-0.778652,-0.467191
2026-07-27T16:44:47.823809,3.8525,-0.154074,-0.153959,0.000000,-0.770369,-0.808888,-0.485333
2026-07-27T16:44:47.823857,3.8530,-0.152633,-0.154745,0.000000,-0.763165,-0.801323,-0.480794
2026-07-27T16:44:47.823904,3.8535,-0.151193,-0.155531,0.000000,-0.755964,-0.793763,-0.476258
2026-07-27T16:44:47.823950,3.8540,-0.149753,-0.156316,0.000000,-0.748767,-0.786205,-0.471723
2026-07-27T16:44:47.823997,3.8545,-0.148315,-0.157101,0.000000,-0.741573,-0.778652,-0.467191
2026-07-27T16:44:47.824044,3.8550,-0.154074,-0.153959,0.000000,-0.770369,-0.808888,-0.485333
2026-07-27T16:44:47.824094,3.8555,-0.152633,-0.154745,0.000000,-0.763165,-0.801323,-0.480794
2026-07-27T16:44:47.824142,3.8560,-0.151193,-0.155531,0.000000,-0.755964,-0.793763,-0.476258
2026-07-27T16:44:47.824188,3.8565,-0.149753,-0.156316,0.000000,-0.748767,-0.786205,-0.471723
2026-07-27T16:44:47.824234,3.8570,-0.148315,-0.157101,0.000000,-0.741573,-0.778652,-0.467191
2026-07-27T16:44:47.824293,3.8575,-0.154074,-0.153959,0.000000,-0.770369,-0.808888,-0.485333
2026-07-27T16:44:47.824348,3.8580,-0.152633,-0.154745,0.000000,-0.763165,-0.801323,-0.480794
2026-07-27T16:44:47.824396,3.8585,-0.151193,-0.155531,0.000000,-0.755964,-0.793763,-0.476258
2026-07-27T16:44:47.824443,3.8590,-0.149753,-0.156316,0.000000,-0.748767,-0.786205,-0.471723
2026-07-27T16:44:47.824490,3.8595,-0.148315,-0.157101,0.000000,-0.741573,-0.778652,-0.467191
2026-07-27T16:44:47.824538,3.8600,-0.154074,-0.153959,0.000000,-0.770369,-0.808888,-0.485333
2026-07-27T16:44:47.824587,3.8605,-0.152633,-0.154745,0.000000,-0.763165,-0.801323,-0.480794
2026-07-27T16:44:47.824634,3.8610,-0.151193,-0.155531,0.000000,-0.755964,-0.793763,-0.476258
2026-07-27T16:44:47.824681,3.8615,-0.149753,-0.156316,0.000000,-0.748767,-0.786205,-0.471723
2026-07-27T16:44:47.824729,3.8620,-0.148315,-0.157101,0.000000,-0.741573,-0.778652,-0.467191
2026-07-27T16:44:47.824778,3.8625,-0.154074,-0.153959,0.000000,-0.770369,-0.808888,-0.485333
2026-07-27T16:44:47.824825,3.8630,-0.152633,-0.154745,0.000000,-0.763165,-0.801323,-0.480794
2026-07-27T16:44:47.824874,3.8635,-0.151193,-0.155531,0.000000,-0.755964,-0.793763,-0.476258
2026-07-27T16:44:47.824920,3.8640,-0.149753,-0.156316,0.000000,-0.748767,-0.786205,-0.471723
2026-07-27T16:44:47.824969,3.8645,-0.148315,-0.157101,0.000000,-0.741573,-0.778652,-0.467191
2026-07-27T16:44:47.825016,3.8650,-0.154074,-0.153959,0.000000,-0.770369,-0.808888,-0.485333
2026-07-27T16:44:47.825065,3.8655,-0.152633,-0.154745,0.000000,-0.763165,-0.801323,-0.480794
2026-07-27T16:44:47.825111,3.8660,-0.151193,-0.155531,0.000000,-0.755964,-0.793763,-0.476258
2026-07-27T16:44:47.825158,3.8665,-0.149753,-0.156316,0.000000,-0.748767,-0.786205,-0.471723
2026-07-27T16:44:47.825206,3.8670,-0.148315,-0.157101,0.000000,-0.741573,-0.778652,-0.467191
2026-07-27T16:44:47.825253,3.8675,-0.154074,-0.153959,0.000000,-0.770369,-0.808888,-0.485333
2026-07-27T16:44:47.825326,3.8680,-0.152633,-0.154745,0.000000,-0.763165,-0.801323,-0.480794
2026-07-27T16:44:47.825376,3.8685,-0.151193,-0.155531,0.000000,-0.755964,-0.793763,-0.476258
2026-07-27T16:44:47.825424,3.8690,-0.149753,-0.156316,0.000000,-0.748767,-0.786205,-0.471723
2026-07-27T16:44:47.825475,3.8695,-0.148315,-0.157101,0.000000,-0.741573,-0.778652,-0.467191
2026-07-27T16:44:47.825524,3.8700,-0.154074,-0.153959,0.000000,-0.770369,-0.808888,-0.485333
2026-07-27T16:44:47.825572,3.8705,-0.152633,-0.154745,0.000000,-0.763165,-0.801323,-0.480794
2026-07-27T16:44:47.825620,3.8710,-0.151193,-0.155531,0.000000,-0.755964,-0.793763,-0.476258
2026-07-27T16:44:47.825667,3.8715,-0.149753,-0.156316,0.000000,-0.748767,-0.786205,-0.471723
2026-07-27T16:44:47.825714,3.8720,-0.148315,-0.157101,0.000000,-0.741573,-0.778652,-0.467191
2026-07-27T16:44:47.825761,3.8725,-0.154074,-0.153959,0.000000,-0.770369,-0.808888,-0.485333
2026-07-27T16:44:47.825807,3.8730,-0.152633,-0.154745,0.000000,-0.763165,-0.801323,-0.480794
2026-07-27T16:44:47.825853,3.8735,-0.151193,-0.155531,0.000000,-0.755964,-0.793763,-0.476258
2026-07-27T16:44:47.825899,3.8740,-0.149753,-0.156316,0.000000,-0.748767,-0.786205,-0.471723
2026-07-27T16:44:47.825945,3.8745,-0.148315,-0.157101,0.000000,-0.741573,-0.778652,-0.467191
2026-07-27T16:44:47.825992,3.8750,-0.154074,-0.153959,0.000000,-0.770369,-0.808888,-0.485333
2026-07-27T16:44:47.826039,3.8755,-0.152633,-0.154745,0.000000,-0.763165,-0.801323,-0.480794
2026-07-27T16:44:47.826087,3.8760,-0.151193,-0.155531,0.000000,-0.755964,-0.793763,-0.476258
2026-07-27T16:44:47.826134,3.8765,-0.149753,-0.156316,0.000000,-0.748767,-0.786205,-0.471723
2026-07-27T16:44:47.826183,3.8770,-0.148315,-0.157101,0.000000,-0.741573,-0.778652,-0.467191
2026-07-27T16:44:47.826229,3.8775,-0.154074,-0.153959,0.000000,-0.770369,-0.808888,-0.485333
2026-07-27T16:44:47.826298,3.8780,-0.152633,-0.154745,0.000000,-0.763165,-0.801323,-0.480794
2026-07-27T16:44:47.826346,3.8785,-0.151193,-0.155531,0.000000,-0.755964,-0.793763,-0.476258
2026-07-27T16:44:47.826392,3.8790,-0.149753,-0.156316,0.000000,-0.748767,-0.786205,-0.471723
2026-07-27T16:44:47.826450,3.8795,-0.148315,-0.157101,0.000000,-0.741573,-0.778652,-0.467191
2026-07-27T16:44:47.826515,3.8800,-0.154074,-0.153959,0.000000,-0.770369,-0.808888,-0.485333
2026-07-27T16:44:47.826563,3.8805,-0.152633,-0.154745,0.000000,-0.763165,-0.801323,-0.480794
2026-07-27T16:44:47.826612,3.8810,-0.151193,-0.155531,0.000000,-0.755964,-0.793763,-0.476258
2026-07-27T16:44:47.826660,3.8815,-0.149753,-0.156316,0.000000,-0.748767,-0.786205,-0.471723
2026-07-27T16:44:47.826709,3.8820,-0.148315,-0.157101,0.000000,-0.741573,-0.778652,-0.467191
2026-07-27T16:44:47.826757,3.8825,-0.154074,-0.153959,0.000000,-0.770369,-0.808888,-0.485333
2026-07-27T16:44:47.826804,3.8830,-0.152633,-0.154745,0.000000,-0.763165,-0.801323,-0.480794
2026-07-27T16:44:47.826851,3.8835,-0.151193,-0.155531,0.000000,-0.755964,-0.793763,-0.476258
2026-07-27T16:44:47.826898,3.8840,-0.149753,-0.156316,0.000000,-0.748767,-0.786205,-0.471723
2026-07-27T16:44:47.826951,3.8845,-0.148315,-0.157101,0.000000,-0.741573,-0.778652,-0.467191
2026-07-27T16:44:47.827002,3.8850,-0.154074,-0.153959,0.000000,-0.770369,-0.808888,-0.485333
2026-07-27T16:44:47.827050,3.8855,-0.152633,-0.154745,0.000000,-0.763165,-0.801323,-0.480794
2026-07-27T16:44:47.827094,3.8860,-0.151193,-0.155531,0.000000,-0.755964,-0.793763,-0.476258
2026-07-27T16:44:47.827138,3.8865,-0.149753,-0.156316,0.000000,-0.748767,-0.786205,-0.471723
2026-07-27T16:44:47.827180,3.8870,-0.148315,-0.157101,0.000000,-0.741573,-0.778652,-0.467191
2026-07-27T16:44:47.827284,3.8875,-0.154074,-0.153959,0.000000,-0.770369,-0.808888,-0.485333
2026-07-27T16:44:47.827333,3.8880,-0.152633,-0.154745,0.000000,-0.763165,-0.801323,-0.480794
2026-07-27T16:44:47.827376,3.8885,-0.151193,-0.155531,0.000000,-0.755964,-0.793763,-0.476258
2026-07-27T16:44:47.827418,3.8890,-0.149753,-0.156316,0.000000,-0.748767,-0.786205,-0.471723
2026-07-27T16:44:47.827460,3.8895,-0.148315,-0.157101,0.000000,-0.741573,-0.778652,-0.467191
2026-07-27T16:44:47.827503,3.8900,-0.154074,-0.153959,0.000000,-0.770369,-0.808888,-0.485333
2026-07-27T16:44:47.827546,3.8905,-0.152633,-0.154745,0.000000,-0.763165,-0.801323,-0.480794
2026-07-27T16:44:47.827595,3.8910,-0.151193,-0.155531,0.000000,-0.755964,-0.793763,-0.476258
2026-07-27T16:44:47.827654,3.8915,-0.149753,-0.156316,0.000000,-0.748767,-0.786205,-0.471723
2026-07-27T16:44:47.827698,3.8920,-0.148315,-0.157101,0.000000,-0.741573,-0.778652,-0.467191
2026-07-27T16:44:47.827742,3.8925,-0.154074,-0.153959,0.000000,-0.770369,-0.808888,-0.485333
2026-07-27T16:44:47.827784,3.8930,-0.152633,-0.154745,0.000000,-0.763165,-0.801323,-0.480794
2026-07-27T16:44:47.827841,3.8935,-0.151193,-0.155531,0.000000,-0.755964,-0.793763,-0.476258
2026-07-27T16:44:47.827885,3.8940,-0.149753,-0.156316,0.000000,-0.748767,-0.786205,-0.471723
2026-07-27T16:44:47.827928,3.8945,-0.148315,-0.157101,0.000000,-0.741573,-0.778652,-0.467191
2026-07-27T16:44:47.827971,3.8950,-0.154074,-0.153959,0.000000,-0.770369,-0.808888,-0.485333
2026-07-27T16:44:47.828014,3.8955,-0.152633,-0.154745,0.000000,-0.763165,-0.801323,-0.480794
2026-07-27T16:44:47.828057,3.8960,-0.151193,-0.155531,0.000000,-0.755964,-0.793763,-0.476258
2026-07-27T16:44:47.828103,3.8965,-0.149753,-0.156316,0.000000,-0.748767,-0.786205,-0.471723
2026-07-27T16:44:47.828150,3.8970,-0.148315,-0.157101,0.000000,-0.741573,-0.778652,-0.467191
2026-07-27T16:44:47.828197,3.8975,-0.154074,-0.153959,0.000000,-0.770369,-0.808888,-0.485333
2026-07-27T16:44:47.828244,3.8980,-0.152633,-0.154745,0.000000,-0.763165,-0.801323,-0.480794
2026-07-27T16:44:47.828308,3.8985,-0.151193,-0.155531,0.000000,-0.755964,-0.793763,-0.476258
2026-07-27T16:44:47.828356,3.8990,-0.149753,-0.156316,0.000000,-0.748767,-0.786205,-0.471723
2026-07-27T16:44:47.828403,3.8995,-0.148315,-0.157101,0.000000,-0.741573,-0.778652,-0.467191
2026-07-27T16:44:47.918201,3.9000,-0.146877,-0.157885,0.000000,-0.734383,-0.771102,-0.462661
2026-07-27T16:44:47.918345,3.9005,-0.145439,-0.158669,0.000000,-0.727197,-0.763557,-0.458134
2026-07-27T16:44:47.918409,3.9010,-0.144003,-0.159452,0.000000,-0.720014,-0.756014,-0.453609
2026-07-27T16:44:47.918456,3.9015,-0.142567,-0.160236,0.000000,-0.712834,-0.748476,-0.449086
2026-07-27T16:44:47.918499,3.9020,-0.141132,-0.161019,0.000000,-0.705659,-0.740942,-0.444565
2026-07-27T16:44:47.918544,3.9025,-0.146877,-0.157885,0.000000,-0.734383,-0.771102,-0.462661
2026-07-27T16:44:47.918590,3.9030,-0.145439,-0.158669,0.000000,-0.727197,-0.763557,-0.458134
2026-07-27T16:44:47.918632,3.9035,-0.144003,-0.159452,0.000000,-0.720014,-0.756014,-0.453609
2026-07-27T16:44:47.918675,3.9040,-0.142567,-0.160236,0.000000,-0.712834,-0.748476,-0.449086
2026-07-27T16:44:47.918717,3.9045,-0.141132,-0.161019,0.000000,-0.705659,-0.740942,-0.444565
2026-07-27T16:44:47.918762,3.9050,-0.146877,-0.157885,0.000000,-0.734383,-0.771102,-0.462661
2026-07-27T16:44:47.918807,3.9055,-0.145439,-0.158669,0.000000,-0.727197,-0.763557,-0.458134
2026-07-27T16:44:47.918851,3.9060,-0.144003,-0.159452,0.000000,-0.720014,-0.756014,-0.453609
2026-07-27T16:44:47.918894,3.9065,-0.142567,-0.160236,0.000000,-0.712834,-0.748476,-0.449086
2026-07-27T16:44:47.918936,3.9070,-0.141132,-0.161019,0.000000,-0.705659,-0.740942,-0.444565
2026-07-27T16:44:47.918980,3.9075,-0.146877,-0.157885,0.000000,-0.734383,-0.771102,-0.462661
2026-07-27T16:44:47.919024,3.9080,-0.145439,-0.158669,0.000000,-0.727197,-0.763557,-0.458134
2026-07-27T16:44:47.919070,3.9085,-0.144003,-0.159452,0.000000,-0.720014,-0.756014,-0.453609
2026-07-27T16:44:47.919119,3.9090,-0.142567,-0.160236,0.000000,-0.712834,-0.748476,-0.449086
2026-07-27T16:44:47.919168,3.9095,-0.141132,-0.161019,0.000000,-0.705659,-0.740942,-0.444565
2026-07-27T16:44:47.919216,3.9100,-0.146877,-0.157885,0.000000,-0.734383,-0.771102,-0.462661
2026-07-27T16:44:47.919284,3.9105,-0.145439,-0.158669,0.000000,-0.727197,-0.763557,-0.458134
2026-07-27T16:44:47.919342,3.9110,-0.144003,-0.159452,0.000000,-0.720014,-0.756014,-0.453609
2026-07-27T16:44:47.919389,3.9115,-0.142567,-0.160236,0.000000,-0.712834,-0.748476,-0.449086
2026-07-27T16:44:47.919437,3.9120,-0.141132,-0.161019,0.000000,-0.705659,-0.740942,-0.444565
2026-07-27T16:44:47.919484,3.9125,-0.146877,-0.157885,0.000000,-0.734383,-0.771102,-0.462661
2026-07-27T16:44:47.919532,3.9130,-0.145439,-0.158669,0.000000,-0.727197,-0.763557,-0.458134
2026-07-27T16:44:47.919580,3.9135,-0.144003,-0.159452,0.000000,-0.720014,-0.756014,-0.453609
2026-07-27T16:44:47.919628,3.9140,-0.142567,-0.160236,0.000000,-0.712834,-0.748476,-0.449086
2026-07-27T16:44:47.919696,3.9145,-0.141132,-0.161019,0.000000,-0.705659,-0.740942,-0.444565
2026-07-27T16:44:47.919748,3.9150,-0.146877,-0.157885,0.000000,-0.734383,-0.771102,-0.462661
2026-07-27T16:44:47.919796,3.9155,-0.145439,-0.158669,0.000000,-0.727197,-0.763557,-0.458134
2026-07-27T16:44:47.919844,3.9160,-0.144003,-0.159452,0.000000,-0.720014,-0.756014,-0.453609
2026-07-27T16:44:47.919895,3.9165,-0.142567,-0.160236,0.000000,-0.712834,-0.748476,-0.449086
2026-07-27T16:44:47.919943,3.9170,-0.141132,-0.161019,0.000000,-0.705659,-0.740942,-0.444565
2026-07-27T16:44:47.919990,3.9175,-0.146877,-0.157885,0.000000,-0.734383,-0.771102,-0.462661
2026-07-27T16:44:47.920044,3.9180,-0.145439,-0.158669,0.000000,-0.727197,-0.763557,-0.458134
2026-07-27T16:44:47.920091,3.9185,-0.144003,-0.159452,0.000000,-0.720014,-0.756014,-0.453609
2026-07-27T16:44:47.920141,3.9190,-0.142567,-0.160236,0.000000,-0.712834,-0.748476,-0.449086
2026-07-27T16:44:47.920187,3.9195,-0.141132,-0.161019,0.000000,-0.705659,-0.740942,-0.444565
2026-07-27T16:44:47.920234,3.9200,-0.146877,-0.157885,0.000000,-0.734383,-0.771102,-0.462661
2026-07-27T16:44:47.920299,3.9205,-0.145439,-0.158669,0.000000,-0.727197,-0.763557,-0.458134
2026-07-27T16:44:47.920348,3.9210,-0.144003,-0.159452,0.000000,-0.720014,-0.756014,-0.453609
2026-07-27T16:44:47.920396,3.9215,-0.142567,-0.160236,0.000000,-0.712834,-0.748476,-0.449086
2026-07-27T16:44:47.920444,3.9220,-0.141132,-0.161019,0.000000,-0.705659,-0.740942,-0.444565
2026-07-27T16:44:47.920492,3.9225,-0.146877,-0.157885,0.000000,-0.734383,-0.771102,-0.462661
2026-07-27T16:44:47.920541,3.9230,-0.145439,-0.158669,0.000000,-0.727197,-0.763557,-0.458134
2026-07-27T16:44:47.920589,3.9235,-0.144003,-0.159452,0.000000,-0.720014,-0.756014,-0.453609
2026-07-27T16:44:47.920637,3.9240,-0.142567,-0.160236,0.000000,-0.712834,-0.748476,-0.449086
2026-07-27T16:44:47.920685,3.9245,-0.141132,-0.161019,0.000000,-0.705659,-0.740942,-0.444565
2026-07-27T16:44:47.920732,3.9250,-0.146877,-0.157885,0.000000,-0.734383,-0.771102,-0.462661
2026-07-27T16:44:47.920780,3.9255,-0.145439,-0.158669,0.000000,-0.727197,-0.763557,-0.458134
2026-07-27T16:44:47.920827,3.9260,-0.144003,-0.159452,0.000000,-0.720014,-0.756014,-0.453609
2026-07-27T16:44:47.920875,3.9265,-0.142567,-0.160236,0.000000,-0.712834,-0.748476,-0.449086
2026-07-27T16:44:47.920929,3.9270,-0.141132,-0.161019,0.000000,-0.705659,-0.740942,-0.444565
2026-07-27T16:44:47.920977,3.9275,-0.146877,-0.157885,0.000000,-0.734383,-0.771102,-0.462661
2026-07-27T16:44:47.921024,3.9280,-0.145439,-0.158669,0.000000,-0.727197,-0.763557,-0.458134
2026-07-27T16:44:47.921075,3.9285,-0.144003,-0.159452,0.000000,-0.720014,-0.756014,-0.453609
2026-07-27T16:44:47.921127,3.9290,-0.142567,-0.160236,0.000000,-0.712834,-0.748476,-0.449086
2026-07-27T16:44:47.921177,3.9295,-0.141132,-0.161019,0.000000,-0.705659,-0.740942,-0.444565
2026-07-27T16:44:47.921224,3.9300,-0.146877,-0.157885,0.000000,-0.734383,-0.771102,-0.462661
2026-07-27T16:44:47.921289,3.9305,-0.145439,-0.158669,0.000000,-0.727197,-0.763557,-0.458134
2026-07-27T16:44:47.921338,3.9310,-0.144003,-0.159452,0.000000,-0.720014,-0.756014,-0.453609
2026-07-27T16:44:47.921385,3.9315,-0.142567,-0.160236,0.000000,-0.712834,-0.748476,-0.449086
2026-07-27T16:44:47.921432,3.9320,-0.141132,-0.161019,0.000000,-0.705659,-0.740942,-0.444565
2026-07-27T16:44:47.921479,3.9325,-0.146877,-0.157885,0.000000,-0.734383,-0.771102,-0.462661
2026-07-27T16:44:47.921527,3.9330,-0.145439,-0.158669,0.000000,-0.727197,-0.763557,-0.458134
2026-07-27T16:44:47.921575,3.9335,-0.144003,-0.159452,0.000000,-0.720014,-0.756014,-0.453609
2026-07-27T16:44:47.921623,3.9340,-0.142567,-0.160236,0.000000,-0.712834,-0.748476,-0.449086
2026-07-27T16:44:47.921672,3.9345,-0.141132,-0.161019,0.000000,-0.705659,-0.740942,-0.444565
2026-07-27T16:44:47.921721,3.9350,-0.146877,-0.157885,0.000000,-0.734383,-0.771102,-0.462661
2026-07-27T16:44:47.921770,3.9355,-0.145439,-0.158669,0.000000,-0.727197,-0.763557,-0.458134
2026-07-27T16:44:47.921819,3.9360,-0.144003,-0.159452,0.000000,-0.720014,-0.756014,-0.453609
2026-07-27T16:44:47.921866,3.9365,-0.142567,-0.160236,0.000000,-0.712834,-0.748476,-0.449086
2026-07-27T16:44:47.921912,3.9370,-0.141132,-0.161019,0.000000,-0.705659,-0.740942,-0.444565
2026-07-27T16:44:47.921959,3.9375,-0.146877,-0.157885,0.000000,-0.734383,-0.771102,-0.462661
2026-07-27T16:44:47.922006,3.9380,-0.145439,-0.158669,0.000000,-0.727197,-0.763557,-0.458134
2026-07-27T16:44:47.922075,3.9385,-0.144003,-0.159452,0.000000,-0.720014,-0.756014,-0.453609
2026-07-27T16:44:47.922126,3.9390,-0.142567,-0.160236,0.000000,-0.712834,-0.748476,-0.449086
2026-07-27T16:44:47.922175,3.9395,-0.141132,-0.161019,0.000000,-0.705659,-0.740942,-0.444565
2026-07-27T16:44:47.922221,3.9400,-0.146877,-0.157885,0.000000,-0.734383,-0.771102,-0.462661
2026-07-27T16:44:47.922285,3.9405,-0.145439,-0.158669,0.000000,-0.727197,-0.763557,-0.458134
2026-07-27T16:44:47.922335,3.9410,-0.144003,-0.159452,0.000000,-0.720014,-0.756014,-0.453609
2026-07-27T16:44:47.922383,3.9415,-0.142567,-0.160236,0.000000,-0.712834,-0.748476,-0.449086
2026-07-27T16:44:47.922430,3.9420,-0.141132,-0.161019,0.000000,-0.705659,-0.740942,-0.444565
2026-07-27T16:44:47.922480,3.9425,-0.146877,-0.157885,0.000000,-0.734383,-0.771102,-0.462661
2026-07-27T16:44:47.922528,3.9430,-0.145439,-0.158669,0.000000,-0.727197,-0.763557,-0.458134
2026-07-27T16:44:47.922581,3.9435,-0.144003,-0.159452,0.000000,-0.720014,-0.756014,-0.453609
2026-07-27T16:44:47.922729,3.9440,-0.142567,-0.160236,0.000000,-0.712834,-0.748476,-0.449086
2026-07-27T16:44:47.922777,3.9445,-0.141132,-0.161019,0.000000,-0.705659,-0.740942,-0.444565
2026-07-27T16:44:47.922826,3.9450,-0.146877,-0.157885,0.000000,-0.734383,-0.771102,-0.462661
2026-07-27T16:44:47.922875,3.9455,-0.145439,-0.158669,0.000000,-0.727197,-0.763557,-0.458134
2026-07-27T16:44:47.922927,3.9460,-0.144003,-0.159452,0.000000,-0.720014,-0.756014,-0.453609
2026-07-27T16:44:47.922980,3.9465,-0.142567,-0.160236,0.000000,-0.712834,-0.748476,-0.449086
2026-07-27T16:44:47.923034,3.9470,-0.141132,-0.161019,0.000000,-0.705659,-0.740942,-0.444565
2026-07-27T16:44:47.923088,3.9475,-0.146877,-0.157885,0.000000,-0.734383,-0.771102,-0.462661
2026-07-27T16:44:47.923141,3.9480,-0.145439,-0.158669,0.000000,-0.727197,-0.763557,-0.458134
2026-07-27T16:44:47.923195,3.9485,-0.144003,-0.159452,0.000000,-0.720014,-0.756014,-0.453609
2026-07-27T16:44:47.923247,3.9490,-0.142567,-0.160236,0.000000,-0.712834,-0.748476,-0.449086
2026-07-27T16:44:47.923319,3.9495,-0.141132,-0.161019,0.000000,-0.705659,-0.740942,-0.444565
2026-07-27T16:44:47.923375,3.9500,-0.146877,-0.157885,0.000000,-0.734383,-0.771102,-0.462661
2026-07-27T16:44:47.923429,3.9505,-0.145439,-0.158669,0.000000,-0.727197,-0.763557,-0.458134
2026-07-27T16:44:47.923481,3.9510,-0.144003,-0.159452,0.000000,-0.720014,-0.756014,-0.453609
2026-07-27T16:44:47.923534,3.9515,-0.142567,-0.160236,0.000000,-0.712834,-0.748476,-0.449086
2026-07-27T16:44:47.923586,3.9520,-0.141132,-0.161019,0.000000,-0.705659,-0.740942,-0.444565
2026-07-27T16:44:47.923639,3.9525,-0.146877,-0.157885,0.000000,-0.734383,-0.771102,-0.462661
2026-07-27T16:44:47.923691,3.9530,-0.145439,-0.158669,0.000000,-0.727197,-0.763557,-0.458134
2026-07-27T16:44:47.923745,3.9535,-0.144003,-0.159452,0.000000,-0.720014,-0.756014,-0.453609
2026-07-27T16:44:47.923797,3.9540,-0.142567,-0.160236,0.000000,-0.712834,-0.748476,-0.449086
2026-07-27T16:44:47.923849,3.9545,-0.141132,-0.161019,0.000000,-0.705659,-0.740942,-0.444565
2026-07-27T16:44:47.923901,3.9550,-0.146877,-0.157885,0.000000,-0.734383,-0.771102,-0.462661
2026-07-27T16:44:47.923957,3.9555,-0.145439,-0.158669,0.000000,-0.727197,-0.763557,-0.458134
2026-07-27T16:44:47.924005,3.9560,-0.144003,-0.159452,0.000000,-0.720014,-0.756014,-0.453609
2026-07-27T16:44:47.924052,3.9565,-0.142567,-0.160236,0.000000,-0.712834,-0.748476,-0.449086
2026-07-27T16:44:47.924100,3.9570,-0.141132,-0.161019,0.000000,-0.705659,-0.740942,-0.444565
2026-07-27T16:44:47.924148,3.9575,-0.146877,-0.157885,0.000000,-0.734383,-0.771102,-0.462661
2026-07-27T16:44:47.924197,3.9580,-0.145439,-0.158669,0.000000,-0.727197,-0.763557,-0.458134
2026-07-27T16:44:47.924244,3.9585,-0.144003,-0.159452,0.000000,-0.720014,-0.756014,-0.453609
2026-07-27T16:44:47.924302,3.9590,-0.142567,-0.160236,0.000000,-0.712834,-0.748476,-0.449086
2026-07-27T16:44:47.924349,3.9595,-0.141132,-0.161019,0.000000,-0.705659,-0.740942,-0.444565
2026-07-27T16:44:47.924397,3.9600,-0.146877,-0.157885,0.000000,-0.734383,-0.771102,-0.462661
2026-07-27T16:44:47.924444,3.9605,-0.145439,-0.158669,0.000000,-0.727197,-0.763557,-0.458134
2026-07-27T16:44:47.924490,3.9610,-0.144003,-0.159452,0.000000,-0.720014,-0.756014,-0.453609
2026-07-27T16:44:47.924538,3.9615,-0.142567,-0.160236,0.000000,-0.712834,-0.748476,-0.449086
2026-07-27T16:44:47.924585,3.9620,-0.141132,-0.161019,0.000000,-0.705659,-0.740942,-0.444565
2026-07-27T16:44:47.924632,3.9625,-0.146877,-0.157885,0.000000,-0.734383,-0.771102,-0.462661
2026-07-27T16:44:47.924678,3.9630,-0.145439,-0.158669,0.000000,-0.727197,-0.763557,-0.458134
2026-07-27T16:44:47.924725,3.9635,-0.144003,-0.159452,0.000000,-0.720014,-0.756014,-0.453609
2026-07-27T16:44:47.924772,3.9640,-0.142567,-0.160236,0.000000,-0.712834,-0.748476,-0.449086
2026-07-27T16:44:47.924814,3.9645,-0.141132,-0.161019,0.000000,-0.705659,-0.740942,-0.444565
2026-07-27T16:44:47.924858,3.9650,-0.146877,-0.157885,0.000000,-0.734383,-0.771102,-0.462661
2026-07-27T16:44:47.924900,3.9655,-0.145439,-0.158669,0.000000,-0.727197,-0.763557,-0.458134
2026-07-27T16:44:47.924944,3.9660,-0.144003,-0.159452,0.000000,-0.720014,-0.756014,-0.453609
2026-07-27T16:44:47.924985,3.9665,-0.142567,-0.160236,0.000000,-0.712834,-0.748476,-0.449086
2026-07-27T16:44:47.925028,3.9670,-0.141132,-0.161019,0.000000,-0.705659,-0.740942,-0.444565
2026-07-27T16:44:47.925070,3.9675,-0.146877,-0.157885,0.000000,-0.734383,-0.771102,-0.462661
2026-07-27T16:44:47.925112,3.9680,-0.145439,-0.158669,0.000000,-0.727197,-0.763557,-0.458134
2026-07-27T16:44:47.925155,3.9685,-0.144003,-0.159452,0.000000,-0.720014,-0.756014,-0.453609
2026-07-27T16:44:47.925197,3.9690,-0.142567,-0.160236,0.000000,-0.712834,-0.748476,-0.449086
2026-07-27T16:44:47.925239,3.9695,-0.141132,-0.161019,0.000000,-0.705659,-0.740942,-0.444565
2026-07-27T16:44:47.925295,3.9700,-0.146877,-0.157885,0.000000,-0.734383,-0.771102,-0.462661
2026-07-27T16:44:47.925340,3.9705,-0.145439,-0.158669,0.000000,-0.727197,-0.763557,-0.458134
2026-07-27T16:44:47.925384,3.9710,-0.144003,-0.159452,0.000000,-0.720014,-0.756014,-0.453609
2026-07-27T16:44:47.925427,3.9715,-0.142567,-0.160236,0.000000,-0.712834,-0.748476,-0.449086
2026-07-27T16:44:47.925470,3.9720,-0.141132,-0.161019,0.000000,-0.705659,-0.740942,-0.444565
2026-07-27T16:44:47.925512,3.9725,-0.146877,-0.157885,0.000000,-0.734383,-0.771102,-0.462661
2026-07-27T16:44:47.925556,3.9730,-0.145439,-0.158669,0.000000,-0.727197,-0.763557,-0.458134
2026-07-27T16:44:47.925599,3.9735,-0.144003,-0.159452,0.000000,-0.720014,-0.756014,-0.453609
2026-07-27T16:44:47.925642,3.9740,-0.142567,-0.160236,0.000000,-0.712834,-0.748476,-0.449086
2026-07-27T16:44:47.925684,3.9745,-0.141132,-0.161019,0.000000,-0.705659,-0.740942,-0.444565
2026-07-27T16:44:47.925727,3.9750,-0.146877,-0.157885,0.000000,-0.734383,-0.771102,-0.462661
2026-07-27T16:44:47.925769,3.9755,-0.145439,-0.158669,0.000000,-0.727197,-0.763557,-0.458134
2026-07-27T16:44:47.925811,3.9760,-0.144003,-0.159452,0.000000,-0.720014,-0.756014,-0.453609
2026-07-27T16:44:47.925852,3.9765,-0.142567,-0.160236,0.000000,-0.712834,-0.748476,-0.449086
2026-07-27T16:44:47.925890,3.9770,-0.141132,-0.161019,0.000000,-0.705659,-0.740942,-0.444565
2026-07-27T16:44:47.925929,3.9775,-0.146877,-0.157885,0.000000,-0.734383,-0.771102,-0.462661
2026-07-27T16:44:47.925968,3.9780,-0.145439,-0.158669,0.000000,-0.727197,-0.763557,-0.458134
2026-07-27T16:44:47.926007,3.9785,-0.144003,-0.159452,0.000000,-0.720014,-0.756014,-0.453609
2026-07-27T16:44:47.926045,3.9790,-0.142567,-0.160236,0.000000,-0.712834,-0.748476,-0.449086
2026-07-27T16:44:47.926084,3.9795,-0.141132,-0.161019,0.000000,-0.705659,-0.740942,-0.444565
2026-07-27T16:44:47.926122,3.9800,-0.146877,-0.157885,0.000000,-0.734383,-0.771102,-0.462661
2026-07-27T16:44:47.926160,3.9805,-0.145439,-0.158669,0.000000,-0.727197,-0.763557,-0.458134
2026-07-27T16:44:47.926198,3.9810,-0.144003,-0.159452,0.000000,-0.720014,-0.756014,-0.453609
2026-07-27T16:44:47.926236,3.9815,-0.142567,-0.160236,0.000000,-0.712834,-0.748476,-0.449086
2026-07-27T16:44:47.926287,3.9820,-0.141132,-0.161019,0.000000,-0.705659,-0.740942,-0.444565
2026-07-27T16:44:47.926326,3.9825,-0.146877,-0.157885,0.000000,-0.734383,-0.771102,-0.462661
2026-07-27T16:44:47.926365,3.9830,-0.145439,-0.158669,0.000000,-0.727197,-0.763557,-0.458134
2026-07-27T16:44:47.926404,3.9835,-0.144003,-0.159452,0.000000,-0.720014,-0.756014,-0.453609
2026-07-27T16:44:47.926443,3.9840,-0.142567,-0.160236,0.000000,-0.712834,-0.748476,-0.449086
2026-07-27T16:44:47.926482,3.9845,-0.141132,-0.161019,0.000000,-0.705659,-0.740942,-0.444565
2026-07-27T16:44:47.926521,3.9850,-0.146877,-0.157885,0.000000,-0.734383,-0.771102,-0.462661
2026-07-27T16:44:47.926560,3.9855,-0.145439,-0.158669,0.000000,-0.727197,-0.763557,-0.458134
2026-07-27T16:44:47.926598,3.9860,-0.144003,-0.159452,0.000000,-0.720014,-0.756014,-0.453609
2026-07-27T16:44:47.926638,3.9865,-0.142567,-0.160236,0.000000,-0.712834,-0.748476,-0.449086
2026-07-27T16:44:47.926677,3.9870,-0.141132,-0.161019,0.000000,-0.705659,-0.740942,-0.444565
2026-07-27T16:44:47.926737,3.9875,-0.146877,-0.157885,0.000000,-0.734383,-0.771102,-0.462661
2026-07-27T16:44:47.926776,3.9880,-0.145439,-0.158669,0.000000,-0.727197,-0.763557,-0.458134
2026-07-27T16:44:47.926814,3.9885,-0.144003,-0.159452,0.000000,-0.720014,-0.756014,-0.453609
2026-07-27T16:44:47.926852,3.9890,-0.142567,-0.160236,0.000000,-0.712834,-0.748476,-0.449086
2026-07-27T16:44:47.926892,3.9895,-0.141132,-0.161019,0.000000,-0.705659,-0.740942,-0.444565
2026-07-27T16:44:47.926926,3.9900,-0.146877,-0.157885,0.000000,-0.734383,-0.771102,-0.462661
2026-07-27T16:44:47.926962,3.9905,-0.145439,-0.158669,0.000000,-0.727197,-0.763557,-0.458134
2026-07-27T16:44:47.926997,3.9910,-0.144003,-0.159452,0.000000,-0.720014,-0.756014,-0.453609
2026-07-27T16:44:47.927032,3.9915,-0.142567,-0.160236,0.000000,-0.712834,-0.748476,-0.449086
2026-07-27T16:44:47.927068,3.9920,-0.141132,-0.161019,0.000000,-0.705659,-0.740942,-0.444565
2026-07-27T16:44:47.927103,3.9925,-0.146877,-0.157885,0.000000,-0.734383,-0.771102,-0.462661
2026-07-27T16:44:47.927140,3.9930,-0.145439,-0.158669,0.000000,-0.727197,-0.763557,-0.458134
2026-07-27T16:44:47.927177,3.9935,-0.144003,-0.159452,0.000000,-0.720014,-0.756014,-0.453609
2026-07-27T16:44:47.927212,3.9940,-0.142567,-0.160236,0.000000,-0.712834,-0.748476,-0.449086
2026-07-27T16:44:47.927247,3.9945,-0.141132,-0.161019,0.000000,-0.705659,-0.740942,-0.444565
2026-07-27T16:44:47.927298,3.9950,-0.146877,-0.157885,0.000000,-0.734383,-0.771102,-0.462661
2026-07-27T16:44:47.927334,3.9955,-0.145439,-0.158669,0.000000,-0.727197,-0.763557,-0.458134
2026-07-27T16:44:47.927370,3.9960,-0.144003,-0.159452,0.000000,-0.720014,-0.756014,-0.453609
2026-07-27T16:44:47.927407,3.9965,-0.142567,-0.160236,0.000000,-0.712834,-0.748476,-0.449086
2026-07-27T16:44:47.927443,3.9970,-0.141132,-0.161019,0.000000,-0.705659,-0.740942,-0.444565
2026-07-27T16:44:47.927478,3.9975,-0.146877,-0.157885,0.000000,-0.734383,-0.771102,-0.462661
2026-07-27T16:44:47.927514,3.9980,-0.145439,-0.158669,0.000000,-0.727197,-0.763557,-0.458134
2026-07-27T16:44:47.927550,3.9985,-0.144003,-0.159452,0.000000,-0.720014,-0.756014,-0.453609
2026-07-27T16:44:47.927585,3.9990,-0.142567,-0.160236,0.000000,-0.712834,-0.748476,-0.449086
2026-07-27T16:44:47.927620,3.9995,-0.141132,-0.161019,0.000000,-0.705659,-0.740942,-0.444565
2026-07-27T16:44:48.019226,4.0000,-0.139697,-0.161801,0.000000,-0.698486,-0.733411,-0.440046
2026-07-27T16:44:48.019473,4.0005,-0.138264,-0.162583,0.000000,-0.691318,-0.725884,-0.435530
2026-07-27T16:44:48.019615,4.0010,-0.136831,-0.163365,0.000000,-0.684153,-0.718361,-0.431017
2026-07-27T16:44:48.019744,4.0015,-0.135398,-0.164146,0.000000,-0.676992,-0.710842,-0.426505
2026-07-27T16:44:48.019864,4.0020,-0.133967,-0.164927,0.000000,-0.669835,-0.703327,-0.421996
2026-07-27T16:44:48.019979,4.0025,-0.139697,-0.161801,0.000000,-0.698486,-0.733411,-0.440046
2026-07-27T16:44:48.020094,4.0030,-0.138264,-0.162583,0.000000,-0.691318,-0.725884,-0.435530
2026-07-27T16:44:48.020206,4.0035,-0.136831,-0.163365,0.000000,-0.684153,-0.718361,-0.431017
2026-07-27T16:44:48.020335,4.0040,-0.135398,-0.164146,0.000000,-0.676992,-0.710842,-0.426505
2026-07-27T16:44:48.020450,4.0045,-0.133967,-0.164927,0.000000,-0.669835,-0.703327,-0.421996
2026-07-27T16:44:48.020560,4.0050,-0.139697,-0.161801,0.000000,-0.698486,-0.733411,-0.440046
2026-07-27T16:44:48.020667,4.0055,-0.138264,-0.162583,0.000000,-0.691318,-0.725884,-0.435530
2026-07-27T16:44:48.020774,4.0060,-0.136831,-0.163365,0.000000,-0.684153,-0.718361,-0.431017
2026-07-27T16:44:48.020880,4.0065,-0.135398,-0.164146,0.000000,-0.676992,-0.710842,-0.426505
2026-07-27T16:44:48.020988,4.0070,-0.133967,-0.164927,0.000000,-0.669835,-0.703327,-0.421996
2026-07-27T16:44:48.021089,4.0075,-0.139697,-0.161801,0.000000,-0.698486,-0.733411,-0.440046
2026-07-27T16:44:48.021185,4.0080,-0.138264,-0.162583,0.000000,-0.691318,-0.725884,-0.435530
2026-07-27T16:44:48.021296,4.0085,-0.136831,-0.163365,0.000000,-0.684153,-0.718361,-0.431017
2026-07-27T16:44:48.021395,4.0090,-0.135398,-0.164146,0.000000,-0.676992,-0.710842,-0.426505
2026-07-27T16:44:48.021490,4.0095,-0.133967,-0.164927,0.000000,-0.669835,-0.703327,-0.421996
2026-07-27T16:44:48.021587,4.0100,-0.139697,-0.161801,0.000000,-0.698486,-0.733411,-0.440046
2026-07-27T16:44:48.021682,4.0105,-0.138264,-0.162583,0.000000,-0.691318,-0.725884,-0.435530
2026-07-27T16:44:48.021781,4.0110,-0.136831,-0.163365,0.000000,-0.684153,-0.718361,-0.431017
2026-07-27T16:44:48.021875,4.0115,-0.135398,-0.164146,0.000000,-0.676992,-0.710842,-0.426505
2026-07-27T16:44:48.021969,4.0120,-0.133967,-0.164927,0.000000,-0.669835,-0.703327,-0.421996
2026-07-27T16:44:48.022064,4.0125,-0.139697,-0.161801,0.000000,-0.698486,-0.733411,-0.440046
2026-07-27T16:44:48.022157,4.0130,-0.138264,-0.162583,0.000000,-0.691318,-0.725884,-0.435530
2026-07-27T16:44:48.022252,4.0135,-0.136831,-0.163365,0.000000,-0.684153,-0.718361,-0.431017
2026-07-27T16:44:48.022369,4.0140,-0.135398,-0.164146,0.000000,-0.676992,-0.710842,-0.426505
2026-07-27T16:44:48.022466,4.0145,-0.133967,-0.164927,0.000000,-0.669835,-0.703327,-0.421996
2026-07-27T16:44:48.022568,4.0150,-0.139697,-0.161801,0.000000,-0.698486,-0.733411,-0.440046
2026-07-27T16:44:48.022664,4.0155,-0.138264,-0.162583,0.000000,-0.691318,-0.725884,-0.435530
2026-07-27T16:44:48.022758,4.0160,-0.136831,-0.163365,0.000000,-0.684153,-0.718361,-0.431017
2026-07-27T16:44:48.022853,4.0165,-0.135398,-0.164146,0.000000,-0.676992,-0.710842,-0.426505
2026-07-27T16:44:48.022943,4.0170,-0.133967,-0.164927,0.000000,-0.669835,-0.703327,-0.421996
2026-07-27T16:44:48.023031,4.0175,-0.139697,-0.161801,0.000000,-0.698486,-0.733411,-0.440046
2026-07-27T16:44:48.023118,4.0180,-0.138264,-0.162583,0.000000,-0.691318,-0.725884,-0.435530
2026-07-27T16:44:48.023203,4.0185,-0.136831,-0.163365,0.000000,-0.684153,-0.718361,-0.431017
2026-07-27T16:44:48.023302,4.0190,-0.135398,-0.164146,0.000000,-0.676992,-0.710842,-0.426505
2026-07-27T16:44:48.023579,4.0195,-0.133967,-0.164927,0.000000,-0.669835,-0.703327,-0.421996
2026-07-27T16:44:48.023671,4.0200,-0.139697,-0.161801,0.000000,-0.698486,-0.733411,-0.440046
2026-07-27T16:44:48.023727,4.0205,-0.138264,-0.162583,0.000000,-0.691318,-0.725884,-0.435530
2026-07-27T16:44:48.023775,4.0210,-0.136831,-0.163365,0.000000,-0.684153,-0.718361,-0.431017
2026-07-27T16:44:48.023821,4.0215,-0.135398,-0.164146,0.000000,-0.676992,-0.710842,-0.426505
2026-07-27T16:44:48.023865,4.0220,-0.133967,-0.164927,0.000000,-0.669835,-0.703327,-0.421996
2026-07-27T16:44:48.023910,4.0225,-0.139697,-0.161801,0.000000,-0.698486,-0.733411,-0.440046
2026-07-27T16:44:48.023959,4.0230,-0.138264,-0.162583,0.000000,-0.691318,-0.725884,-0.435530
2026-07-27T16:44:48.024007,4.0235,-0.136831,-0.163365,0.000000,-0.684153,-0.718361,-0.431017
2026-07-27T16:44:48.024056,4.0240,-0.135398,-0.164146,0.000000,-0.676992,-0.710842,-0.426505
2026-07-27T16:44:48.024104,4.0245,-0.133967,-0.164927,0.000000,-0.669835,-0.703327,-0.421996
2026-07-27T16:44:48.024152,4.0250,-0.139697,-0.161801,0.000000,-0.698486,-0.733411,-0.440046
2026-07-27T16:44:48.024199,4.0255,-0.138264,-0.162583,0.000000,-0.691318,-0.725884,-0.435530
2026-07-27T16:44:48.024248,4.0260,-0.136831,-0.163365,0.000000,-0.684153,-0.718361,-0.431017
2026-07-27T16:44:48.024314,4.0265,-0.135398,-0.164146,0.000000,-0.676992,-0.710842,-0.426505
2026-07-27T16:44:48.024363,4.0270,-0.133967,-0.164927,0.000000,-0.669835,-0.703327,-0.421996
2026-07-27T16:44:48.024409,4.0275,-0.139697,-0.161801,0.000000,-0.698486,-0.733411,-0.440046
2026-07-27T16:44:48.024457,4.0280,-0.138264,-0.162583,0.000000,-0.691318,-0.725884,-0.435530
2026-07-27T16:44:48.024505,4.0285,-0.136831,-0.163365,0.000000,-0.684153,-0.718361,-0.431017
2026-07-27T16:44:48.024553,4.0290,-0.135398,-0.164146,0.000000,-0.676992,-0.710842,-0.426505
2026-07-27T16:44:48.024601,4.0295,-0.133967,-0.164927,0.000000,-0.669835,-0.703327,-0.421996
2026-07-27T16:44:48.024649,4.0300,-0.139697,-0.161801,0.000000,-0.698486,-0.733411,-0.440046
2026-07-27T16:44:48.024696,4.0305,-0.138264,-0.162583,0.000000,-0.691318,-0.725884,-0.435530
2026-07-27T16:44:48.024743,4.0310,-0.136831,-0.163365,0.000000,-0.684153,-0.718361,-0.431017
2026-07-27T16:44:48.024791,4.0315,-0.135398,-0.164146,0.000000,-0.676992,-0.710842,-0.426505
2026-07-27T16:44:48.024838,4.0320,-0.133967,-0.164927,0.000000,-0.669835,-0.703327,-0.421996
2026-07-27T16:44:48.024882,4.0325,-0.139697,-0.161801,0.000000,-0.698486,-0.733411,-0.440046
2026-07-27T16:44:48.024924,4.0330,-0.138264,-0.162583,0.000000,-0.691318,-0.725884,-0.435530
2026-07-27T16:44:48.024968,4.0335,-0.136831,-0.163365,0.000000,-0.684153,-0.718361,-0.431017
2026-07-27T16:44:48.025010,4.0340,-0.135398,-0.164146,0.000000,-0.676992,-0.710842,-0.426505
2026-07-27T16:44:48.025053,4.0345,-0.133967,-0.164927,0.000000,-0.669835,-0.703327,-0.421996
2026-07-27T16:44:48.025096,4.0350,-0.139697,-0.161801,0.000000,-0.698486,-0.733411,-0.440046
2026-07-27T16:44:48.025140,4.0355,-0.138264,-0.162583,0.000000,-0.691318,-0.725884,-0.435530
2026-07-27T16:44:48.025182,4.0360,-0.136831,-0.163365,0.000000,-0.684153,-0.718361,-0.431017
2026-07-27T16:44:48.025224,4.0365,-0.135398,-0.164146,0.000000,-0.676992,-0.710842,-0.426505
2026-07-27T16:44:48.025276,4.0370,-0.133967,-0.164927,0.000000,-0.669835,-0.703327,-0.421996
2026-07-27T16:44:48.025319,4.0375,-0.139697,-0.161801,0.000000,-0.698486,-0.733411,-0.440046
2026-07-27T16:44:48.025363,4.0380,-0.138264,-0.162583,0.000000,-0.691318,-0.725884,-0.435530
2026-07-27T16:44:48.025408,4.0385,-0.136831,-0.163365,0.000000,-0.684153,-0.718361,-0.431017
2026-07-27T16:44:48.025452,4.0390,-0.135398,-0.164146,0.000000,-0.676992,-0.710842,-0.426505
2026-07-27T16:44:48.025495,4.0395,-0.133967,-0.164927,0.000000,-0.669835,-0.703327,-0.421996
2026-07-27T16:44:48.025537,4.0400,-0.139697,-0.161801,0.000000,-0.698486,-0.733411,-0.440046
2026-07-27T16:44:48.025579,4.0405,-0.138264,-0.162583,0.000000,-0.691318,-0.725884,-0.435530
2026-07-27T16:44:48.025622,4.0410,-0.136831,-0.163365,0.000000,-0.684153,-0.718361,-0.431017
2026-07-27T16:44:48.025665,4.0415,-0.135398,-0.164146,0.000000,-0.676992,-0.710842,-0.426505
2026-07-27T16:44:48.025707,4.0420,-0.133967,-0.164927,0.000000,-0.669835,-0.703327,-0.421996
2026-07-27T16:44:48.025749,4.0425,-0.139697,-0.161801,0.000000,-0.698486,-0.733411,-0.440046
2026-07-27T16:44:48.025792,4.0430,-0.138264,-0.162583,0.000000,-0.691318,-0.725884,-0.435530
2026-07-27T16:44:48.025834,4.0435,-0.136831,-0.163365,0.000000,-0.684153,-0.718361,-0.431017
2026-07-27T16:44:48.025993,4.0440,-0.135398,-0.164146,0.000000,-0.676992,-0.710842,-0.426505
2026-07-27T16:44:48.026038,4.0445,-0.133967,-0.164927,0.000000,-0.669835,-0.703327,-0.421996
2026-07-27T16:44:48.026082,4.0450,-0.139697,-0.161801,0.000000,-0.698486,-0.733411,-0.440046
2026-07-27T16:44:48.026125,4.0455,-0.138264,-0.162583,0.000000,-0.691318,-0.725884,-0.435530
2026-07-27T16:44:48.026169,4.0460,-0.136831,-0.163365,0.000000,-0.684153,-0.718361,-0.431017
2026-07-27T16:44:48.026211,4.0465,-0.135398,-0.164146,0.000000,-0.676992,-0.710842,-0.426505
2026-07-27T16:44:48.026255,4.0470,-0.133967,-0.164927,0.000000,-0.669835,-0.703327,-0.421996
2026-07-27T16:44:48.026311,4.0475,-0.139697,-0.161801,0.000000,-0.698486,-0.733411,-0.440046
2026-07-27T16:44:48.026356,4.0480,-0.138264,-0.162583,0.000000,-0.691318,-0.725884,-0.435530
2026-07-27T16:44:48.026398,4.0485,-0.136831,-0.163365,0.000000,-0.684153,-0.718361,-0.431017
2026-07-27T16:44:48.026441,4.0490,-0.135398,-0.164146,0.000000,-0.676992,-0.710842,-0.426505
2026-07-27T16:44:48.026483,4.0495,-0.133967,-0.164927,0.000000,-0.669835,-0.703327,-0.421996
2026-07-27T16:44:48.026527,4.0500,-0.139697,-0.161801,0.000000,-0.698486,-0.733411,-0.440046
2026-07-27T16:44:48.026569,4.0505,-0.138264,-0.162583,0.000000,-0.691318,-0.725884,-0.435530
2026-07-27T16:44:48.026613,4.0510,-0.136831,-0.163365,0.000000,-0.684153,-0.718361,-0.431017
2026-07-27T16:44:48.026658,4.0515,-0.135398,-0.164146,0.000000,-0.676992,-0.710842,-0.426505
2026-07-27T16:44:48.026702,4.0520,-0.133967,-0.164927,0.000000,-0.669835,-0.703327,-0.421996
2026-07-27T16:44:48.026746,4.0525,-0.139697,-0.161801,0.000000,-0.698486,-0.733411,-0.440046
2026-07-27T16:44:48.026792,4.0530,-0.138264,-0.162583,0.000000,-0.691318,-0.725884,-0.435530
2026-07-27T16:44:48.026835,4.0535,-0.136831,-0.163365,0.000000,-0.684153,-0.718361,-0.431017
2026-07-27T16:44:48.026878,4.0540,-0.135398,-0.164146,0.000000,-0.676992,-0.710842,-0.426505
2026-07-27T16:44:48.026924,4.0545,-0.133967,-0.164927,0.000000,-0.669835,-0.703327,-0.421996
2026-07-27T16:44:48.026971,4.0550,-0.139697,-0.161801,0.000000,-0.698486,-0.733411,-0.440046
2026-07-27T16:44:48.027015,4.0555,-0.138264,-0.162583,0.000000,-0.691318,-0.725884,-0.435530
2026-07-27T16:44:48.027059,4.0560,-0.136831,-0.163365,0.000000,-0.684153,-0.718361,-0.431017
2026-07-27T16:44:48.027101,4.0565,-0.135398,-0.164146,0.000000,-0.676992,-0.710842,-0.426505
2026-07-27T16:44:48.027146,4.0570,-0.133967,-0.164927,0.000000,-0.669835,-0.703327,-0.421996
2026-07-27T16:44:48.027191,4.0575,-0.139697,-0.161801,0.000000,-0.698486,-0.733411,-0.440046
2026-07-27T16:44:48.027234,4.0580,-0.138264,-0.162583,0.000000,-0.691318,-0.725884,-0.435530
2026-07-27T16:44:48.027287,4.0585,-0.136831,-0.163365,0.000000,-0.684153,-0.718361,-0.431017
2026-07-27T16:44:48.027335,4.0590,-0.135398,-0.164146,0.000000,-0.676992,-0.710842,-0.426505
2026-07-27T16:44:48.027383,4.0595,-0.133967,-0.164927,0.000000,-0.669835,-0.703327,-0.421996
2026-07-27T16:44:48.027432,4.0600,-0.139697,-0.161801,0.000000,-0.698486,-0.733411,-0.440046
2026-07-27T16:44:48.027505,4.0605,-0.138264,-0.162583,0.000000,-0.691318,-0.725884,-0.435530
2026-07-27T16:44:48.027561,4.0610,-0.136831,-0.163365,0.000000,-0.684153,-0.718361,-0.431017
2026-07-27T16:44:48.027610,4.0615,-0.135398,-0.164146,0.000000,-0.676992,-0.710842,-0.426505
2026-07-27T16:44:48.027659,4.0620,-0.133967,-0.164927,0.000000,-0.669835,-0.703327,-0.421996
2026-07-27T16:44:48.027712,4.0625,-0.139697,-0.161801,0.000000,-0.698486,-0.733411,-0.440046
2026-07-27T16:44:48.027762,4.0630,-0.138264,-0.162583,0.000000,-0.691318,-0.725884,-0.435530
2026-07-27T16:44:48.027814,4.0635,-0.136831,-0.163365,0.000000,-0.684153,-0.718361,-0.431017
2026-07-27T16:44:48.027864,4.0640,-0.135398,-0.164146,0.000000,-0.676992,-0.710842,-0.426505
2026-07-27T16:44:48.027914,4.0645,-0.133967,-0.164927,0.000000,-0.669835,-0.703327,-0.421996
2026-07-27T16:44:48.027964,4.0650,-0.139697,-0.161801,0.000000,-0.698486,-0.733411,-0.440046
2026-07-27T16:44:48.028013,4.0655,-0.138264,-0.162583,0.000000,-0.691318,-0.725884,-0.435530
2026-07-27T16:44:48.028065,4.0660,-0.136831,-0.163365,0.000000,-0.684153,-0.718361,-0.431017
2026-07-27T16:44:48.028121,4.0665,-0.135398,-0.164146,0.000000,-0.676992,-0.710842,-0.426505
2026-07-27T16:44:48.028164,4.0670,-0.133967,-0.164927,0.000000,-0.669835,-0.703327,-0.421996
2026-07-27T16:44:48.028210,4.0675,-0.139697,-0.161801,0.000000,-0.698486,-0.733411,-0.440046
2026-07-27T16:44:48.028254,4.0680,-0.138264,-0.162583,0.000000,-0.691318,-0.725884,-0.435530
2026-07-27T16:44:48.028306,4.0685,-0.136831,-0.163365,0.000000,-0.684153,-0.718361,-0.431017
2026-07-27T16:44:48.028354,4.0690,-0.135398,-0.164146,0.000000,-0.676992,-0.710842,-0.426505
2026-07-27T16:44:48.028399,4.0695,-0.133967,-0.164927,0.000000,-0.669835,-0.703327,-0.421996
2026-07-27T16:44:48.028446,4.0700,-0.139697,-0.161801,0.000000,-0.698486,-0.733411,-0.440046
2026-07-27T16:44:48.028492,4.0705,-0.138264,-0.162583,0.000000,-0.691318,-0.725884,-0.435530
2026-07-27T16:44:48.028536,4.0710,-0.136831,-0.163365,0.000000,-0.684153,-0.718361,-0.431017
2026-07-27T16:44:48.028582,4.0715,-0.135398,-0.164146,0.000000,-0.676992,-0.710842,-0.426505
2026-07-27T16:44:48.028626,4.0720,-0.133967,-0.164927,0.000000,-0.669835,-0.703327,-0.421996
2026-07-27T16:44:48.028671,4.0725,-0.139697,-0.161801,0.000000,-0.698486,-0.733411,-0.440046
2026-07-27T16:44:48.028717,4.0730,-0.138264,-0.162583,0.000000,-0.691318,-0.725884,-0.435530
2026-07-27T16:44:48.028763,4.0735,-0.136831,-0.163365,0.000000,-0.684153,-0.718361,-0.431017
2026-07-27T16:44:48.028808,4.0740,-0.135398,-0.164146,0.000000,-0.676992,-0.710842,-0.426505
2026-07-27T16:44:48.028856,4.0745,-0.133967,-0.164927,0.000000,-0.669835,-0.703327,-0.421996
2026-07-27T16:44:48.028905,4.0750,-0.139697,-0.161801,0.000000,-0.698486,-0.733411,-0.440046
2026-07-27T16:44:48.028951,4.0755,-0.138264,-0.162583,0.000000,-0.691318,-0.725884,-0.435530
2026-07-27T16:44:48.028998,4.0760,-0.136831,-0.163365,0.000000,-0.684153,-0.718361,-0.431017
2026-07-27T16:44:48.029045,4.0765,-0.135398,-0.164146,0.000000,-0.676992,-0.710842,-0.426505
2026-07-27T16:44:48.029089,4.0770,-0.133967,-0.164927,0.000000,-0.669835,-0.703327,-0.421996
2026-07-27T16:44:48.029136,4.0775,-0.139697,-0.161801,0.000000,-0.698486,-0.733411,-0.440046
2026-07-27T16:44:48.029178,4.0780,-0.138264,-0.162583,0.000000,-0.691318,-0.725884,-0.435530
2026-07-27T16:44:48.029221,4.0785,-0.136831,-0.163365,0.000000,-0.684153,-0.718361,-0.431017
2026-07-27T16:44:48.029271,4.0790,-0.135398,-0.164146,0.000000,-0.676992,-0.710842,-0.426505
2026-07-27T16:44:48.029317,4.0795,-0.133967,-0.164927,0.000000,-0.669835,-0.703327,-0.421996
2026-07-27T16:44:48.029359,4.0800,-0.139697,-0.161801,0.000000,-0.698486,-0.733411,-0.440046
2026-07-27T16:44:48.029401,4.0805,-0.138264,-0.162583,0.000000,-0.691318,-0.725884,-0.435530
2026-07-27T16:44:48.029444,4.0810,-0.136831,-0.163365,0.000000,-0.684153,-0.718361,-0.431017
2026-07-27T16:44:48.029487,4.0815,-0.135398,-0.164146,0.000000,-0.676992,-0.710842,-0.426505
2026-07-27T16:44:48.029532,4.0820,-0.133967,-0.164927,0.000000,-0.669835,-0.703327,-0.421996
2026-07-27T16:44:48.029574,4.0825,-0.139697,-0.161801,0.000000,-0.698486,-0.733411,-0.440046
2026-07-27T16:44:48.029617,4.0830,-0.138264,-0.162583,0.000000,-0.691318,-0.725884,-0.435530
2026-07-27T16:44:48.029658,4.0835,-0.136831,-0.163365,0.000000,-0.684153,-0.718361,-0.431017
2026-07-27T16:44:48.029706,4.0840,-0.135398,-0.164146,0.000000,-0.676992,-0.710842,-0.426505
2026-07-27T16:44:48.029753,4.0845,-0.133967,-0.164927,0.000000,-0.669835,-0.703327,-0.421996
2026-07-27T16:44:48.029794,4.0850,-0.139697,-0.161801,0.000000,-0.698486,-0.733411,-0.440046
2026-07-27T16:44:48.029835,4.0855,-0.138264,-0.162583,0.000000,-0.691318,-0.725884,-0.435530
2026-07-27T16:44:48.029876,4.0860,-0.136831,-0.163365,0.000000,-0.684153,-0.718361,-0.431017
2026-07-27T16:44:48.029917,4.0865,-0.135398,-0.164146,0.000000,-0.676992,-0.710842,-0.426505
2026-07-27T16:44:48.029959,4.0870,-0.133967,-0.164927,0.000000,-0.669835,-0.703327,-0.421996
2026-07-27T16:44:48.030034,4.0875,-0.139697,-0.161801,0.000000,-0.698486,-0.733411,-0.440046
2026-07-27T16:44:48.030102,4.0880,-0.138264,-0.162583,0.000000,-0.691318,-0.725884,-0.435530
2026-07-27T16:44:48.030159,4.0885,-0.136831,-0.163365,0.000000,-0.684153,-0.718361,-0.431017
2026-07-27T16:44:48.030206,4.0890,-0.135398,-0.164146,0.000000,-0.676992,-0.710842,-0.426505
2026-07-27T16:44:48.030255,4.0895,-0.133967,-0.164927,0.000000,-0.669835,-0.703327,-0.421996
2026-07-27T16:44:48.030306,4.0900,-0.139697,-0.161801,0.000000,-0.698486,-0.733411,-0.440046
2026-07-27T16:44:48.030354,4.0905,-0.138264,-0.162583,0.000000,-0.691318,-0.725884,-0.435530
2026-07-27T16:44:48.030406,4.0910,-0.136831,-0.163365,0.000000,-0.684153,-0.718361,-0.431017
2026-07-27T16:44:48.030454,4.0915,-0.135398,-0.164146,0.000000,-0.676992,-0.710842,-0.426505
2026-07-27T16:44:48.030502,4.0920,-0.133967,-0.164927,0.000000,-0.669835,-0.703327,-0.421996
2026-07-27T16:44:48.030550,4.0925,-0.139697,-0.161801,0.000000,-0.698486,-0.733411,-0.440046
2026-07-27T16:44:48.030599,4.0930,-0.138264,-0.162583,0.000000,-0.691318,-0.725884,-0.435530
2026-07-27T16:44:48.030643,4.0935,-0.136831,-0.163365,0.000000,-0.684153,-0.718361,-0.431017
2026-07-27T16:44:48.030687,4.0940,-0.135398,-0.164146,0.000000,-0.676992,-0.710842,-0.426505
2026-07-27T16:44:48.030731,4.0945,-0.133967,-0.164927,0.000000,-0.669835,-0.703327,-0.421996
2026-07-27T16:44:48.030778,4.0950,-0.139697,-0.161801,0.000000,-0.698486,-0.733411,-0.440046
2026-07-27T16:44:48.030823,4.0955,-0.138264,-0.162583,0.000000,-0.691318,-0.725884,-0.435530
2026-07-27T16:44:48.030870,4.0960,-0.136831,-0.163365,0.000000,-0.684153,-0.718361,-0.431017
2026-07-27T16:44:48.030916,4.0965,-0.135398,-0.164146,0.000000,-0.676992,-0.710842,-0.426505
2026-07-27T16:44:48.030962,4.0970,-0.133967,-0.164927,0.000000,-0.669835,-0.703327,-0.421996
2026-07-27T16:44:48.031015,4.0975,-0.139697,-0.161801,0.000000,-0.698486,-0.733411,-0.440046
2026-07-27T16:44:48.031069,4.0980,-0.138264,-0.162583,0.000000,-0.691318,-0.725884,-0.435530
2026-07-27T16:44:48.031120,4.0985,-0.136831,-0.163365,0.000000,-0.684153,-0.718361,-0.431017
2026-07-27T16:44:48.031169,4.0990,-0.135398,-0.164146,0.000000,-0.676992,-0.710842,-0.426505
2026-07-27T16:44:48.031221,4.0995,-0.133967,-0.164927,0.000000,-0.669835,-0.703327,-0.421996
2026-07-27T16:44:48.118307,4.1000,-0.132536,-0.165707,0.000000,-0.662681,-0.695815,-0.417489
2026-07-27T16:44:48.118424,4.1005,-0.131106,-0.166487,0.000000,-0.655531,-0.688308,-0.412985
2026-07-27T16:44:48.118489,4.1010,-0.129677,-0.167267,0.000000,-0.648385,-0.680804,-0.408483
2026-07-27T16:44:48.118548,4.1015,-0.128249,-0.168046,0.000000,-0.641243,-0.673305,-0.403983
2026-07-27T16:44:48.118603,4.1020,-0.126821,-0.168824,0.000000,-0.634104,-0.665809,-0.399486
2026-07-27T16:44:48.118658,4.1025,-0.132536,-0.165707,0.000000,-0.662681,-0.695815,-0.417489
2026-07-27T16:44:48.118713,4.1030,-0.131106,-0.166487,0.000000,-0.655531,-0.688308,-0.412985
2026-07-27T16:44:48.118768,4.1035,-0.129677,-0.167267,0.000000,-0.648385,-0.680804,-0.408483
2026-07-27T16:44:48.118822,4.1040,-0.128249,-0.168046,0.000000,-0.641243,-0.673305,-0.403983
2026-07-27T16:44:48.118877,4.1045,-0.126821,-0.168824,0.000000,-0.634104,-0.665809,-0.399486
2026-07-27T16:44:48.118930,4.1050,-0.132536,-0.165707,0.000000,-0.662681,-0.695815,-0.417489
2026-07-27T16:44:48.118984,4.1055,-0.131106,-0.166487,0.000000,-0.655531,-0.688308,-0.412985
2026-07-27T16:44:48.119038,4.1060,-0.129677,-0.167267,0.000000,-0.648385,-0.680804,-0.408483
2026-07-27T16:44:48.119093,4.1065,-0.128249,-0.168046,0.000000,-0.641243,-0.673305,-0.403983
2026-07-27T16:44:48.119147,4.1070,-0.126821,-0.168824,0.000000,-0.634104,-0.665809,-0.399486
2026-07-27T16:44:48.119200,4.1075,-0.132536,-0.165707,0.000000,-0.662681,-0.695815,-0.417489
2026-07-27T16:44:48.119253,4.1080,-0.131106,-0.166487,0.000000,-0.655531,-0.688308,-0.412985
2026-07-27T16:44:48.119338,4.1085,-0.129677,-0.167267,0.000000,-0.648385,-0.680804,-0.408483
2026-07-27T16:44:48.119393,4.1090,-0.128249,-0.168046,0.000000,-0.641243,-0.673305,-0.403983
2026-07-27T16:44:48.119447,4.1095,-0.126821,-0.168824,0.000000,-0.634104,-0.665809,-0.399486
2026-07-27T16:44:48.119501,4.1100,-0.132536,-0.165707,0.000000,-0.662681,-0.695815,-0.417489
2026-07-27T16:44:48.119556,4.1105,-0.131106,-0.166487,0.000000,-0.655531,-0.688308,-0.412985
2026-07-27T16:44:48.119610,4.1110,-0.129677,-0.167267,0.000000,-0.648385,-0.680804,-0.408483
2026-07-27T16:44:48.119664,4.1115,-0.128249,-0.168046,0.000000,-0.641243,-0.673305,-0.403983
2026-07-27T16:44:48.119717,4.1120,-0.126821,-0.168824,0.000000,-0.634104,-0.665809,-0.399486
2026-07-27T16:44:48.119781,4.1125,-0.132536,-0.165707,0.000000,-0.662681,-0.695815,-0.417489
2026-07-27T16:44:48.119836,4.1130,-0.131106,-0.166487,0.000000,-0.655531,-0.688308,-0.412985
2026-07-27T16:44:48.119890,4.1135,-0.129677,-0.167267,0.000000,-0.648385,-0.680804,-0.408483
2026-07-27T16:44:48.119945,4.1140,-0.128249,-0.168046,0.000000,-0.641243,-0.673305,-0.403983
2026-07-27T16:44:48.120000,4.1145,-0.126821,-0.168824,0.000000,-0.634104,-0.665809,-0.399486
2026-07-27T16:44:48.120053,4.1150,-0.132536,-0.165707,0.000000,-0.662681,-0.695815,-0.417489
2026-07-27T16:44:48.120109,4.1155,-0.131106,-0.166487,0.000000,-0.655531,-0.688308,-0.412985
2026-07-27T16:44:48.120161,4.1160,-0.129677,-0.167267,0.000000,-0.648385,-0.680804,-0.408483
2026-07-27T16:44:48.120216,4.1165,-0.128249,-0.168046,0.000000,-0.641243,-0.673305,-0.403983
2026-07-27T16:44:48.120297,4.1170,-0.126821,-0.168824,0.000000,-0.634104,-0.665809,-0.399486
2026-07-27T16:44:48.120356,4.1175,-0.132536,-0.165707,0.000000,-0.662681,-0.695815,-0.417489
2026-07-27T16:44:48.120410,4.1180,-0.131106,-0.166487,0.000000,-0.655531,-0.688308,-0.412985
2026-07-27T16:44:48.120463,4.1185,-0.129677,-0.167267,0.000000,-0.648385,-0.680804,-0.408483
2026-07-27T16:44:48.120515,4.1190,-0.128249,-0.168046,0.000000,-0.641243,-0.673305,-0.403983
2026-07-27T16:44:48.120567,4.1195,-0.126821,-0.168824,0.000000,-0.634104,-0.665809,-0.399486
2026-07-27T16:44:48.120621,4.1200,-0.132536,-0.165707,0.000000,-0.662681,-0.695815,-0.417489
2026-07-27T16:44:48.120675,4.1205,-0.131106,-0.166487,0.000000,-0.655531,-0.688308,-0.412985
2026-07-27T16:44:48.120727,4.1210,-0.129677,-0.167267,0.000000,-0.648385,-0.680804,-0.408483
2026-07-27T16:44:48.120780,4.1215,-0.128249,-0.168046,0.000000,-0.641243,-0.673305,-0.403983
2026-07-27T16:44:48.120835,4.1220,-0.126821,-0.168824,0.000000,-0.634104,-0.665809,-0.399486
2026-07-27T16:44:48.120889,4.1225,-0.132536,-0.165707,0.000000,-0.662681,-0.695815,-0.417489
2026-07-27T16:44:48.120936,4.1230,-0.131106,-0.166487,0.000000,-0.655531,-0.688308,-0.412985
2026-07-27T16:44:48.120984,4.1235,-0.129677,-0.167267,0.000000,-0.648385,-0.680804,-0.408483
2026-07-27T16:44:48.121031,4.1240,-0.128249,-0.168046,0.000000,-0.641243,-0.673305,-0.403983
2026-07-27T16:44:48.121078,4.1245,-0.126821,-0.168824,0.000000,-0.634104,-0.665809,-0.399486
2026-07-27T16:44:48.121142,4.1250,-0.132536,-0.165707,0.000000,-0.662681,-0.695815,-0.417489
2026-07-27T16:44:48.121220,4.1255,-0.131106,-0.166487,0.000000,-0.655531,-0.688308,-0.412985
2026-07-27T16:44:48.121311,4.1260,-0.129677,-0.167267,0.000000,-0.648385,-0.680804,-0.408483
2026-07-27T16:44:48.121622,4.1265,-0.128249,-0.168046,0.000000,-0.641243,-0.673305,-0.403983
2026-07-27T16:44:48.121763,4.1270,-0.126821,-0.168824,0.000000,-0.634104,-0.665809,-0.399486
2026-07-27T16:44:48.121880,4.1275,-0.132536,-0.165707,0.000000,-0.662681,-0.695815,-0.417489
2026-07-27T16:44:48.121992,4.1280,-0.131106,-0.166487,0.000000,-0.655531,-0.688308,-0.412985
2026-07-27T16:44:48.122098,4.1285,-0.129677,-0.167267,0.000000,-0.648385,-0.680804,-0.408483
2026-07-27T16:44:48.122201,4.1290,-0.128249,-0.168046,0.000000,-0.641243,-0.673305,-0.403983
2026-07-27T16:44:48.122470,4.1295,-0.126821,-0.168824,0.000000,-0.634104,-0.665809,-0.399486
2026-07-27T16:44:48.122657,4.1300,-0.132536,-0.165707,0.000000,-0.662681,-0.695815,-0.417489
2026-07-27T16:44:48.122725,4.1305,-0.131106,-0.166487,0.000000,-0.655531,-0.688308,-0.412985
2026-07-27T16:44:48.122779,4.1310,-0.129677,-0.167267,0.000000,-0.648385,-0.680804,-0.408483
2026-07-27T16:44:48.122830,4.1315,-0.128249,-0.168046,0.000000,-0.641243,-0.673305,-0.403983
2026-07-27T16:44:48.122881,4.1320,-0.126821,-0.168824,0.000000,-0.634104,-0.665809,-0.399486
2026-07-27T16:44:48.122931,4.1325,-0.132536,-0.165707,0.000000,-0.662681,-0.695815,-0.417489
2026-07-27T16:44:48.122980,4.1330,-0.131106,-0.166487,0.000000,-0.655531,-0.688308,-0.412985
2026-07-27T16:44:48.123028,4.1335,-0.129677,-0.167267,0.000000,-0.648385,-0.680804,-0.408483
2026-07-27T16:44:48.123077,4.1340,-0.128249,-0.168046,0.000000,-0.641243,-0.673305,-0.403983
2026-07-27T16:44:48.123124,4.1345,-0.126821,-0.168824,0.000000,-0.634104,-0.665809,-0.399486
2026-07-27T16:44:48.123171,4.1350,-0.132536,-0.165707,0.000000,-0.662681,-0.695815,-0.417489
2026-07-27T16:44:48.123219,4.1355,-0.131106,-0.166487,0.000000,-0.655531,-0.688308,-0.412985
2026-07-27T16:44:48.123288,4.1360,-0.129677,-0.167267,0.000000,-0.648385,-0.680804,-0.408483
2026-07-27T16:44:48.123336,4.1365,-0.128249,-0.168046,0.000000,-0.641243,-0.673305,-0.403983
2026-07-27T16:44:48.123385,4.1370,-0.126821,-0.168824,0.000000,-0.634104,-0.665809,-0.399486
2026-07-27T16:44:48.123433,4.1375,-0.132536,-0.165707,0.000000,-0.662681,-0.695815,-0.417489
2026-07-27T16:44:48.123482,4.1380,-0.131106,-0.166487,0.000000,-0.655531,-0.688308,-0.412985
2026-07-27T16:44:48.123535,4.1385,-0.129677,-0.167267,0.000000,-0.648385,-0.680804,-0.408483
2026-07-27T16:44:48.123584,4.1390,-0.128249,-0.168046,0.000000,-0.641243,-0.673305,-0.403983
2026-07-27T16:44:48.123631,4.1395,-0.126821,-0.168824,0.000000,-0.634104,-0.665809,-0.399486
2026-07-27T16:44:48.123678,4.1400,-0.132536,-0.165707,0.000000,-0.662681,-0.695815,-0.417489
2026-07-27T16:44:48.123727,4.1405,-0.131106,-0.166487,0.000000,-0.655531,-0.688308,-0.412985
2026-07-27T16:44:48.123774,4.1410,-0.129677,-0.167267,0.000000,-0.648385,-0.680804,-0.408483
2026-07-27T16:44:48.123822,4.1415,-0.128249,-0.168046,0.000000,-0.641243,-0.673305,-0.403983
2026-07-27T16:44:48.123870,4.1420,-0.126821,-0.168824,0.000000,-0.634104,-0.665809,-0.399486
2026-07-27T16:44:48.123919,4.1425,-0.132536,-0.165707,0.000000,-0.662681,-0.695815,-0.417489
2026-07-27T16:44:48.123966,4.1430,-0.131106,-0.166487,0.000000,-0.655531,-0.688308,-0.412985
2026-07-27T16:44:48.124013,4.1435,-0.129677,-0.167267,0.000000,-0.648385,-0.680804,-0.408483
2026-07-27T16:44:48.124172,4.1440,-0.128249,-0.168046,0.000000,-0.641243,-0.673305,-0.403983
2026-07-27T16:44:48.124221,4.1445,-0.126821,-0.168824,0.000000,-0.634104,-0.665809,-0.399486
2026-07-27T16:44:48.124284,4.1450,-0.132536,-0.165707,0.000000,-0.662681,-0.695815,-0.417489
2026-07-27T16:44:48.124334,4.1455,-0.131106,-0.166487,0.000000,-0.655531,-0.688308,-0.412985
2026-07-27T16:44:48.124382,4.1460,-0.129677,-0.167267,0.000000,-0.648385,-0.680804,-0.408483
2026-07-27T16:44:48.124431,4.1465,-0.128249,-0.168046,0.000000,-0.641243,-0.673305,-0.403983
2026-07-27T16:44:48.124479,4.1470,-0.126821,-0.168824,0.000000,-0.634104,-0.665809,-0.399486
2026-07-27T16:44:48.124526,4.1475,-0.132536,-0.165707,0.000000,-0.662681,-0.695815,-0.417489
2026-07-27T16:44:48.124573,4.1480,-0.131106,-0.166487,0.000000,-0.655531,-0.688308,-0.412985
2026-07-27T16:44:48.124620,4.1485,-0.129677,-0.167267,0.000000,-0.648385,-0.680804,-0.408483
2026-07-27T16:44:48.124668,4.1490,-0.128249,-0.168046,0.000000,-0.641243,-0.673305,-0.403983
2026-07-27T16:44:48.124717,4.1495,-0.126821,-0.168824,0.000000,-0.634104,-0.665809,-0.399486
2026-07-27T16:44:48.124763,4.1500,-0.132536,-0.165707,0.000000,-0.662681,-0.695815,-0.417489
2026-07-27T16:44:48.124810,4.1505,-0.131106,-0.166487,0.000000,-0.655531,-0.688308,-0.412985
2026-07-27T16:44:48.124857,4.1510,-0.129677,-0.167267,0.000000,-0.648385,-0.680804,-0.408483
2026-07-27T16:44:48.124904,4.1515,-0.128249,-0.168046,0.000000,-0.641243,-0.673305,-0.403983
2026-07-27T16:44:48.124952,4.1520,-0.126821,-0.168824,0.000000,-0.634104,-0.665809,-0.399486
2026-07-27T16:44:48.124998,4.1525,-0.132536,-0.165707,0.000000,-0.662681,-0.695815,-0.417489
2026-07-27T16:44:48.125045,4.1530,-0.131106,-0.166487,0.000000,-0.655531,-0.688308,-0.412985
2026-07-27T16:44:48.125087,4.1535,-0.129677,-0.167267,0.000000,-0.648385,-0.680804,-0.408483
2026-07-27T16:44:48.125130,4.1540,-0.128249,-0.168046,0.000000,-0.641243,-0.673305,-0.403983
2026-07-27T16:44:48.125172,4.1545,-0.126821,-0.168824,0.000000,-0.634104,-0.665809,-0.399486
2026-07-27T16:44:48.125215,4.1550,-0.132536,-0.165707,0.000000,-0.662681,-0.695815,-0.417489
2026-07-27T16:44:48.125256,4.1555,-0.131106,-0.166487,0.000000,-0.655531,-0.688308,-0.412985
2026-07-27T16:44:48.125317,4.1560,-0.129677,-0.167267,0.000000,-0.648385,-0.680804,-0.408483
2026-07-27T16:44:48.125361,4.1565,-0.128249,-0.168046,0.000000,-0.641243,-0.673305,-0.403983
2026-07-27T16:44:48.125405,4.1570,-0.126821,-0.168824,0.000000,-0.634104,-0.665809,-0.399486
2026-07-27T16:44:48.125448,4.1575,-0.132536,-0.165707,0.000000,-0.662681,-0.695815,-0.417489
2026-07-27T16:44:48.125491,4.1580,-0.131106,-0.166487,0.000000,-0.655531,-0.688308,-0.412985
2026-07-27T16:44:48.125533,4.1585,-0.129677,-0.167267,0.000000,-0.648385,-0.680804,-0.408483
2026-07-27T16:44:48.125577,4.1590,-0.128249,-0.168046,0.000000,-0.641243,-0.673305,-0.403983
2026-07-27T16:44:48.125620,4.1595,-0.126821,-0.168824,0.000000,-0.634104,-0.665809,-0.399486
2026-07-27T16:44:48.125664,4.1600,-0.132536,-0.165707,0.000000,-0.662681,-0.695815,-0.417489
2026-07-27T16:44:48.125710,4.1605,-0.131106,-0.166487,0.000000,-0.655531,-0.688308,-0.412985
2026-07-27T16:44:48.125754,4.1610,-0.129677,-0.167267,0.000000,-0.648385,-0.680804,-0.408483
2026-07-27T16:44:48.125796,4.1615,-0.128249,-0.168046,0.000000,-0.641243,-0.673305,-0.403983
2026-07-27T16:44:48.125839,4.1620,-0.126821,-0.168824,0.000000,-0.634104,-0.665809,-0.399486
2026-07-27T16:44:48.125883,4.1625,-0.132536,-0.165707,0.000000,-0.662681,-0.695815,-0.417489
2026-07-27T16:44:48.125924,4.1630,-0.131106,-0.166487,0.000000,-0.655531,-0.688308,-0.412985
2026-07-27T16:44:48.125964,4.1635,-0.129677,-0.167267,0.000000,-0.648385,-0.680804,-0.408483
2026-07-27T16:44:48.126004,4.1640,-0.128249,-0.168046,0.000000,-0.641243,-0.673305,-0.403983
2026-07-27T16:44:48.126043,4.1645,-0.126821,-0.168824,0.000000,-0.634104,-0.665809,-0.399486
2026-07-27T16:44:48.126084,4.1650,-0.132536,-0.165707,0.000000,-0.662681,-0.695815,-0.417489
2026-07-27T16:44:48.126122,4.1655,-0.131106,-0.166487,0.000000,-0.655531,-0.688308,-0.412985
2026-07-27T16:44:48.126160,4.1660,-0.129677,-0.167267,0.000000,-0.648385,-0.680804,-0.408483
2026-07-27T16:44:48.126199,4.1665,-0.128249,-0.168046,0.000000,-0.641243,-0.673305,-0.403983
2026-07-27T16:44:48.126238,4.1670,-0.126821,-0.168824,0.000000,-0.634104,-0.665809,-0.399486
2026-07-27T16:44:48.126296,4.1675,-0.132536,-0.165707,0.000000,-0.662681,-0.695815,-0.417489
2026-07-27T16:44:48.126337,4.1680,-0.131106,-0.166487,0.000000,-0.655531,-0.688308,-0.412985
2026-07-27T16:44:48.126376,4.1685,-0.129677,-0.167267,0.000000,-0.648385,-0.680804,-0.408483
2026-07-27T16:44:48.126414,4.1690,-0.128249,-0.168046,0.000000,-0.641243,-0.673305,-0.403983
2026-07-27T16:44:48.126454,4.1695,-0.126821,-0.168824,0.000000,-0.634104,-0.665809,-0.399486
2026-07-27T16:44:48.126493,4.1700,-0.132536,-0.165707,0.000000,-0.662681,-0.695815,-0.417489
2026-07-27T16:44:48.126531,4.1705,-0.131106,-0.166487,0.000000,-0.655531,-0.688308,-0.412985
2026-07-27T16:44:48.126570,4.1710,-0.129677,-0.167267,0.000000,-0.648385,-0.680804,-0.408483
2026-07-27T16:44:48.126608,4.1715,-0.128249,-0.168046,0.000000,-0.641243,-0.673305,-0.403983
2026-07-27T16:44:48.126648,4.1720,-0.126821,-0.168824,0.000000,-0.634104,-0.665809,-0.399486
2026-07-27T16:44:48.126687,4.1725,-0.132536,-0.165707,0.000000,-0.662681,-0.695815,-0.417489
2026-07-27T16:44:48.126727,4.1730,-0.131106,-0.166487,0.000000,-0.655531,-0.688308,-0.412985
2026-07-27T16:44:48.126766,4.1735,-0.129677,-0.167267,0.000000,-0.648385,-0.680804,-0.408483
2026-07-27T16:44:48.126804,4.1740,-0.128249,-0.168046,0.000000,-0.641243,-0.673305,-0.403983
2026-07-27T16:44:48.126842,4.1745,-0.126821,-0.168824,0.000000,-0.634104,-0.665809,-0.399486
2026-07-27T16:44:48.126880,4.1750,-0.132536,-0.165707,0.000000,-0.662681,-0.695815,-0.417489
2026-07-27T16:44:48.126919,4.1755,-0.131106,-0.166487,0.000000,-0.655531,-0.688308,-0.412985
2026-07-27T16:44:48.126958,4.1760,-0.129677,-0.167267,0.000000,-0.648385,-0.680804,-0.408483
2026-07-27T16:44:48.126995,4.1765,-0.128249,-0.168046,0.000000,-0.641243,-0.673305,-0.403983
2026-07-27T16:44:48.127034,4.1770,-0.126821,-0.168824,0.000000,-0.634104,-0.665809,-0.399486
2026-07-27T16:44:48.127072,4.1775,-0.132536,-0.165707,0.000000,-0.662681,-0.695815,-0.417489
2026-07-27T16:44:48.127112,4.1780,-0.131106,-0.166487,0.000000,-0.655531,-0.688308,-0.412985
2026-07-27T16:44:48.127150,4.1785,-0.129677,-0.167267,0.000000,-0.648385,-0.680804,-0.408483
2026-07-27T16:44:48.127189,4.1790,-0.128249,-0.168046,0.000000,-0.641243,-0.673305,-0.403983
2026-07-27T16:44:48.127228,4.1795,-0.126821,-0.168824,0.000000,-0.634104,-0.665809,-0.399486
2026-07-27T16:44:48.127284,4.1800,-0.132536,-0.165707,0.000000,-0.662681,-0.695815,-0.417489
2026-07-27T16:44:48.127341,4.1805,-0.131106,-0.166487,0.000000,-0.655531,-0.688308,-0.412985
2026-07-27T16:44:48.127381,4.1810,-0.129677,-0.167267,0.000000,-0.648385,-0.680804,-0.408483
2026-07-27T16:44:48.127420,4.1815,-0.128249,-0.168046,0.000000,-0.641243,-0.673305,-0.403983
2026-07-27T16:44:48.127461,4.1820,-0.126821,-0.168824,0.000000,-0.634104,-0.665809,-0.399486
2026-07-27T16:44:48.127500,4.1825,-0.132536,-0.165707,0.000000,-0.662681,-0.695815,-0.417489
2026-07-27T16:44:48.127540,4.1830,-0.131106,-0.166487,0.000000,-0.655531,-0.688308,-0.412985
2026-07-27T16:44:48.127585,4.1835,-0.129677,-0.167267,0.000000,-0.648385,-0.680804,-0.408483
2026-07-27T16:44:48.127625,4.1840,-0.128249,-0.168046,0.000000,-0.641243,-0.673305,-0.403983
2026-07-27T16:44:48.127663,4.1845,-0.126821,-0.168824,0.000000,-0.634104,-0.665809,-0.399486
2026-07-27T16:44:48.127703,4.1850,-0.132536,-0.165707,0.000000,-0.662681,-0.695815,-0.417489
2026-07-27T16:44:48.127744,4.1855,-0.131106,-0.166487,0.000000,-0.655531,-0.688308,-0.412985
2026-07-27T16:44:48.127784,4.1860,-0.129677,-0.167267,0.000000,-0.648385,-0.680804,-0.408483
2026-07-27T16:44:48.127823,4.1865,-0.128249,-0.168046,0.000000,-0.641243,-0.673305,-0.403983
2026-07-27T16:44:48.127862,4.1870,-0.126821,-0.168824,0.000000,-0.634104,-0.665809,-0.399486
2026-07-27T16:44:48.127931,4.1875,-0.132536,-0.165707,0.000000,-0.662681,-0.695815,-0.417489
2026-07-27T16:44:48.127972,4.1880,-0.131106,-0.166487,0.000000,-0.655531,-0.688308,-0.412985
2026-07-27T16:44:48.128009,4.1885,-0.129677,-0.167267,0.000000,-0.648385,-0.680804,-0.408483
2026-07-27T16:44:48.128046,4.1890,-0.128249,-0.168046,0.000000,-0.641243,-0.673305,-0.403983
2026-07-27T16:44:48.128081,4.1895,-0.126821,-0.168824,0.000000,-0.634104,-0.665809,-0.399486
2026-07-27T16:44:48.128118,4.1900,-0.132536,-0.165707,0.000000,-0.662681,-0.695815,-0.417489
2026-07-27T16:44:48.128153,4.1905,-0.131106,-0.166487,0.000000,-0.655531,-0.688308,-0.412985
2026-07-27T16:44:48.128189,4.1910,-0.129677,-0.167267,0.000000,-0.648385,-0.680804,-0.408483
2026-07-27T16:44:48.128226,4.1915,-0.128249,-0.168046,0.000000,-0.641243,-0.673305,-0.403983
2026-07-27T16:44:48.128273,4.1920,-0.126821,-0.168824,0.000000,-0.634104,-0.665809,-0.399486
2026-07-27T16:44:48.128323,4.1925,-0.132536,-0.165707,0.000000,-0.662681,-0.695815,-0.417489
2026-07-27T16:44:48.128360,4.1930,-0.131106,-0.166487,0.000000,-0.655531,-0.688308,-0.412985
2026-07-27T16:44:48.128396,4.1935,-0.129677,-0.167267,0.000000,-0.648385,-0.680804,-0.408483
2026-07-27T16:44:48.128432,4.1940,-0.128249,-0.168046,0.000000,-0.641243,-0.673305,-0.403983
2026-07-27T16:44:48.128470,4.1945,-0.126821,-0.168824,0.000000,-0.634104,-0.665809,-0.399486
2026-07-27T16:44:48.128506,4.1950,-0.132536,-0.165707,0.000000,-0.662681,-0.695815,-0.417489
2026-07-27T16:44:48.128550,4.1955,-0.131106,-0.166487,0.000000,-0.655531,-0.688308,-0.412985
2026-07-27T16:44:48.128586,4.1960,-0.129677,-0.167267,0.000000,-0.648385,-0.680804,-0.408483
2026-07-27T16:44:48.128622,4.1965,-0.128249,-0.168046,0.000000,-0.641243,-0.673305,-0.403983
2026-07-27T16:44:48.128659,4.1970,-0.126821,-0.168824,0.000000,-0.634104,-0.665809,-0.399486
2026-07-27T16:44:48.128696,4.1975,-0.132536,-0.165707,0.000000,-0.662681,-0.695815,-0.417489
2026-07-27T16:44:48.128732,4.1980,-0.131106,-0.166487,0.000000,-0.655531,-0.688308,-0.412985
2026-07-27T16:44:48.128769,4.1985,-0.129677,-0.167267,0.000000,-0.648385,-0.680804,-0.408483
2026-07-27T16:44:48.128806,4.1990,-0.128249,-0.168046,0.000000,-0.641243,-0.673305,-0.403983
2026-07-27T16:44:48.128865,4.1995,-0.126821,-0.168824,0.000000,-0.634104,-0.665809,-0.399486
2026-07-27T16:44:48.218470,4.2000,-0.125394,-0.169603,0.000000,-0.626970,-0.658318,-0.394991
2026-07-27T16:44:48.218603,4.2005,-0.123968,-0.170381,0.000000,-0.619839,-0.650831,-0.390498
2026-07-27T16:44:48.218679,4.2010,-0.122542,-0.171158,0.000000,-0.612712,-0.643347,-0.386008
2026-07-27T16:44:48.218745,4.2015,-0.121118,-0.171935,0.000000,-0.605588,-0.635868,-0.381521
2026-07-27T16:44:48.218808,4.2020,-0.119694,-0.172712,0.000000,-0.598469,-0.628393,-0.377036
2026-07-27T16:44:48.218870,4.2025,-0.125394,-0.169603,0.000000,-0.626970,-0.658318,-0.394991
2026-07-27T16:44:48.218933,4.2030,-0.123968,-0.170381,0.000000,-0.619839,-0.650831,-0.390498
2026-07-27T16:44:48.218995,4.2035,-0.122542,-0.171158,0.000000,-0.612712,-0.643347,-0.386008
2026-07-27T16:44:48.219057,4.2040,-0.121118,-0.171935,0.000000,-0.605588,-0.635868,-0.381521
2026-07-27T16:44:48.219110,4.2045,-0.119694,-0.172712,0.000000,-0.598469,-0.628393,-0.377036
2026-07-27T16:44:48.219163,4.2050,-0.125394,-0.169603,0.000000,-0.626970,-0.658318,-0.394991
2026-07-27T16:44:48.219217,4.2055,-0.123968,-0.170381,0.000000,-0.619839,-0.650831,-0.390498
2026-07-27T16:44:48.219299,4.2060,-0.122542,-0.171158,0.000000,-0.612712,-0.643347,-0.386008
2026-07-27T16:44:48.219360,4.2065,-0.121118,-0.171935,0.000000,-0.605588,-0.635868,-0.381521
2026-07-27T16:44:48.219415,4.2070,-0.119694,-0.172712,0.000000,-0.598469,-0.628393,-0.377036
2026-07-27T16:44:48.219469,4.2075,-0.125394,-0.169603,0.000000,-0.626970,-0.658318,-0.394991
2026-07-27T16:44:48.219523,4.2080,-0.123968,-0.170381,0.000000,-0.619839,-0.650831,-0.390498
2026-07-27T16:44:48.219577,4.2085,-0.122542,-0.171158,0.000000,-0.612712,-0.643347,-0.386008
2026-07-27T16:44:48.219631,4.2090,-0.121118,-0.171935,0.000000,-0.605588,-0.635868,-0.381521
2026-07-27T16:44:48.219683,4.2095,-0.119694,-0.172712,0.000000,-0.598469,-0.628393,-0.377036
2026-07-27T16:44:48.219736,4.2100,-0.125394,-0.169603,0.000000,-0.626970,-0.658318,-0.394991
2026-07-27T16:44:48.219790,4.2105,-0.123968,-0.170381,0.000000,-0.619839,-0.650831,-0.390498
2026-07-27T16:44:48.219842,4.2110,-0.122542,-0.171158,0.000000,-0.612712,-0.643347,-0.386008
2026-07-27T16:44:48.219895,4.2115,-0.121118,-0.171935,0.000000,-0.605588,-0.635868,-0.381521
2026-07-27T16:44:48.219950,4.2120,-0.119694,-0.172712,0.000000,-0.598469,-0.628393,-0.377036
2026-07-27T16:44:48.220012,4.2125,-0.125394,-0.169603,0.000000,-0.626970,-0.658318,-0.394991
2026-07-27T16:44:48.220074,4.2130,-0.123968,-0.170381,0.000000,-0.619839,-0.650831,-0.390498
2026-07-27T16:44:48.220137,4.2135,-0.122542,-0.171158,0.000000,-0.612712,-0.643347,-0.386008
2026-07-27T16:44:48.220199,4.2140,-0.121118,-0.171935,0.000000,-0.605588,-0.635868,-0.381521
2026-07-27T16:44:48.220261,4.2145,-0.119694,-0.172712,0.000000,-0.598469,-0.628393,-0.377036
2026-07-27T16:44:48.220364,4.2150,-0.125394,-0.169603,0.000000,-0.626970,-0.658318,-0.394991
2026-07-27T16:44:48.220427,4.2155,-0.123968,-0.170381,0.000000,-0.619839,-0.650831,-0.390498
2026-07-27T16:44:48.220488,4.2160,-0.122542,-0.171158,0.000000,-0.612712,-0.643347,-0.386008
2026-07-27T16:44:48.220552,4.2165,-0.121118,-0.171935,0.000000,-0.605588,-0.635868,-0.381521
2026-07-27T16:44:48.220612,4.2170,-0.119694,-0.172712,0.000000,-0.598469,-0.628393,-0.377036
2026-07-27T16:44:48.220673,4.2175,-0.125394,-0.169603,0.000000,-0.626970,-0.658318,-0.394991
2026-07-27T16:44:48.220734,4.2180,-0.123968,-0.170381,0.000000,-0.619839,-0.650831,-0.390498
2026-07-27T16:44:48.220793,4.2185,-0.122542,-0.171158,0.000000,-0.612712,-0.643347,-0.386008
2026-07-27T16:44:48.220855,4.2190,-0.121118,-0.171935,0.000000,-0.605588,-0.635868,-0.381521
2026-07-27T16:44:48.220913,4.2195,-0.119694,-0.172712,0.000000,-0.598469,-0.628393,-0.377036
2026-07-27T16:44:48.220966,4.2200,-0.125394,-0.169603,0.000000,-0.626970,-0.658318,-0.394991
2026-07-27T16:44:48.221020,4.2205,-0.123968,-0.170381,0.000000,-0.619839,-0.650831,-0.390498
2026-07-27T16:44:48.221073,4.2210,-0.122542,-0.171158,0.000000,-0.612712,-0.643347,-0.386008
2026-07-27T16:44:48.221128,4.2215,-0.121118,-0.171935,0.000000,-0.605588,-0.635868,-0.381521
2026-07-27T16:44:48.221182,4.2220,-0.119694,-0.172712,0.000000,-0.598469,-0.628393,-0.377036
2026-07-27T16:44:48.221237,4.2225,-0.125394,-0.169603,0.000000,-0.626970,-0.658318,-0.394991
2026-07-27T16:44:48.221326,4.2230,-0.123968,-0.170381,0.000000,-0.619839,-0.650831,-0.390498
2026-07-27T16:44:48.221685,4.2235,-0.122542,-0.171158,0.000000,-0.612712,-0.643347,-0.386008
2026-07-27T16:44:48.221856,4.2240,-0.121118,-0.171935,0.000000,-0.605588,-0.635868,-0.381521
2026-07-27T16:44:48.222007,4.2245,-0.119694,-0.172712,0.000000,-0.598469,-0.628393,-0.377036
2026-07-27T16:44:48.222150,4.2250,-0.125394,-0.169603,0.000000,-0.626970,-0.658318,-0.394991
2026-07-27T16:44:48.222303,4.2255,-0.123968,-0.170381,0.000000,-0.619839,-0.650831,-0.390498
2026-07-27T16:44:48.222437,4.2260,-0.122542,-0.171158,0.000000,-0.612712,-0.643347,-0.386008
2026-07-27T16:44:48.222568,4.2265,-0.121118,-0.171935,0.000000,-0.605588,-0.635868,-0.381521
2026-07-27T16:44:48.222694,4.2270,-0.119694,-0.172712,0.000000,-0.598469,-0.628393,-0.377036
2026-07-27T16:44:48.222821,4.2275,-0.125394,-0.169603,0.000000,-0.626970,-0.658318,-0.394991
2026-07-27T16:44:48.222944,4.2280,-0.123968,-0.170381,0.000000,-0.619839,-0.650831,-0.390498
2026-07-27T16:44:48.223067,4.2285,-0.122542,-0.171158,0.000000,-0.612712,-0.643347,-0.386008
2026-07-27T16:44:48.223188,4.2290,-0.121118,-0.171935,0.000000,-0.605588,-0.635868,-0.381521
2026-07-27T16:44:48.223324,4.2295,-0.119694,-0.172712,0.000000,-0.598469,-0.628393,-0.377036
2026-07-27T16:44:48.223452,4.2300,-0.125394,-0.169603,0.000000,-0.626970,-0.658318,-0.394991
2026-07-27T16:44:48.223574,4.2305,-0.123968,-0.170381,0.000000,-0.619839,-0.650831,-0.390498
2026-07-27T16:44:48.223693,4.2310,-0.122542,-0.171158,0.000000,-0.612712,-0.643347,-0.386008
2026-07-27T16:44:48.223812,4.2315,-0.121118,-0.171935,0.000000,-0.605588,-0.635868,-0.381521
2026-07-27T16:44:48.223932,4.2320,-0.119694,-0.172712,0.000000,-0.598469,-0.628393,-0.377036
2026-07-27T16:44:48.224084,4.2325,-0.125394,-0.169603,0.000000,-0.626970,-0.658318,-0.394991
2026-07-27T16:44:48.224207,4.2330,-0.123968,-0.170381,0.000000,-0.619839,-0.650831,-0.390498
2026-07-27T16:44:48.224338,4.2335,-0.122542,-0.171158,0.000000,-0.612712,-0.643347,-0.386008
2026-07-27T16:44:48.224451,4.2340,-0.121118,-0.171935,0.000000,-0.605588,-0.635868,-0.381521
2026-07-27T16:44:48.224568,4.2345,-0.119694,-0.172712,0.000000,-0.598469,-0.628393,-0.377036
2026-07-27T16:44:48.224676,4.2350,-0.125394,-0.169603,0.000000,-0.626970,-0.658318,-0.394991
2026-07-27T16:44:48.224780,4.2355,-0.123968,-0.170381,0.000000,-0.619839,-0.650831,-0.390498
2026-07-27T16:44:48.224884,4.2360,-0.122542,-0.171158,0.000000,-0.612712,-0.643347,-0.386008
2026-07-27T16:44:48.224991,4.2365,-0.121118,-0.171935,0.000000,-0.605588,-0.635868,-0.381521
2026-07-27T16:44:48.225095,4.2370,-0.119694,-0.172712,0.000000,-0.598469,-0.628393,-0.377036
2026-07-27T16:44:48.225199,4.2375,-0.125394,-0.169603,0.000000,-0.626970,-0.658318,-0.394991
2026-07-27T16:44:48.225318,4.2380,-0.123968,-0.170381,0.000000,-0.619839,-0.650831,-0.390498
2026-07-27T16:44:48.225428,4.2385,-0.122542,-0.171158,0.000000,-0.612712,-0.643347,-0.386008
2026-07-27T16:44:48.225533,4.2390,-0.121118,-0.171935,0.000000,-0.605588,-0.635868,-0.381521
2026-07-27T16:44:48.225636,4.2395,-0.119694,-0.172712,0.000000,-0.598469,-0.628393,-0.377036
2026-07-27T16:44:48.225738,4.2400,-0.125394,-0.169603,0.000000,-0.626970,-0.658318,-0.394991
2026-07-27T16:44:48.225842,4.2405,-0.123968,-0.170381,0.000000,-0.619839,-0.650831,-0.390498
2026-07-27T16:44:48.225946,4.2410,-0.122542,-0.171158,0.000000,-0.612712,-0.643347,-0.386008
2026-07-27T16:44:48.226049,4.2415,-0.121118,-0.171935,0.000000,-0.605588,-0.635868,-0.381521
2026-07-27T16:44:48.226153,4.2420,-0.119694,-0.172712,0.000000,-0.598469,-0.628393,-0.377036
2026-07-27T16:44:48.226258,4.2425,-0.125394,-0.169603,0.000000,-0.626970,-0.658318,-0.394991
2026-07-27T16:44:48.226379,4.2430,-0.123968,-0.170381,0.000000,-0.619839,-0.650831,-0.390498
2026-07-27T16:44:48.226489,4.2435,-0.122542,-0.171158,0.000000,-0.612712,-0.643347,-0.386008
2026-07-27T16:44:48.226736,4.2440,-0.121118,-0.171935,0.000000,-0.605588,-0.635868,-0.381521
2026-07-27T16:44:48.226862,4.2445,-0.119694,-0.172712,0.000000,-0.598469,-0.628393,-0.377036
2026-07-27T16:44:48.226977,4.2450,-0.125394,-0.169603,0.000000,-0.626970,-0.658318,-0.394991
2026-07-27T16:44:48.227091,4.2455,-0.123968,-0.170381,0.000000,-0.619839,-0.650831,-0.390498
2026-07-27T16:44:48.227198,4.2460,-0.122542,-0.171158,0.000000,-0.612712,-0.643347,-0.386008
2026-07-27T16:44:48.227328,4.2465,-0.121118,-0.171935,0.000000,-0.605588,-0.635868,-0.381521
2026-07-27T16:44:48.227444,4.2470,-0.119694,-0.172712,0.000000,-0.598469,-0.628393,-0.377036
2026-07-27T16:44:48.227557,4.2475,-0.125394,-0.169603,0.000000,-0.626970,-0.658318,-0.394991
2026-07-27T16:44:48.227667,4.2480,-0.123968,-0.170381,0.000000,-0.619839,-0.650831,-0.390498
2026-07-27T16:44:48.227774,4.2485,-0.122542,-0.171158,0.000000,-0.612712,-0.643347,-0.386008
2026-07-27T16:44:48.227882,4.2490,-0.121118,-0.171935,0.000000,-0.605588,-0.635868,-0.381521
2026-07-27T16:44:48.227996,4.2495,-0.119694,-0.172712,0.000000,-0.598469,-0.628393,-0.377036
2026-07-27T16:44:48.228106,4.2500,-0.125394,-0.169603,0.000000,-0.626970,-0.658318,-0.394991
2026-07-27T16:44:48.228223,4.2505,-0.123968,-0.170381,0.000000,-0.619839,-0.650831,-0.390498
2026-07-27T16:44:48.228371,4.2510,-0.122542,-0.171158,0.000000,-0.612712,-0.643347,-0.386008
2026-07-27T16:44:48.228496,4.2515,-0.121118,-0.171935,0.000000,-0.605588,-0.635868,-0.381521
2026-07-27T16:44:48.228619,4.2520,-0.119694,-0.172712,0.000000,-0.598469,-0.628393,-0.377036
2026-07-27T16:44:48.228742,4.2525,-0.125394,-0.169603,0.000000,-0.626970,-0.658318,-0.394991
2026-07-27T16:44:48.228866,4.2530,-0.123968,-0.170381,0.000000,-0.619839,-0.650831,-0.390498
2026-07-27T16:44:48.228988,4.2535,-0.122542,-0.171158,0.000000,-0.612712,-0.643347,-0.386008
2026-07-27T16:44:48.229097,4.2540,-0.121118,-0.171935,0.000000,-0.605588,-0.635868,-0.381521
2026-07-27T16:44:48.229202,4.2545,-0.119694,-0.172712,0.000000,-0.598469,-0.628393,-0.377036
2026-07-27T16:44:48.229321,4.2550,-0.125394,-0.169603,0.000000,-0.626970,-0.658318,-0.394991
2026-07-27T16:44:48.229428,4.2555,-0.123968,-0.170381,0.000000,-0.619839,-0.650831,-0.390498
2026-07-27T16:44:48.229531,4.2560,-0.122542,-0.171158,0.000000,-0.612712,-0.643347,-0.386008
2026-07-27T16:44:48.229636,4.2565,-0.121118,-0.171935,0.000000,-0.605588,-0.635868,-0.381521
2026-07-27T16:44:48.229739,4.2570,-0.119694,-0.172712,0.000000,-0.598469,-0.628393,-0.377036
2026-07-27T16:44:48.230109,4.2575,-0.125394,-0.169603,0.000000,-0.626970,-0.658318,-0.394991
2026-07-27T16:44:48.230230,4.2580,-0.123968,-0.170381,0.000000,-0.619839,-0.650831,-0.390498
2026-07-27T16:44:48.230351,4.2585,-0.122542,-0.171158,0.000000,-0.612712,-0.643347,-0.386008
2026-07-27T16:44:48.230455,4.2590,-0.121118,-0.171935,0.000000,-0.605588,-0.635868,-0.381521
2026-07-27T16:44:48.230558,4.2595,-0.119694,-0.172712,0.000000,-0.598469,-0.628393,-0.377036
2026-07-27T16:44:48.230662,4.2600,-0.125394,-0.169603,0.000000,-0.626970,-0.658318,-0.394991
2026-07-27T16:44:48.230766,4.2605,-0.123968,-0.170381,0.000000,-0.619839,-0.650831,-0.390498
2026-07-27T16:44:48.230870,4.2610,-0.122542,-0.171158,0.000000,-0.612712,-0.643347,-0.386008
2026-07-27T16:44:48.230973,4.2615,-0.121118,-0.171935,0.000000,-0.605588,-0.635868,-0.381521
2026-07-27T16:44:48.231078,4.2620,-0.119694,-0.172712,0.000000,-0.598469,-0.628393,-0.377036
2026-07-27T16:44:48.231180,4.2625,-0.125394,-0.169603,0.000000,-0.626970,-0.658318,-0.394991
2026-07-27T16:44:48.231294,4.2630,-0.123968,-0.170381,0.000000,-0.619839,-0.650831,-0.390498
2026-07-27T16:44:48.231401,4.2635,-0.122542,-0.171158,0.000000,-0.612712,-0.643347,-0.386008
2026-07-27T16:44:48.231508,4.2640,-0.121118,-0.171935,0.000000,-0.605588,-0.635868,-0.381521
2026-07-27T16:44:48.231615,4.2645,-0.119694,-0.172712,0.000000,-0.598469,-0.628393,-0.377036
2026-07-27T16:44:48.231719,4.2650,-0.125394,-0.169603,0.000000,-0.626970,-0.658318,-0.394991
2026-07-27T16:44:48.231823,4.2655,-0.123968,-0.170381,0.000000,-0.619839,-0.650831,-0.390498
2026-07-27T16:44:48.231930,4.2660,-0.122542,-0.171158,0.000000,-0.612712,-0.643347,-0.386008
2026-07-27T16:44:48.232037,4.2665,-0.121118,-0.171935,0.000000,-0.605588,-0.635868,-0.381521
2026-07-27T16:44:48.232145,4.2670,-0.119694,-0.172712,0.000000,-0.598469,-0.628393,-0.377036
2026-07-27T16:44:48.232254,4.2675,-0.125394,-0.169603,0.000000,-0.626970,-0.658318,-0.394991
2026-07-27T16:44:48.232366,4.2680,-0.123968,-0.170381,0.000000,-0.619839,-0.650831,-0.390498
2026-07-27T16:44:48.232460,4.2685,-0.122542,-0.171158,0.000000,-0.612712,-0.643347,-0.386008
2026-07-27T16:44:48.232552,4.2690,-0.121118,-0.171935,0.000000,-0.605588,-0.635868,-0.381521
2026-07-27T16:44:48.232646,4.2695,-0.119694,-0.172712,0.000000,-0.598469,-0.628393,-0.377036
2026-07-27T16:44:48.232741,4.2700,-0.125394,-0.169603,0.000000,-0.626970,-0.658318,-0.394991
2026-07-27T16:44:48.232836,4.2705,-0.123968,-0.170381,0.000000,-0.619839,-0.650831,-0.390498
2026-07-27T16:44:48.232933,4.2710,-0.122542,-0.171158,0.000000,-0.612712,-0.643347,-0.386008
2026-07-27T16:44:48.233028,4.2715,-0.121118,-0.171935,0.000000,-0.605588,-0.635868,-0.381521
2026-07-27T16:44:48.233122,4.2720,-0.119694,-0.172712,0.000000,-0.598469,-0.628393,-0.377036
2026-07-27T16:44:48.233215,4.2725,-0.125394,-0.169603,0.000000,-0.626970,-0.658318,-0.394991
2026-07-27T16:44:48.233318,4.2730,-0.123968,-0.170381,0.000000,-0.619839,-0.650831,-0.390498
2026-07-27T16:44:48.233402,4.2735,-0.122542,-0.171158,0.000000,-0.612712,-0.643347,-0.386008
2026-07-27T16:44:48.233485,4.2740,-0.121118,-0.171935,0.000000,-0.605588,-0.635868,-0.381521
2026-07-27T16:44:48.233569,4.2745,-0.119694,-0.172712,0.000000,-0.598469,-0.628393,-0.377036
2026-07-27T16:44:48.233654,4.2750,-0.125394,-0.169603,0.000000,-0.626970,-0.658318,-0.394991
2026-07-27T16:44:48.233740,4.2755,-0.123968,-0.170381,0.000000,-0.619839,-0.650831,-0.390498
2026-07-27T16:44:48.233829,4.2760,-0.122542,-0.171158,0.000000,-0.612712,-0.643347,-0.386008
2026-07-27T16:44:48.233919,4.2765,-0.121118,-0.171935,0.000000,-0.605588,-0.635868,-0.381521
2026-07-27T16:44:48.234005,4.2770,-0.119694,-0.172712,0.000000,-0.598469,-0.628393,-0.377036
2026-07-27T16:44:48.234089,4.2775,-0.125394,-0.169603,0.000000,-0.626970,-0.658318,-0.394991
2026-07-27T16:44:48.234173,4.2780,-0.123968,-0.170381,0.000000,-0.619839,-0.650831,-0.390498
2026-07-27T16:44:48.234256,4.2785,-0.122542,-0.171158,0.000000,-0.612712,-0.643347,-0.386008
2026-07-27T16:44:48.234354,4.2790,-0.121118,-0.171935,0.000000,-0.605588,-0.635868,-0.381521
2026-07-27T16:44:48.234431,4.2795,-0.119694,-0.172712,0.000000,-0.598469,-0.628393,-0.377036
2026-07-27T16:44:48.234508,4.2800,-0.125394,-0.169603,0.000000,-0.626970,-0.658318,-0.394991
2026-07-27T16:44:48.234586,4.2805,-0.123968,-0.170381,0.000000,-0.619839,-0.650831,-0.390498
2026-07-27T16:44:48.234662,4.2810,-0.122542,-0.171158,0.000000,-0.612712,-0.643347,-0.386008
2026-07-27T16:44:48.234736,4.2815,-0.121118,-0.171935,0.000000,-0.605588,-0.635868,-0.381521
2026-07-27T16:44:48.234815,4.2820,-0.119694,-0.172712,0.000000,-0.598469,-0.628393,-0.377036
2026-07-27T16:44:48.234891,4.2825,-0.125394,-0.169603,0.000000,-0.626970,-0.658318,-0.394991
2026-07-27T16:44:48.234966,4.2830,-0.123968,-0.170381,0.000000,-0.619839,-0.650831,-0.390498
2026-07-27T16:44:48.235041,4.2835,-0.122542,-0.171158,0.000000,-0.612712,-0.643347,-0.386008
2026-07-27T16:44:48.235112,4.2840,-0.121118,-0.171935,0.000000,-0.605588,-0.635868,-0.381521
2026-07-27T16:44:48.235182,4.2845,-0.119694,-0.172712,0.000000,-0.598469,-0.628393,-0.377036
2026-07-27T16:44:48.235250,4.2850,-0.125394,-0.169603,0.000000,-0.626970,-0.658318,-0.394991
2026-07-27T16:44:48.235330,4.2855,-0.123968,-0.170381,0.000000,-0.619839,-0.650831,-0.390498
2026-07-27T16:44:48.235398,4.2860,-0.122542,-0.171158,0.000000,-0.612712,-0.643347,-0.386008
2026-07-27T16:44:48.235467,4.2865,-0.121118,-0.171935,0.000000,-0.605588,-0.635868,-0.381521
2026-07-27T16:44:48.235535,4.2870,-0.119694,-0.172712,0.000000,-0.598469,-0.628393,-0.377036
2026-07-27T16:44:48.235683,4.2875,-0.125394,-0.169603,0.000000,-0.626970,-0.658318,-0.394991
2026-07-27T16:44:48.235756,4.2880,-0.123968,-0.170381,0.000000,-0.619839,-0.650831,-0.390498
2026-07-27T16:44:48.235825,4.2885,-0.122542,-0.171158,0.000000,-0.612712,-0.643347,-0.386008
2026-07-27T16:44:48.235894,4.2890,-0.121118,-0.171935,0.000000,-0.605588,-0.635868,-0.381521
2026-07-27T16:44:48.235962,4.2895,-0.119694,-0.172712,0.000000,-0.598469,-0.628393,-0.377036
2026-07-27T16:44:48.236031,4.2900,-0.125394,-0.169603,0.000000,-0.626970,-0.658318,-0.394991
2026-07-27T16:44:48.236097,4.2905,-0.123968,-0.170381,0.000000,-0.619839,-0.650831,-0.390498
2026-07-27T16:44:48.236159,4.2910,-0.122542,-0.171158,0.000000,-0.612712,-0.643347,-0.386008
2026-07-27T16:44:48.236222,4.2915,-0.121118,-0.171935,0.000000,-0.605588,-0.635868,-0.381521
2026-07-27T16:44:48.236298,4.2920,-0.119694,-0.172712,0.000000,-0.598469,-0.628393,-0.377036
2026-07-27T16:44:48.236362,4.2925,-0.125394,-0.169603,0.000000,-0.626970,-0.658318,-0.394991
2026-07-27T16:44:48.236425,4.2930,-0.123968,-0.170381,0.000000,-0.619839,-0.650831,-0.390498
2026-07-27T16:44:48.236488,4.2935,-0.122542,-0.171158,0.000000,-0.612712,-0.643347,-0.386008
2026-07-27T16:44:48.236551,4.2940,-0.121118,-0.171935,0.000000,-0.605588,-0.635868,-0.381521
2026-07-27T16:44:48.236614,4.2945,-0.119694,-0.172712,0.000000,-0.598469,-0.628393,-0.377036
2026-07-27T16:44:48.236677,4.2950,-0.125394,-0.169603,0.000000,-0.626970,-0.658318,-0.394991
2026-07-27T16:44:48.236739,4.2955,-0.123968,-0.170381,0.000000,-0.619839,-0.650831,-0.390498
2026-07-27T16:44:48.236802,4.2960,-0.122542,-0.171158,0.000000,-0.612712,-0.643347,-0.386008
2026-07-27T16:44:48.236865,4.2965,-0.121118,-0.171935,0.000000,-0.605588,-0.635868,-0.381521
2026-07-27T16:44:48.236928,4.2970,-0.119694,-0.172712,0.000000,-0.598469,-0.628393,-0.377036
2026-07-27T16:44:48.236991,4.2975,-0.125394,-0.169603,0.000000,-0.626970,-0.658318,-0.394991
2026-07-27T16:44:48.237053,4.2980,-0.123968,-0.170381,0.000000,-0.619839,-0.650831,-0.390498
2026-07-27T16:44:48.237112,4.2985,-0.122542,-0.171158,0.000000,-0.612712,-0.643347,-0.386008
2026-07-27T16:44:48.237171,4.2990,-0.121118,-0.171935,0.000000,-0.605588,-0.635868,-0.381521
2026-07-27T16:44:48.237230,4.2995,-0.119694,-0.172712,0.000000,-0.598469,-0.628393,-0.377036
